peak_id	gene_id	gene_name	chrom	peak_start	peak_end	tss_pos	strand	distance_bp	compartment	method	score	r	pvalue	fdr
chr1:923600-924100	ENSG00000131591	C1orf159	chr1	923600	924100	1116360	-	192510	epithelial	method4_paired	0.47112235	0.47112235	0.0	0.0
chr1:923600-924100	ENSG00000188976	NOC2L	chr1	923600	924100	959308	-	35458	epithelial	method4_paired	0.49523467	0.49523467	0.0	0.0
chr1:923600-924100	ENSG00000221978	CCNL2	chr1	923600	924100	1399334	-	475484	epithelial	method4_paired	0.4636371	0.4636371	0.0	0.0
chr1:940079-940579	ENSG00000221978	CCNL2	chr1	940079	940579	1399334	-	459005	epithelial	method4_paired	0.47660077	0.47660077	0.0	0.0
chr1:959065-959565	ENSG00000131591	C1orf159	chr1	959065	959565	1116360	-	157045	epithelial	method4_paired	0.47825593	0.47825593	0.0	0.0
chr1:959065-959565	ENSG00000221978	CCNL2	chr1	959065	959565	1399334	-	440019	epithelial	method4_paired	0.51550186	0.51550186	0.0	0.0
chr1:999969-1000469	ENSG00000131591	C1orf159	chr1	999969	1000469	1116360	-	116141	epithelial	method4_paired	0.4523128	0.4523128	0.0	0.0
chr1:999969-1000469	ENSG00000160072	ATAD3B	chr1	999969	1000469	1471764	+	471545	epithelial	method4_paired	0.48548216	0.48548216	0.0	0.0
chr1:999969-1000469	ENSG00000188290	HES4	chr1	999969	1000469	1000171	-	48	epithelial	method4_paired	0.47345197	0.47345197	0.0	0.0
chr1:999969-1000469	ENSG00000221978	CCNL2	chr1	999969	1000469	1399334	-	399115	epithelial	method4_paired	0.46524942	0.46524942	0.0	0.0
chr1:1000618-1001118	ENSG00000160072	ATAD3B	chr1	1000618	1001118	1471764	+	470896	epithelial	method4_paired	0.46070024	0.46070024	0.0	0.0
chr1:1000618-1001118	ENSG00000188290	HES4	chr1	1000618	1001118	1000171	-	697	epithelial	method4_paired	0.50169617	0.50169617	0.0	0.0
chr1:1032918-1033418	ENSG00000160072	ATAD3B	chr1	1032918	1033418	1471764	+	438596	epithelial	method4_paired	0.4811307	0.4811307	0.0	0.0
chr1:1040602-1041102	ENSG00000131591	C1orf159	chr1	1040602	1041102	1116360	-	75508	epithelial	method4_paired	0.45208833	0.45208833	0.0	0.0
chr1:1040602-1041102	ENSG00000160072	ATAD3B	chr1	1040602	1041102	1471764	+	430912	epithelial	method4_paired	0.4631794	0.4631794	0.0	0.0
chr1:1059436-1059936	ENSG00000131591	C1orf159	chr1	1059436	1059936	1116360	-	56674	epithelial	method4_paired	0.49358526	0.49358526	0.0	0.0
chr1:1059436-1059936	ENSG00000160072	ATAD3B	chr1	1059436	1059936	1471764	+	412078	epithelial	method4_paired	0.52790886	0.52790886	0.0	0.0
chr1:1059436-1059936	ENSG00000188976	NOC2L	chr1	1059436	1059936	959308	-	100378	epithelial	method4_paired	0.48866695	0.48866695	0.0	0.0
chr1:1059436-1059936	ENSG00000197785	ATAD3A	chr1	1059436	1059936	1512161	+	452475	epithelial	method4_paired	0.45322084	0.45322084	0.0	0.0
chr1:1079787-1080287	ENSG00000131591	C1orf159	chr1	1079787	1080287	1116360	-	36323	epithelial	method4_paired	0.46109578	0.46109578	0.0	0.0
chr1:1079787-1080287	ENSG00000160072	ATAD3B	chr1	1079787	1080287	1471764	+	391727	epithelial	method4_paired	0.52487177	0.52487177	0.0	0.0
chr1:1109656-1110156	ENSG00000160072	ATAD3B	chr1	1109656	1110156	1471764	+	361858	epithelial	method4_paired	0.50581986	0.50581986	0.0	0.0
chr1:1115986-1116486	ENSG00000131584	ACAP3	chr1	1115986	1116486	1309608	-	193372	epithelial	method4_paired	0.4865711	0.4865711	0.0	0.0
chr1:1115986-1116486	ENSG00000131591	C1orf159	chr1	1115986	1116486	1116360	-	124	epithelial	method4_paired	0.52498156	0.52498156	0.0	0.0
chr1:1115986-1116486	ENSG00000160072	ATAD3B	chr1	1115986	1116486	1471764	+	355528	epithelial	method4_paired	0.5249113	0.5249113	0.0	0.0
chr1:1115986-1116486	ENSG00000188976	NOC2L	chr1	1115986	1116486	959308	-	156928	epithelial	method4_paired	0.45807797	0.45807797	0.0	0.0
chr1:1115986-1116486	ENSG00000197785	ATAD3A	chr1	1115986	1116486	1512161	+	395925	epithelial	method4_paired	0.46746197	0.46746197	0.0	0.0
chr1:1115986-1116486	ENSG00000221978	CCNL2	chr1	1115986	1116486	1399334	-	283098	epithelial	method4_paired	0.47280622	0.47280622	0.0	0.0
chr1:1122040-1122540	ENSG00000160072	ATAD3B	chr1	1122040	1122540	1471764	+	349474	epithelial	method4_paired	0.4576512	0.4576512	0.0	0.0
chr1:1124645-1125145	ENSG00000160072	ATAD3B	chr1	1124645	1125145	1471764	+	346869	epithelial	method4_paired	0.45384628	0.45384628	0.0	0.0
chr1:1128779-1129279	ENSG00000160072	ATAD3B	chr1	1128779	1129279	1471764	+	342735	epithelial	method4_paired	0.45293865	0.45293865	0.0	0.0
chr1:1133279-1133779	ENSG00000160072	ATAD3B	chr1	1133279	1133779	1471764	+	338235	epithelial	method4_paired	0.4918832	0.4918832	0.0	0.0
chr1:1136451-1136951	ENSG00000131591	C1orf159	chr1	1136451	1136951	1116360	-	20341	epithelial	method4_paired	0.49588254	0.49588254	0.0	0.0
chr1:1136451-1136951	ENSG00000160072	ATAD3B	chr1	1136451	1136951	1471764	+	335063	epithelial	method4_paired	0.594371	0.594371	0.0	0.0
chr1:1136451-1136951	ENSG00000188976	NOC2L	chr1	1136451	1136951	959308	-	177393	epithelial	method4_paired	0.51454794	0.51454794	0.0	0.0
chr1:1136451-1136951	ENSG00000197785	ATAD3A	chr1	1136451	1136951	1512161	+	375460	epithelial	method4_paired	0.588556	0.588556	0.0	0.0
chr1:1137269-1137769	ENSG00000160072	ATAD3B	chr1	1137269	1137769	1471764	+	334245	epithelial	method4_paired	0.4787654	0.4787654	0.0	0.0
chr1:1137269-1137769	ENSG00000197785	ATAD3A	chr1	1137269	1137769	1512161	+	374642	epithelial	method4_paired	0.4808173	0.4808173	0.0	0.0
chr1:1144285-1144785	ENSG00000160072	ATAD3B	chr1	1144285	1144785	1471764	+	327229	epithelial	method4_paired	0.5062155	0.5062155	0.0	0.0
chr1:1144285-1144785	ENSG00000197785	ATAD3A	chr1	1144285	1144785	1512161	+	367626	epithelial	method4_paired	0.4910945	0.4910945	0.0	0.0
chr1:1157303-1157803	ENSG00000131591	C1orf159	chr1	1157303	1157803	1116360	-	41193	epithelial	method4_paired	0.45200258	0.45200258	0.0	0.0
chr1:1157303-1157803	ENSG00000160072	ATAD3B	chr1	1157303	1157803	1471764	+	314211	epithelial	method4_paired	0.48406523	0.48406523	0.0	0.0
chr1:1158096-1158596	ENSG00000131591	C1orf159	chr1	1158096	1158596	1116360	-	41986	epithelial	method4_paired	0.4662304	0.4662304	0.0	0.0
chr1:1158096-1158596	ENSG00000160072	ATAD3B	chr1	1158096	1158596	1471764	+	313418	epithelial	method4_paired	0.5393784	0.5393784	0.0	0.0
chr1:1158096-1158596	ENSG00000188976	NOC2L	chr1	1158096	1158596	959308	-	199038	epithelial	method4_paired	0.48980358	0.48980358	0.0	0.0
chr1:1158096-1158596	ENSG00000197785	ATAD3A	chr1	1158096	1158596	1512161	+	353815	epithelial	method4_paired	0.491722	0.491722	0.0	0.0
chr1:1162508-1163008	ENSG00000160072	ATAD3B	chr1	1162508	1163008	1471764	+	309006	epithelial	method4_paired	0.5129722	0.5129722	0.0	0.0
chr1:1162508-1163008	ENSG00000197785	ATAD3A	chr1	1162508	1163008	1512161	+	349403	epithelial	method4_paired	0.4631186	0.4631186	0.0	0.0
chr1:1201214-1201714	ENSG00000162576	MXRA8	chr1	1201214	1201714	1361776	-	160312	epithelial	method4_paired	0.48266092	0.48266092	0.0	0.0
chr1:1201214-1201714	ENSG00000187634	SAMD11	chr1	1201214	1201714	923922	+	277542	epithelial	method4_paired	0.4967887	0.4967887	0.0	0.0
chr1:1201214-1201714	ENSG00000221978	CCNL2	chr1	1201214	1201714	1399334	-	197870	epithelial	method4_paired	0.48721623	0.48721623	0.0	0.0
chr1:1206359-1206859	ENSG00000221978	CCNL2	chr1	1206359	1206859	1399334	-	192725	epithelial	method4_paired	0.45490494	0.45490494	0.0	0.0
chr1:1212829-1213329	ENSG00000187634	SAMD11	chr1	1212829	1213329	923922	+	289157	epithelial	method4_paired	0.4803702	0.4803702	0.0	0.0
chr1:1212829-1213329	ENSG00000221978	CCNL2	chr1	1212829	1213329	1399334	-	186255	epithelial	method4_paired	0.50716203	0.50716203	0.0	0.0
chr1:1231796-1232296	ENSG00000131584	ACAP3	chr1	1231796	1232296	1309608	-	77562	epithelial	method4_paired	0.47276428	0.47276428	0.0	0.0
chr1:1231796-1232296	ENSG00000131591	C1orf159	chr1	1231796	1232296	1116360	-	115686	epithelial	method4_paired	0.51058733	0.51058733	0.0	0.0
chr1:1231796-1232296	ENSG00000160072	ATAD3B	chr1	1231796	1232296	1471764	+	239718	epithelial	method4_paired	0.4922449	0.4922449	0.0	0.0
chr1:1231796-1232296	ENSG00000160075	SSU72	chr1	1231796	1232296	1574862	-	342816	epithelial	method4_paired	0.48973736	0.48973736	0.0	0.0
chr1:1231796-1232296	ENSG00000160087	UBE2J2	chr1	1231796	1232296	1273863	-	41817	epithelial	method4_paired	0.49853513	0.49853513	0.0	0.0
chr1:1231796-1232296	ENSG00000188976	NOC2L	chr1	1231796	1232296	959308	-	272738	epithelial	method4_paired	0.46820787	0.46820787	0.0	0.0
chr1:1231796-1232296	ENSG00000189339	SLC35E2B	chr1	1231796	1232296	1692794	-	460748	epithelial	method4_paired	0.4753696	0.4753696	0.0	0.0
chr1:1231796-1232296	ENSG00000197785	ATAD3A	chr1	1231796	1232296	1512161	+	280115	epithelial	method4_paired	0.4585595	0.4585595	0.0	0.0
chr1:1231796-1232296	ENSG00000221978	CCNL2	chr1	1231796	1232296	1399334	-	167288	epithelial	method4_paired	0.5818018	0.5818018	0.0	0.0
chr1:1231796-1232296	ENSG00000242485	MRPL20	chr1	1231796	1232296	1407292	-	175246	epithelial	method4_paired	0.45196015	0.45196015	0.0	0.0
chr1:1273628-1274128	ENSG00000131584	ACAP3	chr1	1273628	1274128	1309608	-	35730	epithelial	method4_paired	0.456088	0.456088	0.0	0.0
chr1:1273628-1274128	ENSG00000131591	C1orf159	chr1	1273628	1274128	1116360	-	157518	epithelial	method4_paired	0.4739246	0.4739246	0.0	0.0
chr1:1273628-1274128	ENSG00000160072	ATAD3B	chr1	1273628	1274128	1471764	+	197886	epithelial	method4_paired	0.4924016	0.4924016	0.0	0.0
chr1:1273628-1274128	ENSG00000197785	ATAD3A	chr1	1273628	1274128	1512161	+	238283	epithelial	method4_paired	0.4551075	0.4551075	0.0	0.0
chr1:1273628-1274128	ENSG00000221978	CCNL2	chr1	1273628	1274128	1399334	-	125456	epithelial	method4_paired	0.5402547	0.5402547	0.0	0.0
chr1:1305567-1306067	ENSG00000160072	ATAD3B	chr1	1305567	1306067	1471764	+	165947	epithelial	method4_paired	0.46494266	0.46494266	0.0	0.0
chr1:1307729-1308229	ENSG00000008130	NADK	chr1	1307729	1308229	1780456	-	472477	epithelial	method4_paired	0.47847146	0.47847146	0.0	0.0
chr1:1307729-1308229	ENSG00000131584	ACAP3	chr1	1307729	1308229	1309608	-	1629	epithelial	method4_paired	0.51404154	0.51404154	0.0	0.0
chr1:1307729-1308229	ENSG00000131591	C1orf159	chr1	1307729	1308229	1116360	-	191619	epithelial	method4_paired	0.48254833	0.48254833	0.0	0.0
chr1:1307729-1308229	ENSG00000160072	ATAD3B	chr1	1307729	1308229	1471764	+	163785	epithelial	method4_paired	0.47329453	0.47329453	0.0	0.0
chr1:1307729-1308229	ENSG00000221978	CCNL2	chr1	1307729	1308229	1399334	-	91355	epithelial	method4_paired	0.5032759	0.5032759	0.0	0.0
chr1:1308241-1308741	ENSG00000008130	NADK	chr1	1308241	1308741	1780456	-	471965	epithelial	method4_paired	0.47549418	0.47549418	0.0	0.0
chr1:1308241-1308741	ENSG00000131584	ACAP3	chr1	1308241	1308741	1309608	-	1117	epithelial	method4_paired	0.4822671	0.4822671	0.0	0.0
chr1:1308241-1308741	ENSG00000131591	C1orf159	chr1	1308241	1308741	1116360	-	192131	epithelial	method4_paired	0.46696672	0.46696672	0.0	0.0
chr1:1308241-1308741	ENSG00000160072	ATAD3B	chr1	1308241	1308741	1471764	+	163273	epithelial	method4_paired	0.4637435	0.4637435	0.0	0.0
chr1:1308241-1308741	ENSG00000221978	CCNL2	chr1	1308241	1308741	1399334	-	90843	epithelial	method4_paired	0.5427668	0.5427668	0.0	0.0
chr1:1324502-1325002	ENSG00000008130	NADK	chr1	1324502	1325002	1780456	-	455704	epithelial	method4_paired	0.46528795	0.46528795	0.0	0.0
chr1:1324502-1325002	ENSG00000131591	C1orf159	chr1	1324502	1325002	1116360	-	208392	epithelial	method4_paired	0.4514378	0.4514378	0.0	0.0
chr1:1324502-1325002	ENSG00000160072	ATAD3B	chr1	1324502	1325002	1471764	+	147012	epithelial	method4_paired	0.46562105	0.46562105	0.0	0.0
chr1:1324502-1325002	ENSG00000221978	CCNL2	chr1	1324502	1325002	1399334	-	74582	epithelial	method4_paired	0.4943251	0.4943251	0.0	0.0
chr1:1349186-1349686	ENSG00000008130	NADK	chr1	1349186	1349686	1780456	-	431020	epithelial	method4_paired	0.5034392	0.5034392	0.0	0.0
chr1:1349186-1349686	ENSG00000131584	ACAP3	chr1	1349186	1349686	1309608	-	39828	epithelial	method4_paired	0.46403816	0.46403816	0.0	0.0
chr1:1349186-1349686	ENSG00000131591	C1orf159	chr1	1349186	1349686	1116360	-	233076	epithelial	method4_paired	0.4884241	0.4884241	0.0	0.0
chr1:1349186-1349686	ENSG00000160072	ATAD3B	chr1	1349186	1349686	1471764	+	122328	epithelial	method4_paired	0.5114644	0.5114644	0.0	0.0
chr1:1349186-1349686	ENSG00000160075	SSU72	chr1	1349186	1349686	1574862	-	225426	epithelial	method4_paired	0.46169382	0.46169382	0.0	0.0
chr1:1349186-1349686	ENSG00000160087	UBE2J2	chr1	1349186	1349686	1273863	-	75573	epithelial	method4_paired	0.4765591	0.4765591	0.0	0.0
chr1:1349186-1349686	ENSG00000188976	NOC2L	chr1	1349186	1349686	959308	-	390128	epithelial	method4_paired	0.46655938	0.46655938	0.0	0.0
chr1:1349186-1349686	ENSG00000189339	SLC35E2B	chr1	1349186	1349686	1692794	-	343358	epithelial	method4_paired	0.46663064	0.46663064	0.0	0.0
chr1:1349186-1349686	ENSG00000221978	CCNL2	chr1	1349186	1349686	1399334	-	49898	epithelial	method4_paired	0.5902997	0.5902997	0.0	0.0
chr1:1360426-1360926	ENSG00000162576	MXRA8	chr1	1360426	1360926	1361776	-	1100	epithelial	method4_paired	0.4526844	0.4526844	0.0	0.0
chr1:1375214-1375714	ENSG00000008130	NADK	chr1	1375214	1375714	1780456	-	404992	epithelial	method4_paired	0.49537626	0.49537626	0.0	0.0
chr1:1375214-1375714	ENSG00000131584	ACAP3	chr1	1375214	1375714	1309608	-	65856	epithelial	method4_paired	0.4662067	0.4662067	0.0	0.0
chr1:1375214-1375714	ENSG00000131591	C1orf159	chr1	1375214	1375714	1116360	-	259104	epithelial	method4_paired	0.51174104	0.51174104	0.0	0.0
chr1:1375214-1375714	ENSG00000160072	ATAD3B	chr1	1375214	1375714	1471764	+	96300	epithelial	method4_paired	0.50564194	0.50564194	0.0	0.0
chr1:1375214-1375714	ENSG00000188976	NOC2L	chr1	1375214	1375714	959308	-	416156	epithelial	method4_paired	0.4572112	0.4572112	0.0	0.0
chr1:1375214-1375714	ENSG00000189339	SLC35E2B	chr1	1375214	1375714	1692794	-	317330	epithelial	method4_paired	0.46178043	0.46178043	0.0	0.0
chr1:1375214-1375714	ENSG00000221978	CCNL2	chr1	1375214	1375714	1399334	-	23870	epithelial	method4_paired	0.55208325	0.55208325	0.0	0.0
chr1:1399203-1399703	ENSG00000131591	C1orf159	chr1	1399203	1399703	1116360	-	283093	epithelial	method4_paired	0.45242152	0.45242152	0.0	0.0
chr1:1399203-1399703	ENSG00000160072	ATAD3B	chr1	1399203	1399703	1471764	+	72311	epithelial	method4_paired	0.46949825	0.46949825	0.0	0.0
chr1:1399203-1399703	ENSG00000221978	CCNL2	chr1	1399203	1399703	1399334	-	119	epithelial	method4_paired	0.4967046	0.4967046	0.0	0.0
chr1:1407051-1407551	ENSG00000131584	ACAP3	chr1	1407051	1407551	1309608	-	97693	epithelial	method4_paired	0.4571506	0.4571506	0.0	0.0
chr1:1407051-1407551	ENSG00000160072	ATAD3B	chr1	1407051	1407551	1471764	+	64463	epithelial	method4_paired	0.4798216	0.4798216	0.0	0.0
chr1:1435399-1435899	ENSG00000160072	ATAD3B	chr1	1435399	1435899	1471764	+	36115	epithelial	method4_paired	0.4594145	0.4594145	0.0	0.0
chr1:1470846-1471346	ENSG00000160072	ATAD3B	chr1	1470846	1471346	1471764	+	668	epithelial	method4_paired	0.46761474	0.46761474	0.0	0.0
chr1:1471448-1471948	ENSG00000131591	C1orf159	chr1	1471448	1471948	1116360	-	355338	epithelial	method4_paired	0.4680395	0.4680395	0.0	0.0
chr1:1471448-1471948	ENSG00000160072	ATAD3B	chr1	1471448	1471948	1471764	+	66	epithelial	method4_paired	0.54838985	0.54838985	0.0	0.0
chr1:1471448-1471948	ENSG00000197785	ATAD3A	chr1	1471448	1471948	1512161	+	40463	epithelial	method4_paired	0.4918668	0.4918668	0.0	0.0
chr1:1471448-1471948	ENSG00000221978	CCNL2	chr1	1471448	1471948	1399334	-	72364	epithelial	method4_paired	0.49119475	0.49119475	0.0	0.0
chr1:1511835-1512335	ENSG00000160072	ATAD3B	chr1	1511835	1512335	1471764	+	40321	epithelial	method4_paired	0.49002665	0.49002665	0.0	0.0
chr1:1511835-1512335	ENSG00000221978	CCNL2	chr1	1511835	1512335	1399334	-	112751	epithelial	method4_paired	0.47373858	0.47373858	0.0	0.0
chr1:1540362-1540862	ENSG00000221978	CCNL2	chr1	1540362	1540862	1399334	-	141278	epithelial	method4_paired	0.4913255	0.4913255	0.0	0.0
chr1:1574648-1575148	ENSG00000008130	NADK	chr1	1574648	1575148	1780456	-	205558	epithelial	method4_paired	0.45490566	0.45490566	0.0	0.0
chr1:1574648-1575148	ENSG00000131591	C1orf159	chr1	1574648	1575148	1116360	-	458538	epithelial	method4_paired	0.45398942	0.45398942	0.0	0.0
chr1:1574648-1575148	ENSG00000160072	ATAD3B	chr1	1574648	1575148	1471764	+	103134	epithelial	method4_paired	0.491216	0.491216	0.0	0.0
chr1:1574648-1575148	ENSG00000221978	CCNL2	chr1	1574648	1575148	1399334	-	175564	epithelial	method4_paired	0.5145694	0.5145694	0.0	0.0
chr1:1615133-1615633	ENSG00000008130	NADK	chr1	1615133	1615633	1780456	-	165073	epithelial	method4_paired	0.47166362	0.47166362	0.0	0.0
chr1:1615133-1615633	ENSG00000131584	ACAP3	chr1	1615133	1615633	1309608	-	305775	epithelial	method4_paired	0.45311144	0.45311144	0.0	0.0
chr1:1615133-1615633	ENSG00000131591	C1orf159	chr1	1615133	1615633	1116360	-	499023	epithelial	method4_paired	0.51830715	0.51830715	0.0	0.0
chr1:1615133-1615633	ENSG00000160072	ATAD3B	chr1	1615133	1615633	1471764	+	143619	epithelial	method4_paired	0.5298834	0.5298834	0.0	0.0
chr1:1615133-1615633	ENSG00000160075	SSU72	chr1	1615133	1615633	1574862	-	40521	epithelial	method4_paired	0.46799022	0.46799022	0.0	0.0
chr1:1615133-1615633	ENSG00000197785	ATAD3A	chr1	1615133	1615633	1512161	+	103222	epithelial	method4_paired	0.5041429	0.5041429	0.0	0.0
chr1:1615133-1615633	ENSG00000221978	CCNL2	chr1	1615133	1615633	1399334	-	216049	epithelial	method4_paired	0.5543145	0.5543145	0.0	0.0
chr1:1627150-1627650	ENSG00000160072	ATAD3B	chr1	1627150	1627650	1471764	+	155636	epithelial	method4_paired	0.4518546	0.4518546	0.0	0.0
chr1:1629667-1630167	ENSG00000221978	CCNL2	chr1	1629667	1630167	1399334	-	230583	epithelial	method4_paired	0.4779809	0.4779809	0.0	0.0
chr1:1630207-1630707	ENSG00000078369	GNB1	chr1	1630207	1630707	1892291	-	261834	epithelial	method4_paired	0.47510642	0.47510642	0.0	0.0
chr1:1630207-1630707	ENSG00000221978	CCNL2	chr1	1630207	1630707	1399334	-	231123	epithelial	method4_paired	0.566915	0.566915	0.0	0.0
chr1:1630207-1630707	ENSG00000242485	MRPL20	chr1	1630207	1630707	1407292	-	223165	epithelial	method4_paired	0.4657246	0.4657246	0.0	0.0
chr1:1630847-1631347	ENSG00000221978	CCNL2	chr1	1630847	1631347	1399334	-	231763	epithelial	method4_paired	0.4583635	0.4583635	0.0	0.0
chr1:1658942-1659442	ENSG00000221978	CCNL2	chr1	1658942	1659442	1399334	-	259858	epithelial	method4_paired	0.51403886	0.51403886	0.0	0.0
chr1:1724177-1724677	ENSG00000008130	NADK	chr1	1724177	1724677	1780456	-	56029	epithelial	method4_paired	0.45353985	0.45353985	0.0	0.0
chr1:1724177-1724677	ENSG00000160072	ATAD3B	chr1	1724177	1724677	1471764	+	252663	epithelial	method4_paired	0.45413584	0.45413584	0.0	0.0
chr1:1724177-1724677	ENSG00000221978	CCNL2	chr1	1724177	1724677	1399334	-	325093	epithelial	method4_paired	0.51338035	0.51338035	0.0	0.0
chr1:1778201-1778701	ENSG00000160072	ATAD3B	chr1	1778201	1778701	1471764	+	306687	epithelial	method4_paired	0.50167185	0.50167185	0.0	0.0
chr1:1778201-1778701	ENSG00000197785	ATAD3A	chr1	1778201	1778701	1512161	+	266290	epithelial	method4_paired	0.46453008	0.46453008	0.0	0.0
chr1:1778201-1778701	ENSG00000221978	CCNL2	chr1	1778201	1778701	1399334	-	379117	epithelial	method4_paired	0.4789867	0.4789867	0.0	0.0
chr1:1778735-1779235	ENSG00000160072	ATAD3B	chr1	1778735	1779235	1471764	+	307221	epithelial	method4_paired	0.5834338	0.5834338	0.0	0.0
chr1:1778735-1779235	ENSG00000197785	ATAD3A	chr1	1778735	1779235	1512161	+	266824	epithelial	method4_paired	0.541802	0.541802	0.0	0.0
chr1:1778735-1779235	ENSG00000221978	CCNL2	chr1	1778735	1779235	1399334	-	379651	epithelial	method4_paired	0.4634199	0.4634199	0.0	0.0
chr1:1846971-1847471	ENSG00000160072	ATAD3B	chr1	1846971	1847471	1471764	+	375457	epithelial	method4_paired	0.45549193	0.45549193	0.0	0.0
chr1:1873153-1873653	ENSG00000160072	ATAD3B	chr1	1873153	1873653	1471764	+	401639	epithelial	method4_paired	0.5009629	0.5009629	0.0	0.0
chr1:1890873-1891373	ENSG00000221978	CCNL2	chr1	1890873	1891373	1399334	-	491789	epithelial	method4_paired	0.48093158	0.48093158	0.0	0.0
chr1:1908908-1909408	ENSG00000160072	ATAD3B	chr1	1908908	1909408	1471764	+	437394	epithelial	method4_paired	0.4646806	0.4646806	0.0	0.0
chr1:1919058-1919558	ENSG00000008130	NADK	chr1	1919058	1919558	1780456	-	138852	epithelial	method4_paired	0.49581406	0.49581406	0.0	0.0
chr1:1919058-1919558	ENSG00000116151	MORN1	chr1	1919058	1919558	2391706	-	472398	epithelial	method4_paired	0.5394324	0.5394324	0.0	0.0
chr1:1919058-1919558	ENSG00000157911	PEX10	chr1	1919058	1919558	2413796	-	494488	epithelial	method4_paired	0.47998407	0.47998407	0.0	0.0
chr1:1919058-1919558	ENSG00000157933	SKI	chr1	1919058	1919558	2227387	+	308079	epithelial	method4_paired	0.51923305	0.51923305	0.0	0.0
chr1:1919058-1919558	ENSG00000160072	ATAD3B	chr1	1919058	1919558	1471764	+	447544	epithelial	method4_paired	0.5725307	0.5725307	0.0	0.0
chr1:1919058-1919558	ENSG00000189339	SLC35E2B	chr1	1919058	1919558	1692794	-	226514	epithelial	method4_paired	0.47694048	0.47694048	0.0	0.0
chr1:1919058-1919558	ENSG00000197785	ATAD3A	chr1	1919058	1919558	1512161	+	407147	epithelial	method4_paired	0.54610544	0.54610544	0.0	0.0
chr1:1919733-1920233	ENSG00000116151	MORN1	chr1	1919733	1920233	2391706	-	471723	epithelial	method4_paired	0.45024815	0.45024815	0.0	0.0
chr1:1919733-1920233	ENSG00000160072	ATAD3B	chr1	1919733	1920233	1471764	+	448219	epithelial	method4_paired	0.5339469	0.5339469	0.0	0.0
chr1:1919733-1920233	ENSG00000197785	ATAD3A	chr1	1919733	1920233	1512161	+	407822	epithelial	method4_paired	0.4601427	0.4601427	0.0	0.0
chr1:2133069-2133569	ENSG00000008130	NADK	chr1	2133069	2133569	1780456	-	352863	epithelial	method4_paired	0.481748	0.481748	0.0	0.0
chr1:2133069-2133569	ENSG00000078369	GNB1	chr1	2133069	2133569	1892291	-	241028	epithelial	method4_paired	0.5046158	0.5046158	0.0	0.0
chr1:2133069-2133569	ENSG00000116151	MORN1	chr1	2133069	2133569	2391706	-	258387	epithelial	method4_paired	0.46925774	0.46925774	0.0	0.0
chr1:2133069-2133569	ENSG00000157933	SKI	chr1	2133069	2133569	2227387	+	94068	epithelial	method4_paired	0.5518763	0.5518763	0.0	0.0
chr1:2133069-2133569	ENSG00000189339	SLC35E2B	chr1	2133069	2133569	1692794	-	440525	epithelial	method4_paired	0.48776025	0.48776025	0.0	0.0
chr1:2189421-2189921	ENSG00000008130	NADK	chr1	2189421	2189921	1780456	-	409215	epithelial	method4_paired	0.46049243	0.46049243	0.0	0.0
chr1:2189421-2189921	ENSG00000157933	SKI	chr1	2189421	2189921	2227387	+	37716	epithelial	method4_paired	0.4779737	0.4779737	0.0	0.0
chr1:2194831-2195331	ENSG00000157933	SKI	chr1	2194831	2195331	2227387	+	32306	epithelial	method4_paired	0.48343617	0.48343617	0.0	0.0
chr1:2204998-2205498	ENSG00000008130	NADK	chr1	2204998	2205498	1780456	-	424792	epithelial	method4_paired	0.50415087	0.50415087	0.0	0.0
chr1:2204998-2205498	ENSG00000078369	GNB1	chr1	2204998	2205498	1892291	-	312957	epithelial	method4_paired	0.48980603	0.48980603	0.0	0.0
chr1:2204998-2205498	ENSG00000116151	MORN1	chr1	2204998	2205498	2391706	-	186458	epithelial	method4_paired	0.5272072	0.5272072	0.0	0.0
chr1:2204998-2205498	ENSG00000157933	SKI	chr1	2204998	2205498	2227387	+	22139	epithelial	method4_paired	0.57204413	0.57204413	0.0	0.0
chr1:2212635-2213135	ENSG00000116151	MORN1	chr1	2212635	2213135	2391706	-	178821	epithelial	method4_paired	0.46924147	0.46924147	0.0	0.0
chr1:2212635-2213135	ENSG00000157933	SKI	chr1	2212635	2213135	2227387	+	14502	epithelial	method4_paired	0.47956878	0.47956878	0.0	0.0
chr1:2227501-2228001	ENSG00000008130	NADK	chr1	2227501	2228001	1780456	-	447295	epithelial	method4_paired	0.4629117	0.4629117	0.0	0.0
chr1:2227501-2228001	ENSG00000116151	MORN1	chr1	2227501	2228001	2391706	-	163955	epithelial	method4_paired	0.46557054	0.46557054	0.0	0.0
chr1:2227501-2228001	ENSG00000157933	SKI	chr1	2227501	2228001	2227387	+	364	epithelial	method4_paired	0.482124	0.482124	0.0	0.0
chr1:2228033-2228533	ENSG00000157933	SKI	chr1	2228033	2228533	2227387	+	896	epithelial	method4_paired	0.46578872	0.46578872	0.0	0.0
chr1:2229052-2229552	ENSG00000157933	SKI	chr1	2229052	2229552	2227387	+	1915	epithelial	method4_paired	0.48116943	0.48116943	0.0	0.0
chr1:2231820-2232320	ENSG00000078369	GNB1	chr1	2231820	2232320	1892291	-	339779	epithelial	method4_paired	0.45001566	0.45001566	0.0	0.0
chr1:2234355-2234855	ENSG00000157933	SKI	chr1	2234355	2234855	2227387	+	7218	epithelial	method4_paired	0.47863021	0.47863021	0.0	0.0
chr1:2279167-2279667	ENSG00000157933	SKI	chr1	2279167	2279667	2227387	+	52030	epithelial	method4_paired	0.47269377	0.47269377	0.0	0.0
chr1:2290338-2290838	ENSG00000157933	SKI	chr1	2290338	2290838	2227387	+	63201	epithelial	method4_paired	0.46605998	0.46605998	0.0	0.0
chr1:2300173-2300673	ENSG00000078369	GNB1	chr1	2300173	2300673	1892291	-	408132	epithelial	method4_paired	0.46115264	0.46115264	0.0	0.0
chr1:2300173-2300673	ENSG00000157933	SKI	chr1	2300173	2300673	2227387	+	73036	epithelial	method4_paired	0.49615115	0.49615115	0.0	0.0
chr1:2300923-2301423	ENSG00000078369	GNB1	chr1	2300923	2301423	1892291	-	408882	epithelial	method4_paired	0.45835215	0.45835215	0.0	0.0
chr1:2300923-2301423	ENSG00000157933	SKI	chr1	2300923	2301423	2227387	+	73786	epithelial	method4_paired	0.51028657	0.51028657	0.0	0.0
chr1:2311445-2311945	ENSG00000157933	SKI	chr1	2311445	2311945	2227387	+	84308	epithelial	method4_paired	0.52089155	0.52089155	0.0	0.0
chr1:2314338-2314838	ENSG00000157933	SKI	chr1	2314338	2314838	2227387	+	87201	epithelial	method4_paired	0.5047371	0.5047371	0.0	0.0
chr1:2315038-2315538	ENSG00000157933	SKI	chr1	2315038	2315538	2227387	+	87901	epithelial	method4_paired	0.5154378	0.5154378	0.0	0.0
chr1:2322329-2322829	ENSG00000157933	SKI	chr1	2322329	2322829	2227387	+	95192	epithelial	method4_paired	0.4604029	0.4604029	0.0	0.0
chr1:2391461-2391961	ENSG00000078369	GNB1	chr1	2391461	2391961	1892291	-	499420	epithelial	method4_paired	0.46839416	0.46839416	0.0	0.0
chr1:2391461-2391961	ENSG00000157933	SKI	chr1	2391461	2391961	2227387	+	164324	epithelial	method4_paired	0.47321898	0.47321898	0.0	0.0
chr1:2412377-2412877	ENSG00000116151	MORN1	chr1	2412377	2412877	2391706	-	20921	epithelial	method4_paired	0.4877667	0.4877667	0.0	0.0
chr1:2412377-2412877	ENSG00000157911	PEX10	chr1	2412377	2412877	2413796	-	1169	epithelial	method4_paired	0.4504036	0.4504036	0.0	0.0
chr1:2412377-2412877	ENSG00000157933	SKI	chr1	2412377	2412877	2227387	+	185240	epithelial	method4_paired	0.47297832	0.47297832	0.0	0.0
chr1:2526039-2526539	ENSG00000116151	MORN1	chr1	2526039	2526539	2391706	-	134583	epithelial	method4_paired	0.46611252	0.46611252	0.0	0.0
chr1:2526039-2526539	ENSG00000157933	SKI	chr1	2526039	2526539	2227387	+	298902	epithelial	method4_paired	0.49145952	0.49145952	0.0	0.0
chr1:2546085-2546585	ENSG00000116151	MORN1	chr1	2546085	2546585	2391706	-	154629	epithelial	method4_paired	0.5125956	0.5125956	0.0	0.0
chr1:2546085-2546585	ENSG00000157933	SKI	chr1	2546085	2546585	2227387	+	318948	epithelial	method4_paired	0.47078595	0.47078595	0.0	0.0
chr1:2575738-2576238	ENSG00000116151	MORN1	chr1	2575738	2576238	2391706	-	184282	epithelial	method4_paired	0.4745195	0.4745195	0.0	0.0
chr1:2585346-2585846	ENSG00000116151	MORN1	chr1	2585346	2585846	2391706	-	193890	epithelial	method4_paired	0.4703554	0.4703554	0.0	0.0
chr1:2585346-2585846	ENSG00000157933	SKI	chr1	2585346	2585846	2227387	+	358209	epithelial	method4_paired	0.46159077	0.46159077	0.0	0.0
chr1:2586300-2586800	ENSG00000116151	MORN1	chr1	2586300	2586800	2391706	-	194844	epithelial	method4_paired	0.48000878	0.48000878	0.0	0.0
chr1:2586300-2586800	ENSG00000157873	TNFRSF14	chr1	2586300	2586800	2555638	+	30912	epithelial	method4_paired	0.45427373	0.45427373	0.0	0.0
chr1:2586300-2586800	ENSG00000157933	SKI	chr1	2586300	2586800	2227387	+	359163	epithelial	method4_paired	0.4770124	0.4770124	0.0	0.0
chr1:2642990-2643490	ENSG00000116151	MORN1	chr1	2642990	2643490	2391706	-	251534	epithelial	method4_paired	0.4880986	0.4880986	0.0	0.0
chr1:2642990-2643490	ENSG00000157911	PEX10	chr1	2642990	2643490	2413796	-	229444	epithelial	method4_paired	0.48807266	0.48807266	0.0	0.0
chr1:2642990-2643490	ENSG00000157933	SKI	chr1	2642990	2643490	2227387	+	415853	epithelial	method4_paired	0.5073737	0.5073737	0.0	0.0
chr1:3170435-3170935	ENSG00000142611	PRDM16	chr1	3170435	3170935	3069167	+	101518	epithelial	method4_paired	0.5333507	0.5333507	0.0	0.0
chr1:3531194-3531694	ENSG00000142611	PRDM16	chr1	3531194	3531694	3069167	+	462277	epithelial	method4_paired	0.46231714	0.46231714	0.0	0.0
chr1:3531194-3531694	ENSG00000169598	DFFB	chr1	3531194	3531694	3857266	+	325822	epithelial	method4_paired	0.54822797	0.54822797	0.0	0.0
chr1:3747195-3747695	ENSG00000169598	DFFB	chr1	3747195	3747695	3857266	+	109821	epithelial	method4_paired	0.50419587	0.50419587	0.0	0.0
chr1:3772373-3772873	ENSG00000169598	DFFB	chr1	3772373	3772873	3857266	+	84643	epithelial	method4_paired	0.4960147	0.4960147	0.0	0.0
chr1:3857005-3857505	ENSG00000116198	CEP104	chr1	3857005	3857505	3857395	-	140	epithelial	method4_paired	0.48463106	0.48463106	0.0	0.0
chr1:3900623-3901123	ENSG00000169598	DFFB	chr1	3900623	3901123	3857266	+	43607	epithelial	method4_paired	0.486417	0.486417	0.0	0.0
chr1:6026029-6026529	ENSG00000069424	KCNAB2	chr1	6026029	6026529	5990926	+	35353	epithelial	method4_paired	0.5133383	0.5133383	0.0	0.0
chr1:6026029-6026529	ENSG00000097021	ACOT7	chr1	6026029	6026529	6393766	-	367487	epithelial	method4_paired	0.45433792	0.45433792	0.0	0.0
chr1:6026873-6027373	ENSG00000069424	KCNAB2	chr1	6026873	6027373	5990926	+	36197	epithelial	method4_paired	0.5202261	0.5202261	0.0	0.0
chr1:6028292-6028792	ENSG00000069424	KCNAB2	chr1	6028292	6028792	5990926	+	37616	epithelial	method4_paired	0.5047732	0.5047732	0.0	0.0
chr1:6199404-6199904	ENSG00000162408	NOL9	chr1	6199404	6199904	6554512	-	354858	epithelial	method4_paired	0.49787325	0.49787325	0.0	0.0
chr1:6235759-6236259	ENSG00000007923	DNAJC11	chr1	6235759	6236259	6701923	-	465914	epithelial	method4_paired	0.45478755	0.45478755	0.0	0.0
chr1:6235759-6236259	ENSG00000162408	NOL9	chr1	6235759	6236259	6554512	-	318503	epithelial	method4_paired	0.47438332	0.47438332	0.0	0.0
chr1:6245869-6246369	ENSG00000158292	GPR153	chr1	6245869	6246369	6261097	-	14978	epithelial	method4_paired	0.5236041	0.5236041	0.0	0.0
chr1:6248988-6249488	ENSG00000158292	GPR153	chr1	6248988	6249488	6261097	-	11859	epithelial	method4_paired	0.50707215	0.50707215	0.0	0.0
chr1:6259979-6260479	ENSG00000158292	GPR153	chr1	6259979	6260479	6261097	-	868	epithelial	method4_paired	0.45886192	0.45886192	0.0	0.0
chr1:6269393-6269893	ENSG00000158292	GPR153	chr1	6269393	6269893	6261097	-	8546	epithelial	method4_paired	0.536805	0.536805	0.0	0.0
chr1:6276345-6276845	ENSG00000158292	GPR153	chr1	6276345	6276845	6261097	-	15498	epithelial	method4_paired	0.54228985	0.54228985	0.0	0.0
chr1:6294475-6294975	ENSG00000158292	GPR153	chr1	6294475	6294975	6261097	-	33628	epithelial	method4_paired	0.523723	0.523723	0.0	0.0
chr1:6300172-6300672	ENSG00000158292	GPR153	chr1	6300172	6300672	6261097	-	39325	epithelial	method4_paired	0.47946942	0.47946942	0.0	0.0
chr1:6300703-6301203	ENSG00000158292	GPR153	chr1	6300703	6301203	6261097	-	39856	epithelial	method4_paired	0.6123067	0.6123067	0.0	0.0
chr1:6325456-6325956	ENSG00000158292	GPR153	chr1	6325456	6325956	6261097	-	64609	epithelial	method4_paired	0.55436826	0.55436826	0.0	0.0
chr1:6331432-6331932	ENSG00000158292	GPR153	chr1	6331432	6331932	6261097	-	70585	epithelial	method4_paired	0.46970835	0.46970835	0.0	0.0
chr1:6393545-6394045	ENSG00000007923	DNAJC11	chr1	6393545	6394045	6701923	-	308128	epithelial	method4_paired	0.4563267	0.4563267	0.0	0.0
chr1:6393545-6394045	ENSG00000162408	NOL9	chr1	6393545	6394045	6554512	-	160717	epithelial	method4_paired	0.45312604	0.45312604	0.0	0.0
chr1:6420551-6421051	ENSG00000097021	ACOT7	chr1	6420551	6421051	6393766	-	27035	epithelial	method4_paired	0.492396	0.492396	0.0	0.0
chr1:6554299-6554799	ENSG00000007923	DNAJC11	chr1	6554299	6554799	6701923	-	147374	epithelial	method4_paired	0.4894889	0.4894889	0.0	0.0
chr1:6554299-6554799	ENSG00000162408	NOL9	chr1	6554299	6554799	6554512	-	37	epithelial	method4_paired	0.4985512	0.4985512	0.0	0.0
chr1:6554299-6554799	ENSG00000171735	CAMTA1	chr1	6554299	6554799	6785453	+	230904	epithelial	method4_paired	0.47752497	0.47752497	0.0	0.0
chr1:6613232-6613732	ENSG00000007923	DNAJC11	chr1	6613232	6613732	6701923	-	88441	epithelial	method4_paired	0.5007234	0.5007234	0.0	0.0
chr1:6613232-6613732	ENSG00000162408	NOL9	chr1	6613232	6613732	6554512	-	58970	epithelial	method4_paired	0.46940935	0.46940935	0.0	0.0
chr1:6613232-6613732	ENSG00000171735	CAMTA1	chr1	6613232	6613732	6785453	+	171971	epithelial	method4_paired	0.4696163	0.4696163	0.0	0.0
chr1:6624912-6625412	ENSG00000162408	NOL9	chr1	6624912	6625412	6554512	-	70650	epithelial	method4_paired	0.4572601	0.4572601	0.0	0.0
chr1:6701655-6702155	ENSG00000007923	DNAJC11	chr1	6701655	6702155	6701923	-	18	epithelial	method4_paired	0.53046584	0.53046584	0.0	0.0
chr1:6701655-6702155	ENSG00000162408	NOL9	chr1	6701655	6702155	6554512	-	147393	epithelial	method4_paired	0.49616608	0.49616608	0.0	0.0
chr1:6701655-6702155	ENSG00000171735	CAMTA1	chr1	6701655	6702155	6785453	+	83548	epithelial	method4_paired	0.47673443	0.47673443	0.0	0.0
chr1:6962301-6962801	ENSG00000007923	DNAJC11	chr1	6962301	6962801	6701923	-	260628	epithelial	method4_paired	0.53533465	0.53533465	0.0	0.0
chr1:6962301-6962801	ENSG00000162408	NOL9	chr1	6962301	6962801	6554512	-	408039	epithelial	method4_paired	0.55395895	0.55395895	0.0	0.0
chr1:6962893-6963393	ENSG00000007923	DNAJC11	chr1	6962893	6963393	6701923	-	261220	epithelial	method4_paired	0.53583866	0.53583866	0.0	0.0
chr1:6962893-6963393	ENSG00000162408	NOL9	chr1	6962893	6963393	6554512	-	408631	epithelial	method4_paired	0.5531108	0.5531108	0.0	0.0
chr1:6963396-6963896	ENSG00000007923	DNAJC11	chr1	6963396	6963896	6701923	-	261723	epithelial	method4_paired	0.46433488	0.46433488	0.0	0.0
chr1:6963396-6963896	ENSG00000162408	NOL9	chr1	6963396	6963896	6554512	-	409134	epithelial	method4_paired	0.46525487	0.46525487	0.0	0.0
chr1:7572713-7573213	ENSG00000116285	ERRFI1	chr1	7572713	7573213	8026308	-	453345	epithelial	method4_paired	-0.4659345	-0.4659345	0.0	0.0
chr1:8004715-8005215	ENSG00000049246	PER3	chr1	8004715	8005215	7784290	+	220675	epithelial	method4_paired	0.46436	0.46436	0.0	0.0
chr1:8004715-8005215	ENSG00000116285	ERRFI1	chr1	8004715	8005215	8026308	-	21343	epithelial	method4_paired	0.47845855	0.47845855	0.0	0.0
chr1:8093326-8093826	ENSG00000116285	ERRFI1	chr1	8093326	8093826	8026308	-	67268	epithelial	method4_paired	0.50032324	0.50032324	0.0	0.0
chr1:8133650-8134150	ENSG00000049246	PER3	chr1	8133650	8134150	7784290	+	349610	epithelial	method4_paired	0.4663867	0.4663867	0.0	0.0
chr1:8283158-8283658	ENSG00000116285	ERRFI1	chr1	8283158	8283658	8026308	-	257100	epithelial	method4_paired	0.49871504	0.49871504	0.0	0.0
chr1:8525832-8526332	ENSG00000142599	RERE	chr1	8525832	8526332	8848920	-	322838	epithelial	method4_paired	0.4597517	0.4597517	0.0	0.0
chr1:8703234-8703734	ENSG00000142599	RERE	chr1	8703234	8703734	8848920	-	145436	epithelial	method4_paired	0.5190561	0.5190561	0.0	0.0
chr1:8817499-8817999	ENSG00000049239	H6PD	chr1	8817499	8817999	9234773	+	417024	epithelial	method4_paired	0.4717987	0.4717987	0.0	0.0
chr1:8817499-8817999	ENSG00000142599	RERE	chr1	8817499	8817999	8848920	-	31171	epithelial	method4_paired	0.49968433	0.49968433	0.0	0.0
chr1:9128982-9129482	ENSG00000142599	RERE	chr1	9128982	9129482	8848920	-	280312	epithelial	method4_paired	0.52759516	0.52759516	0.0	0.0
chr1:9182134-9182634	ENSG00000074800	ENO1	chr1	9182134	9182634	8879189	-	303195	epithelial	method4_paired	0.49186343	0.49186343	0.0	0.0
chr1:9201404-9201904	ENSG00000171608	PIK3CD	chr1	9201404	9201904	9629888	+	428234	epithelial	method4_paired	0.45387793	0.45387793	0.0	0.0
chr1:9234421-9234921	ENSG00000142599	RERE	chr1	9234421	9234921	8848920	-	385751	epithelial	method4_paired	0.48905522	0.48905522	0.0	0.0
chr1:9292609-9293109	ENSG00000142599	RERE	chr1	9292609	9293109	8848920	-	443939	epithelial	method4_paired	0.48974234	0.48974234	0.0	0.0
chr1:9376016-9376516	ENSG00000171608	PIK3CD	chr1	9376016	9376516	9629888	+	253622	epithelial	method4_paired	0.4590249	0.4590249	0.0	0.0
chr1:9376854-9377354	ENSG00000171608	PIK3CD	chr1	9376854	9377354	9629888	+	252784	epithelial	method4_paired	0.5979103	0.5979103	0.0	0.0
chr1:9413015-9413515	ENSG00000171608	PIK3CD	chr1	9413015	9413515	9629888	+	216623	epithelial	method4_paired	0.51049465	0.51049465	0.0	0.0
chr1:9413744-9414244	ENSG00000171608	PIK3CD	chr1	9413744	9414244	9629888	+	215894	epithelial	method4_paired	0.4595186	0.4595186	0.0	0.0
chr1:9425947-9426447	ENSG00000171608	PIK3CD	chr1	9425947	9426447	9629888	+	203691	epithelial	method4_paired	0.53392726	0.53392726	0.0	0.0
chr1:9539105-9539605	ENSG00000130939	UBE4B	chr1	9539105	9539605	10032831	+	493476	epithelial	method4_paired	0.46298033	0.46298033	0.0	0.0
chr1:9588480-9588980	ENSG00000130939	UBE4B	chr1	9588480	9588980	10032831	+	444101	epithelial	method4_paired	0.49148658	0.49148658	0.0	0.0
chr1:9626934-9627434	ENSG00000049239	H6PD	chr1	9626934	9627434	9234773	+	392411	epithelial	method4_paired	0.4672732	0.4672732	0.0	0.0
chr1:9626934-9627434	ENSG00000130939	UBE4B	chr1	9626934	9627434	10032831	+	405647	epithelial	method4_paired	0.47700423	0.47700423	0.0	0.0
chr1:9626934-9627434	ENSG00000171608	PIK3CD	chr1	9626934	9627434	9629888	+	2704	epithelial	method4_paired	0.470939	0.470939	0.0	0.0
chr1:9628921-9629421	ENSG00000171608	PIK3CD	chr1	9628921	9629421	9629888	+	717	epithelial	method4_paired	0.52947414	0.52947414	0.0	0.0
chr1:9629598-9630098	ENSG00000171608	PIK3CD	chr1	9629598	9630098	9629888	+	40	epithelial	method4_paired	0.58604217	0.58604217	0.0	0.0
chr1:9630297-9630797	ENSG00000171608	PIK3CD	chr1	9630297	9630797	9629888	+	659	epithelial	method4_paired	0.4524239	0.4524239	0.0	0.0
chr1:9651482-9651982	ENSG00000171608	PIK3CD	chr1	9651482	9651982	9629888	+	21844	epithelial	method4_paired	0.46682826	0.46682826	0.0	0.0
chr1:9652225-9652725	ENSG00000171608	PIK3CD	chr1	9652225	9652725	9629888	+	22587	epithelial	method4_paired	0.6469659	0.6469659	0.0	0.0
chr1:9689256-9689756	ENSG00000049239	H6PD	chr1	9689256	9689756	9234773	+	454733	epithelial	method4_paired	0.5039167	0.5039167	0.0	0.0
chr1:9689256-9689756	ENSG00000130939	UBE4B	chr1	9689256	9689756	10032831	+	343325	epithelial	method4_paired	0.5523893	0.5523893	0.0	0.0
chr1:9689256-9689756	ENSG00000171612	SLC25A33	chr1	9689256	9689756	9539464	+	150042	epithelial	method4_paired	0.47458953	0.47458953	0.0	0.0
chr1:9689256-9689756	ENSG00000178585	CTNNBIP1	chr1	9689256	9689756	9910335	-	220829	epithelial	method4_paired	0.51735157	0.51735157	0.0	0.0
chr1:9716951-9717451	ENSG00000171608	PIK3CD	chr1	9716951	9717451	9629888	+	87313	epithelial	method4_paired	0.48933798	0.48933798	0.0	0.0
chr1:9717566-9718066	ENSG00000171608	PIK3CD	chr1	9717566	9718066	9629888	+	87928	epithelial	method4_paired	0.6835281	0.6835281	0.0	0.0
chr1:9910155-9910655	ENSG00000130939	UBE4B	chr1	9910155	9910655	10032831	+	122426	epithelial	method4_paired	0.5080078	0.5080078	0.0	0.0
chr1:9910155-9910655	ENSG00000171612	SLC25A33	chr1	9910155	9910655	9539464	+	370941	epithelial	method4_paired	0.47028202	0.47028202	0.0	0.0
chr1:9910155-9910655	ENSG00000173614	NMNAT1	chr1	9910155	9910655	9943427	+	33022	epithelial	method4_paired	0.4728362	0.4728362	0.0	0.0
chr1:9910155-9910655	ENSG00000178585	CTNNBIP1	chr1	9910155	9910655	9910335	-	70	epithelial	method4_paired	0.45289037	0.45289037	0.0	0.0
chr1:10032520-10033020	ENSG00000130939	UBE4B	chr1	10032520	10033020	10032831	+	61	epithelial	method4_paired	0.5034669	0.5034669	0.0	0.0
chr1:10032520-10033020	ENSG00000142655	PEX14	chr1	10032520	10033020	10472287	+	439517	epithelial	method4_paired	0.47798398	0.47798398	0.0	0.0
chr1:10210184-10210684	ENSG00000130939	UBE4B	chr1	10210184	10210684	10032831	+	177603	epithelial	method4_paired	0.49759832	0.49759832	0.0	0.0
chr1:10210184-10210684	ENSG00000142655	PEX14	chr1	10210184	10210684	10472287	+	261853	epithelial	method4_paired	0.50318617	0.50318617	0.0	0.0
chr1:10398668-10399168	ENSG00000130939	UBE4B	chr1	10398668	10399168	10032831	+	366087	epithelial	method4_paired	0.45139754	0.45139754	0.0	0.0
chr1:10398668-10399168	ENSG00000142655	PEX14	chr1	10398668	10399168	10472287	+	73369	epithelial	method4_paired	0.48097786	0.48097786	0.0	0.0
chr1:10429930-10430430	ENSG00000130939	UBE4B	chr1	10429930	10430430	10032831	+	397349	epithelial	method4_paired	0.49661824	0.49661824	0.0	0.0
chr1:10429930-10430430	ENSG00000142655	PEX14	chr1	10429930	10430430	10472287	+	42107	epithelial	method4_paired	0.451491	0.451491	0.0	0.0
chr1:10429930-10430430	ENSG00000142657	PGD	chr1	10429930	10430430	10398591	+	31589	epithelial	method4_paired	0.4514804	0.4514804	0.0	0.0
chr1:10429930-10430430	ENSG00000160049	DFFA	chr1	10429930	10430430	10472528	-	42348	epithelial	method4_paired	0.49097443	0.49097443	0.0	0.0
chr1:10430493-10430993	ENSG00000130939	UBE4B	chr1	10430493	10430993	10032831	+	397912	epithelial	method4_paired	0.49049	0.49049	0.0	0.0
chr1:10430493-10430993	ENSG00000142655	PEX14	chr1	10430493	10430993	10472287	+	41544	epithelial	method4_paired	0.45032355	0.45032355	0.0	0.0
chr1:10430493-10430993	ENSG00000142657	PGD	chr1	10430493	10430993	10398591	+	32152	epithelial	method4_paired	0.45330185	0.45330185	0.0	0.0
chr1:10430493-10430993	ENSG00000160049	DFFA	chr1	10430493	10430993	10472528	-	41785	epithelial	method4_paired	0.48394266	0.48394266	0.0	0.0
chr1:10472328-10472828	ENSG00000130939	UBE4B	chr1	10472328	10472828	10032831	+	439747	epithelial	method4_paired	0.45155582	0.45155582	0.0	0.0
chr1:10472328-10472828	ENSG00000160049	DFFA	chr1	10472328	10472828	10472528	-	50	epithelial	method4_paired	0.45097888	0.45097888	0.0	0.0
chr1:10901230-10901730	ENSG00000116649	SRM	chr1	10901230	10901730	11060019	-	158539	epithelial	method4_paired	0.45128068	0.45128068	0.0	0.0
chr1:10943957-10944457	ENSG00000116649	SRM	chr1	10943957	10944457	11060019	-	115812	epithelial	method4_paired	0.46441066	0.46441066	0.0	0.0
chr1:10943957-10944457	ENSG00000160049	DFFA	chr1	10943957	10944457	10472528	-	471679	epithelial	method4_paired	0.467488	0.467488	0.0	0.0
chr1:11012129-11012629	ENSG00000171824	EXOSC10	chr1	11012129	11012629	11099868	-	87489	epithelial	method4_paired	0.46795493	0.46795493	0.0	0.0
chr1:11012129-11012629	ENSG00000198793	MTOR	chr1	11012129	11012629	11262555	-	250176	epithelial	method4_paired	0.47692767	0.47692767	0.0	0.0
chr1:11059866-11060366	ENSG00000116649	SRM	chr1	11059866	11060366	11060019	-	97	epithelial	method4_paired	0.5565686	0.5565686	0.0	0.0
chr1:11059866-11060366	ENSG00000120948	TARDBP	chr1	11059866	11060366	11012343	+	47773	epithelial	method4_paired	0.48055434	0.48055434	0.0	0.0
chr1:11059866-11060366	ENSG00000171824	EXOSC10	chr1	11059866	11060366	11099868	-	39752	epithelial	method4_paired	0.5660564	0.5660564	0.0	0.0
chr1:11059866-11060366	ENSG00000198793	MTOR	chr1	11059866	11060366	11262555	-	202439	epithelial	method4_paired	0.55650604	0.55650604	0.0	0.0
chr1:11099630-11100130	ENSG00000171824	EXOSC10	chr1	11099630	11100130	11099868	-	12	epithelial	method4_paired	0.46047252	0.46047252	0.0	0.0
chr1:11099630-11100130	ENSG00000198793	MTOR	chr1	11099630	11100130	11262555	-	162675	epithelial	method4_paired	0.47603253	0.47603253	0.0	0.0
chr1:11272799-11273299	ENSG00000198793	MTOR	chr1	11272799	11273299	11262555	-	10494	epithelial	method4_paired	0.48764804	0.48764804	0.0	0.0
chr1:11478620-11479120	ENSG00000116649	SRM	chr1	11478620	11479120	11060019	-	418851	epithelial	method4_paired	0.5537605	0.5537605	0.0	0.0
chr1:11479136-11479636	ENSG00000116649	SRM	chr1	11479136	11479636	11060019	-	419367	epithelial	method4_paired	0.46665037	0.46665037	0.0	0.0
chr1:11680940-11681440	ENSG00000198793	MTOR	chr1	11680940	11681440	11262555	-	418635	epithelial	method4_paired	0.51690733	0.51690733	0.0	0.0
chr1:11731584-11732084	ENSG00000028137	TNFRSF1B	chr1	11731584	11732084	12166990	+	435156	epithelial	method4_paired	0.46339732	0.46339732	0.0	0.0
chr1:11735805-11736305	ENSG00000198793	MTOR	chr1	11735805	11736305	11262555	-	473500	epithelial	method4_paired	0.46361932	0.46361932	0.0	0.0
chr1:12051949-12052449	ENSG00000028137	TNFRSF1B	chr1	12051949	12052449	12166990	+	114791	epithelial	method4_paired	0.45802554	0.45802554	0.0	0.0
chr1:12173709-12174209	ENSG00000028137	TNFRSF1B	chr1	12173709	12174209	12166990	+	6969	epithelial	method4_paired	0.5552871	0.5552871	0.0	0.0
chr1:12178149-12178649	ENSG00000028137	TNFRSF1B	chr1	12178149	12178649	12166990	+	11409	epithelial	method4_paired	0.5131774	0.5131774	0.0	0.0
chr1:12183989-12184489	ENSG00000028137	TNFRSF1B	chr1	12183989	12184489	12166990	+	17249	epithelial	method4_paired	0.5651833	0.5651833	0.0	0.0
chr1:12184517-12185017	ENSG00000028137	TNFRSF1B	chr1	12184517	12185017	12166990	+	17777	epithelial	method4_paired	0.5168506	0.5168506	0.0	0.0
chr1:12229734-12230234	ENSG00000048707	VPS13D	chr1	12229734	12230234	12230029	+	45	epithelial	method4_paired	0.4510002	0.4510002	0.0	0.0
chr1:12539686-12540186	ENSG00000028137	TNFRSF1B	chr1	12539686	12540186	12166990	+	372946	epithelial	method4_paired	0.45486	0.45486	0.0	0.0
chr1:12540277-12540777	ENSG00000028137	TNFRSF1B	chr1	12540277	12540777	12166990	+	373537	epithelial	method4_paired	0.45551726	0.45551726	0.0	0.0
chr1:12556424-12556924	ENSG00000028137	TNFRSF1B	chr1	12556424	12556924	12166990	+	389684	epithelial	method4_paired	0.47215348	0.47215348	0.0	0.0
chr1:13583492-13583992	ENSG00000162493	PDPN	chr1	13583492	13583992	13583464	+	278	epithelial	method4_paired	0.522892	0.522892	0.0	0.0
chr1:13593504-13594004	ENSG00000162493	PDPN	chr1	13593504	13594004	13583464	+	10290	epithelial	method4_paired	0.608854	0.608854	0.0	0.0
chr1:15524079-15524579	ENSG00000065526	SPEN	chr1	15524079	15524579	15836094	+	311765	epithelial	method4_paired	0.5345548	0.5345548	0.0	0.0
chr1:15524079-15524579	ENSG00000116138	DNAJC16	chr1	15524079	15524579	15526812	+	2483	epithelial	method4_paired	0.4577909	0.4577909	0.0	0.0
chr1:15524079-15524579	ENSG00000197312	DDI2	chr1	15524079	15524579	15617457	+	93128	epithelial	method4_paired	0.46168688	0.46168688	0.0	0.0
chr1:15524657-15525157	ENSG00000065526	SPEN	chr1	15524657	15525157	15836094	+	311187	epithelial	method4_paired	0.50610524	0.50610524	0.0	0.0
chr1:15774559-15775059	ENSG00000162458	FBLIM1	chr1	15774559	15775059	15756606	+	18203	epithelial	method4_paired	0.46218452	0.46218452	0.0	0.0
chr1:15834148-15834648	ENSG00000197312	DDI2	chr1	15834148	15834648	15617457	+	216941	epithelial	method4_paired	0.47361746	0.47361746	0.0	0.0
chr1:15834707-15835207	ENSG00000065526	SPEN	chr1	15834707	15835207	15836094	+	1137	epithelial	method4_paired	0.5009142	0.5009142	0.0	0.0
chr1:15834707-15835207	ENSG00000116138	DNAJC16	chr1	15834707	15835207	15526812	+	308145	epithelial	method4_paired	0.46948433	0.46948433	0.0	0.0
chr1:15834707-15835207	ENSG00000197312	DDI2	chr1	15834707	15835207	15617457	+	217500	epithelial	method4_paired	0.50023603	0.50023603	0.0	0.0
chr1:15835709-15836209	ENSG00000065526	SPEN	chr1	15835709	15836209	15836094	+	135	epithelial	method4_paired	0.5629885	0.5629885	0.0	0.0
chr1:15835709-15836209	ENSG00000116138	DNAJC16	chr1	15835709	15836209	15526812	+	309147	epithelial	method4_paired	0.4947807	0.4947807	0.0	0.0
chr1:15835709-15836209	ENSG00000116786	PLEKHM2	chr1	15835709	15836209	15684319	+	151640	epithelial	method4_paired	0.4649007	0.4649007	0.0	0.0
chr1:15835709-15836209	ENSG00000197312	DDI2	chr1	15835709	15836209	15617457	+	218502	epithelial	method4_paired	0.5180809	0.5180809	0.0	0.0
chr1:15847359-15847859	ENSG00000065526	SPEN	chr1	15847359	15847859	15836094	+	11515	epithelial	method4_paired	0.5370212	0.5370212	0.0	0.0
chr1:15847359-15847859	ENSG00000116138	DNAJC16	chr1	15847359	15847859	15526812	+	320797	epithelial	method4_paired	0.4907626	0.4907626	0.0	0.0
chr1:15847359-15847859	ENSG00000116786	PLEKHM2	chr1	15847359	15847859	15684319	+	163290	epithelial	method4_paired	0.46890813	0.46890813	0.0	0.0
chr1:15847359-15847859	ENSG00000197312	DDI2	chr1	15847359	15847859	15617457	+	230152	epithelial	method4_paired	0.5141539	0.5141539	0.0	0.0
chr1:15949479-15949979	ENSG00000116786	PLEKHM2	chr1	15949479	15949979	15684319	+	265410	epithelial	method4_paired	0.47279838	0.47279838	0.0	0.0
chr1:15975862-15976362	ENSG00000037637	FBXO42	chr1	15975862	15976362	16352479	-	376367	epithelial	method4_paired	0.51746434	0.51746434	0.0	0.0
chr1:15975862-15976362	ENSG00000065526	SPEN	chr1	15975862	15976362	15836094	+	140018	epithelial	method4_paired	0.5279025	0.5279025	0.0	0.0
chr1:15975862-15976362	ENSG00000116138	DNAJC16	chr1	15975862	15976362	15526812	+	449300	epithelial	method4_paired	0.4622469	0.4622469	0.0	0.0
chr1:15975862-15976362	ENSG00000116786	PLEKHM2	chr1	15975862	15976362	15684319	+	291793	epithelial	method4_paired	0.46621582	0.46621582	0.0	0.0
chr1:15975862-15976362	ENSG00000197312	DDI2	chr1	15975862	15976362	15617457	+	358655	epithelial	method4_paired	0.47699863	0.47699863	0.0	0.0
chr1:16068552-16069052	ENSG00000185519	FAM131C	chr1	16068552	16069052	16073650	-	4848	epithelial	method4_paired	0.4545131	0.4545131	0.0	0.0
chr1:16206370-16206870	ENSG00000037637	FBXO42	chr1	16206370	16206870	16352479	-	145859	epithelial	method4_paired	0.54913586	0.54913586	0.0	0.0
chr1:16206370-16206870	ENSG00000065526	SPEN	chr1	16206370	16206870	15836094	+	370526	epithelial	method4_paired	0.5038325	0.5038325	0.0	0.0
chr1:16206875-16207375	ENSG00000037637	FBXO42	chr1	16206875	16207375	16352479	-	145354	epithelial	method4_paired	0.4962137	0.4962137	0.0	0.0
chr1:16217330-16217830	ENSG00000037637	FBXO42	chr1	16217330	16217830	16352479	-	134899	epithelial	method4_paired	0.48993137	0.48993137	0.0	0.0
chr1:16352222-16352722	ENSG00000037637	FBXO42	chr1	16352222	16352722	16352479	-	7	epithelial	method4_paired	0.57654727	0.57654727	0.0	0.0
chr1:16352222-16352722	ENSG00000055070	SZRD1	chr1	16352222	16352722	16352574	+	102	epithelial	method4_paired	0.50103813	0.50103813	0.0	0.0
chr1:16352222-16352722	ENSG00000058453	CROCC	chr1	16352222	16352722	16740272	+	387800	epithelial	method4_paired	0.45079204	0.45079204	0.0	0.0
chr1:16366927-16367427	ENSG00000037637	FBXO42	chr1	16366927	16367427	16352479	-	14698	epithelial	method4_paired	0.48274055	0.48274055	0.0	0.0
chr1:16499017-16499517	ENSG00000037637	FBXO42	chr1	16499017	16499517	16352479	-	146788	epithelial	method4_paired	0.4987436	0.4987436	0.0	0.0
chr1:16613338-16613838	ENSG00000037637	FBXO42	chr1	16613338	16613838	16352479	-	261109	epithelial	method4_paired	0.5870361	0.5870361	0.0	0.0
chr1:16613338-16613838	ENSG00000055070	SZRD1	chr1	16613338	16613838	16352574	+	261014	epithelial	method4_paired	0.4727641	0.4727641	0.0	0.0
chr1:16613338-16613838	ENSG00000058453	CROCC	chr1	16613338	16613838	16740272	+	126684	epithelial	method4_paired	0.46577215	0.46577215	0.0	0.0
chr1:16613338-16613838	ENSG00000117118	SDHB	chr1	16613338	16613838	17054031	-	440443	epithelial	method4_paired	0.52006066	0.52006066	0.0	0.0
chr1:16623941-16624441	ENSG00000037637	FBXO42	chr1	16623941	16624441	16352479	-	271712	epithelial	method4_paired	0.4863319	0.4863319	0.0	0.0
chr1:16623941-16624441	ENSG00000117118	SDHB	chr1	16623941	16624441	17054031	-	429840	epithelial	method4_paired	0.4885798	0.4885798	0.0	0.0
chr1:16644462-16644962	ENSG00000037637	FBXO42	chr1	16644462	16644962	16352479	-	292233	epithelial	method4_paired	0.5813636	0.5813636	0.0	0.0
chr1:16644462-16644962	ENSG00000055070	SZRD1	chr1	16644462	16644962	16352574	+	292138	epithelial	method4_paired	0.5076828	0.5076828	0.0	0.0
chr1:16644462-16644962	ENSG00000117118	SDHB	chr1	16644462	16644962	17054031	-	409319	epithelial	method4_paired	0.5129551	0.5129551	0.0	0.0
chr1:16904655-16905155	ENSG00000058453	CROCC	chr1	16904655	16905155	16740272	+	164633	epithelial	method4_paired	0.5275723	0.5275723	0.0	0.0
chr1:16904655-16905155	ENSG00000117118	SDHB	chr1	16904655	16905155	17054031	-	149126	epithelial	method4_paired	0.5052531	0.5052531	0.0	0.0
chr1:16913710-16914210	ENSG00000058453	CROCC	chr1	16913710	16914210	16740272	+	173688	epithelial	method4_paired	0.56928384	0.56928384	0.0	0.0
chr1:16913710-16914210	ENSG00000117118	SDHB	chr1	16913710	16914210	17054031	-	140071	epithelial	method4_paired	0.51829296	0.51829296	0.0	0.0
chr1:16948405-16948905	ENSG00000179051	RCC2	chr1	16948405	16948905	17439676	-	491021	epithelial	method4_paired	0.49609426	0.49609426	0.0	0.0
chr1:16951617-16952117	ENSG00000117118	SDHB	chr1	16951617	16952117	17054031	-	102164	epithelial	method4_paired	0.45896822	0.45896822	0.0	0.0
chr1:16960616-16961116	ENSG00000179051	RCC2	chr1	16960616	16961116	17439676	-	478810	epithelial	method4_paired	0.54041266	0.54041266	0.0	0.0
chr1:17011711-17012211	ENSG00000179051	RCC2	chr1	17011711	17012211	17439676	-	427715	epithelial	method4_paired	0.4759326	0.4759326	0.0	0.0
chr1:17053913-17054413	ENSG00000074964	ARHGEF10L	chr1	17053913	17054413	17539697	+	485534	epithelial	method4_paired	0.49094197	0.49094197	0.0	0.0
chr1:17053913-17054413	ENSG00000179051	RCC2	chr1	17053913	17054413	17439676	-	385513	epithelial	method4_paired	0.48119536	0.48119536	0.0	0.0
chr1:17428242-17428742	ENSG00000074964	ARHGEF10L	chr1	17428242	17428742	17539697	+	111205	epithelial	method4_paired	0.4632177	0.4632177	0.0	0.0
chr1:17428242-17428742	ENSG00000179051	RCC2	chr1	17428242	17428742	17439676	-	11184	epithelial	method4_paired	0.5304735	0.5304735	0.0	0.0
chr1:17437476-17437976	ENSG00000179051	RCC2	chr1	17437476	17437976	17439676	-	1950	epithelial	method4_paired	0.45631805	0.45631805	0.0	0.0
chr1:17438299-17438799	ENSG00000074964	ARHGEF10L	chr1	17438299	17438799	17539697	+	101148	epithelial	method4_paired	0.4586251	0.4586251	0.0	0.0
chr1:17438299-17438799	ENSG00000179051	RCC2	chr1	17438299	17438799	17439676	-	1127	epithelial	method4_paired	0.45265734	0.45265734	0.0	0.0
chr1:17439020-17439520	ENSG00000179051	RCC2	chr1	17439020	17439520	17439676	-	406	epithelial	method4_paired	0.47965652	0.47965652	0.0	0.0
chr1:17439545-17440045	ENSG00000074964	ARHGEF10L	chr1	17439545	17440045	17539697	+	99902	epithelial	method4_paired	0.47702116	0.47702116	0.0	0.0
chr1:17439545-17440045	ENSG00000179051	RCC2	chr1	17439545	17440045	17439676	-	119	epithelial	method4_paired	0.5028311	0.5028311	0.0	0.0
chr1:17527376-17527876	ENSG00000179051	RCC2	chr1	17527376	17527876	17439676	-	87950	epithelial	method4_paired	0.46594194	0.46594194	0.0	0.0
chr1:17531565-17532065	ENSG00000074964	ARHGEF10L	chr1	17531565	17532065	17539697	+	7882	epithelial	method4_paired	0.4598655	0.4598655	0.0	0.0
chr1:17531565-17532065	ENSG00000179051	RCC2	chr1	17531565	17532065	17439676	-	92139	epithelial	method4_paired	0.5122503	0.5122503	0.0	0.0
chr1:17539462-17539962	ENSG00000179051	RCC2	chr1	17539462	17539962	17439676	-	100036	epithelial	method4_paired	0.47142142	0.47142142	0.0	0.0
chr1:17588225-17588725	ENSG00000074964	ARHGEF10L	chr1	17588225	17588725	17539697	+	48778	epithelial	method4_paired	0.49079126	0.49079126	0.0	0.0
chr1:17588225-17588725	ENSG00000179051	RCC2	chr1	17588225	17588725	17439676	-	148799	epithelial	method4_paired	0.473249	0.473249	0.0	0.0
chr1:17597126-17597626	ENSG00000074964	ARHGEF10L	chr1	17597126	17597626	17539697	+	57679	epithelial	method4_paired	0.47369325	0.47369325	0.0	0.0
chr1:17597126-17597626	ENSG00000179051	RCC2	chr1	17597126	17597626	17439676	-	157700	epithelial	method4_paired	0.47196504	0.47196504	0.0	0.0
chr1:18902596-18903096	ENSG00000127463	EMC1	chr1	18902596	18903096	19251551	-	348705	epithelial	method4_paired	0.45598733	0.45598733	0.0	0.0
chr1:19311907-19312407	ENSG00000127481	UBR4	chr1	19311907	19312407	19210265	-	101892	epithelial	method4_paired	0.48036557	0.48036557	0.0	0.0
chr1:19979466-19979966	ENSG00000188257	PLA2G2A	chr1	19979466	19979966	19980415	-	699	epithelial	method4_paired	0.48780257	0.48780257	0.0	0.0
chr1:20187063-20187563	ENSG00000158825	CDA	chr1	20187063	20187563	20589085	+	401772	epithelial	method4_paired	-0.45108557	-0.45108557	0.0	0.0
chr1:20280326-20280826	ENSG00000158825	CDA	chr1	20280326	20280826	20589085	+	308509	epithelial	method4_paired	0.4523993	0.4523993	0.0	0.0
chr1:20586955-20587455	ENSG00000158825	CDA	chr1	20586955	20587455	20589085	+	1880	epithelial	method4_paired	0.46779993	0.46779993	0.0	0.0
chr1:20587551-20588051	ENSG00000158825	CDA	chr1	20587551	20588051	20589085	+	1284	epithelial	method4_paired	0.54484206	0.54484206	0.0	0.0
chr1:20588775-20589275	ENSG00000158825	CDA	chr1	20588775	20589275	20589085	+	60	epithelial	method4_paired	0.51426	0.51426	0.0	0.0
chr1:20590405-20590905	ENSG00000158825	CDA	chr1	20590405	20590905	20589085	+	1570	epithelial	method4_paired	0.57571065	0.57571065	0.0	0.0
chr1:20604079-20604579	ENSG00000158825	CDA	chr1	20604079	20604579	20589085	+	15244	epithelial	method4_paired	0.5723973	0.5723973	0.0	0.0
chr1:20786534-20787034	ENSG00000127483	HP1BP3	chr1	20786534	20787034	20787322	-	538	epithelial	method4_paired	0.5538925	0.5538925	0.0	0.0
chr1:20787100-20787600	ENSG00000127483	HP1BP3	chr1	20787100	20787600	20787322	-	28	epithelial	method4_paired	0.49894914	0.49894914	0.0	0.0
chr1:21176728-21177228	ENSG00000127483	HP1BP3	chr1	21176728	21177228	20787322	-	389656	epithelial	method4_paired	0.51063746	0.51063746	0.0	0.0
chr1:21451939-21452439	ENSG00000076864	RAP1GAP	chr1	21451939	21452439	21669356	-	217167	epithelial	method4_paired	0.61735475	0.61735475	0.0	0.0
chr1:21586783-21587283	ENSG00000076864	RAP1GAP	chr1	21586783	21587283	21669356	-	82323	epithelial	method4_paired	0.4532288	0.4532288	0.0	0.0
chr1:21623550-21624050	ENSG00000076864	RAP1GAP	chr1	21623550	21624050	21669356	-	45556	epithelial	method4_paired	0.561227	0.561227	0.0	0.0
chr1:21631997-21632497	ENSG00000076864	RAP1GAP	chr1	21631997	21632497	21669356	-	37109	epithelial	method4_paired	0.5122855	0.5122855	0.0	0.0
chr1:21633945-21634445	ENSG00000076864	RAP1GAP	chr1	21633945	21634445	21669356	-	35161	epithelial	method4_paired	0.6807756	0.6807756	0.0	0.0
chr1:21634455-21634955	ENSG00000076864	RAP1GAP	chr1	21634455	21634955	21669356	-	34651	epithelial	method4_paired	0.783617	0.783617	0.0	0.0
chr1:21634455-21634955	ENSG00000117298	ECE1	chr1	21634455	21634955	21345571	-	289134	epithelial	method4_paired	-0.45755833	-0.45755833	0.0	0.0
chr1:21639529-21640029	ENSG00000076864	RAP1GAP	chr1	21639529	21640029	21669356	-	29577	epithelial	method4_paired	0.5230894	0.5230894	0.0	0.0
chr1:21656412-21656912	ENSG00000076864	RAP1GAP	chr1	21656412	21656912	21669356	-	12694	epithelial	method4_paired	0.4539017	0.4539017	0.0	0.0
chr1:21782922-21783422	ENSG00000090686	USP48	chr1	21782922	21783422	21783605	-	433	epithelial	method4_paired	0.5460034	0.5460034	0.0	0.0
chr1:21783445-21783945	ENSG00000090686	USP48	chr1	21783445	21783945	21783605	-	90	epithelial	method4_paired	0.47501278	0.47501278	0.0	0.0
chr1:21911367-21911867	ENSG00000142798	HSPG2	chr1	21911367	21911867	21937309	-	25692	epithelial	method4_paired	0.48016676	0.48016676	0.0	0.0
chr1:21937222-21937722	ENSG00000090686	USP48	chr1	21937222	21937722	21783605	-	153867	epithelial	method4_paired	0.45457187	0.45457187	0.0	0.0
chr1:22039743-22040243	ENSG00000090686	USP48	chr1	22039743	22040243	21783605	-	256388	epithelial	method4_paired	0.4732872	0.4732872	0.0	0.0
chr1:22052393-22052893	ENSG00000090686	USP48	chr1	22052393	22052893	21783605	-	269038	epithelial	method4_paired	0.49418145	0.49418145	0.0	0.0
chr1:22052393-22052893	ENSG00000184677	ZBTB40	chr1	22052393	22052893	22428837	+	376194	epithelial	method4_paired	0.48418525	0.48418525	0.0	0.0
chr1:22142990-22143490	ENSG00000076864	RAP1GAP	chr1	22142990	22143490	21669356	-	473884	epithelial	method4_paired	0.5452937	0.5452937	0.0	0.0
chr1:22143835-22144335	ENSG00000076864	RAP1GAP	chr1	22143835	22144335	21669356	-	474729	epithelial	method4_paired	0.53434724	0.53434724	0.0	0.0
chr1:22239342-22239842	ENSG00000133216	EPHB2	chr1	22239342	22239842	22710838	+	471246	epithelial	method4_paired	0.45289996	0.45289996	0.0	0.0
chr1:22262455-22262955	ENSG00000133216	EPHB2	chr1	22262455	22262955	22710838	+	448133	epithelial	method4_paired	0.47632793	0.47632793	0.0	0.0
chr1:22451555-22452055	ENSG00000184677	ZBTB40	chr1	22451555	22452055	22428837	+	22968	epithelial	method4_paired	0.45236632	0.45236632	0.0	0.0
chr1:22676623-22677123	ENSG00000133216	EPHB2	chr1	22676623	22677123	22710838	+	33965	epithelial	method4_paired	0.49498394	0.49498394	0.0	0.0
chr1:22677156-22677656	ENSG00000133216	EPHB2	chr1	22677156	22677656	22710838	+	33432	epithelial	method4_paired	0.5154338	0.5154338	0.0	0.0
chr1:22680657-22681157	ENSG00000133216	EPHB2	chr1	22680657	22681157	22710838	+	29931	epithelial	method4_paired	0.57495946	0.57495946	0.0	0.0
chr1:22702256-22702756	ENSG00000004487	KDM1A	chr1	22702256	22702756	23019442	+	316936	epithelial	method4_paired	0.48074564	0.48074564	0.0	0.0
chr1:22702256-22702756	ENSG00000133216	EPHB2	chr1	22702256	22702756	22710838	+	8332	epithelial	method4_paired	0.64986527	0.64986527	0.0	0.0
chr1:22702758-22703258	ENSG00000133216	EPHB2	chr1	22702758	22703258	22710838	+	7830	epithelial	method4_paired	0.5295316	0.5295316	0.0	0.0
chr1:22710033-22710533	ENSG00000133216	EPHB2	chr1	22710033	22710533	22710838	+	555	epithelial	method4_paired	0.55096954	0.55096954	0.0	0.0
chr1:22710544-22711044	ENSG00000004487	KDM1A	chr1	22710544	22711044	23019442	+	308648	epithelial	method4_paired	0.5017565	0.5017565	0.0	0.0
chr1:22710544-22711044	ENSG00000133216	EPHB2	chr1	22710544	22711044	22710838	+	44	epithelial	method4_paired	0.6338204	0.6338204	0.0	0.0
chr1:22717002-22717502	ENSG00000133216	EPHB2	chr1	22717002	22717502	22710838	+	6414	epithelial	method4_paired	0.5603638	0.5603638	0.0	0.0
chr1:22737578-22738078	ENSG00000133216	EPHB2	chr1	22737578	22738078	22710838	+	26990	epithelial	method4_paired	0.4530621	0.4530621	0.0	0.0
chr1:22794608-22795108	ENSG00000133216	EPHB2	chr1	22794608	22795108	22710838	+	84020	epithelial	method4_paired	0.46651942	0.46651942	0.0	0.0
chr1:23019206-23019706	ENSG00000004487	KDM1A	chr1	23019206	23019706	23019442	+	14	epithelial	method4_paired	0.5769028	0.5769028	0.0	0.0
chr1:23019206-23019706	ENSG00000125944	HNRNPR	chr1	23019206	23019706	23344335	-	324879	epithelial	method4_paired	0.5678996	0.5678996	0.0	0.0
chr1:23019206-23019706	ENSG00000133216	EPHB2	chr1	23019206	23019706	22710838	+	308618	epithelial	method4_paired	0.57516325	0.57516325	0.0	0.0
chr1:23019206-23019706	ENSG00000204219	TCEA3	chr1	23019206	23019706	23424747	-	405291	epithelial	method4_paired	0.5059297	0.5059297	0.0	0.0
chr1:23019757-23020257	ENSG00000133216	EPHB2	chr1	23019757	23020257	22710838	+	309169	epithelial	method4_paired	0.46367252	0.46367252	0.0	0.0
chr1:23344186-23344686	ENSG00000004487	KDM1A	chr1	23344186	23344686	23019442	+	324994	epithelial	method4_paired	0.5325594	0.5325594	0.0	0.0
chr1:23344186-23344686	ENSG00000011007	ELOA	chr1	23344186	23344686	23743447	+	399011	epithelial	method4_paired	0.47369975	0.47369975	0.0	0.0
chr1:23344186-23344686	ENSG00000125944	HNRNPR	chr1	23344186	23344686	23344335	-	101	epithelial	method4_paired	0.5432826	0.5432826	0.0	0.0
chr1:23423668-23424168	ENSG00000004487	KDM1A	chr1	23423668	23424168	23019442	+	404476	epithelial	method4_paired	0.47925422	0.47925422	0.0	0.0
chr1:23423668-23424168	ENSG00000125944	HNRNPR	chr1	23423668	23424168	23344335	-	79583	epithelial	method4_paired	0.4580472	0.4580472	0.0	0.0
chr1:23423668-23424168	ENSG00000204219	TCEA3	chr1	23423668	23424168	23424747	-	829	epithelial	method4_paired	0.5073965	0.5073965	0.0	0.0
chr1:23424516-23425016	ENSG00000004487	KDM1A	chr1	23424516	23425016	23019442	+	405324	epithelial	method4_paired	0.5220018	0.5220018	0.0	0.0
chr1:23424516-23425016	ENSG00000007968	E2F2	chr1	23424516	23425016	23531232	-	106466	epithelial	method4_paired	0.4758232	0.4758232	0.0	0.0
chr1:23424516-23425016	ENSG00000125944	HNRNPR	chr1	23424516	23425016	23344335	-	80431	epithelial	method4_paired	0.5100273	0.5100273	0.0	0.0
chr1:23424516-23425016	ENSG00000204219	TCEA3	chr1	23424516	23425016	23424747	-	19	epithelial	method4_paired	0.5197247	0.5197247	0.0	0.0
chr1:23436512-23437012	ENSG00000007968	E2F2	chr1	23436512	23437012	23531232	-	94470	epithelial	method4_paired	0.4844048	0.4844048	0.0	0.0
chr1:23436512-23437012	ENSG00000204219	TCEA3	chr1	23436512	23437012	23424747	-	12015	epithelial	method4_paired	0.49148324	0.49148324	0.0	0.0
chr1:23451905-23452405	ENSG00000004487	KDM1A	chr1	23451905	23452405	23019442	+	432713	epithelial	method4_paired	0.5097621	0.5097621	0.0	0.0
chr1:23451905-23452405	ENSG00000125944	HNRNPR	chr1	23451905	23452405	23344335	-	107820	epithelial	method4_paired	0.4871902	0.4871902	0.0	0.0
chr1:23451905-23452405	ENSG00000204219	TCEA3	chr1	23451905	23452405	23424747	-	27408	epithelial	method4_paired	0.515817	0.515817	0.0	0.0
chr1:23484066-23484566	ENSG00000125944	HNRNPR	chr1	23484066	23484566	23344335	-	139981	epithelial	method4_paired	0.47019348	0.47019348	0.0	0.0
chr1:23554755-23555255	ENSG00000007968	E2F2	chr1	23554755	23555255	23531232	-	23773	epithelial	method4_paired	0.45921996	0.45921996	0.0	0.0
chr1:23554755-23555255	ENSG00000011007	ELOA	chr1	23554755	23555255	23743447	+	188442	epithelial	method4_paired	0.4924133	0.4924133	0.0	0.0
chr1:23554755-23555255	ENSG00000125944	HNRNPR	chr1	23554755	23555255	23344335	-	210670	epithelial	method4_paired	0.53417826	0.53417826	0.0	0.0
chr1:23554755-23555255	ENSG00000204219	TCEA3	chr1	23554755	23555255	23424747	-	130258	epithelial	method4_paired	0.50302505	0.50302505	0.0	0.0
chr1:23691486-23691986	ENSG00000125944	HNRNPR	chr1	23691486	23691986	23344335	-	347401	epithelial	method4_paired	0.4721509	0.4721509	0.0	0.0
chr1:23743190-23743690	ENSG00000125944	HNRNPR	chr1	23743190	23743690	23344335	-	399105	epithelial	method4_paired	0.48684612	0.48684612	0.0	0.0
chr1:23825197-23825697	ENSG00000125944	HNRNPR	chr1	23825197	23825697	23344335	-	481112	epithelial	method4_paired	0.47015017	0.47015017	0.0	0.0
chr1:24108941-24109441	ENSG00000142677	IL22RA1	chr1	24108941	24109441	24143139	-	33948	epithelial	method4_paired	0.4890719	0.4890719	0.0	0.0
chr1:24108941-24109441	ENSG00000185436	IFNLR1	chr1	24108941	24109441	24187958	-	78767	epithelial	method4_paired	0.5011709	0.5011709	0.0	0.0
chr1:24117680-24118180	ENSG00000142677	IL22RA1	chr1	24117680	24118180	24143139	-	25209	epithelial	method4_paired	0.5026928	0.5026928	0.0	0.0
chr1:24117680-24118180	ENSG00000185436	IFNLR1	chr1	24117680	24118180	24187958	-	70028	epithelial	method4_paired	0.53209746	0.53209746	0.0	0.0
chr1:24149715-24150215	ENSG00000142677	IL22RA1	chr1	24149715	24150215	24143139	-	6826	epithelial	method4_paired	0.45553952	0.45553952	0.0	0.0
chr1:24149715-24150215	ENSG00000185436	IFNLR1	chr1	24149715	24150215	24187958	-	37993	epithelial	method4_paired	0.4525328	0.4525328	0.0	0.0
chr1:24184144-24184644	ENSG00000142661	MYOM3	chr1	24184144	24184644	24112134	-	72260	epithelial	method4_paired	0.47275037	0.47275037	0.0	0.0
chr1:24184144-24184644	ENSG00000142677	IL22RA1	chr1	24184144	24184644	24143139	-	41255	epithelial	method4_paired	0.54756975	0.54756975	0.0	0.0
chr1:24184144-24184644	ENSG00000185436	IFNLR1	chr1	24184144	24184644	24187958	-	3564	epithelial	method4_paired	0.5743548	0.5743548	0.0	0.0
chr1:24415349-24415849	ENSG00000133226	SRRM1	chr1	24415349	24415849	24631715	+	216116	epithelial	method4_paired	0.45069066	0.45069066	0.0	0.0
chr1:24502598-24503098	ENSG00000133226	SRRM1	chr1	24502598	24503098	24631715	+	128867	epithelial	method4_paired	0.5157074	0.5157074	0.0	0.0
chr1:24642844-24643344	ENSG00000133226	SRRM1	chr1	24642844	24643344	24631715	+	11379	epithelial	method4_paired	0.45595366	0.45595366	0.0	0.0
chr1:24694274-24694774	ENSG00000169504	CLIC4	chr1	24694274	24694774	24745381	+	50857	epithelial	method4_paired	0.45352027	0.45352027	0.0	0.0
chr1:24727440-24727940	ENSG00000020633	RUNX3	chr1	24727440	24727940	24965120	-	237430	epithelial	method4_paired	0.56755537	0.56755537	0.0	0.0
chr1:24727440-24727940	ENSG00000169504	CLIC4	chr1	24727440	24727940	24745381	+	17691	epithelial	method4_paired	0.46195745	0.46195745	0.0	0.0
chr1:24745043-24745543	ENSG00000133226	SRRM1	chr1	24745043	24745543	24631715	+	113578	epithelial	method4_paired	0.5681201	0.5681201	0.0	0.0
chr1:24745043-24745543	ENSG00000169504	CLIC4	chr1	24745043	24745543	24745381	+	88	epithelial	method4_paired	0.4789324	0.4789324	0.0	0.0
chr1:24847891-24848391	ENSG00000133226	SRRM1	chr1	24847891	24848391	24631715	+	216426	epithelial	method4_paired	0.474513	0.474513	0.0	0.0
chr1:24929512-24930012	ENSG00000020633	RUNX3	chr1	24929512	24930012	24965120	-	35358	epithelial	method4_paired	0.50547504	0.50547504	0.0	0.0
chr1:24929512-24930012	ENSG00000133226	SRRM1	chr1	24929512	24930012	24631715	+	298047	epithelial	method4_paired	0.45288658	0.45288658	0.0	0.0
chr1:24930139-24930639	ENSG00000020633	RUNX3	chr1	24930139	24930639	24965120	-	34731	epithelial	method4_paired	0.68924254	0.68924254	0.0	0.0
chr1:24930139-24930639	ENSG00000117602	RCAN3	chr1	24930139	24930639	24502350	+	428039	epithelial	method4_paired	0.45054406	0.45054406	0.0	0.0
chr1:24930139-24930639	ENSG00000133226	SRRM1	chr1	24930139	24930639	24631715	+	298674	epithelial	method4_paired	0.46956754	0.46956754	0.0	0.0
chr1:24930139-24930639	ENSG00000169504	CLIC4	chr1	24930139	24930639	24745381	+	185008	epithelial	method4_paired	0.46633002	0.46633002	0.0	0.0
chr1:24955154-24955654	ENSG00000020633	RUNX3	chr1	24955154	24955654	24965120	-	9716	epithelial	method4_paired	0.47102034	0.47102034	0.0	0.0
chr1:24963428-24963928	ENSG00000020633	RUNX3	chr1	24963428	24963928	24965120	-	1442	epithelial	method4_paired	0.5044599	0.5044599	0.0	0.0
chr1:24964929-24965429	ENSG00000020633	RUNX3	chr1	24964929	24965429	24965120	-	59	epithelial	method4_paired	0.7445053	0.7445053	0.0	0.0
chr1:24964929-24965429	ENSG00000169504	CLIC4	chr1	24964929	24965429	24745381	+	219798	epithelial	method4_paired	0.46465364	0.46465364	0.0	0.0
chr1:24965505-24966005	ENSG00000020633	RUNX3	chr1	24965505	24966005	24965120	-	635	epithelial	method4_paired	0.53790367	0.53790367	0.0	0.0
chr1:24985048-24985548	ENSG00000020633	RUNX3	chr1	24985048	24985548	24965120	-	20178	epithelial	method4_paired	0.45288995	0.45288995	0.0	0.0
chr1:24992700-24993200	ENSG00000020633	RUNX3	chr1	24992700	24993200	24965120	-	27830	epithelial	method4_paired	0.5004945	0.5004945	0.0	0.0
chr1:25019389-25019889	ENSG00000020633	RUNX3	chr1	25019389	25019889	24965120	-	54519	epithelial	method4_paired	0.5565204	0.5565204	0.0	0.0
chr1:25022348-25022848	ENSG00000020633	RUNX3	chr1	25022348	25022848	24965120	-	57478	epithelial	method4_paired	0.76189655	0.76189655	0.0	0.0
chr1:25022348-25022848	ENSG00000169504	CLIC4	chr1	25022348	25022848	24745381	+	277217	epithelial	method4_paired	0.5019701	0.5019701	0.0	0.0
chr1:25022852-25023352	ENSG00000020633	RUNX3	chr1	25022852	25023352	24965120	-	57982	epithelial	method4_paired	0.7148779	0.7148779	0.0	0.0
chr1:25022852-25023352	ENSG00000169504	CLIC4	chr1	25022852	25023352	24745381	+	277721	epithelial	method4_paired	0.4874279	0.4874279	0.0	0.0
chr1:25028915-25029415	ENSG00000020633	RUNX3	chr1	25028915	25029415	24965120	-	64045	epithelial	method4_paired	0.5046741	0.5046741	0.0	0.0
chr1:25032148-25032648	ENSG00000020633	RUNX3	chr1	25032148	25032648	24965120	-	67278	epithelial	method4_paired	0.6550842	0.6550842	0.0	0.0
chr1:25033400-25033900	ENSG00000020633	RUNX3	chr1	25033400	25033900	24965120	-	68530	epithelial	method4_paired	0.45791203	0.45791203	0.0	0.0
chr1:25033919-25034419	ENSG00000020633	RUNX3	chr1	25033919	25034419	24965120	-	69049	epithelial	method4_paired	0.6160303	0.6160303	0.0	0.0
chr1:25267746-25268246	ENSG00000157978	LDLRAP1	chr1	25267746	25268246	25543605	+	275609	epithelial	method4_paired	0.45638916	0.45638916	0.0	0.0
chr1:25616468-25616968	ENSG00000175087	PDIK1L	chr1	25616468	25616968	26111164	+	494446	epithelial	method4_paired	0.46614632	0.46614632	0.0	0.0
chr1:25618998-25619498	ENSG00000117643	MAN1C1	chr1	25618998	25619498	25616790	+	2458	epithelial	method4_paired	0.4852115	0.4852115	0.0	0.0
chr1:25642626-25643126	ENSG00000117643	MAN1C1	chr1	25642626	25643126	25616790	+	26086	epithelial	method4_paired	0.5987659	0.5987659	0.0	0.0
chr1:25658941-25659441	ENSG00000117643	MAN1C1	chr1	25658941	25659441	25616790	+	42401	epithelial	method4_paired	0.4694099	0.4694099	0.0	0.0
chr1:25694025-25694525	ENSG00000117643	MAN1C1	chr1	25694025	25694525	25616790	+	77485	epithelial	method4_paired	0.5739921	0.5739921	0.0	0.0
chr1:25695043-25695543	ENSG00000117643	MAN1C1	chr1	25695043	25695543	25616790	+	78503	epithelial	method4_paired	0.6610775	0.6610775	0.0	0.0
chr1:25700024-25700524	ENSG00000117643	MAN1C1	chr1	25700024	25700524	25616790	+	83484	epithelial	method4_paired	0.53056574	0.53056574	0.0	0.0
chr1:25711471-25711971	ENSG00000117643	MAN1C1	chr1	25711471	25711971	25616790	+	94931	epithelial	method4_paired	0.49402046	0.49402046	0.0	0.0
chr1:25859261-25859761	ENSG00000130695	CEP85	chr1	25859261	25859761	26234199	+	374688	epithelial	method4_paired	0.4759216	0.4759216	0.0	0.0
chr1:25875312-25875812	ENSG00000130695	CEP85	chr1	25875312	25875812	26234199	+	358637	epithelial	method4_paired	0.45261782	0.45261782	0.0	0.0
chr1:25905288-25905788	ENSG00000117632	STMN1	chr1	25905288	25905788	25906990	-	1452	epithelial	method4_paired	0.49523938	0.49523938	0.0	0.0
chr1:25905288-25905788	ENSG00000127423	AUNIP	chr1	25905288	25905788	25859457	-	46081	epithelial	method4_paired	0.49471703	0.49471703	0.0	0.0
chr1:25905288-25905788	ENSG00000130695	CEP85	chr1	25905288	25905788	26234199	+	328661	epithelial	method4_paired	0.49501175	0.49501175	0.0	0.0
chr1:25906258-25906758	ENSG00000117632	STMN1	chr1	25906258	25906758	25906990	-	482	epithelial	method4_paired	0.5679576	0.5679576	0.0	0.0
chr1:25906258-25906758	ENSG00000127423	AUNIP	chr1	25906258	25906758	25859457	-	47051	epithelial	method4_paired	0.5620736	0.5620736	0.0	0.0
chr1:25906258-25906758	ENSG00000130695	CEP85	chr1	25906258	25906758	26234199	+	327691	epithelial	method4_paired	0.52641875	0.52641875	0.0	0.0
chr1:25906258-25906758	ENSG00000158062	UBXN11	chr1	25906258	25906758	26318362	-	411854	epithelial	method4_paired	0.4743346	0.4743346	0.0	0.0
chr1:26111434-26111934	ENSG00000130695	CEP85	chr1	26111434	26111934	26234199	+	122515	epithelial	method4_paired	0.45633432	0.45633432	0.0	0.0
chr1:26233828-26234328	ENSG00000117713	ARID1A	chr1	26233828	26234328	26693235	+	459157	epithelial	method4_paired	0.5489254	0.5489254	0.0	0.0
chr1:26233828-26234328	ENSG00000130695	CEP85	chr1	26233828	26234328	26234199	+	121	epithelial	method4_paired	0.4534605	0.4534605	0.0	0.0
chr1:26350711-26351211	ENSG00000176092	CRYBG2	chr1	26350711	26351211	26360079	-	9118	epithelial	method4_paired	0.52597094	0.52597094	0.0	0.0
chr1:26351446-26351946	ENSG00000176092	CRYBG2	chr1	26351446	26351946	26360079	-	8383	epithelial	method4_paired	0.68475235	0.68475235	0.0	0.0
chr1:26387330-26387830	ENSG00000176092	CRYBG2	chr1	26387330	26387830	26360079	-	27501	epithelial	method4_paired	0.46236402	0.46236402	0.0	0.0
chr1:26431934-26432434	ENSG00000117713	ARID1A	chr1	26431934	26432434	26693235	+	261051	epithelial	method4_paired	0.49310964	0.49310964	0.0	0.0
chr1:26470481-26470981	ENSG00000117713	ARID1A	chr1	26470481	26470981	26693235	+	222504	epithelial	method4_paired	0.46641016	0.46641016	0.0	0.0
chr1:26470481-26470981	ENSG00000130695	CEP85	chr1	26470481	26470981	26234199	+	236532	epithelial	method4_paired	0.50907856	0.50907856	0.0	0.0
chr1:26472183-26472683	ENSG00000117713	ARID1A	chr1	26472183	26472683	26693235	+	220802	epithelial	method4_paired	0.5011161	0.5011161	0.0	0.0
chr1:26472867-26473367	ENSG00000090273	NUDC	chr1	26472867	26473367	26900237	+	427120	epithelial	method4_paired	0.46097416	0.46097416	0.0	0.0
chr1:26472867-26473367	ENSG00000117713	ARID1A	chr1	26472867	26473367	26693235	+	220118	epithelial	method4_paired	0.5197254	0.5197254	0.0	0.0
chr1:26472867-26473367	ENSG00000198830	HMGN2	chr1	26472867	26473367	26472439	+	678	epithelial	method4_paired	0.45432654	0.45432654	0.0	0.0
chr1:26500128-26500628	ENSG00000090273	NUDC	chr1	26500128	26500628	26900237	+	399859	epithelial	method4_paired	0.45148247	0.45148247	0.0	0.0
chr1:26500128-26500628	ENSG00000117713	ARID1A	chr1	26500128	26500628	26693235	+	192857	epithelial	method4_paired	0.52096564	0.52096564	0.0	0.0
chr1:26500751-26501251	ENSG00000117713	ARID1A	chr1	26500751	26501251	26693235	+	192234	epithelial	method4_paired	0.54637593	0.54637593	0.0	0.0
chr1:26535123-26535623	ENSG00000176092	CRYBG2	chr1	26535123	26535623	26360079	-	175294	epithelial	method4_paired	0.47381526	0.47381526	0.0	0.0
chr1:26620183-26620683	ENSG00000090273	NUDC	chr1	26620183	26620683	26900237	+	279804	epithelial	method4_paired	0.49925596	0.49925596	0.0	0.0
chr1:26620183-26620683	ENSG00000117713	ARID1A	chr1	26620183	26620683	26693235	+	72802	epithelial	method4_paired	0.60342526	0.60342526	0.0	0.0
chr1:26620183-26620683	ENSG00000130695	CEP85	chr1	26620183	26620683	26234199	+	386234	epithelial	method4_paired	0.48122734	0.48122734	0.0	0.0
chr1:26620183-26620683	ENSG00000158062	UBXN11	chr1	26620183	26620683	26318362	-	302071	epithelial	method4_paired	0.4529169	0.4529169	0.0	0.0
chr1:26620183-26620683	ENSG00000198830	HMGN2	chr1	26620183	26620683	26472439	+	147994	epithelial	method4_paired	0.5157322	0.5157322	0.0	0.0
chr1:26620686-26621186	ENSG00000090273	NUDC	chr1	26620686	26621186	26900237	+	279301	epithelial	method4_paired	0.51424193	0.51424193	0.0	0.0
chr1:26620686-26621186	ENSG00000117713	ARID1A	chr1	26620686	26621186	26693235	+	72299	epithelial	method4_paired	0.60498226	0.60498226	0.0	0.0
chr1:26620686-26621186	ENSG00000130695	CEP85	chr1	26620686	26621186	26234199	+	386737	epithelial	method4_paired	0.4813863	0.4813863	0.0	0.0
chr1:26620686-26621186	ENSG00000198830	HMGN2	chr1	26620686	26621186	26472439	+	148497	epithelial	method4_paired	0.5076293	0.5076293	0.0	0.0
chr1:26692337-26692837	ENSG00000117713	ARID1A	chr1	26692337	26692837	26693235	+	648	epithelial	method4_paired	0.49343666	0.49343666	0.0	0.0
chr1:26692890-26693390	ENSG00000090273	NUDC	chr1	26692890	26693390	26900237	+	207097	epithelial	method4_paired	0.47632998	0.47632998	0.0	0.0
chr1:26692890-26693390	ENSG00000117713	ARID1A	chr1	26692890	26693390	26693235	+	95	epithelial	method4_paired	0.5598617	0.5598617	0.0	0.0
chr1:26692890-26693390	ENSG00000130695	CEP85	chr1	26692890	26693390	26234199	+	458941	epithelial	method4_paired	0.47258982	0.47258982	0.0	0.0
chr1:26692890-26693390	ENSG00000198830	HMGN2	chr1	26692890	26693390	26472439	+	220701	epithelial	method4_paired	0.46192315	0.46192315	0.0	0.0
chr1:26695388-26695888	ENSG00000090273	NUDC	chr1	26695388	26695888	26900237	+	204599	epithelial	method4_paired	0.5114858	0.5114858	0.0	0.0
chr1:26695388-26695888	ENSG00000117713	ARID1A	chr1	26695388	26695888	26693235	+	2403	epithelial	method4_paired	0.62458694	0.62458694	0.0	0.0
chr1:26695388-26695888	ENSG00000130695	CEP85	chr1	26695388	26695888	26234199	+	461439	epithelial	method4_paired	0.46766463	0.46766463	0.0	0.0
chr1:26695388-26695888	ENSG00000198830	HMGN2	chr1	26695388	26695888	26472439	+	223199	epithelial	method4_paired	0.47404572	0.47404572	0.0	0.0
chr1:26787659-26788159	ENSG00000090273	NUDC	chr1	26787659	26788159	26900237	+	112328	epithelial	method4_paired	0.45884243	0.45884243	0.0	0.0
chr1:26787659-26788159	ENSG00000117713	ARID1A	chr1	26787659	26788159	26693235	+	94674	epithelial	method4_paired	0.53073424	0.53073424	0.0	0.0
chr1:26826421-26826921	ENSG00000117713	ARID1A	chr1	26826421	26826921	26693235	+	133436	epithelial	method4_paired	0.46030793	0.46030793	0.0	0.0
chr1:26847803-26848303	ENSG00000090020	SLC9A1	chr1	26847803	26848303	27166980	-	318927	epithelial	method4_paired	0.45840374	0.45840374	0.0	0.0
chr1:26847803-26848303	ENSG00000176092	CRYBG2	chr1	26847803	26848303	26360079	-	487974	epithelial	method4_paired	0.4744364	0.4744364	0.0	0.0
chr1:26864955-26865455	ENSG00000117713	ARID1A	chr1	26864955	26865455	26693235	+	171970	epithelial	method4_paired	0.5061074	0.5061074	0.0	0.0
chr1:26881528-26882028	ENSG00000198830	HMGN2	chr1	26881528	26882028	26472439	+	409339	epithelial	method4_paired	-0.45339203	-0.45339203	0.0	0.0
chr1:26921393-26921893	ENSG00000117713	ARID1A	chr1	26921393	26921893	26693235	+	228408	epithelial	method4_paired	0.48690537	0.48690537	0.0	0.0
chr1:27012706-27013206	ENSG00000117713	ARID1A	chr1	27012706	27013206	26693235	+	319721	epithelial	method4_paired	0.4539209	0.4539209	0.0	0.0
chr1:27234315-27234815	ENSG00000090273	NUDC	chr1	27234315	27234815	26900237	+	334328	epithelial	method4_paired	0.4629657	0.4629657	0.0	0.0
chr1:27392300-27392800	ENSG00000090273	NUDC	chr1	27392300	27392800	26900237	+	492313	epithelial	method4_paired	0.47113305	0.47113305	0.0	0.0
chr1:27403395-27403895	ENSG00000130775	THEMIS2	chr1	27403395	27403895	27872542	+	468897	epithelial	method4_paired	0.5023731	0.5023731	0.0	0.0
chr1:27418263-27418763	ENSG00000130775	THEMIS2	chr1	27418263	27418763	27872542	+	454029	epithelial	method4_paired	0.5094693	0.5094693	0.0	0.0
chr1:27625192-27625692	ENSG00000130775	THEMIS2	chr1	27625192	27625692	27872542	+	247100	epithelial	method4_paired	0.48020646	0.48020646	0.0	0.0
chr1:27631511-27632011	ENSG00000130775	THEMIS2	chr1	27631511	27632011	27872542	+	240781	epithelial	method4_paired	0.50497156	0.50497156	0.0	0.0
chr1:27632813-27633313	ENSG00000130775	THEMIS2	chr1	27632813	27633313	27872542	+	239479	epithelial	method4_paired	0.47899288	0.47899288	0.0	0.0
chr1:27634133-27634633	ENSG00000130775	THEMIS2	chr1	27634133	27634633	27872542	+	238159	epithelial	method4_paired	0.55574095	0.55574095	0.0	0.0
chr1:27634930-27635430	ENSG00000130775	THEMIS2	chr1	27634930	27635430	27872542	+	237362	epithelial	method4_paired	0.46811232	0.46811232	0.0	0.0
chr1:27659316-27659816	ENSG00000130775	THEMIS2	chr1	27659316	27659816	27872542	+	212976	epithelial	method4_paired	0.4578421	0.4578421	0.0	0.0
chr1:27662540-27663040	ENSG00000130775	THEMIS2	chr1	27662540	27663040	27872542	+	209752	epithelial	method4_paired	0.48769432	0.48769432	0.0	0.0
chr1:27725505-27726005	ENSG00000117748	RPA2	chr1	27725505	27726005	27914745	-	188990	epithelial	method4_paired	0.45193267	0.45193267	0.0	0.0
chr1:27725505-27726005	ENSG00000158161	EYA3	chr1	27725505	27726005	28088636	-	362881	epithelial	method4_paired	0.46031806	0.46031806	0.0	0.0
chr1:27830507-27831007	ENSG00000158161	EYA3	chr1	27830507	27831007	28088636	-	257879	epithelial	method4_paired	0.46719095	0.46719095	0.0	0.0
chr1:27863152-27863652	ENSG00000000938	FGR	chr1	27863152	27863652	27635184	-	228218	epithelial	method4_paired	0.47955164	0.47955164	0.0	0.0
chr1:27863152-27863652	ENSG00000130775	THEMIS2	chr1	27863152	27863652	27872542	+	9140	epithelial	method4_paired	0.6806826	0.6806826	0.0	0.0
chr1:27863152-27863652	ENSG00000169403	PTAFR	chr1	27863152	27863652	28193935	-	330533	epithelial	method4_paired	0.48939276	0.48939276	0.0	0.0
chr1:27869019-27869519	ENSG00000130775	THEMIS2	chr1	27869019	27869519	27872542	+	3273	epithelial	method4_paired	0.5971867	0.5971867	0.0	0.0
chr1:27872250-27872750	ENSG00000130775	THEMIS2	chr1	27872250	27872750	27872542	+	42	epithelial	method4_paired	0.55488193	0.55488193	0.0	0.0
chr1:27872851-27873351	ENSG00000130775	THEMIS2	chr1	27872851	27873351	27872542	+	559	epithelial	method4_paired	0.51303774	0.51303774	0.0	0.0
chr1:27873566-27874066	ENSG00000130775	THEMIS2	chr1	27873566	27874066	27872542	+	1274	epithelial	method4_paired	0.5377598	0.5377598	0.0	0.0
chr1:27875147-27875647	ENSG00000130775	THEMIS2	chr1	27875147	27875647	27872542	+	2855	epithelial	method4_paired	0.59337276	0.59337276	0.0	0.0
chr1:27884467-27884967	ENSG00000130775	THEMIS2	chr1	27884467	27884967	27872542	+	12175	epithelial	method4_paired	0.5116916	0.5116916	0.0	0.0
chr1:27885193-27885693	ENSG00000130775	THEMIS2	chr1	27885193	27885693	27872542	+	12901	epithelial	method4_paired	0.51928234	0.51928234	0.0	0.0
chr1:27887093-27887593	ENSG00000130775	THEMIS2	chr1	27887093	27887593	27872542	+	14801	epithelial	method4_paired	0.49293527	0.49293527	0.0	0.0
chr1:27887841-27888341	ENSG00000130775	THEMIS2	chr1	27887841	27888341	27872542	+	15549	epithelial	method4_paired	0.45972583	0.45972583	0.0	0.0
chr1:27891456-27891956	ENSG00000000938	FGR	chr1	27891456	27891956	27635184	-	256522	epithelial	method4_paired	0.4715504	0.4715504	0.0	0.0
chr1:27891456-27891956	ENSG00000130775	THEMIS2	chr1	27891456	27891956	27872542	+	19164	epithelial	method4_paired	0.61693347	0.61693347	0.0	0.0
chr1:27914505-27915005	ENSG00000117748	RPA2	chr1	27914505	27915005	27914745	-	10	epithelial	method4_paired	0.4790588	0.4790588	0.0	0.0
chr1:27914505-27915005	ENSG00000204138	PHACTR4	chr1	27914505	27915005	28369581	+	454826	epithelial	method4_paired	0.47761387	0.47761387	0.0	0.0
chr1:28172700-28173200	ENSG00000180198	RCC1	chr1	28172700	28173200	28505942	+	332992	epithelial	method4_paired	0.4819997	0.4819997	0.0	0.0
chr1:28173709-28174209	ENSG00000130775	THEMIS2	chr1	28173709	28174209	27872542	+	301417	epithelial	method4_paired	0.49328768	0.49328768	0.0	0.0
chr1:28174448-28174948	ENSG00000130775	THEMIS2	chr1	28174448	28174948	27872542	+	302156	epithelial	method4_paired	0.5061558	0.5061558	0.0	0.0
chr1:28235792-28236292	ENSG00000180198	RCC1	chr1	28235792	28236292	28505942	+	269900	epithelial	method4_paired	0.45871058	0.45871058	0.0	0.0
chr1:28247076-28247576	ENSG00000180198	RCC1	chr1	28247076	28247576	28505942	+	258616	epithelial	method4_paired	0.50388944	0.50388944	0.0	0.0
chr1:28247076-28247576	ENSG00000198492	YTHDF2	chr1	28247076	28247576	28736620	+	489294	epithelial	method4_paired	0.47925574	0.47925574	0.0	0.0
chr1:28322172-28322672	ENSG00000180198	RCC1	chr1	28322172	28322672	28505942	+	183520	epithelial	method4_paired	0.46781817	0.46781817	0.0	0.0
chr1:28365847-28366347	ENSG00000180198	RCC1	chr1	28365847	28366347	28505942	+	139845	epithelial	method4_paired	0.49890265	0.49890265	0.0	0.0
chr1:28369403-28369903	ENSG00000180198	RCC1	chr1	28369403	28369903	28505942	+	136289	epithelial	method4_paired	0.53294826	0.53294826	0.0	0.0
chr1:28369403-28369903	ENSG00000198492	YTHDF2	chr1	28369403	28369903	28736620	+	366967	epithelial	method4_paired	0.49714327	0.49714327	0.0	0.0
chr1:28369403-28369903	ENSG00000204138	PHACTR4	chr1	28369403	28369903	28369581	+	72	epithelial	method4_paired	0.47480312	0.47480312	0.0	0.0
chr1:28369959-28370459	ENSG00000180198	RCC1	chr1	28369959	28370459	28505942	+	135733	epithelial	method4_paired	0.47845814	0.47845814	0.0	0.0
chr1:28505685-28506185	ENSG00000180198	RCC1	chr1	28505685	28506185	28505942	+	7	epithelial	method4_paired	0.47586995	0.47586995	0.0	0.0
chr1:28505685-28506185	ENSG00000198492	YTHDF2	chr1	28505685	28506185	28736620	+	230685	epithelial	method4_paired	0.45970294	0.45970294	0.0	0.0
chr1:28518003-28518503	ENSG00000180198	RCC1	chr1	28518003	28518503	28505942	+	12311	epithelial	method4_paired	0.5512659	0.5512659	0.0	0.0
chr1:28518003-28518503	ENSG00000198492	YTHDF2	chr1	28518003	28518503	28736620	+	218367	epithelial	method4_paired	0.50558156	0.50558156	0.0	0.0
chr1:28518003-28518503	ENSG00000204138	PHACTR4	chr1	28518003	28518503	28369581	+	148672	epithelial	method4_paired	0.48028564	0.48028564	0.0	0.0
chr1:28518711-28519211	ENSG00000180198	RCC1	chr1	28518711	28519211	28505942	+	13019	epithelial	method4_paired	0.4949179	0.4949179	0.0	0.0
chr1:28552770-28553270	ENSG00000180198	RCC1	chr1	28552770	28553270	28505942	+	47078	epithelial	method4_paired	0.45455557	0.45455557	0.0	0.0
chr1:28552770-28553270	ENSG00000198492	YTHDF2	chr1	28552770	28553270	28736620	+	183600	epithelial	method4_paired	0.5094887	0.5094887	0.0	0.0
chr1:28552770-28553270	ENSG00000204138	PHACTR4	chr1	28552770	28553270	28369581	+	183439	epithelial	method4_paired	0.4666496	0.4666496	0.0	0.0
chr1:28581637-28582137	ENSG00000198492	YTHDF2	chr1	28581637	28582137	28736620	+	154733	epithelial	method4_paired	0.48957312	0.48957312	0.0	0.0
chr1:28581637-28582137	ENSG00000204138	PHACTR4	chr1	28581637	28582137	28369581	+	212306	epithelial	method4_paired	0.46419117	0.46419117	0.0	0.0
chr1:28642892-28643392	ENSG00000198492	YTHDF2	chr1	28642892	28643392	28736620	+	93478	epithelial	method4_paired	0.49485558	0.49485558	0.0	0.0
chr1:28642892-28643392	ENSG00000204138	PHACTR4	chr1	28642892	28643392	28369581	+	273561	epithelial	method4_paired	0.46379548	0.46379548	0.0	0.0
chr1:28648062-28648562	ENSG00000198492	YTHDF2	chr1	28648062	28648562	28736620	+	88308	epithelial	method4_paired	0.4697958	0.4697958	0.0	0.0
chr1:28668514-28669014	ENSG00000180198	RCC1	chr1	28668514	28669014	28505942	+	162822	epithelial	method4_paired	0.46818274	0.46818274	0.0	0.0
chr1:28668514-28669014	ENSG00000198492	YTHDF2	chr1	28668514	28669014	28736620	+	67856	epithelial	method4_paired	0.45691657	0.45691657	0.0	0.0
chr1:28736588-28737088	ENSG00000116350	SRSF4	chr1	28736588	28737088	29181899	-	445061	epithelial	method4_paired	0.4852331	0.4852331	0.0	0.0
chr1:28736588-28737088	ENSG00000180198	RCC1	chr1	28736588	28737088	28505942	+	230896	epithelial	method4_paired	0.4713409	0.4713409	0.0	0.0
chr1:28736588-28737088	ENSG00000198492	YTHDF2	chr1	28736588	28737088	28736620	+	218	epithelial	method4_paired	0.5234627	0.5234627	0.0	0.0
chr1:28736588-28737088	ENSG00000204138	PHACTR4	chr1	28736588	28737088	28369581	+	367257	epithelial	method4_paired	0.49419793	0.49419793	0.0	0.0
chr1:28914230-28914730	ENSG00000116353	MECR	chr1	28914230	28914730	29230941	-	316461	epithelial	method4_paired	0.47226658	0.47226658	0.0	0.0
chr1:28914230-28914730	ENSG00000180198	RCC1	chr1	28914230	28914730	28505942	+	408538	epithelial	method4_paired	0.543235	0.543235	0.0	0.0
chr1:28914230-28914730	ENSG00000198492	YTHDF2	chr1	28914230	28914730	28736620	+	177860	epithelial	method4_paired	0.4512911	0.4512911	0.0	0.0
chr1:28915167-28915667	ENSG00000180198	RCC1	chr1	28915167	28915667	28505942	+	409475	epithelial	method4_paired	0.46764937	0.46764937	0.0	0.0
chr1:29181740-29182240	ENSG00000116350	SRSF4	chr1	29181740	29182240	29181899	-	91	epithelial	method4_paired	0.46564698	0.46564698	0.0	0.0
chr1:29181740-29182240	ENSG00000198492	YTHDF2	chr1	29181740	29182240	28736620	+	445370	epithelial	method4_paired	0.5308263	0.5308263	0.0	0.0
chr1:29236187-29236687	ENSG00000116350	SRSF4	chr1	29236187	29236687	29181899	-	54538	epithelial	method4_paired	0.46865916	0.46865916	0.0	0.0
chr1:29236187-29236687	ENSG00000116353	MECR	chr1	29236187	29236687	29230941	-	5496	epithelial	method4_paired	0.45721856	0.45721856	0.0	0.0
chr1:29236187-29236687	ENSG00000198492	YTHDF2	chr1	29236187	29236687	28736620	+	499817	epithelial	method4_paired	0.48162264	0.48162264	0.0	0.0
chr1:29271651-29272151	ENSG00000116353	MECR	chr1	29271651	29272151	29230941	-	40960	epithelial	method4_paired	0.49769452	0.49769452	0.0	0.0
chr1:29283044-29283544	ENSG00000116353	MECR	chr1	29283044	29283544	29230941	-	52353	epithelial	method4_paired	0.49048957	0.49048957	0.0	0.0
chr1:30718095-30718595	ENSG00000134644	PUM1	chr1	30718095	30718595	31065990	-	347645	epithelial	method4_paired	0.6391424	0.6391424	0.0	0.0
chr1:30719146-30719646	ENSG00000134644	PUM1	chr1	30719146	30719646	31065990	-	346594	epithelial	method4_paired	0.5981033	0.5981033	0.0	0.0
chr1:30743558-30744058	ENSG00000162511	LAPTM5	chr1	30743558	30744058	30757773	-	13965	epithelial	method4_paired	0.4616113	0.4616113	0.0	0.0
chr1:30756620-30757120	ENSG00000162511	LAPTM5	chr1	30756620	30757120	30757773	-	903	epithelial	method4_paired	0.5626509	0.5626509	0.0	0.0
chr1:30756620-30757120	ENSG00000162512	SDC3	chr1	30756620	30757120	30908757	-	151887	epithelial	method4_paired	0.48997253	0.48997253	0.0	0.0
chr1:30757651-30758151	ENSG00000162511	LAPTM5	chr1	30757651	30758151	30757773	-	128	epithelial	method4_paired	0.5611822	0.5611822	0.0	0.0
chr1:30757651-30758151	ENSG00000162512	SDC3	chr1	30757651	30758151	30908757	-	150856	epithelial	method4_paired	0.49579698	0.49579698	0.0	0.0
chr1:30779519-30780019	ENSG00000134644	PUM1	chr1	30779519	30780019	31065990	-	286221	epithelial	method4_paired	0.48258215	0.48258215	0.0	0.0
chr1:30782252-30782752	ENSG00000134644	PUM1	chr1	30782252	30782752	31065990	-	283488	epithelial	method4_paired	0.45925474	0.45925474	0.0	0.0
chr1:30816563-30817063	ENSG00000162511	LAPTM5	chr1	30816563	30817063	30757773	-	59040	epithelial	method4_paired	0.48641032	0.48641032	0.0	0.0
chr1:30816563-30817063	ENSG00000162512	SDC3	chr1	30816563	30817063	30908757	-	91944	epithelial	method4_paired	0.46293074	0.46293074	0.0	0.0
chr1:30824261-30824761	ENSG00000060688	SNRNP40	chr1	30824261	30824761	31296787	-	472276	epithelial	method4_paired	0.49541113	0.49541113	0.0	0.0
chr1:30824261-30824761	ENSG00000134644	PUM1	chr1	30824261	30824761	31065990	-	241479	epithelial	method4_paired	0.4905892	0.4905892	0.0	0.0
chr1:30877472-30877972	ENSG00000162511	LAPTM5	chr1	30877472	30877972	30757773	-	119949	epithelial	method4_paired	0.49208385	0.49208385	0.0	0.0
chr1:30888437-30888937	ENSG00000162511	LAPTM5	chr1	30888437	30888937	30757773	-	130914	epithelial	method4_paired	0.53156996	0.53156996	0.0	0.0
chr1:30888437-30888937	ENSG00000162512	SDC3	chr1	30888437	30888937	30908757	-	20070	epithelial	method4_paired	0.5168908	0.5168908	0.0	0.0
chr1:30908507-30909007	ENSG00000060688	SNRNP40	chr1	30908507	30909007	31296787	-	388030	epithelial	method4_paired	0.47643057	0.47643057	0.0	0.0
chr1:30908507-30909007	ENSG00000134644	PUM1	chr1	30908507	30909007	31065990	-	157233	epithelial	method4_paired	0.49621105	0.49621105	0.0	0.0
chr1:31065547-31066047	ENSG00000060688	SNRNP40	chr1	31065547	31066047	31296787	-	230990	epithelial	method4_paired	0.49164873	0.49164873	0.0	0.0
chr1:31065547-31066047	ENSG00000134644	PUM1	chr1	31065547	31066047	31065990	-	193	epithelial	method4_paired	0.5376277	0.5376277	0.0	0.0
chr1:31154798-31155298	ENSG00000060688	SNRNP40	chr1	31154798	31155298	31296787	-	141739	epithelial	method4_paired	0.60254645	0.60254645	0.0	0.0
chr1:31154798-31155298	ENSG00000121766	ZCCHC17	chr1	31154798	31155298	31296981	+	141933	epithelial	method4_paired	0.5120717	0.5120717	0.0	0.0
chr1:31154798-31155298	ENSG00000134644	PUM1	chr1	31154798	31155298	31065990	-	89058	epithelial	method4_paired	0.63719064	0.63719064	0.0	0.0
chr1:31155303-31155803	ENSG00000060688	SNRNP40	chr1	31155303	31155803	31296787	-	141234	epithelial	method4_paired	0.52557826	0.52557826	0.0	0.0
chr1:31155303-31155803	ENSG00000134644	PUM1	chr1	31155303	31155803	31065990	-	89563	epithelial	method4_paired	0.5572849	0.5572849	0.0	0.0
chr1:31296717-31297217	ENSG00000060688	SNRNP40	chr1	31296717	31297217	31296787	-	180	epithelial	method4_paired	0.4535362	0.4535362	0.0	0.0
chr1:31296717-31297217	ENSG00000134644	PUM1	chr1	31296717	31297217	31065990	-	230977	epithelial	method4_paired	0.49830574	0.49830574	0.0	0.0
chr1:31373516-31374016	ENSG00000060688	SNRNP40	chr1	31373516	31374016	31296787	-	76979	epithelial	method4_paired	0.4919524	0.4919524	0.0	0.0
chr1:31373516-31374016	ENSG00000134644	PUM1	chr1	31373516	31374016	31065990	-	307776	epithelial	method4_paired	0.53701466	0.53701466	0.0	0.0
chr1:31389979-31390479	ENSG00000060688	SNRNP40	chr1	31389979	31390479	31296787	-	93442	epithelial	method4_paired	0.47345126	0.47345126	0.0	0.0
chr1:31389979-31390479	ENSG00000134644	PUM1	chr1	31389979	31390479	31065990	-	324239	epithelial	method4_paired	0.46830612	0.46830612	0.0	0.0
chr1:31413506-31414006	ENSG00000134644	PUM1	chr1	31413506	31414006	31065990	-	347766	epithelial	method4_paired	0.46515793	0.46515793	0.0	0.0
chr1:31562854-31563354	ENSG00000168528	SERINC2	chr1	31562854	31563354	31409564	+	153540	epithelial	method4_paired	0.45410147	0.45410147	0.0	0.0
chr1:31644678-31645178	ENSG00000025800	KPNA6	chr1	31644678	31645178	32108055	+	463127	epithelial	method4_paired	0.45058602	0.45058602	0.0	0.0
chr1:31703960-31704460	ENSG00000084636	COL16A1	chr1	31703960	31704460	31704318	-	108	epithelial	method4_paired	0.50007355	0.50007355	0.0	0.0
chr1:31704567-31705067	ENSG00000084636	COL16A1	chr1	31704567	31705067	31704318	-	499	epithelial	method4_paired	0.46152082	0.46152082	0.0	0.0
chr1:31705088-31705588	ENSG00000084636	COL16A1	chr1	31705088	31705588	31704318	-	1020	epithelial	method4_paired	0.51227593	0.51227593	0.0	0.0
chr1:31715065-31715565	ENSG00000025800	KPNA6	chr1	31715065	31715565	32108055	+	392740	epithelial	method4_paired	0.5230077	0.5230077	0.0	0.0
chr1:31715065-31715565	ENSG00000060688	SNRNP40	chr1	31715065	31715565	31296787	-	418528	epithelial	method4_paired	0.51602155	0.51602155	0.0	0.0
chr1:31715065-31715565	ENSG00000084652	TXLNA	chr1	31715065	31715565	32179674	+	464359	epithelial	method4_paired	0.48483598	0.48483598	0.0	0.0
chr1:31715065-31715565	ENSG00000121766	ZCCHC17	chr1	31715065	31715565	31296981	+	418334	epithelial	method4_paired	0.46547157	0.46547157	0.0	0.0
chr1:31715065-31715565	ENSG00000121774	KHDRBS1	chr1	31715065	31715565	32013867	+	298552	epithelial	method4_paired	0.4658237	0.4658237	0.0	0.0
chr1:31760806-31761306	ENSG00000084636	COL16A1	chr1	31760806	31761306	31704318	-	56738	epithelial	method4_paired	0.54468626	0.54468626	0.0	0.0
chr1:31788416-31788916	ENSG00000025800	KPNA6	chr1	31788416	31788916	32108055	+	319389	epithelial	method4_paired	0.45825386	0.45825386	0.0	0.0
chr1:31788416-31788916	ENSG00000060688	SNRNP40	chr1	31788416	31788916	31296787	-	491879	epithelial	method4_paired	0.5135598	0.5135598	0.0	0.0
chr1:31788416-31788916	ENSG00000084652	TXLNA	chr1	31788416	31788916	32179674	+	391008	epithelial	method4_paired	0.4841295	0.4841295	0.0	0.0
chr1:31789116-31789616	ENSG00000025800	KPNA6	chr1	31789116	31789616	32108055	+	318689	epithelial	method4_paired	0.46357504	0.46357504	0.0	0.0
chr1:31789116-31789616	ENSG00000060688	SNRNP40	chr1	31789116	31789616	31296787	-	492579	epithelial	method4_paired	0.50663275	0.50663275	0.0	0.0
chr1:31789116-31789616	ENSG00000084652	TXLNA	chr1	31789116	31789616	32179674	+	390308	epithelial	method4_paired	0.48854864	0.48854864	0.0	0.0
chr1:32013472-32013972	ENSG00000025800	KPNA6	chr1	32013472	32013972	32108055	+	94333	epithelial	method4_paired	0.49175677	0.49175677	0.0	0.0
chr1:32013472-32013972	ENSG00000121774	KHDRBS1	chr1	32013472	32013972	32013867	+	145	epithelial	method4_paired	0.46780452	0.46780452	0.0	0.0
chr1:32072659-32073159	ENSG00000025800	KPNA6	chr1	32072659	32073159	32108055	+	35146	epithelial	method4_paired	0.5357883	0.5357883	0.0	0.0
chr1:32072659-32073159	ENSG00000084652	TXLNA	chr1	32072659	32073159	32179674	+	106765	epithelial	method4_paired	0.4986261	0.4986261	0.0	0.0
chr1:32072659-32073159	ENSG00000121774	KHDRBS1	chr1	32072659	32073159	32013867	+	59042	epithelial	method4_paired	0.49047002	0.49047002	0.0	0.0
chr1:32072659-32073159	ENSG00000160062	ZBTB8A	chr1	32072659	32073159	32539426	+	466517	epithelial	method4_paired	0.48068053	0.48068053	0.0	0.0
chr1:32179694-32180194	ENSG00000084652	TXLNA	chr1	32179694	32180194	32179674	+	270	epithelial	method4_paired	0.5012319	0.5012319	0.0	0.0
chr1:32240204-32240704	ENSG00000084652	TXLNA	chr1	32240204	32240704	32179674	+	60780	epithelial	method4_paired	0.47516617	0.47516617	0.0	0.0
chr1:32240204-32240704	ENSG00000162521	RBBP4	chr1	32240204	32240704	32651141	+	410687	epithelial	method4_paired	0.46631983	0.46631983	0.0	0.0
chr1:32249882-32250382	ENSG00000182866	LCK	chr1	32249882	32250382	32251243	+	1111	epithelial	method4_paired	0.59616023	0.59616023	0.0	0.0
chr1:32250959-32251459	ENSG00000182866	LCK	chr1	32250959	32251459	32251243	+	34	epithelial	method4_paired	0.47199643	0.47199643	0.0	0.0
chr1:32291718-32292218	ENSG00000025800	KPNA6	chr1	32291718	32292218	32108055	+	183913	epithelial	method4_paired	0.5034468	0.5034468	0.0	0.0
chr1:32291718-32292218	ENSG00000084652	TXLNA	chr1	32291718	32292218	32179674	+	112294	epithelial	method4_paired	0.47413272	0.47413272	0.0	0.0
chr1:32291718-32292218	ENSG00000121774	KHDRBS1	chr1	32291718	32292218	32013867	+	278101	epithelial	method4_paired	0.46824017	0.46824017	0.0	0.0
chr1:32291718-32292218	ENSG00000162521	RBBP4	chr1	32291718	32292218	32651141	+	359173	epithelial	method4_paired	0.48228437	0.48228437	0.0	0.0
chr1:32291718-32292218	ENSG00000176261	ZBTB8OS	chr1	32291718	32292218	32650902	-	358934	epithelial	method4_paired	0.46194524	0.46194524	0.0	0.0
chr1:32336001-32336501	ENSG00000025800	KPNA6	chr1	32336001	32336501	32108055	+	228196	epithelial	method4_paired	0.46335137	0.46335137	0.0	0.0
chr1:32336001-32336501	ENSG00000084652	TXLNA	chr1	32336001	32336501	32179674	+	156577	epithelial	method4_paired	0.4842771	0.4842771	0.0	0.0
chr1:32336001-32336501	ENSG00000134684	YARS1	chr1	32336001	32336501	32818030	-	481779	epithelial	method4_paired	0.5504615	0.5504615	0.0	0.0
chr1:32336001-32336501	ENSG00000160062	ZBTB8A	chr1	32336001	32336501	32539426	+	203175	epithelial	method4_paired	0.46239346	0.46239346	0.0	0.0
chr1:32336001-32336501	ENSG00000162521	RBBP4	chr1	32336001	32336501	32651141	+	314890	epithelial	method4_paired	0.49227655	0.49227655	0.0	0.0
chr1:32351327-32351827	ENSG00000025800	KPNA6	chr1	32351327	32351827	32108055	+	243522	epithelial	method4_paired	0.5316157	0.5316157	0.0	0.0
chr1:32351327-32351827	ENSG00000084652	TXLNA	chr1	32351327	32351827	32179674	+	171903	epithelial	method4_paired	0.52757037	0.52757037	0.0	0.0
chr1:32351327-32351827	ENSG00000116497	S100PBP	chr1	32351327	32351827	32816766	+	465189	epithelial	method4_paired	0.49893335	0.49893335	0.0	0.0
chr1:32351327-32351827	ENSG00000121774	KHDRBS1	chr1	32351327	32351827	32013867	+	337710	epithelial	method4_paired	0.48412046	0.48412046	0.0	0.0
chr1:32351327-32351827	ENSG00000134684	YARS1	chr1	32351327	32351827	32818030	-	466453	epithelial	method4_paired	0.5179068	0.5179068	0.0	0.0
chr1:32351327-32351827	ENSG00000160062	ZBTB8A	chr1	32351327	32351827	32539426	+	187849	epithelial	method4_paired	0.49371073	0.49371073	0.0	0.0
chr1:32351327-32351827	ENSG00000162521	RBBP4	chr1	32351327	32351827	32651141	+	299564	epithelial	method4_paired	0.5485318	0.5485318	0.0	0.0
chr1:32351327-32351827	ENSG00000176261	ZBTB8OS	chr1	32351327	32351827	32650902	-	299325	epithelial	method4_paired	0.45245627	0.45245627	0.0	0.0
chr1:32361688-32362188	ENSG00000134684	YARS1	chr1	32361688	32362188	32818030	-	456092	epithelial	method4_paired	0.4773144	0.4773144	0.0	0.0
chr1:32361688-32362188	ENSG00000160062	ZBTB8A	chr1	32361688	32362188	32539426	+	177488	epithelial	method4_paired	0.45892376	0.45892376	0.0	0.0
chr1:32361688-32362188	ENSG00000162521	RBBP4	chr1	32361688	32362188	32651141	+	289203	epithelial	method4_paired	0.45280382	0.45280382	0.0	0.0
chr1:32394292-32394792	ENSG00000025800	KPNA6	chr1	32394292	32394792	32108055	+	286487	epithelial	method4_paired	0.47863892	0.47863892	0.0	0.0
chr1:32394292-32394792	ENSG00000121774	KHDRBS1	chr1	32394292	32394792	32013867	+	380675	epithelial	method4_paired	0.45667958	0.45667958	0.0	0.0
chr1:32394292-32394792	ENSG00000176261	ZBTB8OS	chr1	32394292	32394792	32650902	-	256360	epithelial	method4_paired	0.47454938	0.47454938	0.0	0.0
chr1:32500567-32501067	ENSG00000025800	KPNA6	chr1	32500567	32501067	32108055	+	392762	epithelial	method4_paired	0.48420036	0.48420036	0.0	0.0
chr1:32500567-32501067	ENSG00000116497	S100PBP	chr1	32500567	32501067	32816766	+	315949	epithelial	method4_paired	0.47881442	0.47881442	0.0	0.0
chr1:32500567-32501067	ENSG00000160062	ZBTB8A	chr1	32500567	32501067	32539426	+	38609	epithelial	method4_paired	0.52505094	0.52505094	0.0	0.0
chr1:32500567-32501067	ENSG00000162521	RBBP4	chr1	32500567	32501067	32651141	+	150324	epithelial	method4_paired	0.513174	0.513174	0.0	0.0
chr1:32500567-32501067	ENSG00000176261	ZBTB8OS	chr1	32500567	32501067	32650902	-	150085	epithelial	method4_paired	0.4629003	0.4629003	0.0	0.0
chr1:32539465-32539965	ENSG00000160062	ZBTB8A	chr1	32539465	32539965	32539426	+	289	epithelial	method4_paired	0.4747787	0.4747787	0.0	0.0
chr1:32650839-32651339	ENSG00000004455	AK2	chr1	32650839	32651339	33080995	-	429906	epithelial	method4_paired	0.4794694	0.4794694	0.0	0.0
chr1:32650839-32651339	ENSG00000084652	TXLNA	chr1	32650839	32651339	32179674	+	471415	epithelial	method4_paired	0.50227153	0.50227153	0.0	0.0
chr1:32650839-32651339	ENSG00000116478	HDAC1	chr1	32650839	32651339	32292082	+	359007	epithelial	method4_paired	0.45530266	0.45530266	0.0	0.0
chr1:32650839-32651339	ENSG00000116497	S100PBP	chr1	32650839	32651339	32816766	+	165677	epithelial	method4_paired	0.5168718	0.5168718	0.0	0.0
chr1:32650839-32651339	ENSG00000134684	YARS1	chr1	32650839	32651339	32818030	-	166941	epithelial	method4_paired	0.47409186	0.47409186	0.0	0.0
chr1:32650839-32651339	ENSG00000160062	ZBTB8A	chr1	32650839	32651339	32539426	+	111663	epithelial	method4_paired	0.46303892	0.46303892	0.0	0.0
chr1:32650839-32651339	ENSG00000162521	RBBP4	chr1	32650839	32651339	32651141	+	52	epithelial	method4_paired	0.5335357	0.5335357	0.0	0.0
chr1:32650839-32651339	ENSG00000176261	ZBTB8OS	chr1	32650839	32651339	32650902	-	187	epithelial	method4_paired	0.4999816	0.4999816	0.0	0.0
chr1:32817189-32817689	ENSG00000004455	AK2	chr1	32817189	32817689	33080995	-	263556	epithelial	method4_paired	0.46671423	0.46671423	0.0	0.0
chr1:32817189-32817689	ENSG00000116497	S100PBP	chr1	32817189	32817689	32816766	+	673	epithelial	method4_paired	0.49974176	0.49974176	0.0	0.0
chr1:32817189-32817689	ENSG00000134684	YARS1	chr1	32817189	32817689	32818030	-	591	epithelial	method4_paired	0.4795155	0.4795155	0.0	0.0
chr1:32817189-32817689	ENSG00000160062	ZBTB8A	chr1	32817189	32817689	32539426	+	278013	epithelial	method4_paired	0.46305948	0.46305948	0.0	0.0
chr1:32817189-32817689	ENSG00000162521	RBBP4	chr1	32817189	32817689	32651141	+	166298	epithelial	method4_paired	0.52099174	0.52099174	0.0	0.0
chr1:32817189-32817689	ENSG00000176261	ZBTB8OS	chr1	32817189	32817689	32650902	-	166537	epithelial	method4_paired	0.4699463	0.4699463	0.0	0.0
chr1:32886441-32886941	ENSG00000160062	ZBTB8A	chr1	32886441	32886941	32539426	+	347265	epithelial	method4_paired	0.45014447	0.45014447	0.0	0.0
chr1:32964644-32965144	ENSG00000004455	AK2	chr1	32964644	32965144	33080995	-	116101	epithelial	method4_paired	0.4541726	0.4541726	0.0	0.0
chr1:32964644-32965144	ENSG00000116497	S100PBP	chr1	32964644	32965144	32816766	+	148128	epithelial	method4_paired	0.48762074	0.48762074	0.0	0.0
chr1:32964644-32965144	ENSG00000162521	RBBP4	chr1	32964644	32965144	32651141	+	313753	epithelial	method4_paired	0.5074675	0.5074675	0.0	0.0
chr1:32964644-32965144	ENSG00000176261	ZBTB8OS	chr1	32964644	32965144	32650902	-	313992	epithelial	method4_paired	0.48715982	0.48715982	0.0	0.0
chr1:33127197-33127697	ENSG00000116497	S100PBP	chr1	33127197	33127697	32816766	+	310681	epithelial	method4_paired	0.48434857	0.48434857	0.0	0.0
chr1:33127197-33127697	ENSG00000134684	YARS1	chr1	33127197	33127697	32818030	-	309417	epithelial	method4_paired	0.48613518	0.48613518	0.0	0.0
chr1:33127197-33127697	ENSG00000134686	PHC2	chr1	33127197	33127697	33431094	-	303647	epithelial	method4_paired	0.46903363	0.46903363	0.0	0.0
chr1:33127197-33127697	ENSG00000162521	RBBP4	chr1	33127197	33127697	32651141	+	476306	epithelial	method4_paired	0.510452	0.510452	0.0	0.0
chr1:33127197-33127697	ENSG00000176261	ZBTB8OS	chr1	33127197	33127697	32650902	-	476545	epithelial	method4_paired	0.45676142	0.45676142	0.0	0.0
chr1:33180667-33181167	ENSG00000116497	S100PBP	chr1	33180667	33181167	32816766	+	364151	epithelial	method4_paired	0.48114958	0.48114958	0.0	0.0
chr1:33180667-33181167	ENSG00000134684	YARS1	chr1	33180667	33181167	32818030	-	362887	epithelial	method4_paired	0.49877357	0.49877357	0.0	0.0
chr1:33180667-33181167	ENSG00000134686	PHC2	chr1	33180667	33181167	33431094	-	250177	epithelial	method4_paired	0.45294777	0.45294777	0.0	0.0
chr1:33181870-33182370	ENSG00000134684	YARS1	chr1	33181870	33182370	32818030	-	364090	epithelial	method4_paired	0.45229512	0.45229512	0.0	0.0
chr1:33255392-33255892	ENSG00000134684	YARS1	chr1	33255392	33255892	32818030	-	437612	epithelial	method4_paired	0.49831346	0.49831346	0.0	0.0
chr1:33255966-33256466	ENSG00000116497	S100PBP	chr1	33255966	33256466	32816766	+	439450	epithelial	method4_paired	0.48176503	0.48176503	0.0	0.0
chr1:33255966-33256466	ENSG00000134684	YARS1	chr1	33255966	33256466	32818030	-	438186	epithelial	method4_paired	0.46526176	0.46526176	0.0	0.0
chr1:33255966-33256466	ENSG00000134686	PHC2	chr1	33255966	33256466	33431094	-	174878	epithelial	method4_paired	0.4800647	0.4800647	0.0	0.0
chr1:33255966-33256466	ENSG00000160094	ZNF362	chr1	33255966	33256466	33256491	+	275	epithelial	method4_paired	0.4628082	0.4628082	0.0	0.0
chr1:33430792-33431292	ENSG00000134686	PHC2	chr1	33430792	33431292	33431094	-	52	epithelial	method4_paired	0.46738505	0.46738505	0.0	0.0
chr1:34640666-34641166	ENSG00000197056	ZMYM1	chr1	34640666	34641166	35032171	+	391255	epithelial	method4_paired	-0.5118629	-0.5118629	0.0	0.0
chr1:34786443-34786943	ENSG00000146463	ZMYM4	chr1	34786443	34786943	35268708	+	482015	epithelial	method4_paired	0.45488867	0.45488867	0.0	0.0
chr1:34786443-34786943	ENSG00000197056	ZMYM1	chr1	34786443	34786943	35032171	+	245478	epithelial	method4_paired	0.47963035	0.47963035	0.0	0.0
chr1:34985098-34985598	ENSG00000116560	SFPQ	chr1	34985098	34985598	35193445	-	208097	epithelial	method4_paired	0.46985754	0.46985754	0.0	0.0
chr1:34985098-34985598	ENSG00000146463	ZMYM4	chr1	34985098	34985598	35268708	+	283360	epithelial	method4_paired	0.48819187	0.48819187	0.0	0.0
chr1:35191883-35192383	ENSG00000116560	SFPQ	chr1	35191883	35192383	35193445	-	1312	epithelial	method4_paired	0.5004966	0.5004966	0.0	0.0
chr1:35191883-35192383	ENSG00000142687	KIAA0319L	chr1	35191883	35192383	35557949	-	365816	epithelial	method4_paired	0.49710906	0.49710906	0.0	0.0
chr1:35191883-35192383	ENSG00000146463	ZMYM4	chr1	35191883	35192383	35268708	+	76575	epithelial	method4_paired	0.50575304	0.50575304	0.0	0.0
chr1:35192956-35193456	ENSG00000116560	SFPQ	chr1	35192956	35193456	35193445	-	239	epithelial	method4_paired	0.51432174	0.51432174	0.0	0.0
chr1:35192956-35193456	ENSG00000142687	KIAA0319L	chr1	35192956	35193456	35557949	-	364743	epithelial	method4_paired	0.4879201	0.4879201	0.0	0.0
chr1:35192956-35193456	ENSG00000146463	ZMYM4	chr1	35192956	35193456	35268708	+	75502	epithelial	method4_paired	0.511107	0.511107	0.0	0.0
chr1:35192956-35193456	ENSG00000197056	ZMYM1	chr1	35192956	35193456	35032171	+	161035	epithelial	method4_paired	0.5206297	0.5206297	0.0	0.0
chr1:35268383-35268883	ENSG00000116560	SFPQ	chr1	35268383	35268883	35193445	-	75188	epithelial	method4_paired	0.52217185	0.52217185	0.0	0.0
chr1:35268383-35268883	ENSG00000142687	KIAA0319L	chr1	35268383	35268883	35557949	-	289316	epithelial	method4_paired	0.46557343	0.46557343	0.0	0.0
chr1:35268383-35268883	ENSG00000146463	ZMYM4	chr1	35268383	35268883	35268708	+	75	epithelial	method4_paired	0.55920047	0.55920047	0.0	0.0
chr1:35268383-35268883	ENSG00000197056	ZMYM1	chr1	35268383	35268883	35032171	+	236462	epithelial	method4_paired	0.4892768	0.4892768	0.0	0.0
chr1:35557461-35557961	ENSG00000092847	AGO1	chr1	35557461	35557961	35869807	+	312096	epithelial	method4_paired	0.46862516	0.46862516	0.0	0.0
chr1:35557461-35557961	ENSG00000116560	SFPQ	chr1	35557461	35557961	35193445	-	364266	epithelial	method4_paired	0.51038986	0.51038986	0.0	0.0
chr1:35557461-35557961	ENSG00000126070	AGO3	chr1	35557461	35557961	35930717	+	373006	epithelial	method4_paired	0.52496433	0.52496433	0.0	0.0
chr1:35557461-35557961	ENSG00000142687	KIAA0319L	chr1	35557461	35557961	35557949	-	238	epithelial	method4_paired	0.49414697	0.49414697	0.0	0.0
chr1:35557461-35557961	ENSG00000146463	ZMYM4	chr1	35557461	35557961	35268708	+	289003	epithelial	method4_paired	0.49685398	0.49685398	0.0	0.0
chr1:35577550-35578050	ENSG00000116560	SFPQ	chr1	35577550	35578050	35193445	-	384355	epithelial	method4_paired	0.45937964	0.45937964	0.0	0.0
chr1:35769267-35769767	ENSG00000054118	THRAP3	chr1	35769267	35769767	36224431	+	454914	epithelial	method4_paired	0.46863934	0.46863934	0.0	0.0
chr1:35769267-35769767	ENSG00000092853	CLSPN	chr1	35769267	35769767	35769977	-	460	epithelial	method4_paired	0.519373	0.519373	0.0	0.0
chr1:35769267-35769767	ENSG00000126070	AGO3	chr1	35769267	35769767	35930717	+	161200	epithelial	method4_paired	0.49251103	0.49251103	0.0	0.0
chr1:35769267-35769767	ENSG00000142687	KIAA0319L	chr1	35769267	35769767	35557949	-	211568	epithelial	method4_paired	0.47010776	0.47010776	0.0	0.0
chr1:35769768-35770268	ENSG00000092853	CLSPN	chr1	35769768	35770268	35769977	-	41	epithelial	method4_paired	0.5868369	0.5868369	0.0	0.0
chr1:35769768-35770268	ENSG00000126070	AGO3	chr1	35769768	35770268	35930717	+	160699	epithelial	method4_paired	0.46934202	0.46934202	0.0	0.0
chr1:35882923-35883423	ENSG00000054118	THRAP3	chr1	35882923	35883423	36224431	+	341258	epithelial	method4_paired	0.5186384	0.5186384	0.0	0.0
chr1:35882923-35883423	ENSG00000092847	AGO1	chr1	35882923	35883423	35869807	+	13366	epithelial	method4_paired	0.47967297	0.47967297	0.0	0.0
chr1:35882923-35883423	ENSG00000126070	AGO3	chr1	35882923	35883423	35930717	+	47544	epithelial	method4_paired	0.5414223	0.5414223	0.0	0.0
chr1:35882923-35883423	ENSG00000142687	KIAA0319L	chr1	35882923	35883423	35557949	-	325224	epithelial	method4_paired	0.47854784	0.47854784	0.0	0.0
chr1:35888145-35888645	ENSG00000092853	CLSPN	chr1	35888145	35888645	35769977	-	118418	epithelial	method4_paired	0.49439526	0.49439526	0.0	0.0
chr1:35930869-35931369	ENSG00000054118	THRAP3	chr1	35930869	35931369	36224431	+	293312	epithelial	method4_paired	0.5687921	0.5687921	0.0	0.0
chr1:35930869-35931369	ENSG00000092847	AGO1	chr1	35930869	35931369	35869807	+	61312	epithelial	method4_paired	0.5192991	0.5192991	0.0	0.0
chr1:35930869-35931369	ENSG00000092853	CLSPN	chr1	35930869	35931369	35769977	-	161142	epithelial	method4_paired	0.49552545	0.49552545	0.0	0.0
chr1:35930869-35931369	ENSG00000126067	PSMB2	chr1	35930869	35931369	35641525	-	289594	epithelial	method4_paired	0.48430553	0.48430553	0.0	0.0
chr1:35930869-35931369	ENSG00000126070	AGO3	chr1	35930869	35931369	35930717	+	402	epithelial	method4_paired	0.5800008	0.5800008	0.0	0.0
chr1:35930869-35931369	ENSG00000142687	KIAA0319L	chr1	35930869	35931369	35557949	-	373170	epithelial	method4_paired	0.5309946	0.5309946	0.0	0.0
chr1:36088570-36089070	ENSG00000054118	THRAP3	chr1	36088570	36089070	36224431	+	135611	epithelial	method4_paired	0.4953958	0.4953958	0.0	0.0
chr1:36088570-36089070	ENSG00000126070	AGO3	chr1	36088570	36089070	35930717	+	158103	epithelial	method4_paired	0.48975545	0.48975545	0.0	0.0
chr1:36149346-36149846	ENSG00000054118	THRAP3	chr1	36149346	36149846	36224431	+	74835	epithelial	method4_paired	0.57826376	0.57826376	0.0	0.0
chr1:36149346-36149846	ENSG00000092847	AGO1	chr1	36149346	36149846	35869807	+	279789	epithelial	method4_paired	0.5042278	0.5042278	0.0	0.0
chr1:36149346-36149846	ENSG00000126070	AGO3	chr1	36149346	36149846	35930717	+	218879	epithelial	method4_paired	0.53938764	0.53938764	0.0	0.0
chr1:36150727-36151227	ENSG00000054118	THRAP3	chr1	36150727	36151227	36224431	+	73454	epithelial	method4_paired	0.45171285	0.45171285	0.0	0.0
chr1:36155878-36156378	ENSG00000054118	THRAP3	chr1	36155878	36156378	36224431	+	68303	epithelial	method4_paired	0.47206005	0.47206005	0.0	0.0
chr1:36160746-36161246	ENSG00000119535	CSF3R	chr1	36160746	36161246	36483277	-	322281	epithelial	method4_paired	0.52919	0.52919	0.0	0.0
chr1:36175150-36175650	ENSG00000119535	CSF3R	chr1	36175150	36175650	36483277	-	307877	epithelial	method4_paired	0.46943465	0.46943465	0.0	0.0
chr1:36178847-36179347	ENSG00000092853	CLSPN	chr1	36178847	36179347	35769977	-	409120	epithelial	method4_paired	0.45747936	0.45747936	0.0	0.0
chr1:36200373-36200873	ENSG00000092853	CLSPN	chr1	36200373	36200873	35769977	-	430646	epithelial	method4_paired	0.46497038	0.46497038	0.0	0.0
chr1:36211786-36212286	ENSG00000214193	SH3D21	chr1	36211786	36212286	36306367	+	94331	epithelial	method4_paired	0.45140982	0.45140982	0.0	0.0
chr1:36223947-36224447	ENSG00000054118	THRAP3	chr1	36223947	36224447	36224431	+	234	epithelial	method4_paired	0.5754131	0.5754131	0.0	0.0
chr1:36223947-36224447	ENSG00000092847	AGO1	chr1	36223947	36224447	35869807	+	354390	epithelial	method4_paired	0.4870469	0.4870469	0.0	0.0
chr1:36223947-36224447	ENSG00000126070	AGO3	chr1	36223947	36224447	35930717	+	293480	epithelial	method4_paired	0.5292488	0.5292488	0.0	0.0
chr1:36269399-36269899	ENSG00000092853	CLSPN	chr1	36269399	36269899	35769977	-	499672	epithelial	method4_paired	0.45802355	0.45802355	0.0	0.0
chr1:36305350-36305850	ENSG00000214193	SH3D21	chr1	36305350	36305850	36306367	+	767	epithelial	method4_paired	0.5205568	0.5205568	0.0	0.0
chr1:36306769-36307269	ENSG00000054118	THRAP3	chr1	36306769	36307269	36224431	+	82588	epithelial	method4_paired	0.4895973	0.4895973	0.0	0.0
chr1:36351296-36351796	ENSG00000119535	CSF3R	chr1	36351296	36351796	36483277	-	131731	epithelial	method4_paired	0.45302743	0.45302743	0.0	0.0
chr1:36385696-36386196	ENSG00000054118	THRAP3	chr1	36385696	36386196	36224431	+	161515	epithelial	method4_paired	0.5562078	0.5562078	0.0	0.0
chr1:36385696-36386196	ENSG00000126070	AGO3	chr1	36385696	36386196	35930717	+	455229	epithelial	method4_paired	0.5145114	0.5145114	0.0	0.0
chr1:36400914-36401414	ENSG00000119535	CSF3R	chr1	36400914	36401414	36483277	-	82113	epithelial	method4_paired	0.5309043	0.5309043	0.0	0.0
chr1:36450300-36450800	ENSG00000054118	THRAP3	chr1	36450300	36450800	36224431	+	226119	epithelial	method4_paired	0.4653402	0.4653402	0.0	0.0
chr1:36464153-36464653	ENSG00000054118	THRAP3	chr1	36464153	36464653	36224431	+	239972	epithelial	method4_paired	0.5117608	0.5117608	0.0	0.0
chr1:37514558-37515058	ENSG00000134697	GNL2	chr1	37514558	37515058	37595936	-	81128	epithelial	method4_paired	0.47790083	0.47790083	0.0	0.0
chr1:37514558-37515058	ENSG00000183431	SF3A3	chr1	37514558	37515058	37990074	-	475266	epithelial	method4_paired	0.49345264	0.49345264	0.0	0.0
chr1:37514558-37515058	ENSG00000204084	INPP5B	chr1	37514558	37515058	37947052	-	432244	epithelial	method4_paired	0.5001269	0.5001269	0.0	0.0
chr1:37595752-37596252	ENSG00000204084	INPP5B	chr1	37595752	37596252	37947052	-	351050	epithelial	method4_paired	0.45345625	0.45345625	0.0	0.0
chr1:37989891-37990391	ENSG00000183431	SF3A3	chr1	37989891	37990391	37990074	-	67	epithelial	method4_paired	0.49392188	0.49392188	0.0	0.0
chr1:37989891-37990391	ENSG00000204084	INPP5B	chr1	37989891	37990391	37947052	-	43089	epithelial	method4_paired	0.46807066	0.46807066	0.0	0.0
chr1:38046577-38047077	ENSG00000134697	GNL2	chr1	38046577	38047077	37595936	-	450891	epithelial	method4_paired	0.4553557	0.4553557	0.0	0.0
chr1:38046577-38047077	ENSG00000183431	SF3A3	chr1	38046577	38047077	37990074	-	56753	epithelial	method4_paired	0.47419056	0.47419056	0.0	0.0
chr1:38046577-38047077	ENSG00000204084	INPP5B	chr1	38046577	38047077	37947052	-	99775	epithelial	method4_paired	0.47484058	0.47484058	0.0	0.0
chr1:39204366-39204866	ENSG00000127603	MACF1	chr1	39204366	39204866	39081315	+	123301	epithelial	method4_paired	0.5175767	0.5175767	0.0	0.0
chr1:39205059-39205559	ENSG00000127603	MACF1	chr1	39205059	39205559	39081315	+	123994	epithelial	method4_paired	0.49095744	0.49095744	0.0	0.0
chr1:39268167-39268667	ENSG00000127603	MACF1	chr1	39268167	39268667	39081315	+	187102	epithelial	method4_paired	0.4590268	0.4590268	0.0	0.0
chr1:39408661-39409161	ENSG00000043514	TRIT1	chr1	39408661	39409161	39883510	-	474599	epithelial	method4_paired	0.47938228	0.47938228	0.0	0.0
chr1:39408661-39409161	ENSG00000090621	PABPC4	chr1	39408661	39409161	39576789	-	167878	epithelial	method4_paired	0.5322759	0.5322759	0.0	0.0
chr1:39576627-39577127	ENSG00000090621	PABPC4	chr1	39576627	39577127	39576789	-	88	epithelial	method4_paired	0.48005417	0.48005417	0.0	0.0
chr1:39639470-39639970	ENSG00000043514	TRIT1	chr1	39639470	39639970	39883510	-	243790	epithelial	method4_paired	0.5467352	0.5467352	0.0	0.0
chr1:39639470-39639970	ENSG00000090621	PABPC4	chr1	39639470	39639970	39576789	-	62931	epithelial	method4_paired	0.5273576	0.5273576	0.0	0.0
chr1:39691217-39691717	ENSG00000043514	TRIT1	chr1	39691217	39691717	39883510	-	192043	epithelial	method4_paired	0.47307196	0.47307196	0.0	0.0
chr1:39738587-39739087	ENSG00000090621	PABPC4	chr1	39738587	39739087	39576789	-	162048	epithelial	method4_paired	0.47213194	0.47213194	0.0	0.0
chr1:40040303-40040803	ENSG00000090621	PABPC4	chr1	40040303	40040803	39576789	-	463764	epithelial	method4_paired	0.5147399	0.5147399	0.0	0.0
chr1:40257843-40258343	ENSG00000043514	TRIT1	chr1	40257843	40258343	39883510	-	374583	epithelial	method4_paired	0.4847612	0.4847612	0.0	0.0
chr1:40257843-40258343	ENSG00000084073	ZMPSTE24	chr1	40257843	40258343	40258040	+	53	epithelial	method4_paired	0.46510944	0.46510944	0.0	0.0
chr1:40315227-40315727	ENSG00000043514	TRIT1	chr1	40315227	40315727	39883510	-	431967	epithelial	method4_paired	0.4998186	0.4998186	0.0	0.0
chr1:40385794-40386294	ENSG00000084070	SMAP2	chr1	40385794	40386294	40344849	+	41195	epithelial	method4_paired	0.514858	0.514858	0.0	0.0
chr1:40449833-40450333	ENSG00000084070	SMAP2	chr1	40449833	40450333	40344849	+	105234	epithelial	method4_paired	0.464227	0.464227	0.0	0.0
chr1:40449833-40450333	ENSG00000084073	ZMPSTE24	chr1	40449833	40450333	40258040	+	192043	epithelial	method4_paired	0.48398483	0.48398483	0.0	0.0
chr1:40449833-40450333	ENSG00000117013	KCNQ4	chr1	40449833	40450333	40783786	+	333703	epithelial	method4_paired	0.4952285	0.4952285	0.0	0.0
chr1:40508498-40508998	ENSG00000171793	CTPS1	chr1	40508498	40508998	40979299	+	470551	epithelial	method4_paired	0.4951224	0.4951224	0.0	0.0
chr1:40691366-40691866	ENSG00000171793	CTPS1	chr1	40691366	40691866	40979299	+	287683	epithelial	method4_paired	0.4838535	0.4838535	0.0	0.0
chr1:40691904-40692404	ENSG00000117013	KCNQ4	chr1	40691904	40692404	40783786	+	91632	epithelial	method4_paired	0.456986	0.456986	0.0	0.0
chr1:40691904-40692404	ENSG00000171793	CTPS1	chr1	40691904	40692404	40979299	+	287145	epithelial	method4_paired	0.57165116	0.57165116	0.0	0.0
chr1:40782420-40782920	ENSG00000171793	CTPS1	chr1	40782420	40782920	40979299	+	196629	epithelial	method4_paired	0.4984524	0.4984524	0.0	0.0
chr1:40782948-40783448	ENSG00000171793	CTPS1	chr1	40782948	40783448	40979299	+	196101	epithelial	method4_paired	0.48189855	0.48189855	0.0	0.0
chr1:40783466-40783966	ENSG00000010803	SCMH1	chr1	40783466	40783966	41242305	-	458589	epithelial	method4_paired	0.49738583	0.49738583	0.0	0.0
chr1:40783466-40783966	ENSG00000117013	KCNQ4	chr1	40783466	40783966	40783786	+	70	epithelial	method4_paired	0.51108	0.51108	0.0	0.0
chr1:40783466-40783966	ENSG00000171793	CTPS1	chr1	40783466	40783966	40979299	+	195583	epithelial	method4_paired	0.6064264	0.6064264	0.0	0.0
chr1:40784020-40784520	ENSG00000117013	KCNQ4	chr1	40784020	40784520	40783786	+	484	epithelial	method4_paired	0.50518906	0.50518906	0.0	0.0
chr1:40784020-40784520	ENSG00000171793	CTPS1	chr1	40784020	40784520	40979299	+	195029	epithelial	method4_paired	0.5243653	0.5243653	0.0	0.0
chr1:40784827-40785327	ENSG00000117013	KCNQ4	chr1	40784827	40785327	40783786	+	1291	epithelial	method4_paired	0.46515384	0.46515384	0.0	0.0
chr1:40784827-40785327	ENSG00000171793	CTPS1	chr1	40784827	40785327	40979299	+	194222	epithelial	method4_paired	0.4635889	0.4635889	0.0	0.0
chr1:40802253-40802753	ENSG00000010803	SCMH1	chr1	40802253	40802753	41242305	-	439802	epithelial	method4_paired	0.5129451	0.5129451	0.0	0.0
chr1:40802253-40802753	ENSG00000084070	SMAP2	chr1	40802253	40802753	40344849	+	457654	epithelial	method4_paired	0.50846535	0.50846535	0.0	0.0
chr1:40802253-40802753	ENSG00000117013	KCNQ4	chr1	40802253	40802753	40783786	+	18717	epithelial	method4_paired	0.4884947	0.4884947	0.0	0.0
chr1:40802253-40802753	ENSG00000171793	CTPS1	chr1	40802253	40802753	40979299	+	176796	epithelial	method4_paired	0.54819274	0.54819274	0.0	0.0
chr1:40818562-40819062	ENSG00000171793	CTPS1	chr1	40818562	40819062	40979299	+	160487	epithelial	method4_paired	0.4958383	0.4958383	0.0	0.0
chr1:40861425-40861925	ENSG00000010803	SCMH1	chr1	40861425	40861925	41242305	-	380630	epithelial	method4_paired	0.4671692	0.4671692	0.0	0.0
chr1:40861425-40861925	ENSG00000171793	CTPS1	chr1	40861425	40861925	40979299	+	117624	epithelial	method4_paired	0.5176969	0.5176969	0.0	0.0
chr1:40862235-40862735	ENSG00000010803	SCMH1	chr1	40862235	40862735	41242305	-	379820	epithelial	method4_paired	0.54818857	0.54818857	0.0	0.0
chr1:40862235-40862735	ENSG00000066136	NFYC	chr1	40862235	40862735	40691647	+	170838	epithelial	method4_paired	0.45568424	0.45568424	0.0	0.0
chr1:40862235-40862735	ENSG00000117013	KCNQ4	chr1	40862235	40862735	40783786	+	78699	epithelial	method4_paired	0.46498522	0.46498522	0.0	0.0
chr1:40862235-40862735	ENSG00000171793	CTPS1	chr1	40862235	40862735	40979299	+	116814	epithelial	method4_paired	0.55587363	0.55587363	0.0	0.0
chr1:40979416-40979916	ENSG00000010803	SCMH1	chr1	40979416	40979916	41242305	-	262639	epithelial	method4_paired	0.49042007	0.49042007	0.0	0.0
chr1:40979416-40979916	ENSG00000171793	CTPS1	chr1	40979416	40979916	40979299	+	367	epithelial	method4_paired	0.50268674	0.50268674	0.0	0.0
chr1:40979964-40980464	ENSG00000010803	SCMH1	chr1	40979964	40980464	41242305	-	262091	epithelial	method4_paired	0.4752771	0.4752771	0.0	0.0
chr1:40979964-40980464	ENSG00000117013	KCNQ4	chr1	40979964	40980464	40783786	+	196428	epithelial	method4_paired	0.4602419	0.4602419	0.0	0.0
chr1:40979964-40980464	ENSG00000171793	CTPS1	chr1	40979964	40980464	40979299	+	915	epithelial	method4_paired	0.5318283	0.5318283	0.0	0.0
chr1:41045744-41046244	ENSG00000171793	CTPS1	chr1	41045744	41046244	40979299	+	66695	epithelial	method4_paired	0.48258856	0.48258856	0.0	0.0
chr1:41046522-41047022	ENSG00000171793	CTPS1	chr1	41046522	41047022	40979299	+	67473	epithelial	method4_paired	0.55050546	0.55050546	0.0	0.0
chr1:41102121-41102621	ENSG00000010803	SCMH1	chr1	41102121	41102621	41242305	-	139934	epithelial	method4_paired	0.4724005	0.4724005	0.0	0.0
chr1:41102121-41102621	ENSG00000171793	CTPS1	chr1	41102121	41102621	40979299	+	123072	epithelial	method4_paired	0.48781836	0.48781836	0.0	0.0
chr1:41241186-41241686	ENSG00000010803	SCMH1	chr1	41241186	41241686	41242305	-	869	epithelial	method4_paired	0.45570353	0.45570353	0.0	0.0
chr1:41241186-41241686	ENSG00000171793	CTPS1	chr1	41241186	41241686	40979299	+	262137	epithelial	method4_paired	0.5167582	0.5167582	0.0	0.0
chr1:41241819-41242319	ENSG00000010803	SCMH1	chr1	41241819	41242319	41242305	-	236	epithelial	method4_paired	0.51326454	0.51326454	0.0	0.0
chr1:41241819-41242319	ENSG00000171793	CTPS1	chr1	41241819	41242319	40979299	+	262770	epithelial	method4_paired	0.51065123	0.51065123	0.0	0.0
chr1:41242357-41242857	ENSG00000171793	CTPS1	chr1	41242357	41242857	40979299	+	263308	epithelial	method4_paired	0.45890325	0.45890325	0.0	0.0
chr1:41365575-41366075	ENSG00000171793	CTPS1	chr1	41365575	41366075	40979299	+	386526	epithelial	method4_paired	0.45033392	0.45033392	0.0	0.0
chr1:41366399-41366899	ENSG00000171793	CTPS1	chr1	41366399	41366899	40979299	+	387350	epithelial	method4_paired	0.4651974	0.4651974	0.0	0.0
chr1:41382155-41382655	ENSG00000171793	CTPS1	chr1	41382155	41382655	40979299	+	403106	epithelial	method4_paired	0.53040105	0.53040105	0.0	0.0
chr1:41387597-41388097	ENSG00000171793	CTPS1	chr1	41387597	41388097	40979299	+	408548	epithelial	method4_paired	0.45527002	0.45527002	0.0	0.0
chr1:41454303-41454803	ENSG00000171793	CTPS1	chr1	41454303	41454803	40979299	+	475254	epithelial	method4_paired	0.45513052	0.45513052	0.0	0.0
chr1:41662003-41662503	ENSG00000010803	SCMH1	chr1	41662003	41662503	41242305	-	419948	epithelial	method4_paired	0.51685333	0.51685333	0.0	0.0
chr1:42681955-42682455	ENSG00000171960	PPIH	chr1	42681955	42682455	42658334	+	23871	epithelial	method4_paired	0.46975437	0.46975437	0.0	0.0
chr1:42766981-42767481	ENSG00000171960	PPIH	chr1	42766981	42767481	42658334	+	108897	epithelial	method4_paired	0.4794374	0.4794374	0.0	0.0
chr1:42766981-42767481	ENSG00000198815	FOXJ3	chr1	42766981	42767481	42335876	-	431355	epithelial	method4_paired	0.47163397	0.47163397	0.0	0.0
chr1:42817135-42817635	ENSG00000198815	FOXJ3	chr1	42817135	42817635	42335876	-	481509	epithelial	method4_paired	0.4773635	0.4773635	0.0	0.0
chr1:42939133-42939633	ENSG00000065978	YBX1	chr1	42939133	42939633	42682417	+	256966	epithelial	method4_paired	-0.5182636	-0.5182636	0.0	0.0
chr1:42939133-42939633	ENSG00000171960	PPIH	chr1	42939133	42939633	42658334	+	281049	epithelial	method4_paired	-0.4969273	-0.4969273	0.0	0.0
chr1:42973285-42973785	ENSG00000171960	PPIH	chr1	42973285	42973785	42658334	+	315201	epithelial	method4_paired	-0.48754925	-0.48754925	0.0	0.0
chr1:43867888-43868388	ENSG00000117419	ERI3	chr1	43867888	43868388	44355259	-	487121	epithelial	method4_paired	-0.52207464	-0.52207464	0.0	0.0
chr1:44238084-44238584	ENSG00000117419	ERI3	chr1	44238084	44238584	44355259	-	116925	epithelial	method4_paired	0.510133	0.510133	0.0	0.0
chr1:44485570-44486070	ENSG00000222009	BTBD19	chr1	44485570	44486070	44808522	+	322702	epithelial	method4_paired	0.4651852	0.4651852	0.0	0.0
chr1:44587757-44588257	ENSG00000117419	ERI3	chr1	44587757	44588257	44355259	-	232748	epithelial	method4_paired	-0.4972742	-0.4972742	0.0	0.0
chr1:44721444-44721944	ENSG00000222009	BTBD19	chr1	44721444	44721944	44808522	+	86828	epithelial	method4_paired	0.49891242	0.49891242	0.0	0.0
chr1:44722007-44722507	ENSG00000222009	BTBD19	chr1	44722007	44722507	44808522	+	86265	epithelial	method4_paired	0.45027837	0.45027837	0.0	0.0
chr1:44730659-44731159	ENSG00000070785	EIF2B3	chr1	44730659	44731159	44986721	-	255812	epithelial	method4_paired	0.5402455	0.5402455	0.0	0.0
chr1:44730659-44731159	ENSG00000117419	ERI3	chr1	44730659	44731159	44355259	-	375650	epithelial	method4_paired	0.4587546	0.4587546	0.0	0.0
chr1:44730659-44731159	ENSG00000142945	KIF2C	chr1	44730659	44731159	44739817	+	8908	epithelial	method4_paired	0.48291168	0.48291168	0.0	0.0
chr1:44731160-44731660	ENSG00000070785	EIF2B3	chr1	44731160	44731660	44986721	-	255311	epithelial	method4_paired	0.5434111	0.5434111	0.0	0.0
chr1:44731160-44731660	ENSG00000117419	ERI3	chr1	44731160	44731660	44355259	-	376151	epithelial	method4_paired	0.48074013	0.48074013	0.0	0.0
chr1:44739469-44739969	ENSG00000070785	EIF2B3	chr1	44739469	44739969	44986721	-	247002	epithelial	method4_paired	0.5551787	0.5551787	0.0	0.0
chr1:44739469-44739969	ENSG00000117419	ERI3	chr1	44739469	44739969	44355259	-	384460	epithelial	method4_paired	0.49949393	0.49949393	0.0	0.0
chr1:44775295-44775795	ENSG00000070785	EIF2B3	chr1	44775295	44775795	44986721	-	211176	epithelial	method4_paired	0.52212065	0.52212065	0.0	0.0
chr1:44786045-44786545	ENSG00000070785	EIF2B3	chr1	44786045	44786545	44986721	-	200426	epithelial	method4_paired	0.54076326	0.54076326	0.0	0.0
chr1:44786045-44786545	ENSG00000117419	ERI3	chr1	44786045	44786545	44355259	-	431036	epithelial	method4_paired	0.47001523	0.47001523	0.0	0.0
chr1:44786045-44786545	ENSG00000142945	KIF2C	chr1	44786045	44786545	44739817	+	46478	epithelial	method4_paired	0.45060608	0.45060608	0.0	0.0
chr1:44799978-44800478	ENSG00000070785	EIF2B3	chr1	44799978	44800478	44986721	-	186493	epithelial	method4_paired	0.5384666	0.5384666	0.0	0.0
chr1:44799978-44800478	ENSG00000117419	ERI3	chr1	44799978	44800478	44355259	-	444969	epithelial	method4_paired	0.48592797	0.48592797	0.0	0.0
chr1:44813628-44814128	ENSG00000070785	EIF2B3	chr1	44813628	44814128	44986721	-	172843	epithelial	method4_paired	0.484591	0.484591	0.0	0.0
chr1:44819989-44820489	ENSG00000070785	EIF2B3	chr1	44819989	44820489	44986721	-	166482	epithelial	method4_paired	0.5104185	0.5104185	0.0	0.0
chr1:44819989-44820489	ENSG00000117419	ERI3	chr1	44819989	44820489	44355259	-	464980	epithelial	method4_paired	0.45483917	0.45483917	0.0	0.0
chr1:44986395-44986895	ENSG00000070785	EIF2B3	chr1	44986395	44986895	44986721	-	76	epithelial	method4_paired	0.58270437	0.58270437	0.0	0.0
chr1:44986395-44986895	ENSG00000162415	ZSWIM5	chr1	44986395	44986895	45306208	-	319563	epithelial	method4_paired	0.49868283	0.49868283	0.0	0.0
chr1:45303348-45303848	ENSG00000070785	EIF2B3	chr1	45303348	45303848	44986721	-	316877	epithelial	method4_paired	0.45779923	0.45779923	0.0	0.0
chr1:45303348-45303848	ENSG00000132780	NASP	chr1	45303348	45303848	45583845	+	280247	epithelial	method4_paired	0.45005742	0.45005742	0.0	0.0
chr1:45303348-45303848	ENSG00000159592	GPBP1L1	chr1	45303348	45303848	45688112	-	384514	epithelial	method4_paired	0.45907536	0.45907536	0.0	0.0
chr1:45303868-45304368	ENSG00000070785	EIF2B3	chr1	45303868	45304368	44986721	-	317397	epithelial	method4_paired	0.51523024	0.51523024	0.0	0.0
chr1:45303868-45304368	ENSG00000117448	AKR1A1	chr1	45303868	45304368	45550542	+	246424	epithelial	method4_paired	0.46922722	0.46922722	0.0	0.0
chr1:45303868-45304368	ENSG00000132780	NASP	chr1	45303868	45304368	45583845	+	279727	epithelial	method4_paired	0.4870226	0.4870226	0.0	0.0
chr1:45326606-45327106	ENSG00000070785	EIF2B3	chr1	45326606	45327106	44986721	-	340135	epithelial	method4_paired	0.46866363	0.46866363	0.0	0.0
chr1:45583952-45584452	ENSG00000132780	NASP	chr1	45583952	45584452	45583845	+	357	epithelial	method4_paired	0.455395	0.455395	0.0	0.0
chr1:45584467-45584967	ENSG00000117448	AKR1A1	chr1	45584467	45584967	45550542	+	34175	epithelial	method4_paired	0.47102785	0.47102785	0.0	0.0
chr1:45584467-45584967	ENSG00000132780	NASP	chr1	45584467	45584967	45583845	+	872	epithelial	method4_paired	0.48139322	0.48139322	0.0	0.0
chr1:45686366-45686866	ENSG00000162415	ZSWIM5	chr1	45686366	45686866	45306208	-	380408	epithelial	method4_paired	0.45657668	0.45657668	0.0	0.0
chr1:45750472-45750972	ENSG00000132780	NASP	chr1	45750472	45750972	45583845	+	166877	epithelial	method4_paired	0.465414	0.465414	0.0	0.0
chr1:45750472-45750972	ENSG00000159596	TMEM69	chr1	45750472	45750972	45688180	+	62542	epithelial	method4_paired	0.45335147	0.45335147	0.0	0.0
chr1:45750472-45750972	ENSG00000162415	ZSWIM5	chr1	45750472	45750972	45306208	-	444514	epithelial	method4_paired	0.45111933	0.45111933	0.0	0.0
chr1:46187370-46187870	ENSG00000085999	RAD54L	chr1	46187370	46187870	46246460	+	58840	epithelial	method4_paired	0.46854824	0.46854824	0.0	0.0
chr1:46198209-46198709	ENSG00000117481	NSUN4	chr1	46198209	46198709	46340788	+	142329	epithelial	method4_paired	0.46227843	0.46227843	0.0	0.0
chr1:46247348-46247848	ENSG00000085999	RAD54L	chr1	46247348	46247848	46246460	+	1138	epithelial	method4_paired	0.46953714	0.46953714	0.0	0.0
chr1:46247348-46247848	ENSG00000117480	FAAH	chr1	46247348	46247848	46394316	+	146718	epithelial	method4_paired	0.505296	0.505296	0.0	0.0
chr1:46247348-46247848	ENSG00000117481	NSUN4	chr1	46247348	46247848	46340788	+	93190	epithelial	method4_paired	0.5104976	0.5104976	0.0	0.0
chr1:46247348-46247848	ENSG00000132128	LRRC41	chr1	46247348	46247848	46303615	-	56017	epithelial	method4_paired	0.52208734	0.52208734	0.0	0.0
chr1:46248269-46248769	ENSG00000085999	RAD54L	chr1	46248269	46248769	46246460	+	2059	epithelial	method4_paired	0.47316152	0.47316152	0.0	0.0
chr1:46302553-46303053	ENSG00000117481	NSUN4	chr1	46302553	46303053	46340788	+	37985	epithelial	method4_paired	0.451606	0.451606	0.0	0.0
chr1:46303063-46303563	ENSG00000117480	FAAH	chr1	46303063	46303563	46394316	+	91003	epithelial	method4_paired	0.4877536	0.4877536	0.0	0.0
chr1:46303063-46303563	ENSG00000117481	NSUN4	chr1	46303063	46303563	46340788	+	37475	epithelial	method4_paired	0.5028292	0.5028292	0.0	0.0
chr1:46303063-46303563	ENSG00000132128	LRRC41	chr1	46303063	46303563	46303615	-	302	epithelial	method4_paired	0.45220086	0.45220086	0.0	0.0
chr1:46401976-46402476	ENSG00000085999	RAD54L	chr1	46401976	46402476	46246460	+	155766	epithelial	method4_paired	0.5178151	0.5178151	0.0	0.0
chr1:46401976-46402476	ENSG00000117480	FAAH	chr1	46401976	46402476	46394316	+	7910	epithelial	method4_paired	0.47511613	0.47511613	0.0	0.0
chr1:46516987-46517487	ENSG00000085999	RAD54L	chr1	46516987	46517487	46246460	+	270777	epithelial	method4_paired	0.49241465	0.49241465	0.0	0.0
chr1:46516987-46517487	ENSG00000117480	FAAH	chr1	46516987	46517487	46394316	+	122921	epithelial	method4_paired	0.50524884	0.50524884	0.0	0.0
chr1:46604073-46604573	ENSG00000117480	FAAH	chr1	46604073	46604573	46394316	+	210007	epithelial	method4_paired	0.46445924	0.46445924	0.0	0.0
chr1:46604073-46604573	ENSG00000117481	NSUN4	chr1	46604073	46604573	46340788	+	263535	epithelial	method4_paired	0.46700656	0.46700656	0.0	0.0
chr1:46604073-46604573	ENSG00000132128	LRRC41	chr1	46604073	46604573	46303615	-	300708	epithelial	method4_paired	0.48372984	0.48372984	0.0	0.0
chr1:46668392-46668892	ENSG00000085999	RAD54L	chr1	46668392	46668892	46246460	+	422182	epithelial	method4_paired	0.47970465	0.47970465	0.0	0.0
chr1:46668392-46668892	ENSG00000117481	NSUN4	chr1	46668392	46668892	46340788	+	327854	epithelial	method4_paired	0.46872193	0.46872193	0.0	0.0
chr1:46668392-46668892	ENSG00000132128	LRRC41	chr1	46668392	46668892	46303615	-	365027	epithelial	method4_paired	0.4643073	0.4643073	0.0	0.0
chr1:46687219-46687719	ENSG00000085999	RAD54L	chr1	46687219	46687719	46246460	+	441009	epithelial	method4_paired	0.52505124	0.52505124	0.0	0.0
chr1:46718956-46719456	ENSG00000132128	LRRC41	chr1	46718956	46719456	46303615	-	415591	epithelial	method4_paired	0.46168303	0.46168303	0.0	0.0
chr1:46754745-46755245	ENSG00000117480	FAAH	chr1	46754745	46755245	46394316	+	360679	epithelial	method4_paired	0.48075312	0.48075312	0.0	0.0
chr1:47023308-47023808	ENSG00000186377	CYP4X1	chr1	47023308	47023808	47023668	+	110	epithelial	method4_paired	0.47063774	0.47063774	0.0	0.0
chr1:47030978-47031478	ENSG00000123473	STIL	chr1	47030978	47031478	47314891	-	283663	epithelial	method4_paired	0.4947722	0.4947722	0.0	0.0
chr1:47181876-47182376	ENSG00000162366	PDZK1IP1	chr1	47181876	47182376	47191043	-	8917	epithelial	method4_paired	0.51059043	0.51059043	0.0	0.0
chr1:47314009-47314509	ENSG00000123473	STIL	chr1	47314009	47314509	47314891	-	632	epithelial	method4_paired	0.49753174	0.49753174	0.0	0.0
chr1:47334007-47334507	ENSG00000123473	STIL	chr1	47334007	47334507	47314891	-	19366	epithelial	method4_paired	0.4559886	0.4559886	0.0	0.0
chr1:47416603-47417103	ENSG00000123473	STIL	chr1	47416603	47417103	47314891	-	101962	epithelial	method4_paired	0.5067992	0.5067992	0.0	0.0
chr1:47432588-47433088	ENSG00000123473	STIL	chr1	47432588	47433088	47314891	-	117947	epithelial	method4_paired	0.48163438	0.48163438	0.0	0.0
chr1:47478121-47478621	ENSG00000123473	STIL	chr1	47478121	47478621	47314891	-	163480	epithelial	method4_paired	0.47214165	0.47214165	0.0	0.0
chr1:47536694-47537194	ENSG00000123473	STIL	chr1	47536694	47537194	47314891	-	222053	epithelial	method4_paired	0.4640755	0.4640755	0.0	0.0
chr1:47702083-47702583	ENSG00000123473	STIL	chr1	47702083	47702583	47314891	-	387442	epithelial	method4_paired	0.4513955	0.4513955	0.0	0.0
chr1:47751863-47752363	ENSG00000123473	STIL	chr1	47751863	47752363	47314891	-	437222	epithelial	method4_paired	0.52076334	0.52076334	0.0	0.0
chr1:50960016-50960516	ENSG00000185104	FAF1	chr1	50960016	50960516	50960266	-	0	epithelial	method4_paired	0.46784502	0.46784502	0.0	0.0
chr1:50968372-50968872	ENSG00000185104	FAF1	chr1	50968372	50968872	50960266	-	8356	epithelial	method4_paired	0.46348697	0.46348697	0.0	0.0
chr1:51329399-51329899	ENSG00000085831	TTC39A	chr1	51329399	51329899	51345115	-	15466	epithelial	method4_paired	0.4853717	0.4853717	0.0	0.0
chr1:51519186-51519686	ENSG00000078618	NRDC	chr1	51519186	51519686	51878804	-	359368	epithelial	method4_paired	0.45765272	0.45765272	0.0	0.0
chr1:51729386-51729886	ENSG00000078618	NRDC	chr1	51729386	51729886	51878804	-	149168	epithelial	method4_paired	0.47434166	0.47434166	0.0	0.0
chr1:51729386-51729886	ENSG00000117862	TXNDC12	chr1	51729386	51729886	52055190	-	325554	epithelial	method4_paired	0.5459623	0.5459623	0.0	0.0
chr1:51729386-51729886	ENSG00000134717	BTF3L4	chr1	51729386	51729886	52056198	+	326562	epithelial	method4_paired	0.5791274	0.5791274	0.0	0.0
chr1:51729386-51729886	ENSG00000157077	ZFYVE9	chr1	51729386	51729886	52142088	+	412452	epithelial	method4_paired	0.50737196	0.50737196	0.0	0.0
chr1:51955681-51956181	ENSG00000169213	RAB3B	chr1	51955681	51956181	51990699	-	34768	epithelial	method4_paired	0.52440935	0.52440935	0.0	0.0
chr1:51957538-51958038	ENSG00000169213	RAB3B	chr1	51957538	51958038	51990699	-	32911	epithelial	method4_paired	0.48963627	0.48963627	0.0	0.0
chr1:51977067-51977567	ENSG00000169213	RAB3B	chr1	51977067	51977567	51990699	-	13382	epithelial	method4_paired	0.5199315	0.5199315	0.0	0.0
chr1:52141788-52142288	ENSG00000078618	NRDC	chr1	52141788	52142288	51878804	-	263234	epithelial	method4_paired	0.48522213	0.48522213	0.0	0.0
chr1:52141788-52142288	ENSG00000117862	TXNDC12	chr1	52141788	52142288	52055190	-	86848	epithelial	method4_paired	0.5076524	0.5076524	0.0	0.0
