peak_id	gene_id	gene_name	chrom	peak_start	peak_end	tss_pos	strand	distance_bp	compartment	method	score	r	pvalue	fdr
chr1:965962-966462	ENSG00000186891	TNFRSF18	chr1	965962	966462	1206591	-	240379	immune	method4_paired	0.4583409	0.4583409	0.0	0.0
chr1:965962-966462	ENSG00000187583	PLEKHN1	chr1	965962	966462	966481	+	269	immune	method4_paired	0.47890207	0.47890207	0.0	0.0
chr1:1079770-1080270	ENSG00000186891	TNFRSF18	chr1	1079770	1080270	1206591	-	126571	immune	method4_paired	0.4621133	0.4621133	0.0	0.0
chr1:1136732-1137232	ENSG00000186827	TNFRSF4	chr1	1136732	1137232	1214152	-	77170	immune	method4_paired	0.46309093	0.46309093	0.0	0.0
chr1:1136732-1137232	ENSG00000186891	TNFRSF18	chr1	1136732	1137232	1206591	-	69609	immune	method4_paired	0.5446351	0.5446351	0.0	0.0
chr1:1136732-1137232	ENSG00000187583	PLEKHN1	chr1	1136732	1137232	966481	+	170501	immune	method4_paired	0.5213417	0.5213417	0.0	0.0
chr1:1137245-1137745	ENSG00000186827	TNFRSF4	chr1	1137245	1137745	1214152	-	76657	immune	method4_paired	0.49970362	0.49970362	0.0	0.0
chr1:1137245-1137745	ENSG00000186891	TNFRSF18	chr1	1137245	1137745	1206591	-	69096	immune	method4_paired	0.5705328	0.5705328	0.0	0.0
chr1:1137245-1137745	ENSG00000187583	PLEKHN1	chr1	1137245	1137745	966481	+	171014	immune	method4_paired	0.50935066	0.50935066	0.0	0.0
chr1:1206405-1206905	ENSG00000186827	TNFRSF4	chr1	1206405	1206905	1214152	-	7497	immune	method4_paired	0.5552657	0.5552657	0.0	0.0
chr1:1206405-1206905	ENSG00000186891	TNFRSF18	chr1	1206405	1206905	1206591	-	64	immune	method4_paired	0.6086641	0.6086641	0.0	0.0
chr1:1206405-1206905	ENSG00000187583	PLEKHN1	chr1	1206405	1206905	966481	+	240174	immune	method4_paired	0.5551252	0.5551252	0.0	0.0
chr1:1206926-1207426	ENSG00000186891	TNFRSF18	chr1	1206926	1207426	1206591	-	585	immune	method4_paired	0.48998296	0.48998296	0.0	0.0
chr1:1206926-1207426	ENSG00000187583	PLEKHN1	chr1	1206926	1207426	966481	+	240695	immune	method4_paired	0.47942793	0.47942793	0.0	0.0
chr1:1207948-1208448	ENSG00000186891	TNFRSF18	chr1	1207948	1208448	1206591	-	1607	immune	method4_paired	0.49538976	0.49538976	0.0	0.0
chr1:1207948-1208448	ENSG00000187583	PLEKHN1	chr1	1207948	1208448	966481	+	241717	immune	method4_paired	0.5038	0.5038	0.0	0.0
chr1:1208789-1209289	ENSG00000186827	TNFRSF4	chr1	1208789	1209289	1214152	-	5113	immune	method4_paired	0.46321	0.46321	0.0	0.0
chr1:1208789-1209289	ENSG00000186891	TNFRSF18	chr1	1208789	1209289	1206591	-	2448	immune	method4_paired	0.54435647	0.54435647	0.0	0.0
chr1:1208789-1209289	ENSG00000187583	PLEKHN1	chr1	1208789	1209289	966481	+	242558	immune	method4_paired	0.59144026	0.59144026	0.0	0.0
chr1:1212804-1213304	ENSG00000186891	TNFRSF18	chr1	1212804	1213304	1206591	-	6463	immune	method4_paired	0.4645688	0.4645688	0.0	0.0
chr1:1212804-1213304	ENSG00000187583	PLEKHN1	chr1	1212804	1213304	966481	+	246573	immune	method4_paired	0.4607046	0.4607046	0.0	0.0
chr1:1213420-1213920	ENSG00000186891	TNFRSF18	chr1	1213420	1213920	1206591	-	7079	immune	method4_paired	0.5495402	0.5495402	0.0	0.0
chr1:1213420-1213920	ENSG00000187583	PLEKHN1	chr1	1213420	1213920	966481	+	247189	immune	method4_paired	0.5321644	0.5321644	0.0	0.0
chr1:1229028-1229528	ENSG00000186891	TNFRSF18	chr1	1229028	1229528	1206591	-	22687	immune	method4_paired	0.49124214	0.49124214	0.0	0.0
chr1:1330271-1330771	ENSG00000186891	TNFRSF18	chr1	1330271	1330771	1206591	-	123930	immune	method4_paired	0.5445017	0.5445017	0.0	0.0
chr1:1330271-1330771	ENSG00000187583	PLEKHN1	chr1	1330271	1330771	966481	+	364040	immune	method4_paired	0.5033098	0.5033098	0.0	0.0
chr1:1330962-1331462	ENSG00000186827	TNFRSF4	chr1	1330962	1331462	1214152	-	117060	immune	method4_paired	0.4917293	0.4917293	0.0	0.0
chr1:1330962-1331462	ENSG00000186891	TNFRSF18	chr1	1330962	1331462	1206591	-	124621	immune	method4_paired	0.5895235	0.5895235	0.0	0.0
chr1:1330962-1331462	ENSG00000187583	PLEKHN1	chr1	1330962	1331462	966481	+	364731	immune	method4_paired	0.53846	0.53846	0.0	0.0
chr1:1607066-1607566	ENSG00000008130	NADK	chr1	1607066	1607566	1780456	-	173140	immune	method4_paired	0.49954635	0.49954635	0.0	0.0
chr1:1607066-1607566	ENSG00000078369	GNB1	chr1	1607066	1607566	1892291	-	284975	immune	method4_paired	0.49998492	0.49998492	0.0	0.0
chr1:1629599-1630099	ENSG00000008130	NADK	chr1	1629599	1630099	1780456	-	150607	immune	method4_paired	-0.5208319	-0.5208319	0.0	0.0
chr1:1630237-1630737	ENSG00000008130	NADK	chr1	1630237	1630737	1780456	-	149969	immune	method4_paired	-0.5167156	-0.5167156	0.0	0.0
chr1:1630237-1630737	ENSG00000078369	GNB1	chr1	1630237	1630737	1892291	-	261804	immune	method4_paired	-0.47329697	-0.47329697	0.0	0.0
chr1:1857065-1857565	ENSG00000008130	NADK	chr1	1857065	1857565	1780456	-	76859	immune	method4_paired	0.45244145	0.45244145	0.0	0.0
chr1:1996173-1996673	ENSG00000008130	NADK	chr1	1996173	1996673	1780456	-	215967	immune	method4_paired	0.47951323	0.47951323	0.0	0.0
chr1:2049983-2050483	ENSG00000008130	NADK	chr1	2049983	2050483	1780456	-	269777	immune	method4_paired	-0.4533571	-0.4533571	0.0	0.0
chr1:2049983-2050483	ENSG00000078369	GNB1	chr1	2049983	2050483	1892291	-	157942	immune	method4_paired	-0.4957887	-0.4957887	0.0	0.0
chr1:2112368-2112868	ENSG00000008130	NADK	chr1	2112368	2112868	1780456	-	332162	immune	method4_paired	0.5641141	0.5641141	0.0	0.0
chr1:2112368-2112868	ENSG00000157873	TNFRSF14	chr1	2112368	2112868	2555638	+	443020	immune	method4_paired	0.47866336	0.47866336	0.0	0.0
chr1:2148609-2149109	ENSG00000008130	NADK	chr1	2148609	2149109	1780456	-	368403	immune	method4_paired	-0.4698716	-0.4698716	0.0	0.0
chr1:2151263-2151763	ENSG00000157873	TNFRSF14	chr1	2151263	2151763	2555638	+	404125	immune	method4_paired	0.46231434	0.46231434	0.0	0.0
chr1:2246630-2247130	ENSG00000078369	GNB1	chr1	2246630	2247130	1892291	-	354589	immune	method4_paired	0.4579968	0.4579968	0.0	0.0
chr1:2299120-2299620	ENSG00000078369	GNB1	chr1	2299120	2299620	1892291	-	407079	immune	method4_paired	0.45069677	0.45069677	0.0	0.0
chr1:2541505-2542005	ENSG00000157933	SKI	chr1	2541505	2542005	2227387	+	314368	immune	method4_paired	-0.55082136	-0.55082136	0.0	0.0
chr1:2555520-2556020	ENSG00000157873	TNFRSF14	chr1	2555520	2556020	2555638	+	132	immune	method4_paired	0.46153763	0.46153763	0.0	0.0
chr1:2575822-2576322	ENSG00000157873	TNFRSF14	chr1	2575822	2576322	2555638	+	20434	immune	method4_paired	0.461237	0.461237	0.0	0.0
chr1:2845768-2846268	ENSG00000157873	TNFRSF14	chr1	2845768	2846268	2555638	+	290380	immune	method4_paired	0.48311362	0.48311362	0.0	0.0
chr1:2847220-2847720	ENSG00000157873	TNFRSF14	chr1	2847220	2847720	2555638	+	291832	immune	method4_paired	0.49514762	0.49514762	0.0	0.0
chr1:3665981-3666481	ENSG00000078900	TP73	chr1	3665981	3666481	3652515	+	13716	immune	method4_paired	0.45566407	0.45566407	0.0	0.0
chr1:6056510-6057010	ENSG00000131697	NPHP4	chr1	6056510	6057010	5992472	-	64288	immune	method4_paired	0.46361503	0.46361503	0.0	0.0
chr1:6460276-6460776	ENSG00000215788	TNFRSF25	chr1	6460276	6460776	6466174	-	5648	immune	method4_paired	0.51282704	0.51282704	0.0	0.0
chr1:6498523-6499023	ENSG00000171680	PLEKHG5	chr1	6498523	6499023	6520073	-	21300	immune	method4_paired	0.54821455	0.54821455	0.0	0.0
chr1:6501805-6502305	ENSG00000171680	PLEKHG5	chr1	6501805	6502305	6520073	-	18018	immune	method4_paired	0.5742413	0.5742413	0.0	0.0
chr1:6502345-6502845	ENSG00000171680	PLEKHG5	chr1	6502345	6502845	6520073	-	17478	immune	method4_paired	0.6045457	0.6045457	0.0	0.0
chr1:6506960-6507460	ENSG00000171680	PLEKHG5	chr1	6506960	6507460	6520073	-	12863	immune	method4_paired	0.5187334	0.5187334	0.0	0.0
chr1:6509224-6509724	ENSG00000171680	PLEKHG5	chr1	6509224	6509724	6520073	-	10599	immune	method4_paired	0.5629799	0.5629799	0.0	0.0
chr1:6509957-6510457	ENSG00000171680	PLEKHG5	chr1	6509957	6510457	6520073	-	9866	immune	method4_paired	0.5081231	0.5081231	0.0	0.0
chr1:7648791-7649291	ENSG00000049246	PER3	chr1	7648791	7649291	7784290	+	135249	immune	method4_paired	0.54295063	0.54295063	0.0	0.0
chr1:7728777-7729277	ENSG00000049246	PER3	chr1	7728777	7729277	7784290	+	55263	immune	method4_paired	0.4638776	0.4638776	0.0	0.0
chr1:7770502-7771002	ENSG00000049246	PER3	chr1	7770502	7771002	7784290	+	13538	immune	method4_paired	0.4676517	0.4676517	0.0	0.0
chr1:7771012-7771512	ENSG00000049246	PER3	chr1	7771012	7771512	7784290	+	13028	immune	method4_paired	0.46121964	0.46121964	0.0	0.0
chr1:7771586-7772086	ENSG00000049246	PER3	chr1	7771586	7772086	7784290	+	12454	immune	method4_paired	0.46953842	0.46953842	0.0	0.0
chr1:7786762-7787262	ENSG00000049246	PER3	chr1	7786762	7787262	7784290	+	2722	immune	method4_paired	0.5013014	0.5013014	0.0	0.0
chr1:8047040-8047540	ENSG00000049246	PER3	chr1	8047040	8047540	7784290	+	263000	immune	method4_paired	0.48992273	0.48992273	0.0	0.0
chr1:8083678-8084178	ENSG00000049246	PER3	chr1	8083678	8084178	7784290	+	299638	immune	method4_paired	0.48194546	0.48194546	0.0	0.0
chr1:8104540-8105040	ENSG00000049246	PER3	chr1	8104540	8105040	7784290	+	320500	immune	method4_paired	0.4861498	0.4861498	0.0	0.0
chr1:8106722-8107222	ENSG00000049246	PER3	chr1	8106722	8107222	7784290	+	322682	immune	method4_paired	0.5825283	0.5825283	0.0	0.0
chr1:8120946-8121446	ENSG00000049246	PER3	chr1	8120946	8121446	7784290	+	336906	immune	method4_paired	0.49708214	0.49708214	0.0	0.0
chr1:8127044-8127544	ENSG00000049246	PER3	chr1	8127044	8127544	7784290	+	343004	immune	method4_paired	0.6408533	0.6408533	0.0	0.0
chr1:8211821-8212321	ENSG00000049246	PER3	chr1	8211821	8212321	7784290	+	427781	immune	method4_paired	0.54051256	0.54051256	0.0	0.0
chr1:8217251-8217751	ENSG00000049246	PER3	chr1	8217251	8217751	7784290	+	433211	immune	method4_paired	0.47620273	0.47620273	0.0	0.0
chr1:8218568-8219068	ENSG00000049246	PER3	chr1	8218568	8219068	7784290	+	434528	immune	method4_paired	0.5205351	0.5205351	0.0	0.0
chr1:8224931-8225431	ENSG00000049246	PER3	chr1	8224931	8225431	7784290	+	440891	immune	method4_paired	0.4698428	0.4698428	0.0	0.0
chr1:8282027-8282527	ENSG00000049246	PER3	chr1	8282027	8282527	7784290	+	497987	immune	method4_paired	0.57744765	0.57744765	0.0	0.0
chr1:8283162-8283662	ENSG00000049246	PER3	chr1	8283162	8283662	7784290	+	499122	immune	method4_paired	0.56334156	0.56334156	0.0	0.0
chr1:8438822-8439322	ENSG00000142599	RERE	chr1	8438822	8439322	8848920	-	409848	immune	method4_paired	0.49359322	0.49359322	0.0	0.0
chr1:8822556-8823056	ENSG00000074800	ENO1	chr1	8822556	8823056	8879189	-	56383	immune	method4_paired	0.47952566	0.47952566	0.0	0.0
chr1:9074995-9075495	ENSG00000142599	RERE	chr1	9074995	9075495	8848920	-	226325	immune	method4_paired	0.48355842	0.48355842	0.0	0.0
chr1:9083211-9083711	ENSG00000142599	RERE	chr1	9083211	9083711	8848920	-	234541	immune	method4_paired	0.46075377	0.46075377	0.0	0.0
chr1:9162756-9163256	ENSG00000142583	SLC2A5	chr1	9162756	9163256	9088477	-	74529	immune	method4_paired	0.4606207	0.4606207	0.0	0.0
chr1:9162756-9163256	ENSG00000171608	PIK3CD	chr1	9162756	9163256	9629888	+	466882	immune	method4_paired	-0.6840768	-0.6840768	0.0	0.0
chr1:9163889-9164389	ENSG00000142583	SLC2A5	chr1	9163889	9164389	9088477	-	75662	immune	method4_paired	0.47706166	0.47706166	0.0	0.0
chr1:9163889-9164389	ENSG00000171608	PIK3CD	chr1	9163889	9164389	9629888	+	465749	immune	method4_paired	-0.4795491	-0.4795491	0.0	0.0
chr1:9179661-9180161	ENSG00000142599	RERE	chr1	9179661	9180161	8848920	-	330991	immune	method4_paired	0.4589842	0.4589842	0.0	0.0
chr1:9233272-9233772	ENSG00000074800	ENO1	chr1	9233272	9233772	8879189	-	354333	immune	method4_paired	0.46843252	0.46843252	0.0	0.0
chr1:9275485-9275985	ENSG00000171608	PIK3CD	chr1	9275485	9275985	9629888	+	354153	immune	method4_paired	-0.53765315	-0.53765315	0.0	0.0
chr1:9373409-9373909	ENSG00000074800	ENO1	chr1	9373409	9373909	8879189	-	494470	immune	method4_paired	0.45103756	0.45103756	0.0	0.0
chr1:9628942-9629442	ENSG00000171608	PIK3CD	chr1	9628942	9629442	9629888	+	696	immune	method4_paired	0.47849658	0.47849658	0.0	0.0
chr1:9629628-9630128	ENSG00000171608	PIK3CD	chr1	9629628	9630128	9629888	+	10	immune	method4_paired	0.57173926	0.57173926	0.0	0.0
chr1:9644654-9645154	ENSG00000173614	NMNAT1	chr1	9644654	9645154	9943427	+	298523	immune	method4_paired	0.4674692	0.4674692	0.0	0.0
chr1:9651498-9651998	ENSG00000171608	PIK3CD	chr1	9651498	9651998	9629888	+	21860	immune	method4_paired	0.5480938	0.5480938	0.0	0.0
chr1:9652264-9652764	ENSG00000171608	PIK3CD	chr1	9652264	9652764	9629888	+	22626	immune	method4_paired	0.5910138	0.5910138	0.0	0.0
chr1:9737070-9737570	ENSG00000054523	KIF1B	chr1	9737070	9737570	10210569	+	473249	immune	method4_paired	0.47716752	0.47716752	0.0	0.0
chr1:9845906-9846406	ENSG00000054523	KIF1B	chr1	9845906	9846406	10210569	+	364413	immune	method4_paired	0.495393	0.495393	0.0	0.0
chr1:9892509-9893009	ENSG00000054523	KIF1B	chr1	9892509	9893009	10210569	+	317810	immune	method4_paired	0.48350462	0.48350462	0.0	0.0
chr1:9893106-9893606	ENSG00000054523	KIF1B	chr1	9893106	9893606	10210569	+	317213	immune	method4_paired	0.637649	0.637649	0.0	0.0
chr1:9900296-9900796	ENSG00000054523	KIF1B	chr1	9900296	9900796	10210569	+	310023	immune	method4_paired	0.6898713	0.6898713	0.0	0.0
chr1:9900296-9900796	ENSG00000142657	PGD	chr1	9900296	9900796	10398591	+	498045	immune	method4_paired	0.5985832	0.5985832	0.0	0.0
chr1:9900296-9900796	ENSG00000173614	NMNAT1	chr1	9900296	9900796	9943427	+	42881	immune	method4_paired	0.47776288	0.47776288	0.0	0.0
chr1:9901004-9901504	ENSG00000054523	KIF1B	chr1	9901004	9901504	10210569	+	309315	immune	method4_paired	0.46408242	0.46408242	0.0	0.0
chr1:9950244-9950744	ENSG00000054523	KIF1B	chr1	9950244	9950744	10210569	+	260075	immune	method4_paired	0.49147588	0.49147588	0.0	0.0
chr1:9950817-9951317	ENSG00000054523	KIF1B	chr1	9950817	9951317	10210569	+	259502	immune	method4_paired	0.5467362	0.5467362	0.0	0.0
chr1:9950817-9951317	ENSG00000142657	PGD	chr1	9950817	9951317	10398591	+	447524	immune	method4_paired	0.47030148	0.47030148	0.0	0.0
chr1:9990907-9991407	ENSG00000054523	KIF1B	chr1	9990907	9991407	10210569	+	219412	immune	method4_paired	0.6273346	0.6273346	0.0	0.0
chr1:9990907-9991407	ENSG00000142657	PGD	chr1	9990907	9991407	10398591	+	407434	immune	method4_paired	0.56969243	0.56969243	0.0	0.0
chr1:9990907-9991407	ENSG00000173614	NMNAT1	chr1	9990907	9991407	9943427	+	47730	immune	method4_paired	0.46335253	0.46335253	0.0	0.0
chr1:9997543-9998043	ENSG00000054523	KIF1B	chr1	9997543	9998043	10210569	+	212776	immune	method4_paired	0.45348385	0.45348385	0.0	0.0
chr1:9997543-9998043	ENSG00000142657	PGD	chr1	9997543	9998043	10398591	+	400798	immune	method4_paired	0.4814128	0.4814128	0.0	0.0
chr1:10018887-10019387	ENSG00000171608	PIK3CD	chr1	10018887	10019387	9629888	+	389249	immune	method4_paired	-0.51098275	-0.51098275	0.0	0.0
chr1:10055640-10056140	ENSG00000054523	KIF1B	chr1	10055640	10056140	10210569	+	154679	immune	method4_paired	0.4640819	0.4640819	0.0	0.0
chr1:10066917-10067417	ENSG00000054523	KIF1B	chr1	10066917	10067417	10210569	+	143402	immune	method4_paired	0.51425314	0.51425314	0.0	0.0
chr1:10066917-10067417	ENSG00000142657	PGD	chr1	10066917	10067417	10398591	+	331424	immune	method4_paired	0.4782734	0.4782734	0.0	0.0
chr1:10208510-10209010	ENSG00000054523	KIF1B	chr1	10208510	10209010	10210569	+	1809	immune	method4_paired	0.63968384	0.63968384	0.0	0.0
chr1:10208510-10209010	ENSG00000142657	PGD	chr1	10208510	10209010	10398591	+	189831	immune	method4_paired	0.5608141	0.5608141	0.0	0.0
chr1:10209649-10210149	ENSG00000054523	KIF1B	chr1	10209649	10210149	10210569	+	670	immune	method4_paired	0.6386492	0.6386492	0.0	0.0
chr1:10209649-10210149	ENSG00000142657	PGD	chr1	10209649	10210149	10398591	+	188692	immune	method4_paired	0.5711783	0.5711783	0.0	0.0
chr1:10211298-10211798	ENSG00000054523	KIF1B	chr1	10211298	10211798	10210569	+	979	immune	method4_paired	0.5304151	0.5304151	0.0	0.0
chr1:10211298-10211798	ENSG00000142657	PGD	chr1	10211298	10211798	10398591	+	187043	immune	method4_paired	0.48112342	0.48112342	0.0	0.0
chr1:10251620-10252120	ENSG00000054523	KIF1B	chr1	10251620	10252120	10210569	+	41301	immune	method4_paired	0.662623	0.662623	0.0	0.0
chr1:10251620-10252120	ENSG00000142657	PGD	chr1	10251620	10252120	10398591	+	146721	immune	method4_paired	0.5602158	0.5602158	0.0	0.0
chr1:10251620-10252120	ENSG00000173614	NMNAT1	chr1	10251620	10252120	9943427	+	308443	immune	method4_paired	0.4629262	0.4629262	0.0	0.0
chr1:10252265-10252765	ENSG00000054523	KIF1B	chr1	10252265	10252765	10210569	+	41946	immune	method4_paired	0.5008533	0.5008533	0.0	0.0
chr1:10252265-10252765	ENSG00000142657	PGD	chr1	10252265	10252765	10398591	+	146076	immune	method4_paired	0.50671333	0.50671333	0.0	0.0
chr1:10253640-10254140	ENSG00000054523	KIF1B	chr1	10253640	10254140	10210569	+	43321	immune	method4_paired	0.6869177	0.6869177	0.0	0.0
chr1:10253640-10254140	ENSG00000142657	PGD	chr1	10253640	10254140	10398591	+	144701	immune	method4_paired	0.58988976	0.58988976	0.0	0.0
chr1:10253640-10254140	ENSG00000173614	NMNAT1	chr1	10253640	10254140	9943427	+	310463	immune	method4_paired	0.5142691	0.5142691	0.0	0.0
chr1:10377368-10377868	ENSG00000054523	KIF1B	chr1	10377368	10377868	10210569	+	167049	immune	method4_paired	0.64229566	0.64229566	0.0	0.0
chr1:10377368-10377868	ENSG00000142657	PGD	chr1	10377368	10377868	10398591	+	20973	immune	method4_paired	0.5893387	0.5893387	0.0	0.0
chr1:10378361-10378861	ENSG00000054523	KIF1B	chr1	10378361	10378861	10210569	+	168042	immune	method4_paired	0.6258767	0.6258767	0.0	0.0
chr1:10378361-10378861	ENSG00000142657	PGD	chr1	10378361	10378861	10398591	+	19980	immune	method4_paired	0.5874688	0.5874688	0.0	0.0
chr1:10380076-10380576	ENSG00000054523	KIF1B	chr1	10380076	10380576	10210569	+	169757	immune	method4_paired	0.48764214	0.48764214	0.0	0.0
chr1:10380076-10380576	ENSG00000142657	PGD	chr1	10380076	10380576	10398591	+	18265	immune	method4_paired	0.47730947	0.47730947	0.0	0.0
chr1:10387991-10388491	ENSG00000054523	KIF1B	chr1	10387991	10388491	10210569	+	177672	immune	method4_paired	0.6438845	0.6438845	0.0	0.0
chr1:10387991-10388491	ENSG00000142657	PGD	chr1	10387991	10388491	10398591	+	10350	immune	method4_paired	0.64419305	0.64419305	0.0	0.0
chr1:10400399-10400899	ENSG00000054523	KIF1B	chr1	10400399	10400899	10210569	+	190080	immune	method4_paired	0.59334695	0.59334695	0.0	0.0
chr1:10400399-10400899	ENSG00000142657	PGD	chr1	10400399	10400899	10398591	+	2058	immune	method4_paired	0.5621114	0.5621114	0.0	0.0
chr1:10414779-10415279	ENSG00000054523	KIF1B	chr1	10414779	10415279	10210569	+	204460	immune	method4_paired	0.5701819	0.5701819	0.0	0.0
chr1:10414779-10415279	ENSG00000142657	PGD	chr1	10414779	10415279	10398591	+	16438	immune	method4_paired	0.5701863	0.5701863	0.0	0.0
chr1:10415317-10415817	ENSG00000054523	KIF1B	chr1	10415317	10415817	10210569	+	204998	immune	method4_paired	0.6404725	0.6404725	0.0	0.0
chr1:10415317-10415817	ENSG00000142657	PGD	chr1	10415317	10415817	10398591	+	16976	immune	method4_paired	0.59895885	0.59895885	0.0	0.0
chr1:10510802-10511302	ENSG00000054523	KIF1B	chr1	10510802	10511302	10210569	+	300483	immune	method4_paired	-0.45069233	-0.45069233	0.0	0.0
chr1:10594605-10595105	ENSG00000116649	SRM	chr1	10594605	10595105	11060019	-	465164	immune	method4_paired	0.4639756	0.4639756	0.0	0.0
chr1:10939873-10940373	ENSG00000116649	SRM	chr1	10939873	10940373	11060019	-	119896	immune	method4_paired	0.4739578	0.4739578	0.0	0.0
chr1:10964973-10965473	ENSG00000175262	C1orf127	chr1	10964973	10965473	10982075	-	16852	immune	method4_paired	0.50208586	0.50208586	0.0	0.0
chr1:10965586-10966086	ENSG00000175262	C1orf127	chr1	10965586	10966086	10982075	-	16239	immune	method4_paired	0.469114	0.469114	0.0	0.0
chr1:11053242-11053742	ENSG00000116649	SRM	chr1	11053242	11053742	11060019	-	6527	immune	method4_paired	0.4727608	0.4727608	0.0	0.0
chr1:11731917-11732417	ENSG00000028137	TNFRSF1B	chr1	11731917	11732417	12166990	+	434823	immune	method4_paired	0.479989	0.479989	0.0	0.0
chr1:11731917-11732417	ENSG00000177000	MTHFR	chr1	11731917	11732417	11806454	-	74287	immune	method4_paired	0.5056213	0.5056213	0.0	0.0
chr1:11783695-11784195	ENSG00000028137	TNFRSF1B	chr1	11783695	11784195	12166990	+	383045	immune	method4_paired	-0.4531775	-0.4531775	0.0	0.0
chr1:11789256-11789756	ENSG00000028137	TNFRSF1B	chr1	11789256	11789756	12166990	+	377484	immune	method4_paired	0.48919287	0.48919287	0.0	0.0
chr1:11789256-11789756	ENSG00000177000	MTHFR	chr1	11789256	11789756	11806454	-	16948	immune	method4_paired	0.46960863	0.46960863	0.0	0.0
chr1:11790799-11791299	ENSG00000011021	CLCN6	chr1	11790799	11791299	11806095	+	15046	immune	method4_paired	0.5396842	0.5396842	0.0	0.0
chr1:11790799-11791299	ENSG00000028137	TNFRSF1B	chr1	11790799	11791299	12166990	+	375941	immune	method4_paired	0.58517337	0.58517337	0.0	0.0
chr1:11790799-11791299	ENSG00000048707	VPS13D	chr1	11790799	11791299	12230029	+	438980	immune	method4_paired	0.47707602	0.47707602	0.0	0.0
chr1:11790799-11791299	ENSG00000083444	PLOD1	chr1	11790799	11791299	11934204	+	143155	immune	method4_paired	0.5298422	0.5298422	0.0	0.0
chr1:11790799-11791299	ENSG00000177000	MTHFR	chr1	11790799	11791299	11806454	-	15405	immune	method4_paired	0.61387557	0.61387557	0.0	0.0
chr1:11790799-11791299	ENSG00000177674	AGTRAP	chr1	11790799	11791299	11736083	+	54966	immune	method4_paired	0.50408536	0.50408536	0.0	0.0
chr1:11791367-11791867	ENSG00000028137	TNFRSF1B	chr1	11791367	11791867	12166990	+	375373	immune	method4_paired	0.46894014	0.46894014	0.0	0.0
chr1:11791367-11791867	ENSG00000177000	MTHFR	chr1	11791367	11791867	11806454	-	14837	immune	method4_paired	0.4601781	0.4601781	0.0	0.0
chr1:11802524-11803024	ENSG00000083444	PLOD1	chr1	11802524	11803024	11934204	+	131430	immune	method4_paired	0.45591378	0.45591378	0.0	0.0
chr1:11802524-11803024	ENSG00000177000	MTHFR	chr1	11802524	11803024	11806454	-	3680	immune	method4_paired	0.48055053	0.48055053	0.0	0.0
chr1:11814516-11815016	ENSG00000011021	CLCN6	chr1	11814516	11815016	11806095	+	8671	immune	method4_paired	0.47152734	0.47152734	0.0	0.0
chr1:11815020-11815520	ENSG00000011021	CLCN6	chr1	11815020	11815520	11806095	+	9175	immune	method4_paired	0.5208868	0.5208868	0.0	0.0
chr1:11960611-11961111	ENSG00000011021	CLCN6	chr1	11960611	11961111	11806095	+	154766	immune	method4_paired	0.4699203	0.4699203	0.0	0.0
chr1:11960611-11961111	ENSG00000028137	TNFRSF1B	chr1	11960611	11961111	12166990	+	206129	immune	method4_paired	0.5263416	0.5263416	0.0	0.0
chr1:11960611-11961111	ENSG00000083444	PLOD1	chr1	11960611	11961111	11934204	+	26657	immune	method4_paired	0.45230508	0.45230508	0.0	0.0
chr1:11960611-11961111	ENSG00000177000	MTHFR	chr1	11960611	11961111	11806454	-	154407	immune	method4_paired	0.5271624	0.5271624	0.0	0.0
chr1:11960611-11961111	ENSG00000177674	AGTRAP	chr1	11960611	11961111	11736083	+	224778	immune	method4_paired	0.46344975	0.46344975	0.0	0.0
chr1:11978199-11978699	ENSG00000028137	TNFRSF1B	chr1	11978199	11978699	12166990	+	188541	immune	method4_paired	0.48531488	0.48531488	0.0	0.0
chr1:11978199-11978699	ENSG00000177000	MTHFR	chr1	11978199	11978699	11806454	-	171995	immune	method4_paired	0.50811976	0.50811976	0.0	0.0
chr1:12020044-12020544	ENSG00000028137	TNFRSF1B	chr1	12020044	12020544	12166990	+	146696	immune	method4_paired	0.45839545	0.45839545	0.0	0.0
chr1:12125641-12126141	ENSG00000028137	TNFRSF1B	chr1	12125641	12126141	12166990	+	41099	immune	method4_paired	0.49509814	0.49509814	0.0	0.0
chr1:12132787-12133287	ENSG00000028137	TNFRSF1B	chr1	12132787	12133287	12166990	+	33953	immune	method4_paired	0.5846104	0.5846104	0.0	0.0
chr1:12132787-12133287	ENSG00000162496	DHRS3	chr1	12132787	12133287	12618209	-	485172	immune	method4_paired	0.47776937	0.47776937	0.0	0.0
chr1:12132787-12133287	ENSG00000177000	MTHFR	chr1	12132787	12133287	11806454	-	326583	immune	method4_paired	0.47051144	0.47051144	0.0	0.0
chr1:12141053-12141553	ENSG00000028137	TNFRSF1B	chr1	12141053	12141553	12166990	+	25687	immune	method4_paired	0.5786087	0.5786087	0.0	0.0
chr1:12141053-12141553	ENSG00000177000	MTHFR	chr1	12141053	12141553	11806454	-	334849	immune	method4_paired	0.49489748	0.49489748	0.0	0.0
chr1:12142120-12142620	ENSG00000028137	TNFRSF1B	chr1	12142120	12142620	12166990	+	24620	immune	method4_paired	0.51635015	0.51635015	0.0	0.0
chr1:12142120-12142620	ENSG00000177000	MTHFR	chr1	12142120	12142620	11806454	-	335916	immune	method4_paired	0.45426193	0.45426193	0.0	0.0
chr1:12142800-12143300	ENSG00000011021	CLCN6	chr1	12142800	12143300	11806095	+	336955	immune	method4_paired	0.46736726	0.46736726	0.0	0.0
chr1:12142800-12143300	ENSG00000028137	TNFRSF1B	chr1	12142800	12143300	12166990	+	23940	immune	method4_paired	0.5677557	0.5677557	0.0	0.0
chr1:12142800-12143300	ENSG00000048707	VPS13D	chr1	12142800	12143300	12230029	+	86979	immune	method4_paired	0.50181884	0.50181884	0.0	0.0
chr1:12142800-12143300	ENSG00000177000	MTHFR	chr1	12142800	12143300	11806454	-	336596	immune	method4_paired	0.54209375	0.54209375	0.0	0.0
chr1:12143610-12144110	ENSG00000011021	CLCN6	chr1	12143610	12144110	11806095	+	337765	immune	method4_paired	0.501816	0.501816	0.0	0.0
chr1:12143610-12144110	ENSG00000028137	TNFRSF1B	chr1	12143610	12144110	12166990	+	23130	immune	method4_paired	0.6092462	0.6092462	0.0	0.0
chr1:12143610-12144110	ENSG00000048707	VPS13D	chr1	12143610	12144110	12230029	+	86169	immune	method4_paired	0.5495702	0.5495702	0.0	0.0
chr1:12143610-12144110	ENSG00000162496	DHRS3	chr1	12143610	12144110	12618209	-	474349	immune	method4_paired	0.45489296	0.45489296	0.0	0.0
chr1:12143610-12144110	ENSG00000177000	MTHFR	chr1	12143610	12144110	11806454	-	337406	immune	method4_paired	0.5661011	0.5661011	0.0	0.0
chr1:12150362-12150862	ENSG00000028137	TNFRSF1B	chr1	12150362	12150862	12166990	+	16378	immune	method4_paired	0.4537491	0.4537491	0.0	0.0
chr1:12150362-12150862	ENSG00000162496	DHRS3	chr1	12150362	12150862	12618209	-	467597	immune	method4_paired	0.5037471	0.5037471	0.0	0.0
chr1:12153216-12153716	ENSG00000011021	CLCN6	chr1	12153216	12153716	11806095	+	347371	immune	method4_paired	0.47217858	0.47217858	0.0	0.0
chr1:12153216-12153716	ENSG00000028137	TNFRSF1B	chr1	12153216	12153716	12166990	+	13524	immune	method4_paired	0.64364135	0.64364135	0.0	0.0
chr1:12153216-12153716	ENSG00000048707	VPS13D	chr1	12153216	12153716	12230029	+	76563	immune	method4_paired	0.5452275	0.5452275	0.0	0.0
chr1:12153216-12153716	ENSG00000162496	DHRS3	chr1	12153216	12153716	12618209	-	464743	immune	method4_paired	0.50930965	0.50930965	0.0	0.0
chr1:12153216-12153716	ENSG00000177000	MTHFR	chr1	12153216	12153716	11806454	-	347012	immune	method4_paired	0.51380515	0.51380515	0.0	0.0
chr1:12157852-12158352	ENSG00000028137	TNFRSF1B	chr1	12157852	12158352	12166990	+	8888	immune	method4_paired	0.49400726	0.49400726	0.0	0.0
chr1:12168410-12168910	ENSG00000162496	DHRS3	chr1	12168410	12168910	12618209	-	449549	immune	method4_paired	0.47246188	0.47246188	0.0	0.0
chr1:12171854-12172354	ENSG00000028137	TNFRSF1B	chr1	12171854	12172354	12166990	+	5114	immune	method4_paired	0.496428	0.496428	0.0	0.0
chr1:12171854-12172354	ENSG00000162496	DHRS3	chr1	12171854	12172354	12618209	-	446105	immune	method4_paired	0.46948427	0.46948427	0.0	0.0
chr1:12173636-12174136	ENSG00000162496	DHRS3	chr1	12173636	12174136	12618209	-	444323	immune	method4_paired	0.4733743	0.4733743	0.0	0.0
chr1:12175083-12175583	ENSG00000028137	TNFRSF1B	chr1	12175083	12175583	12166990	+	8343	immune	method4_paired	0.5200631	0.5200631	0.0	0.0
chr1:12175083-12175583	ENSG00000162496	DHRS3	chr1	12175083	12175583	12618209	-	442876	immune	method4_paired	0.49636668	0.49636668	0.0	0.0
chr1:12178078-12178578	ENSG00000162496	DHRS3	chr1	12178078	12178578	12618209	-	439881	immune	method4_paired	0.47644904	0.47644904	0.0	0.0
chr1:12179011-12179511	ENSG00000028137	TNFRSF1B	chr1	12179011	12179511	12166990	+	12271	immune	method4_paired	0.48037523	0.48037523	0.0	0.0
chr1:12180259-12180759	ENSG00000011021	CLCN6	chr1	12180259	12180759	11806095	+	374414	immune	method4_paired	0.48014435	0.48014435	0.0	0.0
chr1:12180259-12180759	ENSG00000028137	TNFRSF1B	chr1	12180259	12180759	12166990	+	13519	immune	method4_paired	0.62791723	0.62791723	0.0	0.0
chr1:12180259-12180759	ENSG00000048707	VPS13D	chr1	12180259	12180759	12230029	+	49520	immune	method4_paired	0.4585644	0.4585644	0.0	0.0
chr1:12180259-12180759	ENSG00000083444	PLOD1	chr1	12180259	12180759	11934204	+	246305	immune	method4_paired	0.4551967	0.4551967	0.0	0.0
chr1:12180259-12180759	ENSG00000162496	DHRS3	chr1	12180259	12180759	12618209	-	437700	immune	method4_paired	0.5016439	0.5016439	0.0	0.0
chr1:12180259-12180759	ENSG00000177000	MTHFR	chr1	12180259	12180759	11806454	-	374055	immune	method4_paired	0.5842951	0.5842951	0.0	0.0
chr1:12180259-12180759	ENSG00000177674	AGTRAP	chr1	12180259	12180759	11736083	+	444426	immune	method4_paired	0.46111524	0.46111524	0.0	0.0
chr1:12181054-12181554	ENSG00000028137	TNFRSF1B	chr1	12181054	12181554	12166990	+	14314	immune	method4_paired	0.45066267	0.45066267	0.0	0.0
chr1:12181820-12182320	ENSG00000028137	TNFRSF1B	chr1	12181820	12182320	12166990	+	15080	immune	method4_paired	0.46649095	0.46649095	0.0	0.0
chr1:12184178-12184678	ENSG00000011021	CLCN6	chr1	12184178	12184678	11806095	+	378333	immune	method4_paired	0.5597416	0.5597416	0.0	0.0
chr1:12184178-12184678	ENSG00000028137	TNFRSF1B	chr1	12184178	12184678	12166990	+	17438	immune	method4_paired	0.65367764	0.65367764	0.0	0.0
chr1:12184178-12184678	ENSG00000048707	VPS13D	chr1	12184178	12184678	12230029	+	45601	immune	method4_paired	0.5018492	0.5018492	0.0	0.0
chr1:12184178-12184678	ENSG00000083444	PLOD1	chr1	12184178	12184678	11934204	+	250224	immune	method4_paired	0.51205134	0.51205134	0.0	0.0
chr1:12184178-12184678	ENSG00000162496	DHRS3	chr1	12184178	12184678	12618209	-	433781	immune	method4_paired	0.5139418	0.5139418	0.0	0.0
chr1:12184178-12184678	ENSG00000177000	MTHFR	chr1	12184178	12184678	11806454	-	377974	immune	method4_paired	0.6381312	0.6381312	0.0	0.0
chr1:12184178-12184678	ENSG00000177674	AGTRAP	chr1	12184178	12184678	11736083	+	448345	immune	method4_paired	0.4952232	0.4952232	0.0	0.0
chr1:12184976-12185476	ENSG00000028137	TNFRSF1B	chr1	12184976	12185476	12166990	+	18236	immune	method4_paired	0.53579926	0.53579926	0.0	0.0
chr1:12184976-12185476	ENSG00000177000	MTHFR	chr1	12184976	12185476	11806454	-	378772	immune	method4_paired	0.48854467	0.48854467	0.0	0.0
chr1:12185773-12186273	ENSG00000028137	TNFRSF1B	chr1	12185773	12186273	12166990	+	19033	immune	method4_paired	0.5370542	0.5370542	0.0	0.0
chr1:12185773-12186273	ENSG00000162496	DHRS3	chr1	12185773	12186273	12618209	-	432186	immune	method4_paired	0.4697885	0.4697885	0.0	0.0
chr1:12194579-12195079	ENSG00000028137	TNFRSF1B	chr1	12194579	12195079	12166990	+	27839	immune	method4_paired	0.4867473	0.4867473	0.0	0.0
chr1:12194579-12195079	ENSG00000177000	MTHFR	chr1	12194579	12195079	11806454	-	388375	immune	method4_paired	0.4596198	0.4596198	0.0	0.0
chr1:12196590-12197090	ENSG00000011021	CLCN6	chr1	12196590	12197090	11806095	+	390745	immune	method4_paired	0.5121134	0.5121134	0.0	0.0
chr1:12196590-12197090	ENSG00000028137	TNFRSF1B	chr1	12196590	12197090	12166990	+	29850	immune	method4_paired	0.6404434	0.6404434	0.0	0.0
chr1:12196590-12197090	ENSG00000048707	VPS13D	chr1	12196590	12197090	12230029	+	33189	immune	method4_paired	0.47224092	0.47224092	0.0	0.0
chr1:12196590-12197090	ENSG00000083444	PLOD1	chr1	12196590	12197090	11934204	+	262636	immune	method4_paired	0.45500565	0.45500565	0.0	0.0
chr1:12196590-12197090	ENSG00000162496	DHRS3	chr1	12196590	12197090	12618209	-	421369	immune	method4_paired	0.4896754	0.4896754	0.0	0.0
chr1:12196590-12197090	ENSG00000177000	MTHFR	chr1	12196590	12197090	11806454	-	390386	immune	method4_paired	0.58759487	0.58759487	0.0	0.0
chr1:12196590-12197090	ENSG00000177674	AGTRAP	chr1	12196590	12197090	11736083	+	460757	immune	method4_paired	0.48125947	0.48125947	0.0	0.0
chr1:12210501-12211001	ENSG00000162496	DHRS3	chr1	12210501	12211001	12618209	-	407458	immune	method4_paired	-0.48909163	-0.48909163	0.0	0.0
chr1:12344453-12344953	ENSG00000028137	TNFRSF1B	chr1	12344453	12344953	12166990	+	177713	immune	method4_paired	0.53347504	0.53347504	0.0	0.0
chr1:12344453-12344953	ENSG00000048707	VPS13D	chr1	12344453	12344953	12230029	+	114674	immune	method4_paired	0.452027	0.452027	0.0	0.0
chr1:12376725-12377225	ENSG00000028137	TNFRSF1B	chr1	12376725	12377225	12166990	+	209985	immune	method4_paired	0.5220381	0.5220381	0.0	0.0
chr1:12380888-12381388	ENSG00000028137	TNFRSF1B	chr1	12380888	12381388	12166990	+	214148	immune	method4_paired	0.4857284	0.4857284	0.0	0.0
chr1:12381429-12381929	ENSG00000028137	TNFRSF1B	chr1	12381429	12381929	12166990	+	214689	immune	method4_paired	0.49609748	0.49609748	0.0	0.0
chr1:12510274-12510774	ENSG00000028137	TNFRSF1B	chr1	12510274	12510774	12166990	+	343534	immune	method4_paired	0.5443006	0.5443006	0.0	0.0
chr1:12510274-12510774	ENSG00000162496	DHRS3	chr1	12510274	12510774	12618209	-	107685	immune	method4_paired	0.5624022	0.5624022	0.0	0.0
chr1:12595820-12596320	ENSG00000028137	TNFRSF1B	chr1	12595820	12596320	12166990	+	429080	immune	method4_paired	0.45331123	0.45331123	0.0	0.0
chr1:12595820-12596320	ENSG00000162496	DHRS3	chr1	12595820	12596320	12618209	-	22139	immune	method4_paired	0.46301875	0.46301875	0.0	0.0
chr1:12596532-12597032	ENSG00000028137	TNFRSF1B	chr1	12596532	12597032	12166990	+	429792	immune	method4_paired	0.48706576	0.48706576	0.0	0.0
chr1:12596532-12597032	ENSG00000162496	DHRS3	chr1	12596532	12597032	12618209	-	21427	immune	method4_paired	0.4877203	0.4877203	0.0	0.0
chr1:12597720-12598220	ENSG00000028137	TNFRSF1B	chr1	12597720	12598220	12166990	+	430980	immune	method4_paired	0.47077537	0.47077537	0.0	0.0
chr1:12601916-12602416	ENSG00000162496	DHRS3	chr1	12601916	12602416	12618209	-	16043	immune	method4_paired	0.45717496	0.45717496	0.0	0.0
chr1:12604290-12604790	ENSG00000162496	DHRS3	chr1	12604290	12604790	12618209	-	13669	immune	method4_paired	0.47393456	0.47393456	0.0	0.0
chr1:12615591-12616091	ENSG00000028137	TNFRSF1B	chr1	12615591	12616091	12166990	+	448851	immune	method4_paired	0.57823634	0.57823634	0.0	0.0
chr1:12615591-12616091	ENSG00000048707	VPS13D	chr1	12615591	12616091	12230029	+	385812	immune	method4_paired	0.47129503	0.47129503	0.0	0.0
chr1:12615591-12616091	ENSG00000162496	DHRS3	chr1	12615591	12616091	12618209	-	2368	immune	method4_paired	0.5183053	0.5183053	0.0	0.0
chr1:12617509-12618009	ENSG00000162496	DHRS3	chr1	12617509	12618009	12618209	-	450	immune	method4_paired	0.5076544	0.5076544	0.0	0.0
chr1:12618125-12618625	ENSG00000028137	TNFRSF1B	chr1	12618125	12618625	12166990	+	451385	immune	method4_paired	0.49853975	0.49853975	0.0	0.0
chr1:12618125-12618625	ENSG00000162496	DHRS3	chr1	12618125	12618625	12618209	-	166	immune	method4_paired	0.60629606	0.60629606	0.0	0.0
chr1:12618946-12619446	ENSG00000162496	DHRS3	chr1	12618946	12619446	12618209	-	987	immune	method4_paired	0.503302	0.503302	0.0	0.0
chr1:12619775-12620275	ENSG00000162496	DHRS3	chr1	12619775	12620275	12618209	-	1816	immune	method4_paired	0.5085964	0.5085964	0.0	0.0
chr1:13667732-13668232	ENSG00000116731	PRDM2	chr1	13667732	13668232	13700187	+	32205	immune	method4_paired	0.6281311	0.6281311	0.0	0.0
chr1:13713517-13714017	ENSG00000116731	PRDM2	chr1	13713517	13714017	13700187	+	13580	immune	method4_paired	0.46765518	0.46765518	0.0	0.0
chr1:15016435-15016935	ENSG00000142621	FHAD1	chr1	15016435	15016935	15236520	+	219835	immune	method4_paired	0.537834	0.537834	0.0	0.0
chr1:15016435-15016935	ENSG00000171729	TMEM51	chr1	15016435	15016935	15152531	+	135846	immune	method4_paired	0.52811676	0.52811676	0.0	0.0
chr1:15112177-15112677	ENSG00000142621	FHAD1	chr1	15112177	15112677	15236520	+	124093	immune	method4_paired	0.633366	0.633366	0.0	0.0
chr1:15112177-15112677	ENSG00000171729	TMEM51	chr1	15112177	15112677	15152531	+	40104	immune	method4_paired	0.6313229	0.6313229	0.0	0.0
chr1:15128435-15128935	ENSG00000142621	FHAD1	chr1	15128435	15128935	15236520	+	107835	immune	method4_paired	0.56320226	0.56320226	0.0	0.0
chr1:15128435-15128935	ENSG00000171729	TMEM51	chr1	15128435	15128935	15152531	+	23846	immune	method4_paired	0.6219702	0.6219702	0.0	0.0
chr1:15135568-15136068	ENSG00000142621	FHAD1	chr1	15135568	15136068	15236520	+	100702	immune	method4_paired	0.4942474	0.4942474	0.0	0.0
chr1:15135568-15136068	ENSG00000171729	TMEM51	chr1	15135568	15136068	15152531	+	16713	immune	method4_paired	0.4530601	0.4530601	0.0	0.0
chr1:15137503-15138003	ENSG00000142621	FHAD1	chr1	15137503	15138003	15236520	+	98767	immune	method4_paired	0.49889362	0.49889362	0.0	0.0
chr1:15137503-15138003	ENSG00000171729	TMEM51	chr1	15137503	15138003	15152531	+	14778	immune	method4_paired	0.49533868	0.49533868	0.0	0.0
chr1:15138119-15138619	ENSG00000142621	FHAD1	chr1	15138119	15138619	15236520	+	98151	immune	method4_paired	0.4615077	0.4615077	0.0	0.0
chr1:15141746-15142246	ENSG00000142621	FHAD1	chr1	15141746	15142246	15236520	+	94524	immune	method4_paired	0.543041	0.543041	0.0	0.0
chr1:15141746-15142246	ENSG00000171729	TMEM51	chr1	15141746	15142246	15152531	+	10535	immune	method4_paired	0.54505366	0.54505366	0.0	0.0
chr1:15142836-15143336	ENSG00000142621	FHAD1	chr1	15142836	15143336	15236520	+	93434	immune	method4_paired	0.6308956	0.6308956	0.0	0.0
chr1:15142836-15143336	ENSG00000171729	TMEM51	chr1	15142836	15143336	15152531	+	9445	immune	method4_paired	0.57380074	0.57380074	0.0	0.0
chr1:15146877-15147377	ENSG00000142621	FHAD1	chr1	15146877	15147377	15236520	+	89393	immune	method4_paired	0.5487258	0.5487258	0.0	0.0
chr1:15146877-15147377	ENSG00000171729	TMEM51	chr1	15146877	15147377	15152531	+	5404	immune	method4_paired	0.5654471	0.5654471	0.0	0.0
chr1:15152510-15153010	ENSG00000142621	FHAD1	chr1	15152510	15153010	15236520	+	83760	immune	method4_paired	0.64669317	0.64669317	0.0	0.0
chr1:15152510-15153010	ENSG00000142634	EFHD2	chr1	15152510	15153010	15409887	+	257127	immune	method4_paired	0.516366	0.516366	0.0	0.0
chr1:15152510-15153010	ENSG00000171729	TMEM51	chr1	15152510	15153010	15152531	+	229	immune	method4_paired	0.7316985	0.7316985	0.0	0.0
chr1:15152510-15153010	ENSG00000197312	DDI2	chr1	15152510	15153010	15617457	+	464697	immune	method4_paired	0.4645737	0.4645737	0.0	0.0
chr1:15153440-15153940	ENSG00000142621	FHAD1	chr1	15153440	15153940	15236520	+	82830	immune	method4_paired	0.68043196	0.68043196	0.0	0.0
chr1:15153440-15153940	ENSG00000142634	EFHD2	chr1	15153440	15153940	15409887	+	256197	immune	method4_paired	0.54807574	0.54807574	0.0	0.0
chr1:15153440-15153940	ENSG00000171729	TMEM51	chr1	15153440	15153940	15152531	+	1159	immune	method4_paired	0.765718	0.765718	0.0	0.0
chr1:15153440-15153940	ENSG00000197312	DDI2	chr1	15153440	15153940	15617457	+	463767	immune	method4_paired	0.47671083	0.47671083	0.0	0.0
chr1:15153963-15154463	ENSG00000142621	FHAD1	chr1	15153963	15154463	15236520	+	82307	immune	method4_paired	0.5250234	0.5250234	0.0	0.0
chr1:15153963-15154463	ENSG00000142634	EFHD2	chr1	15153963	15154463	15409887	+	255674	immune	method4_paired	0.4738047	0.4738047	0.0	0.0
chr1:15153963-15154463	ENSG00000171729	TMEM51	chr1	15153963	15154463	15152531	+	1682	immune	method4_paired	0.63264865	0.63264865	0.0	0.0
chr1:15154564-15155064	ENSG00000142621	FHAD1	chr1	15154564	15155064	15236520	+	81706	immune	method4_paired	0.4780591	0.4780591	0.0	0.0
chr1:15154564-15155064	ENSG00000171729	TMEM51	chr1	15154564	15155064	15152531	+	2283	immune	method4_paired	0.5742661	0.5742661	0.0	0.0
chr1:15168332-15168832	ENSG00000142621	FHAD1	chr1	15168332	15168832	15236520	+	67938	immune	method4_paired	0.5161292	0.5161292	0.0	0.0
chr1:15168332-15168832	ENSG00000171729	TMEM51	chr1	15168332	15168832	15152531	+	16051	immune	method4_paired	0.53890884	0.53890884	0.0	0.0
chr1:15172337-15172837	ENSG00000142621	FHAD1	chr1	15172337	15172837	15236520	+	63933	immune	method4_paired	0.47588807	0.47588807	0.0	0.0
chr1:15172337-15172837	ENSG00000171729	TMEM51	chr1	15172337	15172837	15152531	+	20056	immune	method4_paired	0.48560286	0.48560286	0.0	0.0
chr1:15179102-15179602	ENSG00000171729	TMEM51	chr1	15179102	15179602	15152531	+	26821	immune	method4_paired	0.49848768	0.49848768	0.0	0.0
chr1:15224233-15224733	ENSG00000116786	PLEKHM2	chr1	15224233	15224733	15684319	+	459836	immune	method4_paired	0.57994246	0.57994246	0.0	0.0
chr1:15224233-15224733	ENSG00000142621	FHAD1	chr1	15224233	15224733	15236520	+	12037	immune	method4_paired	0.68394345	0.68394345	0.0	0.0
chr1:15224233-15224733	ENSG00000142634	EFHD2	chr1	15224233	15224733	15409887	+	185404	immune	method4_paired	0.453993	0.453993	0.0	0.0
chr1:15224233-15224733	ENSG00000171729	TMEM51	chr1	15224233	15224733	15152531	+	71952	immune	method4_paired	0.663122	0.663122	0.0	0.0
chr1:15224233-15224733	ENSG00000197312	DDI2	chr1	15224233	15224733	15617457	+	392974	immune	method4_paired	0.45981422	0.45981422	0.0	0.0
chr1:15224814-15225314	ENSG00000116786	PLEKHM2	chr1	15224814	15225314	15684319	+	459255	immune	method4_paired	0.5167717	0.5167717	0.0	0.0
chr1:15224814-15225314	ENSG00000142621	FHAD1	chr1	15224814	15225314	15236520	+	11456	immune	method4_paired	0.57611495	0.57611495	0.0	0.0
chr1:15224814-15225314	ENSG00000171729	TMEM51	chr1	15224814	15225314	15152531	+	72533	immune	method4_paired	0.59942013	0.59942013	0.0	0.0
chr1:15231612-15232112	ENSG00000116786	PLEKHM2	chr1	15231612	15232112	15684319	+	452457	immune	method4_paired	0.4766241	0.4766241	0.0	0.0
chr1:15231612-15232112	ENSG00000142621	FHAD1	chr1	15231612	15232112	15236520	+	4658	immune	method4_paired	0.5323389	0.5323389	0.0	0.0
chr1:15231612-15232112	ENSG00000171729	TMEM51	chr1	15231612	15232112	15152531	+	79331	immune	method4_paired	0.6213129	0.6213129	0.0	0.0
chr1:15245877-15246377	ENSG00000116786	PLEKHM2	chr1	15245877	15246377	15684319	+	438192	immune	method4_paired	0.56199676	0.56199676	0.0	0.0
chr1:15245877-15246377	ENSG00000142621	FHAD1	chr1	15245877	15246377	15236520	+	9607	immune	method4_paired	0.7178418	0.7178418	0.0	0.0
chr1:15245877-15246377	ENSG00000171729	TMEM51	chr1	15245877	15246377	15152531	+	93596	immune	method4_paired	0.6811092	0.6811092	0.0	0.0
chr1:15245877-15246377	ENSG00000197312	DDI2	chr1	15245877	15246377	15617457	+	371330	immune	method4_paired	0.46300316	0.46300316	0.0	0.0
chr1:15246944-15247444	ENSG00000116786	PLEKHM2	chr1	15246944	15247444	15684319	+	437125	immune	method4_paired	0.45922506	0.45922506	0.0	0.0
chr1:15246944-15247444	ENSG00000142621	FHAD1	chr1	15246944	15247444	15236520	+	10674	immune	method4_paired	0.53581667	0.53581667	0.0	0.0
chr1:15246944-15247444	ENSG00000171729	TMEM51	chr1	15246944	15247444	15152531	+	94663	immune	method4_paired	0.5589926	0.5589926	0.0	0.0
chr1:15247590-15248090	ENSG00000142621	FHAD1	chr1	15247590	15248090	15236520	+	11320	immune	method4_paired	0.5344274	0.5344274	0.0	0.0
chr1:15247590-15248090	ENSG00000171729	TMEM51	chr1	15247590	15248090	15152531	+	95309	immune	method4_paired	0.52980494	0.52980494	0.0	0.0
chr1:15257366-15257866	ENSG00000116786	PLEKHM2	chr1	15257366	15257866	15684319	+	426703	immune	method4_paired	0.48810732	0.48810732	0.0	0.0
chr1:15257366-15257866	ENSG00000142621	FHAD1	chr1	15257366	15257866	15236520	+	21096	immune	method4_paired	0.63055307	0.63055307	0.0	0.0
chr1:15257366-15257866	ENSG00000171729	TMEM51	chr1	15257366	15257866	15152531	+	105085	immune	method4_paired	0.5980996	0.5980996	0.0	0.0
chr1:15258126-15258626	ENSG00000116786	PLEKHM2	chr1	15258126	15258626	15684319	+	425943	immune	method4_paired	0.5791691	0.5791691	0.0	0.0
chr1:15258126-15258626	ENSG00000142621	FHAD1	chr1	15258126	15258626	15236520	+	21856	immune	method4_paired	0.6566663	0.6566663	0.0	0.0
chr1:15258126-15258626	ENSG00000142634	EFHD2	chr1	15258126	15258626	15409887	+	151511	immune	method4_paired	0.47734082	0.47734082	0.0	0.0
chr1:15258126-15258626	ENSG00000171729	TMEM51	chr1	15258126	15258626	15152531	+	105845	immune	method4_paired	0.64537	0.64537	0.0	0.0
chr1:15258770-15259270	ENSG00000116786	PLEKHM2	chr1	15258770	15259270	15684319	+	425299	immune	method4_paired	0.6030325	0.6030325	0.0	0.0
chr1:15258770-15259270	ENSG00000142621	FHAD1	chr1	15258770	15259270	15236520	+	22500	immune	method4_paired	0.76148045	0.76148045	0.0	0.0
chr1:15258770-15259270	ENSG00000171729	TMEM51	chr1	15258770	15259270	15152531	+	106489	immune	method4_paired	0.7105845	0.7105845	0.0	0.0
chr1:15258770-15259270	ENSG00000197312	DDI2	chr1	15258770	15259270	15617457	+	358437	immune	method4_paired	0.48793942	0.48793942	0.0	0.0
chr1:15259504-15260004	ENSG00000116786	PLEKHM2	chr1	15259504	15260004	15684319	+	424565	immune	method4_paired	0.4692838	0.4692838	0.0	0.0
chr1:15259504-15260004	ENSG00000142621	FHAD1	chr1	15259504	15260004	15236520	+	23234	immune	method4_paired	0.57024735	0.57024735	0.0	0.0
chr1:15259504-15260004	ENSG00000171729	TMEM51	chr1	15259504	15260004	15152531	+	107223	immune	method4_paired	0.55443996	0.55443996	0.0	0.0
chr1:15260245-15260745	ENSG00000116786	PLEKHM2	chr1	15260245	15260745	15684319	+	423824	immune	method4_paired	0.53978133	0.53978133	0.0	0.0
chr1:15260245-15260745	ENSG00000142621	FHAD1	chr1	15260245	15260745	15236520	+	23975	immune	method4_paired	0.5960891	0.5960891	0.0	0.0
chr1:15260245-15260745	ENSG00000171729	TMEM51	chr1	15260245	15260745	15152531	+	107964	immune	method4_paired	0.5773591	0.5773591	0.0	0.0
chr1:15261109-15261609	ENSG00000116786	PLEKHM2	chr1	15261109	15261609	15684319	+	422960	immune	method4_paired	0.64680034	0.64680034	0.0	0.0
chr1:15261109-15261609	ENSG00000142621	FHAD1	chr1	15261109	15261609	15236520	+	24839	immune	method4_paired	0.7512997	0.7512997	0.0	0.0
chr1:15261109-15261609	ENSG00000142634	EFHD2	chr1	15261109	15261609	15409887	+	148528	immune	method4_paired	0.4982467	0.4982467	0.0	0.0
chr1:15261109-15261609	ENSG00000171729	TMEM51	chr1	15261109	15261609	15152531	+	108828	immune	method4_paired	0.7420666	0.7420666	0.0	0.0
chr1:15261109-15261609	ENSG00000197312	DDI2	chr1	15261109	15261609	15617457	+	356098	immune	method4_paired	0.5113337	0.5113337	0.0	0.0
chr1:15261966-15262466	ENSG00000116786	PLEKHM2	chr1	15261966	15262466	15684319	+	422103	immune	method4_paired	0.48107135	0.48107135	0.0	0.0
chr1:15261966-15262466	ENSG00000142621	FHAD1	chr1	15261966	15262466	15236520	+	25696	immune	method4_paired	0.4960324	0.4960324	0.0	0.0
chr1:15261966-15262466	ENSG00000171729	TMEM51	chr1	15261966	15262466	15152531	+	109685	immune	method4_paired	0.5220375	0.5220375	0.0	0.0
chr1:15262635-15263135	ENSG00000116786	PLEKHM2	chr1	15262635	15263135	15684319	+	421434	immune	method4_paired	0.51254773	0.51254773	0.0	0.0
chr1:15262635-15263135	ENSG00000142621	FHAD1	chr1	15262635	15263135	15236520	+	26365	immune	method4_paired	0.6519117	0.6519117	0.0	0.0
chr1:15262635-15263135	ENSG00000171729	TMEM51	chr1	15262635	15263135	15152531	+	110354	immune	method4_paired	0.587225	0.587225	0.0	0.0
chr1:15265300-15265800	ENSG00000142621	FHAD1	chr1	15265300	15265800	15236520	+	29030	immune	method4_paired	0.50630176	0.50630176	0.0	0.0
chr1:15265300-15265800	ENSG00000171729	TMEM51	chr1	15265300	15265800	15152531	+	113019	immune	method4_paired	0.508085	0.508085	0.0	0.0
chr1:15266231-15266731	ENSG00000142621	FHAD1	chr1	15266231	15266731	15236520	+	29961	immune	method4_paired	0.492459	0.492459	0.0	0.0
chr1:15266231-15266731	ENSG00000171729	TMEM51	chr1	15266231	15266731	15152531	+	113950	immune	method4_paired	0.4760576	0.4760576	0.0	0.0
chr1:15272433-15272933	ENSG00000116786	PLEKHM2	chr1	15272433	15272933	15684319	+	411636	immune	method4_paired	0.5618765	0.5618765	0.0	0.0
chr1:15272433-15272933	ENSG00000142621	FHAD1	chr1	15272433	15272933	15236520	+	36163	immune	method4_paired	0.5894422	0.5894422	0.0	0.0
chr1:15272433-15272933	ENSG00000142634	EFHD2	chr1	15272433	15272933	15409887	+	137204	immune	method4_paired	0.46423906	0.46423906	0.0	0.0
chr1:15272433-15272933	ENSG00000171729	TMEM51	chr1	15272433	15272933	15152531	+	120152	immune	method4_paired	0.6330345	0.6330345	0.0	0.0
chr1:15275856-15276356	ENSG00000116786	PLEKHM2	chr1	15275856	15276356	15684319	+	408213	immune	method4_paired	0.5732966	0.5732966	0.0	0.0
chr1:15275856-15276356	ENSG00000142621	FHAD1	chr1	15275856	15276356	15236520	+	39586	immune	method4_paired	0.76755303	0.76755303	0.0	0.0
chr1:15275856-15276356	ENSG00000171729	TMEM51	chr1	15275856	15276356	15152531	+	123575	immune	method4_paired	0.69933474	0.69933474	0.0	0.0
chr1:15275856-15276356	ENSG00000197312	DDI2	chr1	15275856	15276356	15617457	+	341351	immune	method4_paired	0.46330434	0.46330434	0.0	0.0
chr1:15276676-15277176	ENSG00000171729	TMEM51	chr1	15276676	15277176	15152531	+	124395	immune	method4_paired	0.46675926	0.46675926	0.0	0.0
chr1:15277465-15277965	ENSG00000116786	PLEKHM2	chr1	15277465	15277965	15684319	+	406604	immune	method4_paired	0.45720643	0.45720643	0.0	0.0
chr1:15277465-15277965	ENSG00000142621	FHAD1	chr1	15277465	15277965	15236520	+	41195	immune	method4_paired	0.63080305	0.63080305	0.0	0.0
chr1:15277465-15277965	ENSG00000171729	TMEM51	chr1	15277465	15277965	15152531	+	125184	immune	method4_paired	0.57053685	0.57053685	0.0	0.0
chr1:15296951-15297451	ENSG00000142621	FHAD1	chr1	15296951	15297451	15236520	+	60681	immune	method4_paired	0.46368816	0.46368816	0.0	0.0
chr1:15324234-15324734	ENSG00000142621	FHAD1	chr1	15324234	15324734	15236520	+	87964	immune	method4_paired	0.48068973	0.48068973	0.0	0.0
chr1:15324234-15324734	ENSG00000171729	TMEM51	chr1	15324234	15324734	15152531	+	171953	immune	method4_paired	0.4515591	0.4515591	0.0	0.0
chr1:15328771-15329271	ENSG00000116786	PLEKHM2	chr1	15328771	15329271	15684319	+	355298	immune	method4_paired	0.53463995	0.53463995	0.0	0.0
chr1:15328771-15329271	ENSG00000142621	FHAD1	chr1	15328771	15329271	15236520	+	92501	immune	method4_paired	0.7133114	0.7133114	0.0	0.0
chr1:15328771-15329271	ENSG00000171729	TMEM51	chr1	15328771	15329271	15152531	+	176490	immune	method4_paired	0.68048674	0.68048674	0.0	0.0
chr1:15329390-15329890	ENSG00000142621	FHAD1	chr1	15329390	15329890	15236520	+	93120	immune	method4_paired	0.45856076	0.45856076	0.0	0.0
chr1:15329390-15329890	ENSG00000171729	TMEM51	chr1	15329390	15329890	15152531	+	177109	immune	method4_paired	0.4874705	0.4874705	0.0	0.0
chr1:15377177-15377677	ENSG00000142621	FHAD1	chr1	15377177	15377677	15236520	+	140907	immune	method4_paired	0.486598	0.486598	0.0	0.0
chr1:15377177-15377677	ENSG00000171729	TMEM51	chr1	15377177	15377677	15152531	+	224896	immune	method4_paired	0.45384663	0.45384663	0.0	0.0
chr1:15386440-15386940	ENSG00000142621	FHAD1	chr1	15386440	15386940	15236520	+	150170	immune	method4_paired	0.4563613	0.4563613	0.0	0.0
chr1:15386440-15386940	ENSG00000171729	TMEM51	chr1	15386440	15386940	15152531	+	234159	immune	method4_paired	0.463584	0.463584	0.0	0.0
chr1:15411592-15412092	ENSG00000116786	PLEKHM2	chr1	15411592	15412092	15684319	+	272477	immune	method4_paired	0.51075554	0.51075554	0.0	0.0
chr1:15411592-15412092	ENSG00000142621	FHAD1	chr1	15411592	15412092	15236520	+	175322	immune	method4_paired	0.53603536	0.53603536	0.0	0.0
chr1:15411592-15412092	ENSG00000171729	TMEM51	chr1	15411592	15412092	15152531	+	259311	immune	method4_paired	0.49909207	0.49909207	0.0	0.0
chr1:15415894-15416394	ENSG00000116786	PLEKHM2	chr1	15415894	15416394	15684319	+	268175	immune	method4_paired	0.57184714	0.57184714	0.0	0.0
chr1:15415894-15416394	ENSG00000142621	FHAD1	chr1	15415894	15416394	15236520	+	179624	immune	method4_paired	0.683086	0.683086	0.0	0.0
chr1:15415894-15416394	ENSG00000171729	TMEM51	chr1	15415894	15416394	15152531	+	263613	immune	method4_paired	0.64699036	0.64699036	0.0	0.0
chr1:15415894-15416394	ENSG00000197312	DDI2	chr1	15415894	15416394	15617457	+	201313	immune	method4_paired	0.48955002	0.48955002	0.0	0.0
chr1:15417442-15417942	ENSG00000142621	FHAD1	chr1	15417442	15417942	15236520	+	181172	immune	method4_paired	0.59908724	0.59908724	0.0	0.0
chr1:15417442-15417942	ENSG00000171729	TMEM51	chr1	15417442	15417942	15152531	+	265161	immune	method4_paired	0.56107765	0.56107765	0.0	0.0
chr1:15421527-15422027	ENSG00000116786	PLEKHM2	chr1	15421527	15422027	15684319	+	262542	immune	method4_paired	0.5363257	0.5363257	0.0	0.0
chr1:15421527-15422027	ENSG00000142621	FHAD1	chr1	15421527	15422027	15236520	+	185257	immune	method4_paired	0.62493813	0.62493813	0.0	0.0
chr1:15421527-15422027	ENSG00000142634	EFHD2	chr1	15421527	15422027	15409887	+	11890	immune	method4_paired	0.45666385	0.45666385	0.0	0.0
chr1:15421527-15422027	ENSG00000171729	TMEM51	chr1	15421527	15422027	15152531	+	269246	immune	method4_paired	0.6468531	0.6468531	0.0	0.0
chr1:15429669-15430169	ENSG00000142621	FHAD1	chr1	15429669	15430169	15236520	+	193399	immune	method4_paired	0.47569153	0.47569153	0.0	0.0
chr1:15429669-15430169	ENSG00000171729	TMEM51	chr1	15429669	15430169	15152531	+	277388	immune	method4_paired	0.4670518	0.4670518	0.0	0.0
chr1:15432340-15432840	ENSG00000171729	TMEM51	chr1	15432340	15432840	15152531	+	280059	immune	method4_paired	0.46795565	0.46795565	0.0	0.0
chr1:15434681-15435181	ENSG00000116786	PLEKHM2	chr1	15434681	15435181	15684319	+	249388	immune	method4_paired	0.55820316	0.55820316	0.0	0.0
chr1:15434681-15435181	ENSG00000142621	FHAD1	chr1	15434681	15435181	15236520	+	198411	immune	method4_paired	0.69249237	0.69249237	0.0	0.0
chr1:15434681-15435181	ENSG00000142634	EFHD2	chr1	15434681	15435181	15409887	+	25044	immune	method4_paired	0.4663815	0.4663815	0.0	0.0
chr1:15434681-15435181	ENSG00000171729	TMEM51	chr1	15434681	15435181	15152531	+	282400	immune	method4_paired	0.6741184	0.6741184	0.0	0.0
chr1:15579612-15580112	ENSG00000171729	TMEM51	chr1	15579612	15580112	15152531	+	427331	immune	method4_paired	0.4543836	0.4543836	0.0	0.0
chr1:15616639-15617139	ENSG00000142621	FHAD1	chr1	15616639	15617139	15236520	+	380369	immune	method4_paired	0.45052558	0.45052558	0.0	0.0
chr1:15616639-15617139	ENSG00000171729	TMEM51	chr1	15616639	15617139	15152531	+	464358	immune	method4_paired	0.51565254	0.51565254	0.0	0.0
chr1:15618665-15619165	ENSG00000142621	FHAD1	chr1	15618665	15619165	15236520	+	382395	immune	method4_paired	0.5137428	0.5137428	0.0	0.0
chr1:15618665-15619165	ENSG00000171729	TMEM51	chr1	15618665	15619165	15152531	+	466384	immune	method4_paired	0.53640026	0.53640026	0.0	0.0
chr1:15626224-15626724	ENSG00000116786	PLEKHM2	chr1	15626224	15626724	15684319	+	57845	immune	method4_paired	0.5195892	0.5195892	0.0	0.0
chr1:15626224-15626724	ENSG00000142621	FHAD1	chr1	15626224	15626724	15236520	+	389954	immune	method4_paired	0.65740216	0.65740216	0.0	0.0
chr1:15626224-15626724	ENSG00000171729	TMEM51	chr1	15626224	15626724	15152531	+	473943	immune	method4_paired	0.6046032	0.6046032	0.0	0.0
chr1:15656936-15657436	ENSG00000142621	FHAD1	chr1	15656936	15657436	15236520	+	420666	immune	method4_paired	0.4772415	0.4772415	0.0	0.0
chr1:15674770-15675270	ENSG00000116786	PLEKHM2	chr1	15674770	15675270	15684319	+	9299	immune	method4_paired	0.5081799	0.5081799	0.0	0.0
chr1:15674770-15675270	ENSG00000142621	FHAD1	chr1	15674770	15675270	15236520	+	438500	immune	method4_paired	0.56563795	0.56563795	0.0	0.0
chr1:15675993-15676493	ENSG00000116786	PLEKHM2	chr1	15675993	15676493	15684319	+	8076	immune	method4_paired	0.46805054	0.46805054	0.0	0.0
chr1:15675993-15676493	ENSG00000142621	FHAD1	chr1	15675993	15676493	15236520	+	439723	immune	method4_paired	0.47873926	0.47873926	0.0	0.0
chr1:15680642-15681142	ENSG00000116786	PLEKHM2	chr1	15680642	15681142	15684319	+	3427	immune	method4_paired	0.46033186	0.46033186	0.0	0.0
chr1:15680642-15681142	ENSG00000142621	FHAD1	chr1	15680642	15681142	15236520	+	444372	immune	method4_paired	0.5031393	0.5031393	0.0	0.0
chr1:15682226-15682726	ENSG00000116786	PLEKHM2	chr1	15682226	15682726	15684319	+	1843	immune	method4_paired	0.60591954	0.60591954	0.0	0.0
chr1:15682226-15682726	ENSG00000142621	FHAD1	chr1	15682226	15682726	15236520	+	445956	immune	method4_paired	0.6456089	0.6456089	0.0	0.0
chr1:15682226-15682726	ENSG00000197312	DDI2	chr1	15682226	15682726	15617457	+	65019	immune	method4_paired	0.5120427	0.5120427	0.0	0.0
chr1:15684551-15685051	ENSG00000142621	FHAD1	chr1	15684551	15685051	15236520	+	448281	immune	method4_paired	0.48318142	0.48318142	0.0	0.0
chr1:15703504-15704004	ENSG00000116786	PLEKHM2	chr1	15703504	15704004	15684319	+	19435	immune	method4_paired	0.46291885	0.46291885	0.0	0.0
chr1:15703504-15704004	ENSG00000142621	FHAD1	chr1	15703504	15704004	15236520	+	467234	immune	method4_paired	0.5240122	0.5240122	0.0	0.0
chr1:15780658-15781158	ENSG00000116786	PLEKHM2	chr1	15780658	15781158	15684319	+	96589	immune	method4_paired	0.57971174	0.57971174	0.0	0.0
chr1:15780658-15781158	ENSG00000142634	EFHD2	chr1	15780658	15781158	15409887	+	371021	immune	method4_paired	0.47029102	0.47029102	0.0	0.0
chr1:15885650-15886150	ENSG00000116786	PLEKHM2	chr1	15885650	15886150	15684319	+	201581	immune	method4_paired	0.54055613	0.54055613	0.0	0.0
chr1:15885650-15886150	ENSG00000142634	EFHD2	chr1	15885650	15886150	15409887	+	476013	immune	method4_paired	0.45208788	0.45208788	0.0	0.0
chr1:15886241-15886741	ENSG00000037637	FBXO42	chr1	15886241	15886741	16352479	-	465988	immune	method4_paired	0.48122743	0.48122743	0.0	0.0
chr1:15886241-15886741	ENSG00000116786	PLEKHM2	chr1	15886241	15886741	15684319	+	202172	immune	method4_paired	0.62219733	0.62219733	0.0	0.0
chr1:15886241-15886741	ENSG00000132906	CASP9	chr1	15886241	15886741	15526533	-	359958	immune	method4_paired	0.4535994	0.4535994	0.0	0.0
chr1:15886241-15886741	ENSG00000142634	EFHD2	chr1	15886241	15886741	15409887	+	476604	immune	method4_paired	0.4637321	0.4637321	0.0	0.0
chr1:15886241-15886741	ENSG00000197312	DDI2	chr1	15886241	15886741	15617457	+	269034	immune	method4_paired	0.53528434	0.53528434	0.0	0.0
chr1:16173037-16173537	ENSG00000219481	NBPF1	chr1	16173037	16173537	16613561	-	440274	immune	method4_paired	0.48217782	0.48217782	0.0	0.0
chr1:16293495-16293995	ENSG00000219481	NBPF1	chr1	16293495	16293995	16613561	-	319816	immune	method4_paired	0.5111705	0.5111705	0.0	0.0
chr1:16318518-16319018	ENSG00000219481	NBPF1	chr1	16318518	16319018	16613561	-	294793	immune	method4_paired	0.5430093	0.5430093	0.0	0.0
chr1:16438843-16439343	ENSG00000219481	NBPF1	chr1	16438843	16439343	16613561	-	174468	immune	method4_paired	0.4662288	0.4662288	0.0	0.0
chr1:16442150-16442650	ENSG00000157191	NECAP2	chr1	16442150	16442650	16440720	+	1680	immune	method4_paired	0.45761883	0.45761883	0.0	0.0
chr1:16442150-16442650	ENSG00000219481	NBPF1	chr1	16442150	16442650	16613561	-	171161	immune	method4_paired	0.5615928	0.5615928	0.0	0.0
chr1:16443873-16444373	ENSG00000219481	NBPF1	chr1	16443873	16444373	16613561	-	169438	immune	method4_paired	0.54450214	0.54450214	0.0	0.0
chr1:16444413-16444913	ENSG00000037637	FBXO42	chr1	16444413	16444913	16352479	-	92184	immune	method4_paired	0.46318468	0.46318468	0.0	0.0
chr1:16444413-16444913	ENSG00000157191	NECAP2	chr1	16444413	16444913	16440720	+	3943	immune	method4_paired	0.4677861	0.4677861	0.0	0.0
chr1:16444413-16444913	ENSG00000219481	NBPF1	chr1	16444413	16444913	16613561	-	168898	immune	method4_paired	0.57415295	0.57415295	0.0	0.0
chr1:16612442-16612942	ENSG00000219481	NBPF1	chr1	16612442	16612942	16613561	-	869	immune	method4_paired	0.46919528	0.46919528	0.0	0.0
chr1:16613370-16613870	ENSG00000219481	NBPF1	chr1	16613370	16613870	16613561	-	59	immune	method4_paired	0.4704811	0.4704811	0.0	0.0
chr1:16620959-16621459	ENSG00000117115	PADI2	chr1	16620959	16621459	17119450	-	498241	immune	method4_paired	0.45135632	0.45135632	0.0	0.0
chr1:16620959-16621459	ENSG00000219481	NBPF1	chr1	16620959	16621459	16613561	-	7648	immune	method4_paired	0.6164864	0.6164864	0.0	0.0
chr1:16889236-16889736	ENSG00000219481	NBPF1	chr1	16889236	16889736	16613561	-	275925	immune	method4_paired	0.51912045	0.51912045	0.0	0.0
chr1:17009639-17010139	ENSG00000219481	NBPF1	chr1	17009639	17010139	16613561	-	396328	immune	method4_paired	0.4521912	0.4521912	0.0	0.0
chr1:17018818-17019318	ENSG00000058453	CROCC	chr1	17018818	17019318	16740272	+	278796	immune	method4_paired	0.4775039	0.4775039	0.0	0.0
chr1:17023139-17023639	ENSG00000219481	NBPF1	chr1	17023139	17023639	16613561	-	409828	immune	method4_paired	0.5129069	0.5129069	0.0	0.0
chr1:17030248-17030748	ENSG00000219481	NBPF1	chr1	17030248	17030748	16613561	-	416937	immune	method4_paired	0.48174334	0.48174334	0.0	0.0
chr1:17045064-17045564	ENSG00000074964	ARHGEF10L	chr1	17045064	17045564	17539697	+	494383	immune	method4_paired	0.6576032	0.6576032	0.0	0.0
chr1:17045064-17045564	ENSG00000117118	SDHB	chr1	17045064	17045564	17054031	-	8717	immune	method4_paired	0.4658192	0.4658192	0.0	0.0
chr1:17045064-17045564	ENSG00000219481	NBPF1	chr1	17045064	17045564	16613561	-	431753	immune	method4_paired	0.56956166	0.56956166	0.0	0.0
chr1:17060418-17060918	ENSG00000074964	ARHGEF10L	chr1	17060418	17060918	17539697	+	479029	immune	method4_paired	0.45032084	0.45032084	0.0	0.0
chr1:17065619-17066119	ENSG00000074964	ARHGEF10L	chr1	17065619	17066119	17539697	+	473828	immune	method4_paired	0.551317	0.551317	0.0	0.0
chr1:17065619-17066119	ENSG00000219481	NBPF1	chr1	17065619	17066119	16613561	-	452308	immune	method4_paired	0.4779377	0.4779377	0.0	0.0
chr1:17066926-17067426	ENSG00000074964	ARHGEF10L	chr1	17066926	17067426	17539697	+	472521	immune	method4_paired	0.47400287	0.47400287	0.0	0.0
chr1:17066926-17067426	ENSG00000219481	NBPF1	chr1	17066926	17067426	16613561	-	453615	immune	method4_paired	0.57256943	0.57256943	0.0	0.0
chr1:17119289-17119789	ENSG00000074964	ARHGEF10L	chr1	17119289	17119789	17539697	+	420158	immune	method4_paired	0.45502502	0.45502502	0.0	0.0
chr1:17119289-17119789	ENSG00000117115	PADI2	chr1	17119289	17119789	17119450	-	89	immune	method4_paired	0.49611774	0.49611774	0.0	0.0
chr1:17125734-17126234	ENSG00000074964	ARHGEF10L	chr1	17125734	17126234	17539697	+	413713	immune	method4_paired	0.51771253	0.51771253	0.0	0.0
chr1:17128301-17128801	ENSG00000074964	ARHGEF10L	chr1	17128301	17128801	17539697	+	411146	immune	method4_paired	0.46027175	0.46027175	0.0	0.0
chr1:17141747-17142247	ENSG00000074964	ARHGEF10L	chr1	17141747	17142247	17539697	+	397700	immune	method4_paired	0.6102749	0.6102749	0.0	0.0
chr1:17161243-17161743	ENSG00000074964	ARHGEF10L	chr1	17161243	17161743	17539697	+	378204	immune	method4_paired	0.48467836	0.48467836	0.0	0.0
chr1:17206973-17207473	ENSG00000074964	ARHGEF10L	chr1	17206973	17207473	17539697	+	332474	immune	method4_paired	0.5718719	0.5718719	0.0	0.0
chr1:17276504-17277004	ENSG00000074964	ARHGEF10L	chr1	17276504	17277004	17539697	+	262943	immune	method4_paired	0.45577508	0.45577508	0.0	0.0
chr1:17281885-17282385	ENSG00000074964	ARHGEF10L	chr1	17281885	17282385	17539697	+	257562	immune	method4_paired	0.45419136	0.45419136	0.0	0.0
chr1:17365167-17365667	ENSG00000074964	ARHGEF10L	chr1	17365167	17365667	17539697	+	174280	immune	method4_paired	0.5683517	0.5683517	0.0	0.0
chr1:17398275-17398775	ENSG00000074964	ARHGEF10L	chr1	17398275	17398775	17539697	+	141172	immune	method4_paired	0.46350414	0.46350414	0.0	0.0
chr1:17502229-17502729	ENSG00000074964	ARHGEF10L	chr1	17502229	17502729	17539697	+	37218	immune	method4_paired	0.59173214	0.59173214	0.0	0.0
chr1:17516015-17516515	ENSG00000074964	ARHGEF10L	chr1	17516015	17516515	17539697	+	23432	immune	method4_paired	0.5268555	0.5268555	0.0	0.0
chr1:17538973-17539473	ENSG00000074964	ARHGEF10L	chr1	17538973	17539473	17539697	+	474	immune	method4_paired	0.45283696	0.45283696	0.0	0.0
chr1:17539481-17539981	ENSG00000074964	ARHGEF10L	chr1	17539481	17539981	17539697	+	34	immune	method4_paired	0.5347392	0.5347392	0.0	0.0
chr1:17540415-17540915	ENSG00000074964	ARHGEF10L	chr1	17540415	17540915	17539697	+	968	immune	method4_paired	0.4836705	0.4836705	0.0	0.0
chr1:17545311-17545811	ENSG00000074964	ARHGEF10L	chr1	17545311	17545811	17539697	+	5864	immune	method4_paired	0.4823364	0.4823364	0.0	0.0
chr1:17561498-17561998	ENSG00000074964	ARHGEF10L	chr1	17561498	17561998	17539697	+	22051	immune	method4_paired	0.62614536	0.62614536	0.0	0.0
chr1:17565375-17565875	ENSG00000074964	ARHGEF10L	chr1	17565375	17565875	17539697	+	25928	immune	method4_paired	0.59896755	0.59896755	0.0	0.0
chr1:17568973-17569473	ENSG00000074964	ARHGEF10L	chr1	17568973	17569473	17539697	+	29526	immune	method4_paired	0.48888156	0.48888156	0.0	0.0
chr1:17569777-17570277	ENSG00000074964	ARHGEF10L	chr1	17569777	17570277	17539697	+	30330	immune	method4_paired	0.68548477	0.68548477	0.0	0.0
chr1:17586114-17586614	ENSG00000074964	ARHGEF10L	chr1	17586114	17586614	17539697	+	46667	immune	method4_paired	0.48511603	0.48511603	0.0	0.0
chr1:17606778-17607278	ENSG00000074964	ARHGEF10L	chr1	17606778	17607278	17539697	+	67331	immune	method4_paired	0.59815955	0.59815955	0.0	0.0
chr1:17608177-17608677	ENSG00000074964	ARHGEF10L	chr1	17608177	17608677	17539697	+	68730	immune	method4_paired	0.49165168	0.49165168	0.0	0.0
chr1:17608177-17608677	ENSG00000117154	IGSF21	chr1	17608177	17608677	18107797	+	499370	immune	method4_paired	0.47706872	0.47706872	0.0	0.0
chr1:17614536-17615036	ENSG00000074964	ARHGEF10L	chr1	17614536	17615036	17539697	+	75089	immune	method4_paired	0.5981243	0.5981243	0.0	0.0
chr1:17614536-17615036	ENSG00000117154	IGSF21	chr1	17614536	17615036	18107797	+	493011	immune	method4_paired	0.70181185	0.70181185	0.0	0.0
chr1:17615085-17615585	ENSG00000074964	ARHGEF10L	chr1	17615085	17615585	17539697	+	75638	immune	method4_paired	0.6621831	0.6621831	0.0	0.0
chr1:17615085-17615585	ENSG00000117154	IGSF21	chr1	17615085	17615585	18107797	+	492462	immune	method4_paired	0.79495364	0.79495364	0.0	0.0
chr1:17618037-17618537	ENSG00000074964	ARHGEF10L	chr1	17618037	17618537	17539697	+	78590	immune	method4_paired	0.6892049	0.6892049	0.0	0.0
chr1:17618037-17618537	ENSG00000117154	IGSF21	chr1	17618037	17618537	18107797	+	489510	immune	method4_paired	0.7607082	0.7607082	0.0	0.0
chr1:17618777-17619277	ENSG00000074964	ARHGEF10L	chr1	17618777	17619277	17539697	+	79330	immune	method4_paired	0.5639118	0.5639118	0.0	0.0
chr1:17618777-17619277	ENSG00000117154	IGSF21	chr1	17618777	17619277	18107797	+	488770	immune	method4_paired	0.59959847	0.59959847	0.0	0.0
chr1:17628269-17628769	ENSG00000074964	ARHGEF10L	chr1	17628269	17628769	17539697	+	88822	immune	method4_paired	0.51402575	0.51402575	0.0	0.0
chr1:17628269-17628769	ENSG00000117154	IGSF21	chr1	17628269	17628769	18107797	+	479278	immune	method4_paired	0.5114782	0.5114782	0.0	0.0
chr1:17628830-17629330	ENSG00000074964	ARHGEF10L	chr1	17628830	17629330	17539697	+	89383	immune	method4_paired	0.564273	0.564273	0.0	0.0
chr1:17628830-17629330	ENSG00000117154	IGSF21	chr1	17628830	17629330	18107797	+	478717	immune	method4_paired	0.5774515	0.5774515	0.0	0.0
chr1:17629907-17630407	ENSG00000074964	ARHGEF10L	chr1	17629907	17630407	17539697	+	90460	immune	method4_paired	0.6906009	0.6906009	0.0	0.0
chr1:17629907-17630407	ENSG00000117154	IGSF21	chr1	17629907	17630407	18107797	+	477640	immune	method4_paired	0.81775904	0.81775904	0.0	0.0
chr1:17630951-17631451	ENSG00000074964	ARHGEF10L	chr1	17630951	17631451	17539697	+	91504	immune	method4_paired	0.601211	0.601211	0.0	0.0
chr1:17630951-17631451	ENSG00000117154	IGSF21	chr1	17630951	17631451	18107797	+	476596	immune	method4_paired	0.6559755	0.6559755	0.0	0.0
chr1:17634129-17634629	ENSG00000074964	ARHGEF10L	chr1	17634129	17634629	17539697	+	94682	immune	method4_paired	0.46822983	0.46822983	0.0	0.0
chr1:17634129-17634629	ENSG00000117154	IGSF21	chr1	17634129	17634629	18107797	+	473418	immune	method4_paired	0.47520903	0.47520903	0.0	0.0
chr1:17634907-17635407	ENSG00000074964	ARHGEF10L	chr1	17634907	17635407	17539697	+	95460	immune	method4_paired	0.5535321	0.5535321	0.0	0.0
chr1:17634907-17635407	ENSG00000117154	IGSF21	chr1	17634907	17635407	18107797	+	472640	immune	method4_paired	0.6383837	0.6383837	0.0	0.0
chr1:17635726-17636226	ENSG00000074964	ARHGEF10L	chr1	17635726	17636226	17539697	+	96279	immune	method4_paired	0.70159006	0.70159006	0.0	0.0
chr1:17635726-17636226	ENSG00000117154	IGSF21	chr1	17635726	17636226	18107797	+	471821	immune	method4_paired	0.79999924	0.79999924	0.0	0.0
chr1:17635726-17636226	ENSG00000179051	RCC2	chr1	17635726	17636226	17439676	-	196300	immune	method4_paired	0.45994154	0.45994154	0.0	0.0
chr1:17640200-17640700	ENSG00000074964	ARHGEF10L	chr1	17640200	17640700	17539697	+	100753	immune	method4_paired	0.4694187	0.4694187	0.0	0.0
chr1:17640200-17640700	ENSG00000117154	IGSF21	chr1	17640200	17640700	18107797	+	467347	immune	method4_paired	0.5009797	0.5009797	0.0	0.0
chr1:17658767-17659267	ENSG00000074964	ARHGEF10L	chr1	17658767	17659267	17539697	+	119320	immune	method4_paired	0.55137694	0.55137694	0.0	0.0
chr1:17658767-17659267	ENSG00000117154	IGSF21	chr1	17658767	17659267	18107797	+	448780	immune	method4_paired	0.5816785	0.5816785	0.0	0.0
chr1:17675732-17676232	ENSG00000074964	ARHGEF10L	chr1	17675732	17676232	17539697	+	136285	immune	method4_paired	0.48722136	0.48722136	0.0	0.0
chr1:17675732-17676232	ENSG00000117154	IGSF21	chr1	17675732	17676232	18107797	+	431815	immune	method4_paired	0.49083364	0.49083364	0.0	0.0
chr1:17984459-17984959	ENSG00000074964	ARHGEF10L	chr1	17984459	17984959	17539697	+	445012	immune	method4_paired	0.47816494	0.47816494	0.0	0.0
chr1:17984459-17984959	ENSG00000117154	IGSF21	chr1	17984459	17984959	18107797	+	123088	immune	method4_paired	0.5497345	0.5497345	0.0	0.0
chr1:18041068-18041568	ENSG00000117154	IGSF21	chr1	18041068	18041568	18107797	+	66479	immune	method4_paired	0.49518126	0.49518126	0.0	0.0
chr1:18042974-18043474	ENSG00000117154	IGSF21	chr1	18042974	18043474	18107797	+	64573	immune	method4_paired	0.5229908	0.5229908	0.0	0.0
chr1:18100417-18100917	ENSG00000117154	IGSF21	chr1	18100417	18100917	18107797	+	7130	immune	method4_paired	0.58691776	0.58691776	0.0	0.0
chr1:18106667-18107167	ENSG00000117154	IGSF21	chr1	18106667	18107167	18107797	+	880	immune	method4_paired	0.6328511	0.6328511	0.0	0.0
chr1:18107334-18107834	ENSG00000117154	IGSF21	chr1	18107334	18107834	18107797	+	213	immune	method4_paired	0.648185	0.648185	0.0	0.0
chr1:18107992-18108492	ENSG00000117154	IGSF21	chr1	18107992	18108492	18107797	+	445	immune	method4_paired	0.7062828	0.7062828	0.0	0.0
chr1:18108501-18109001	ENSG00000117154	IGSF21	chr1	18108501	18109001	18107797	+	954	immune	method4_paired	0.45836326	0.45836326	0.0	0.0
chr1:18109025-18109525	ENSG00000117154	IGSF21	chr1	18109025	18109525	18107797	+	1478	immune	method4_paired	0.65979344	0.65979344	0.0	0.0
chr1:18109728-18110228	ENSG00000117154	IGSF21	chr1	18109728	18110228	18107797	+	2181	immune	method4_paired	0.72747153	0.72747153	0.0	0.0
chr1:18110363-18110863	ENSG00000117154	IGSF21	chr1	18110363	18110863	18107797	+	2816	immune	method4_paired	0.7948717	0.7948717	0.0	0.0
chr1:18110975-18111475	ENSG00000117154	IGSF21	chr1	18110975	18111475	18107797	+	3428	immune	method4_paired	0.7476855	0.7476855	0.0	0.0
chr1:18111715-18112215	ENSG00000117154	IGSF21	chr1	18111715	18112215	18107797	+	4168	immune	method4_paired	0.52428335	0.52428335	0.0	0.0
chr1:18116327-18116827	ENSG00000117154	IGSF21	chr1	18116327	18116827	18107797	+	8780	immune	method4_paired	0.53648025	0.53648025	0.0	0.0
chr1:18118052-18118552	ENSG00000117154	IGSF21	chr1	18118052	18118552	18107797	+	10505	immune	method4_paired	0.7746492	0.7746492	0.0	0.0
chr1:18119072-18119572	ENSG00000117154	IGSF21	chr1	18119072	18119572	18107797	+	11525	immune	method4_paired	0.72979015	0.72979015	0.0	0.0
chr1:18159861-18160361	ENSG00000117154	IGSF21	chr1	18159861	18160361	18107797	+	52314	immune	method4_paired	0.70017403	0.70017403	0.0	0.0
chr1:18160420-18160920	ENSG00000117154	IGSF21	chr1	18160420	18160920	18107797	+	52873	immune	method4_paired	0.8749352	0.8749352	0.0	0.0
chr1:18160966-18161466	ENSG00000117154	IGSF21	chr1	18160966	18161466	18107797	+	53419	immune	method4_paired	0.764105	0.764105	0.0	0.0
chr1:18165718-18166218	ENSG00000117154	IGSF21	chr1	18165718	18166218	18107797	+	58171	immune	method4_paired	0.736481	0.736481	0.0	0.0
chr1:18174988-18175488	ENSG00000117154	IGSF21	chr1	18174988	18175488	18107797	+	67441	immune	method4_paired	0.574083	0.574083	0.0	0.0
chr1:18178078-18178578	ENSG00000117154	IGSF21	chr1	18178078	18178578	18107797	+	70531	immune	method4_paired	0.6821152	0.6821152	0.0	0.0
chr1:18182764-18183264	ENSG00000117154	IGSF21	chr1	18182764	18183264	18107797	+	75217	immune	method4_paired	0.56927514	0.56927514	0.0	0.0
chr1:19081403-19081903	ENSG00000077549	CAPZB	chr1	19081403	19081903	19485538	-	403885	immune	method4_paired	0.59061664	0.59061664	0.0	0.0
chr1:19081403-19081903	ENSG00000173436	MICOS10	chr1	19081403	19081903	19484402	+	402749	immune	method4_paired	0.53134656	0.53134656	0.0	0.0
chr1:19398270-19398770	ENSG00000173436	MICOS10	chr1	19398270	19398770	19484402	+	85882	immune	method4_paired	0.465735	0.465735	0.0	0.0
chr1:19430114-19430614	ENSG00000173436	MICOS10	chr1	19430114	19430614	19484402	+	54038	immune	method4_paired	0.46510488	0.46510488	0.0	0.0
chr1:19435117-19435617	ENSG00000077549	CAPZB	chr1	19435117	19435617	19485538	-	50171	immune	method4_paired	0.5641993	0.5641993	0.0	0.0
chr1:19435117-19435617	ENSG00000173436	MICOS10	chr1	19435117	19435617	19484402	+	49035	immune	method4_paired	0.51451385	0.51451385	0.0	0.0
chr1:19436635-19437135	ENSG00000077549	CAPZB	chr1	19436635	19437135	19485538	-	48653	immune	method4_paired	0.59333867	0.59333867	0.0	0.0
chr1:19436635-19437135	ENSG00000173436	MICOS10	chr1	19436635	19437135	19484402	+	47517	immune	method4_paired	0.5671701	0.5671701	0.0	0.0
chr1:19446434-19446934	ENSG00000077549	CAPZB	chr1	19446434	19446934	19485538	-	38854	immune	method4_paired	0.45013908	0.45013908	0.0	0.0
chr1:19448770-19449270	ENSG00000077549	CAPZB	chr1	19448770	19449270	19485538	-	36518	immune	method4_paired	0.6070539	0.6070539	0.0	0.0
chr1:19448770-19449270	ENSG00000173436	MICOS10	chr1	19448770	19449270	19484402	+	35382	immune	method4_paired	0.6285866	0.6285866	0.0	0.0
chr1:19449275-19449775	ENSG00000077549	CAPZB	chr1	19449275	19449775	19485538	-	36013	immune	method4_paired	0.49002656	0.49002656	0.0	0.0
chr1:19449275-19449775	ENSG00000173436	MICOS10	chr1	19449275	19449775	19484402	+	34877	immune	method4_paired	0.46062148	0.46062148	0.0	0.0
chr1:19450969-19451469	ENSG00000077549	CAPZB	chr1	19450969	19451469	19485538	-	34319	immune	method4_paired	0.53586733	0.53586733	0.0	0.0
chr1:19450969-19451469	ENSG00000173436	MICOS10	chr1	19450969	19451469	19484402	+	33183	immune	method4_paired	0.5630493	0.5630493	0.0	0.0
chr1:19453723-19454223	ENSG00000077549	CAPZB	chr1	19453723	19454223	19485538	-	31565	immune	method4_paired	0.55973774	0.55973774	0.0	0.0
chr1:19453723-19454223	ENSG00000173436	MICOS10	chr1	19453723	19454223	19484402	+	30429	immune	method4_paired	0.48072648	0.48072648	0.0	0.0
chr1:19454608-19455108	ENSG00000077549	CAPZB	chr1	19454608	19455108	19485538	-	30680	immune	method4_paired	0.6662807	0.6662807	0.0	0.0
chr1:19454608-19455108	ENSG00000173436	MICOS10	chr1	19454608	19455108	19484402	+	29544	immune	method4_paired	0.58924156	0.58924156	0.0	0.0
chr1:19457716-19458216	ENSG00000077549	CAPZB	chr1	19457716	19458216	19485538	-	27572	immune	method4_paired	0.45521417	0.45521417	0.0	0.0
chr1:19469332-19469832	ENSG00000077549	CAPZB	chr1	19469332	19469832	19485538	-	15956	immune	method4_paired	0.4888365	0.4888365	0.0	0.0
chr1:19477819-19478319	ENSG00000077549	CAPZB	chr1	19477819	19478319	19485538	-	7469	immune	method4_paired	0.47353107	0.47353107	0.0	0.0
chr1:19478349-19478849	ENSG00000077549	CAPZB	chr1	19478349	19478849	19485538	-	6939	immune	method4_paired	0.540363	0.540363	0.0	0.0
chr1:19478349-19478849	ENSG00000173436	MICOS10	chr1	19478349	19478849	19484402	+	5803	immune	method4_paired	0.52223873	0.52223873	0.0	0.0
chr1:19505094-19505594	ENSG00000077549	CAPZB	chr1	19505094	19505594	19485538	-	19806	immune	method4_paired	0.51675034	0.51675034	0.0	0.0
chr1:19505094-19505594	ENSG00000173436	MICOS10	chr1	19505094	19505594	19484402	+	20942	immune	method4_paired	0.48622778	0.48622778	0.0	0.0
chr1:19505646-19506146	ENSG00000077549	CAPZB	chr1	19505646	19506146	19485538	-	20358	immune	method4_paired	0.6272818	0.6272818	0.0	0.0
chr1:19505646-19506146	ENSG00000173436	MICOS10	chr1	19505646	19506146	19484402	+	21494	immune	method4_paired	0.5701658	0.5701658	0.0	0.0
chr1:19511108-19511608	ENSG00000077549	CAPZB	chr1	19511108	19511608	19485538	-	25820	immune	method4_paired	0.56224	0.56224	0.0	0.0
chr1:19533601-19534101	ENSG00000077549	CAPZB	chr1	19533601	19534101	19485538	-	48313	immune	method4_paired	0.5637329	0.5637329	0.0	0.0
chr1:19533601-19534101	ENSG00000173436	MICOS10	chr1	19533601	19534101	19484402	+	49449	immune	method4_paired	0.57328475	0.57328475	0.0	0.0
chr1:19579802-19580302	ENSG00000077549	CAPZB	chr1	19579802	19580302	19485538	-	94514	immune	method4_paired	0.58234996	0.58234996	0.0	0.0
chr1:19579802-19580302	ENSG00000173436	MICOS10	chr1	19579802	19580302	19484402	+	95650	immune	method4_paired	0.56182396	0.56182396	0.0	0.0
chr1:20153051-20153551	ENSG00000187980	PLA2G2C	chr1	20153051	20153551	20186517	-	33216	immune	method4_paired	0.4658942	0.4658942	0.0	0.0
chr1:20153848-20154348	ENSG00000187980	PLA2G2C	chr1	20153848	20154348	20186517	-	32419	immune	method4_paired	0.4760479	0.4760479	0.0	0.0
chr1:20164583-20165083	ENSG00000187980	PLA2G2C	chr1	20164583	20165083	20186517	-	21684	immune	method4_paired	0.45827967	0.45827967	0.0	0.0
chr1:20179043-20179543	ENSG00000187980	PLA2G2C	chr1	20179043	20179543	20186517	-	7224	immune	method4_paired	0.4779523	0.4779523	0.0	0.0
chr1:20684839-20685339	ENSG00000075151	EIF4G3	chr1	20684839	20685339	21177284	-	492195	immune	method4_paired	0.5025957	0.5025957	0.0	0.0
chr1:20685356-20685856	ENSG00000075151	EIF4G3	chr1	20685356	20685856	21177284	-	491678	immune	method4_paired	0.4998125	0.4998125	0.0	0.0
chr1:21051160-21051660	ENSG00000075151	EIF4G3	chr1	21051160	21051660	21177284	-	125874	immune	method4_paired	0.4629238	0.4629238	0.0	0.0
chr1:21091049-21091549	ENSG00000075151	EIF4G3	chr1	21091049	21091549	21177284	-	85985	immune	method4_paired	0.5187098	0.5187098	0.0	0.0
chr1:21100526-21101026	ENSG00000075151	EIF4G3	chr1	21100526	21101026	21177284	-	76508	immune	method4_paired	0.49940637	0.49940637	0.0	0.0
chr1:21182038-21182538	ENSG00000075151	EIF4G3	chr1	21182038	21182538	21177284	-	5004	immune	method4_paired	0.45621997	0.45621997	0.0	0.0
chr1:21184173-21184673	ENSG00000075151	EIF4G3	chr1	21184173	21184673	21177284	-	7139	immune	method4_paired	0.61730146	0.61730146	0.0	0.0
chr1:21284729-21285229	ENSG00000075151	EIF4G3	chr1	21284729	21285229	21177284	-	107695	immune	method4_paired	0.47792706	0.47792706	0.0	0.0
chr1:21294228-21294728	ENSG00000090686	USP48	chr1	21294228	21294728	21783605	-	489127	immune	method4_paired	0.62357306	0.62357306	0.0	0.0
chr1:21524882-21525382	ENSG00000075151	EIF4G3	chr1	21524882	21525382	21177284	-	347848	immune	method4_paired	0.4723752	0.4723752	0.0	0.0
chr1:21607720-21608220	ENSG00000090686	USP48	chr1	21607720	21608220	21783605	-	175635	immune	method4_paired	0.53232855	0.53232855	0.0	0.0
chr1:21622386-21622886	ENSG00000090686	USP48	chr1	21622386	21622886	21783605	-	160969	immune	method4_paired	0.5249067	0.5249067	0.0	0.0
chr1:21779767-21780267	ENSG00000090686	USP48	chr1	21779767	21780267	21783605	-	3588	immune	method4_paired	0.67313683	0.67313683	0.0	0.0
chr1:21780513-21781013	ENSG00000090686	USP48	chr1	21780513	21781013	21783605	-	2842	immune	method4_paired	0.48217034	0.48217034	0.0	0.0
chr1:21781435-21781935	ENSG00000090686	USP48	chr1	21781435	21781935	21783605	-	1920	immune	method4_paired	0.48216093	0.48216093	0.0	0.0
chr1:21782320-21782820	ENSG00000090686	USP48	chr1	21782320	21782820	21783605	-	1035	immune	method4_paired	0.48853338	0.48853338	0.0	0.0
chr1:21790812-21791312	ENSG00000090686	USP48	chr1	21790812	21791312	21783605	-	7457	immune	method4_paired	0.50181824	0.50181824	0.0	0.0
chr1:21791477-21791977	ENSG00000090686	USP48	chr1	21791477	21791977	21783605	-	8122	immune	method4_paired	0.7117204	0.7117204	0.0	0.0
chr1:21791477-21791977	ENSG00000187942	LDLRAD2	chr1	21791477	21791977	21812264	+	20537	immune	method4_paired	0.5187974	0.5187974	0.0	0.0
chr1:21814433-21814933	ENSG00000090686	USP48	chr1	21814433	21814933	21783605	-	31078	immune	method4_paired	0.64706624	0.64706624	0.0	0.0
chr1:21814433-21814933	ENSG00000187942	LDLRAD2	chr1	21814433	21814933	21812264	+	2419	immune	method4_paired	0.46326822	0.46326822	0.0	0.0
chr1:21852212-21852712	ENSG00000090686	USP48	chr1	21852212	21852712	21783605	-	68857	immune	method4_paired	0.68174446	0.68174446	0.0	0.0
chr1:21852212-21852712	ENSG00000187942	LDLRAD2	chr1	21852212	21852712	21812264	+	40198	immune	method4_paired	0.4823937	0.4823937	0.0	0.0
chr1:21865064-21865564	ENSG00000090686	USP48	chr1	21865064	21865564	21783605	-	81709	immune	method4_paired	0.57096934	0.57096934	0.0	0.0
chr1:21865624-21866124	ENSG00000090686	USP48	chr1	21865624	21866124	21783605	-	82269	immune	method4_paired	0.7672188	0.7672188	0.0	0.0
chr1:21865624-21866124	ENSG00000187942	LDLRAD2	chr1	21865624	21866124	21812264	+	53610	immune	method4_paired	0.5405175	0.5405175	0.0	0.0
chr1:21866136-21866636	ENSG00000090686	USP48	chr1	21866136	21866636	21783605	-	82781	immune	method4_paired	0.71403724	0.71403724	0.0	0.0
chr1:21866136-21866636	ENSG00000187942	LDLRAD2	chr1	21866136	21866636	21812264	+	54122	immune	method4_paired	0.51493055	0.51493055	0.0	0.0
chr1:21867469-21867969	ENSG00000090686	USP48	chr1	21867469	21867969	21783605	-	84114	immune	method4_paired	0.49963418	0.49963418	0.0	0.0
chr1:21871832-21872332	ENSG00000090686	USP48	chr1	21871832	21872332	21783605	-	88477	immune	method4_paired	0.54610395	0.54610395	0.0	0.0
chr1:21872400-21872900	ENSG00000090686	USP48	chr1	21872400	21872900	21783605	-	89045	immune	method4_paired	0.46424067	0.46424067	0.0	0.0
chr1:21937215-21937715	ENSG00000090686	USP48	chr1	21937215	21937715	21783605	-	153860	immune	method4_paired	0.5679367	0.5679367	0.0	0.0
chr1:22117719-22118219	ENSG00000090686	USP48	chr1	22117719	22118219	21783605	-	334364	immune	method4_paired	0.57951427	0.57951427	0.0	0.0
chr1:22118272-22118772	ENSG00000090686	USP48	chr1	22118272	22118772	21783605	-	334917	immune	method4_paired	0.46334547	0.46334547	0.0	0.0
chr1:22119010-22119510	ENSG00000090686	USP48	chr1	22119010	22119510	21783605	-	335655	immune	method4_paired	0.67834765	0.67834765	0.0	0.0
chr1:22119010-22119510	ENSG00000187942	LDLRAD2	chr1	22119010	22119510	21812264	+	306996	immune	method4_paired	0.4996588	0.4996588	0.0	0.0
chr1:22142461-22142961	ENSG00000090686	USP48	chr1	22142461	22142961	21783605	-	359106	immune	method4_paired	0.50450563	0.50450563	0.0	0.0
chr1:22142461-22142961	ENSG00000187942	LDLRAD2	chr1	22142461	22142961	21812264	+	330447	immune	method4_paired	0.45433804	0.45433804	0.0	0.0
chr1:22142988-22143488	ENSG00000090686	USP48	chr1	22142988	22143488	21783605	-	359633	immune	method4_paired	0.6304938	0.6304938	0.0	0.0
chr1:22142988-22143488	ENSG00000187942	LDLRAD2	chr1	22142988	22143488	21812264	+	330974	immune	method4_paired	0.542549	0.542549	0.0	0.0
chr1:22143502-22144002	ENSG00000090686	USP48	chr1	22143502	22144002	21783605	-	360147	immune	method4_paired	0.5127796	0.5127796	0.0	0.0
chr1:22176156-22176656	ENSG00000090686	USP48	chr1	22176156	22176656	21783605	-	392801	immune	method4_paired	0.6213267	0.6213267	0.0	0.0
chr1:22176156-22176656	ENSG00000187942	LDLRAD2	chr1	22176156	22176656	21812264	+	364142	immune	method4_paired	0.49248436	0.49248436	0.0	0.0
chr1:22537287-22537787	ENSG00000133216	EPHB2	chr1	22537287	22537787	22710838	+	173301	immune	method4_paired	0.4710586	0.4710586	0.0	0.0
chr1:22537287-22537787	ENSG00000159189	C1QC	chr1	22537287	22537787	22643013	+	105476	immune	method4_paired	0.52803427	0.52803427	0.0	0.0
chr1:22537287-22537787	ENSG00000173369	C1QB	chr1	22537287	22537787	22652761	+	115224	immune	method4_paired	0.5472875	0.5472875	0.0	0.0
chr1:22537287-22537787	ENSG00000173372	C1QA	chr1	22537287	22537787	22635076	+	97539	immune	method4_paired	0.52875936	0.52875936	0.0	0.0
chr1:22634662-22635162	ENSG00000133216	EPHB2	chr1	22634662	22635162	22710838	+	75926	immune	method4_paired	0.65185326	0.65185326	0.0	0.0
chr1:22634662-22635162	ENSG00000159189	C1QC	chr1	22634662	22635162	22643013	+	8101	immune	method4_paired	0.7055272	0.7055272	0.0	0.0
chr1:22634662-22635162	ENSG00000173369	C1QB	chr1	22634662	22635162	22652761	+	17849	immune	method4_paired	0.69054353	0.69054353	0.0	0.0
chr1:22634662-22635162	ENSG00000173372	C1QA	chr1	22634662	22635162	22635076	+	164	immune	method4_paired	0.6573083	0.6573083	0.0	0.0
chr1:22635358-22635858	ENSG00000133216	EPHB2	chr1	22635358	22635858	22710838	+	75230	immune	method4_paired	0.6224353	0.6224353	0.0	0.0
chr1:22635358-22635858	ENSG00000159189	C1QC	chr1	22635358	22635858	22643013	+	7405	immune	method4_paired	0.6479318	0.6479318	0.0	0.0
chr1:22635358-22635858	ENSG00000173369	C1QB	chr1	22635358	22635858	22652761	+	17153	immune	method4_paired	0.62528235	0.62528235	0.0	0.0
chr1:22635358-22635858	ENSG00000173372	C1QA	chr1	22635358	22635858	22635076	+	532	immune	method4_paired	0.6000234	0.6000234	0.0	0.0
chr1:22636348-22636848	ENSG00000133216	EPHB2	chr1	22636348	22636848	22710838	+	74240	immune	method4_paired	0.72868603	0.72868603	0.0	0.0
chr1:22636348-22636848	ENSG00000159189	C1QC	chr1	22636348	22636848	22643013	+	6415	immune	method4_paired	0.8037784	0.8037784	0.0	0.0
chr1:22636348-22636848	ENSG00000173369	C1QB	chr1	22636348	22636848	22652761	+	16163	immune	method4_paired	0.78050506	0.78050506	0.0	0.0
chr1:22636348-22636848	ENSG00000173372	C1QA	chr1	22636348	22636848	22635076	+	1522	immune	method4_paired	0.7387437	0.7387437	0.0	0.0
chr1:22637748-22638248	ENSG00000133216	EPHB2	chr1	22637748	22638248	22710838	+	72840	immune	method4_paired	0.6007876	0.6007876	0.0	0.0
chr1:22637748-22638248	ENSG00000159189	C1QC	chr1	22637748	22638248	22643013	+	5015	immune	method4_paired	0.66391873	0.66391873	0.0	0.0
chr1:22637748-22638248	ENSG00000173369	C1QB	chr1	22637748	22638248	22652761	+	14763	immune	method4_paired	0.6509633	0.6509633	0.0	0.0
chr1:22637748-22638248	ENSG00000173372	C1QA	chr1	22637748	22638248	22635076	+	2922	immune	method4_paired	0.59820294	0.59820294	0.0	0.0
chr1:22638359-22638859	ENSG00000133216	EPHB2	chr1	22638359	22638859	22710838	+	72229	immune	method4_paired	0.54388595	0.54388595	0.0	0.0
chr1:22638359-22638859	ENSG00000159189	C1QC	chr1	22638359	22638859	22643013	+	4404	immune	method4_paired	0.58955705	0.58955705	0.0	0.0
chr1:22638359-22638859	ENSG00000173369	C1QB	chr1	22638359	22638859	22652761	+	14152	immune	method4_paired	0.57608026	0.57608026	0.0	0.0
chr1:22638359-22638859	ENSG00000173372	C1QA	chr1	22638359	22638859	22635076	+	3533	immune	method4_paired	0.56032175	0.56032175	0.0	0.0
chr1:22639157-22639657	ENSG00000133216	EPHB2	chr1	22639157	22639657	22710838	+	71431	immune	method4_paired	0.6589315	0.6589315	0.0	0.0
chr1:22639157-22639657	ENSG00000159189	C1QC	chr1	22639157	22639657	22643013	+	3606	immune	method4_paired	0.7203072	0.7203072	0.0	0.0
chr1:22639157-22639657	ENSG00000173369	C1QB	chr1	22639157	22639657	22652761	+	13354	immune	method4_paired	0.7069301	0.7069301	0.0	0.0
chr1:22639157-22639657	ENSG00000173372	C1QA	chr1	22639157	22639657	22635076	+	4331	immune	method4_paired	0.67384124	0.67384124	0.0	0.0
chr1:22640624-22641124	ENSG00000159189	C1QC	chr1	22640624	22641124	22643013	+	2139	immune	method4_paired	0.4608211	0.4608211	0.0	0.0
chr1:22641243-22641743	ENSG00000133216	EPHB2	chr1	22641243	22641743	22710838	+	69345	immune	method4_paired	0.507045	0.507045	0.0	0.0
chr1:22641243-22641743	ENSG00000159189	C1QC	chr1	22641243	22641743	22643013	+	1520	immune	method4_paired	0.6106541	0.6106541	0.0	0.0
chr1:22641243-22641743	ENSG00000173369	C1QB	chr1	22641243	22641743	22652761	+	11268	immune	method4_paired	0.60188645	0.60188645	0.0	0.0
chr1:22641243-22641743	ENSG00000173372	C1QA	chr1	22641243	22641743	22635076	+	6417	immune	method4_paired	0.5921084	0.5921084	0.0	0.0
chr1:22641940-22642440	ENSG00000133216	EPHB2	chr1	22641940	22642440	22710838	+	68648	immune	method4_paired	0.6698757	0.6698757	0.0	0.0
chr1:22641940-22642440	ENSG00000159189	C1QC	chr1	22641940	22642440	22643013	+	823	immune	method4_paired	0.7304611	0.7304611	0.0	0.0
chr1:22641940-22642440	ENSG00000173369	C1QB	chr1	22641940	22642440	22652761	+	10571	immune	method4_paired	0.715244	0.715244	0.0	0.0
chr1:22641940-22642440	ENSG00000173372	C1QA	chr1	22641940	22642440	22635076	+	7114	immune	method4_paired	0.69059026	0.69059026	0.0	0.0
chr1:22642573-22643073	ENSG00000133216	EPHB2	chr1	22642573	22643073	22710838	+	68015	immune	method4_paired	0.650009	0.650009	0.0	0.0
chr1:22642573-22643073	ENSG00000159189	C1QC	chr1	22642573	22643073	22643013	+	190	immune	method4_paired	0.7127943	0.7127943	0.0	0.0
chr1:22642573-22643073	ENSG00000173369	C1QB	chr1	22642573	22643073	22652761	+	9938	immune	method4_paired	0.693509	0.693509	0.0	0.0
chr1:22642573-22643073	ENSG00000173372	C1QA	chr1	22642573	22643073	22635076	+	7747	immune	method4_paired	0.6532373	0.6532373	0.0	0.0
chr1:22643266-22643766	ENSG00000133216	EPHB2	chr1	22643266	22643766	22710838	+	67322	immune	method4_paired	0.7587726	0.7587726	0.0	0.0
chr1:22643266-22643766	ENSG00000159189	C1QC	chr1	22643266	22643766	22643013	+	503	immune	method4_paired	0.8188662	0.8188662	0.0	0.0
chr1:22643266-22643766	ENSG00000173369	C1QB	chr1	22643266	22643766	22652761	+	9245	immune	method4_paired	0.79460585	0.79460585	0.0	0.0
chr1:22643266-22643766	ENSG00000173372	C1QA	chr1	22643266	22643766	22635076	+	8440	immune	method4_paired	0.75122726	0.75122726	0.0	0.0
chr1:22643777-22644277	ENSG00000133216	EPHB2	chr1	22643777	22644277	22710838	+	66811	immune	method4_paired	0.666023	0.666023	0.0	0.0
chr1:22643777-22644277	ENSG00000159189	C1QC	chr1	22643777	22644277	22643013	+	1014	immune	method4_paired	0.7280397	0.7280397	0.0	0.0
chr1:22643777-22644277	ENSG00000173369	C1QB	chr1	22643777	22644277	22652761	+	8734	immune	method4_paired	0.7204062	0.7204062	0.0	0.0
chr1:22643777-22644277	ENSG00000173372	C1QA	chr1	22643777	22644277	22635076	+	8951	immune	method4_paired	0.69653124	0.69653124	0.0	0.0
chr1:22644820-22645320	ENSG00000133216	EPHB2	chr1	22644820	22645320	22710838	+	65768	immune	method4_paired	0.5923979	0.5923979	0.0	0.0
chr1:22644820-22645320	ENSG00000159189	C1QC	chr1	22644820	22645320	22643013	+	2057	immune	method4_paired	0.6113516	0.6113516	0.0	0.0
chr1:22644820-22645320	ENSG00000173369	C1QB	chr1	22644820	22645320	22652761	+	7691	immune	method4_paired	0.6086093	0.6086093	0.0	0.0
chr1:22644820-22645320	ENSG00000173372	C1QA	chr1	22644820	22645320	22635076	+	9994	immune	method4_paired	0.5922626	0.5922626	0.0	0.0
chr1:22645399-22645899	ENSG00000133216	EPHB2	chr1	22645399	22645899	22710838	+	65189	immune	method4_paired	0.6235293	0.6235293	0.0	0.0
chr1:22645399-22645899	ENSG00000159189	C1QC	chr1	22645399	22645899	22643013	+	2636	immune	method4_paired	0.6786931	0.6786931	0.0	0.0
chr1:22645399-22645899	ENSG00000173369	C1QB	chr1	22645399	22645899	22652761	+	7112	immune	method4_paired	0.6678044	0.6678044	0.0	0.0
chr1:22645399-22645899	ENSG00000173372	C1QA	chr1	22645399	22645899	22635076	+	10573	immune	method4_paired	0.64365584	0.64365584	0.0	0.0
chr1:22645948-22646448	ENSG00000133216	EPHB2	chr1	22645948	22646448	22710838	+	64640	immune	method4_paired	0.65645856	0.65645856	0.0	0.0
chr1:22645948-22646448	ENSG00000159189	C1QC	chr1	22645948	22646448	22643013	+	3185	immune	method4_paired	0.74120945	0.74120945	0.0	0.0
chr1:22645948-22646448	ENSG00000173369	C1QB	chr1	22645948	22646448	22652761	+	6563	immune	method4_paired	0.7178905	0.7178905	0.0	0.0
chr1:22645948-22646448	ENSG00000173372	C1QA	chr1	22645948	22646448	22635076	+	11122	immune	method4_paired	0.6850664	0.6850664	0.0	0.0
chr1:22646802-22647302	ENSG00000133216	EPHB2	chr1	22646802	22647302	22710838	+	63786	immune	method4_paired	0.52940553	0.52940553	0.0	0.0
chr1:22646802-22647302	ENSG00000159189	C1QC	chr1	22646802	22647302	22643013	+	4039	immune	method4_paired	0.53359395	0.53359395	0.0	0.0
chr1:22646802-22647302	ENSG00000173369	C1QB	chr1	22646802	22647302	22652761	+	5709	immune	method4_paired	0.52160674	0.52160674	0.0	0.0
chr1:22646802-22647302	ENSG00000173372	C1QA	chr1	22646802	22647302	22635076	+	11976	immune	method4_paired	0.5127983	0.5127983	0.0	0.0
chr1:22648904-22649404	ENSG00000133216	EPHB2	chr1	22648904	22649404	22710838	+	61684	immune	method4_paired	0.45957237	0.45957237	0.0	0.0
chr1:22648904-22649404	ENSG00000159189	C1QC	chr1	22648904	22649404	22643013	+	6141	immune	method4_paired	0.5179462	0.5179462	0.0	0.0
chr1:22648904-22649404	ENSG00000173369	C1QB	chr1	22648904	22649404	22652761	+	3607	immune	method4_paired	0.49644917	0.49644917	0.0	0.0
chr1:22648904-22649404	ENSG00000173372	C1QA	chr1	22648904	22649404	22635076	+	14078	immune	method4_paired	0.4781248	0.4781248	0.0	0.0
chr1:22650764-22651264	ENSG00000159189	C1QC	chr1	22650764	22651264	22643013	+	8001	immune	method4_paired	0.46702102	0.46702102	0.0	0.0
chr1:22651480-22651980	ENSG00000133216	EPHB2	chr1	22651480	22651980	22710838	+	59108	immune	method4_paired	0.54174745	0.54174745	0.0	0.0
chr1:22651480-22651980	ENSG00000159189	C1QC	chr1	22651480	22651980	22643013	+	8717	immune	method4_paired	0.5982715	0.5982715	0.0	0.0
chr1:22651480-22651980	ENSG00000173369	C1QB	chr1	22651480	22651980	22652761	+	1031	immune	method4_paired	0.5730818	0.5730818	0.0	0.0
chr1:22651480-22651980	ENSG00000173372	C1QA	chr1	22651480	22651980	22635076	+	16654	immune	method4_paired	0.5269637	0.5269637	0.0	0.0
chr1:22652251-22652751	ENSG00000133216	EPHB2	chr1	22652251	22652751	22710838	+	58337	immune	method4_paired	0.7047167	0.7047167	0.0	0.0
chr1:22652251-22652751	ENSG00000159189	C1QC	chr1	22652251	22652751	22643013	+	9488	immune	method4_paired	0.7692478	0.7692478	0.0	0.0
chr1:22652251-22652751	ENSG00000173369	C1QB	chr1	22652251	22652751	22652761	+	260	immune	method4_paired	0.7559448	0.7559448	0.0	0.0
chr1:22652251-22652751	ENSG00000173372	C1QA	chr1	22652251	22652751	22635076	+	17425	immune	method4_paired	0.72125065	0.72125065	0.0	0.0
chr1:22652775-22653275	ENSG00000133216	EPHB2	chr1	22652775	22653275	22710838	+	57813	immune	method4_paired	0.70724624	0.70724624	0.0	0.0
chr1:22652775-22653275	ENSG00000159189	C1QC	chr1	22652775	22653275	22643013	+	10012	immune	method4_paired	0.78723294	0.78723294	0.0	0.0
chr1:22652775-22653275	ENSG00000173369	C1QB	chr1	22652775	22653275	22652761	+	264	immune	method4_paired	0.7645475	0.7645475	0.0	0.0
chr1:22652775-22653275	ENSG00000173372	C1QA	chr1	22652775	22653275	22635076	+	17949	immune	method4_paired	0.7155001	0.7155001	0.0	0.0
chr1:22654216-22654716	ENSG00000133216	EPHB2	chr1	22654216	22654716	22710838	+	56372	immune	method4_paired	0.56309843	0.56309843	0.0	0.0
chr1:22654216-22654716	ENSG00000159189	C1QC	chr1	22654216	22654716	22643013	+	11453	immune	method4_paired	0.6320141	0.6320141	0.0	0.0
chr1:22654216-22654716	ENSG00000173369	C1QB	chr1	22654216	22654716	22652761	+	1705	immune	method4_paired	0.621502	0.621502	0.0	0.0
chr1:22654216-22654716	ENSG00000173372	C1QA	chr1	22654216	22654716	22635076	+	19390	immune	method4_paired	0.60372317	0.60372317	0.0	0.0
chr1:22655625-22656125	ENSG00000133216	EPHB2	chr1	22655625	22656125	22710838	+	54963	immune	method4_paired	0.47229472	0.47229472	0.0	0.0
chr1:22655625-22656125	ENSG00000159189	C1QC	chr1	22655625	22656125	22643013	+	12862	immune	method4_paired	0.5389983	0.5389983	0.0	0.0
chr1:22655625-22656125	ENSG00000173369	C1QB	chr1	22655625	22656125	22652761	+	3114	immune	method4_paired	0.50986946	0.50986946	0.0	0.0
chr1:22655625-22656125	ENSG00000173372	C1QA	chr1	22655625	22656125	22635076	+	20799	immune	method4_paired	0.4803793	0.4803793	0.0	0.0
chr1:22661573-22662073	ENSG00000133216	EPHB2	chr1	22661573	22662073	22710838	+	49015	immune	method4_paired	0.54019356	0.54019356	0.0	0.0
chr1:22661573-22662073	ENSG00000159189	C1QC	chr1	22661573	22662073	22643013	+	18810	immune	method4_paired	0.55726844	0.55726844	0.0	0.0
chr1:22661573-22662073	ENSG00000173369	C1QB	chr1	22661573	22662073	22652761	+	9062	immune	method4_paired	0.55126846	0.55126846	0.0	0.0
chr1:22661573-22662073	ENSG00000173372	C1QA	chr1	22661573	22662073	22635076	+	26747	immune	method4_paired	0.5093049	0.5093049	0.0	0.0
chr1:22662278-22662778	ENSG00000133216	EPHB2	chr1	22662278	22662778	22710838	+	48310	immune	method4_paired	0.72270954	0.72270954	0.0	0.0
chr1:22662278-22662778	ENSG00000159189	C1QC	chr1	22662278	22662778	22643013	+	19515	immune	method4_paired	0.76215017	0.76215017	0.0	0.0
chr1:22662278-22662778	ENSG00000173369	C1QB	chr1	22662278	22662778	22652761	+	9767	immune	method4_paired	0.7526027	0.7526027	0.0	0.0
chr1:22662278-22662778	ENSG00000173372	C1QA	chr1	22662278	22662778	22635076	+	27452	immune	method4_paired	0.7096105	0.7096105	0.0	0.0
chr1:22663409-22663909	ENSG00000133216	EPHB2	chr1	22663409	22663909	22710838	+	47179	immune	method4_paired	0.56473446	0.56473446	0.0	0.0
chr1:22663409-22663909	ENSG00000159189	C1QC	chr1	22663409	22663909	22643013	+	20646	immune	method4_paired	0.65071815	0.65071815	0.0	0.0
chr1:22663409-22663909	ENSG00000173369	C1QB	chr1	22663409	22663909	22652761	+	10898	immune	method4_paired	0.64411503	0.64411503	0.0	0.0
chr1:22663409-22663909	ENSG00000173372	C1QA	chr1	22663409	22663909	22635076	+	28583	immune	method4_paired	0.6188101	0.6188101	0.0	0.0
chr1:22664183-22664683	ENSG00000133216	EPHB2	chr1	22664183	22664683	22710838	+	46405	immune	method4_paired	0.53883594	0.53883594	0.0	0.0
chr1:22664183-22664683	ENSG00000159189	C1QC	chr1	22664183	22664683	22643013	+	21420	immune	method4_paired	0.5771184	0.5771184	0.0	0.0
chr1:22664183-22664683	ENSG00000173369	C1QB	chr1	22664183	22664683	22652761	+	11672	immune	method4_paired	0.5710982	0.5710982	0.0	0.0
chr1:22664183-22664683	ENSG00000173372	C1QA	chr1	22664183	22664683	22635076	+	29357	immune	method4_paired	0.547139	0.547139	0.0	0.0
chr1:22664824-22665324	ENSG00000159189	C1QC	chr1	22664824	22665324	22643013	+	22061	immune	method4_paired	0.47445238	0.47445238	0.0	0.0
chr1:22664824-22665324	ENSG00000173369	C1QB	chr1	22664824	22665324	22652761	+	12313	immune	method4_paired	0.4521428	0.4521428	0.0	0.0
chr1:22665703-22666203	ENSG00000133216	EPHB2	chr1	22665703	22666203	22710838	+	44885	immune	method4_paired	0.49889305	0.49889305	0.0	0.0
chr1:22665703-22666203	ENSG00000159189	C1QC	chr1	22665703	22666203	22643013	+	22940	immune	method4_paired	0.52353185	0.52353185	0.0	0.0
chr1:22665703-22666203	ENSG00000173369	C1QB	chr1	22665703	22666203	22652761	+	13192	immune	method4_paired	0.510769	0.510769	0.0	0.0
chr1:22665703-22666203	ENSG00000173372	C1QA	chr1	22665703	22666203	22635076	+	30877	immune	method4_paired	0.4904875	0.4904875	0.0	0.0
chr1:22702822-22703322	ENSG00000133216	EPHB2	chr1	22702822	22703322	22710838	+	7766	immune	method4_paired	0.49736923	0.49736923	0.0	0.0
chr1:22702822-22703322	ENSG00000159189	C1QC	chr1	22702822	22703322	22643013	+	60059	immune	method4_paired	0.5058841	0.5058841	0.0	0.0
chr1:22702822-22703322	ENSG00000173369	C1QB	chr1	22702822	22703322	22652761	+	50311	immune	method4_paired	0.52425367	0.52425367	0.0	0.0
chr1:22702822-22703322	ENSG00000173372	C1QA	chr1	22702822	22703322	22635076	+	67996	immune	method4_paired	0.5107744	0.5107744	0.0	0.0
chr1:22704392-22704892	ENSG00000133216	EPHB2	chr1	22704392	22704892	22710838	+	6196	immune	method4_paired	0.5327142	0.5327142	0.0	0.0
chr1:22704392-22704892	ENSG00000159189	C1QC	chr1	22704392	22704892	22643013	+	61629	immune	method4_paired	0.52745074	0.52745074	0.0	0.0
chr1:22704392-22704892	ENSG00000173369	C1QB	chr1	22704392	22704892	22652761	+	51881	immune	method4_paired	0.55331916	0.55331916	0.0	0.0
chr1:22704392-22704892	ENSG00000173372	C1QA	chr1	22704392	22704892	22635076	+	69566	immune	method4_paired	0.5281652	0.5281652	0.0	0.0
chr1:22708686-22709186	ENSG00000133216	EPHB2	chr1	22708686	22709186	22710838	+	1902	immune	method4_paired	0.58830196	0.58830196	0.0	0.0
chr1:22708686-22709186	ENSG00000159189	C1QC	chr1	22708686	22709186	22643013	+	65923	immune	method4_paired	0.6192563	0.6192563	0.0	0.0
chr1:22708686-22709186	ENSG00000173369	C1QB	chr1	22708686	22709186	22652761	+	56175	immune	method4_paired	0.6117335	0.6117335	0.0	0.0
chr1:22708686-22709186	ENSG00000173372	C1QA	chr1	22708686	22709186	22635076	+	73860	immune	method4_paired	0.60877466	0.60877466	0.0	0.0
chr1:22709713-22710213	ENSG00000133216	EPHB2	chr1	22709713	22710213	22710838	+	875	immune	method4_paired	0.4761978	0.4761978	0.0	0.0
chr1:22709713-22710213	ENSG00000159189	C1QC	chr1	22709713	22710213	22643013	+	66950	immune	method4_paired	0.47303104	0.47303104	0.0	0.0
chr1:22709713-22710213	ENSG00000173369	C1QB	chr1	22709713	22710213	22652761	+	57202	immune	method4_paired	0.46701917	0.46701917	0.0	0.0
chr1:22709713-22710213	ENSG00000173372	C1QA	chr1	22709713	22710213	22635076	+	74887	immune	method4_paired	0.46400142	0.46400142	0.0	0.0
chr1:22710312-22710812	ENSG00000133216	EPHB2	chr1	22710312	22710812	22710838	+	276	immune	method4_paired	0.6792375	0.6792375	0.0	0.0
chr1:22710312-22710812	ENSG00000159189	C1QC	chr1	22710312	22710812	22643013	+	67549	immune	method4_paired	0.67356455	0.67356455	0.0	0.0
chr1:22710312-22710812	ENSG00000173369	C1QB	chr1	22710312	22710812	22652761	+	57801	immune	method4_paired	0.6862813	0.6862813	0.0	0.0
chr1:22710312-22710812	ENSG00000173372	C1QA	chr1	22710312	22710812	22635076	+	75486	immune	method4_paired	0.6577882	0.6577882	0.0	0.0
chr1:22716401-22716901	ENSG00000133216	EPHB2	chr1	22716401	22716901	22710838	+	5813	immune	method4_paired	0.49726352	0.49726352	0.0	0.0
chr1:22716401-22716901	ENSG00000159189	C1QC	chr1	22716401	22716901	22643013	+	73638	immune	method4_paired	0.48069325	0.48069325	0.0	0.0
chr1:22716401-22716901	ENSG00000173369	C1QB	chr1	22716401	22716901	22652761	+	63890	immune	method4_paired	0.49743226	0.49743226	0.0	0.0
chr1:22716401-22716901	ENSG00000173372	C1QA	chr1	22716401	22716901	22635076	+	81575	immune	method4_paired	0.48842537	0.48842537	0.0	0.0
chr1:22716924-22717424	ENSG00000133216	EPHB2	chr1	22716924	22717424	22710838	+	6336	immune	method4_paired	0.65580946	0.65580946	0.0	0.0
chr1:22716924-22717424	ENSG00000159189	C1QC	chr1	22716924	22717424	22643013	+	74161	immune	method4_paired	0.6473396	0.6473396	0.0	0.0
chr1:22716924-22717424	ENSG00000173369	C1QB	chr1	22716924	22717424	22652761	+	64413	immune	method4_paired	0.66380334	0.66380334	0.0	0.0
chr1:22716924-22717424	ENSG00000173372	C1QA	chr1	22716924	22717424	22635076	+	82098	immune	method4_paired	0.6408967	0.6408967	0.0	0.0
chr1:22735165-22735665	ENSG00000133216	EPHB2	chr1	22735165	22735665	22710838	+	24577	immune	method4_paired	0.6765073	0.6765073	0.0	0.0
chr1:22735165-22735665	ENSG00000159189	C1QC	chr1	22735165	22735665	22643013	+	92402	immune	method4_paired	0.73849934	0.73849934	0.0	0.0
chr1:22735165-22735665	ENSG00000173369	C1QB	chr1	22735165	22735665	22652761	+	82654	immune	method4_paired	0.72172195	0.72172195	0.0	0.0
chr1:22735165-22735665	ENSG00000173372	C1QA	chr1	22735165	22735665	22635076	+	100339	immune	method4_paired	0.68890256	0.68890256	0.0	0.0
chr1:22737990-22738490	ENSG00000133216	EPHB2	chr1	22737990	22738490	22710838	+	27402	immune	method4_paired	0.46208403	0.46208403	0.0	0.0
chr1:22737990-22738490	ENSG00000159189	C1QC	chr1	22737990	22738490	22643013	+	95227	immune	method4_paired	0.50404274	0.50404274	0.0	0.0
chr1:22737990-22738490	ENSG00000173369	C1QB	chr1	22737990	22738490	22652761	+	85479	immune	method4_paired	0.5140772	0.5140772	0.0	0.0
chr1:22737990-22738490	ENSG00000173372	C1QA	chr1	22737990	22738490	22635076	+	103164	immune	method4_paired	0.48965666	0.48965666	0.0	0.0
chr1:22739583-22740083	ENSG00000133216	EPHB2	chr1	22739583	22740083	22710838	+	28995	immune	method4_paired	0.5091465	0.5091465	0.0	0.0
chr1:22739583-22740083	ENSG00000159189	C1QC	chr1	22739583	22740083	22643013	+	96820	immune	method4_paired	0.5376464	0.5376464	0.0	0.0
chr1:22739583-22740083	ENSG00000173369	C1QB	chr1	22739583	22740083	22652761	+	87072	immune	method4_paired	0.52630585	0.52630585	0.0	0.0
chr1:22739583-22740083	ENSG00000173372	C1QA	chr1	22739583	22740083	22635076	+	104757	immune	method4_paired	0.51094633	0.51094633	0.0	0.0
chr1:22746245-22746745	ENSG00000133216	EPHB2	chr1	22746245	22746745	22710838	+	35657	immune	method4_paired	0.5149512	0.5149512	0.0	0.0
chr1:22746245-22746745	ENSG00000159189	C1QC	chr1	22746245	22746745	22643013	+	103482	immune	method4_paired	0.55196923	0.55196923	0.0	0.0
chr1:22746245-22746745	ENSG00000173369	C1QB	chr1	22746245	22746745	22652761	+	93734	immune	method4_paired	0.5456008	0.5456008	0.0	0.0
chr1:22746245-22746745	ENSG00000173372	C1QA	chr1	22746245	22746745	22635076	+	111419	immune	method4_paired	0.5468494	0.5468494	0.0	0.0
chr1:22750209-22750709	ENSG00000133216	EPHB2	chr1	22750209	22750709	22710838	+	39621	immune	method4_paired	0.62810683	0.62810683	0.0	0.0
chr1:22750209-22750709	ENSG00000159189	C1QC	chr1	22750209	22750709	22643013	+	107446	immune	method4_paired	0.690908	0.690908	0.0	0.0
chr1:22750209-22750709	ENSG00000173369	C1QB	chr1	22750209	22750709	22652761	+	97698	immune	method4_paired	0.6848045	0.6848045	0.0	0.0
chr1:22750209-22750709	ENSG00000173372	C1QA	chr1	22750209	22750709	22635076	+	115383	immune	method4_paired	0.65814346	0.65814346	0.0	0.0
chr1:22794614-22795114	ENSG00000133216	EPHB2	chr1	22794614	22795114	22710838	+	84026	immune	method4_paired	0.5702144	0.5702144	0.0	0.0
chr1:22794614-22795114	ENSG00000159189	C1QC	chr1	22794614	22795114	22643013	+	151851	immune	method4_paired	0.5982801	0.5982801	0.0	0.0
chr1:22794614-22795114	ENSG00000173369	C1QB	chr1	22794614	22795114	22652761	+	142103	immune	method4_paired	0.575825	0.575825	0.0	0.0
chr1:22794614-22795114	ENSG00000173372	C1QA	chr1	22794614	22795114	22635076	+	159788	immune	method4_paired	0.56563485	0.56563485	0.0	0.0
chr1:22821000-22821500	ENSG00000133216	EPHB2	chr1	22821000	22821500	22710838	+	110412	immune	method4_paired	0.5383138	0.5383138	0.0	0.0
chr1:22821000-22821500	ENSG00000159189	C1QC	chr1	22821000	22821500	22643013	+	178237	immune	method4_paired	0.54596955	0.54596955	0.0	0.0
chr1:22821000-22821500	ENSG00000173369	C1QB	chr1	22821000	22821500	22652761	+	168489	immune	method4_paired	0.548957	0.548957	0.0	0.0
chr1:22821000-22821500	ENSG00000173372	C1QA	chr1	22821000	22821500	22635076	+	186174	immune	method4_paired	0.5104351	0.5104351	0.0	0.0
chr1:22832004-22832504	ENSG00000133216	EPHB2	chr1	22832004	22832504	22710838	+	121416	immune	method4_paired	0.49111587	0.49111587	0.0	0.0
chr1:22832004-22832504	ENSG00000159189	C1QC	chr1	22832004	22832504	22643013	+	189241	immune	method4_paired	0.53539324	0.53539324	0.0	0.0
chr1:22832004-22832504	ENSG00000173369	C1QB	chr1	22832004	22832504	22652761	+	179493	immune	method4_paired	0.54384834	0.54384834	0.0	0.0
chr1:22832004-22832504	ENSG00000173372	C1QA	chr1	22832004	22832504	22635076	+	197178	immune	method4_paired	0.54706776	0.54706776	0.0	0.0
chr1:22846465-22846965	ENSG00000133216	EPHB2	chr1	22846465	22846965	22710838	+	135877	immune	method4_paired	0.63935244	0.63935244	0.0	0.0
chr1:22846465-22846965	ENSG00000159189	C1QC	chr1	22846465	22846965	22643013	+	203702	immune	method4_paired	0.66954273	0.66954273	0.0	0.0
chr1:22846465-22846965	ENSG00000173369	C1QB	chr1	22846465	22846965	22652761	+	193954	immune	method4_paired	0.6477354	0.6477354	0.0	0.0
chr1:22846465-22846965	ENSG00000173372	C1QA	chr1	22846465	22846965	22635076	+	211639	immune	method4_paired	0.61044717	0.61044717	0.0	0.0
chr1:22850641-22851141	ENSG00000133216	EPHB2	chr1	22850641	22851141	22710838	+	140053	immune	method4_paired	0.6128528	0.6128528	0.0	0.0
chr1:22850641-22851141	ENSG00000159189	C1QC	chr1	22850641	22851141	22643013	+	207878	immune	method4_paired	0.6652214	0.6652214	0.0	0.0
chr1:22850641-22851141	ENSG00000173369	C1QB	chr1	22850641	22851141	22652761	+	198130	immune	method4_paired	0.638957	0.638957	0.0	0.0
chr1:22850641-22851141	ENSG00000173372	C1QA	chr1	22850641	22851141	22635076	+	215815	immune	method4_paired	0.60363156	0.60363156	0.0	0.0
chr1:22851438-22851938	ENSG00000133216	EPHB2	chr1	22851438	22851938	22710838	+	140850	immune	method4_paired	0.66903484	0.66903484	0.0	0.0
chr1:22851438-22851938	ENSG00000159189	C1QC	chr1	22851438	22851938	22643013	+	208675	immune	method4_paired	0.7084332	0.7084332	0.0	0.0
chr1:22851438-22851938	ENSG00000173369	C1QB	chr1	22851438	22851938	22652761	+	198927	immune	method4_paired	0.69625664	0.69625664	0.0	0.0
chr1:22851438-22851938	ENSG00000173372	C1QA	chr1	22851438	22851938	22635076	+	216612	immune	method4_paired	0.6602237	0.6602237	0.0	0.0
chr1:22852013-22852513	ENSG00000133216	EPHB2	chr1	22852013	22852513	22710838	+	141425	immune	method4_paired	0.4774036	0.4774036	0.0	0.0
chr1:22852013-22852513	ENSG00000159189	C1QC	chr1	22852013	22852513	22643013	+	209250	immune	method4_paired	0.5267051	0.5267051	0.0	0.0
chr1:22852013-22852513	ENSG00000173369	C1QB	chr1	22852013	22852513	22652761	+	199502	immune	method4_paired	0.5129832	0.5129832	0.0	0.0
chr1:22852013-22852513	ENSG00000173372	C1QA	chr1	22852013	22852513	22635076	+	217187	immune	method4_paired	0.5029563	0.5029563	0.0	0.0
chr1:22862011-22862511	ENSG00000133216	EPHB2	chr1	22862011	22862511	22710838	+	151423	immune	method4_paired	0.5838675	0.5838675	0.0	0.0
chr1:22862011-22862511	ENSG00000159189	C1QC	chr1	22862011	22862511	22643013	+	219248	immune	method4_paired	0.58838964	0.58838964	0.0	0.0
chr1:22862011-22862511	ENSG00000173369	C1QB	chr1	22862011	22862511	22652761	+	209500	immune	method4_paired	0.58096564	0.58096564	0.0	0.0
chr1:22862011-22862511	ENSG00000173372	C1QA	chr1	22862011	22862511	22635076	+	227185	immune	method4_paired	0.57575977	0.57575977	0.0	0.0
chr1:22930257-22930757	ENSG00000133216	EPHB2	chr1	22930257	22930757	22710838	+	219669	immune	method4_paired	0.5044828	0.5044828	0.0	0.0
chr1:22930257-22930757	ENSG00000159189	C1QC	chr1	22930257	22930757	22643013	+	287494	immune	method4_paired	0.54028696	0.54028696	0.0	0.0
chr1:22930257-22930757	ENSG00000173369	C1QB	chr1	22930257	22930757	22652761	+	277746	immune	method4_paired	0.5351438	0.5351438	0.0	0.0
chr1:22930257-22930757	ENSG00000173372	C1QA	chr1	22930257	22930757	22635076	+	295431	immune	method4_paired	0.4962378	0.4962378	0.0	0.0
chr1:23114190-23114690	ENSG00000159189	C1QC	chr1	23114190	23114690	22643013	+	471427	immune	method4_paired	0.49760422	0.49760422	0.0	0.0
chr1:23114190-23114690	ENSG00000173369	C1QB	chr1	23114190	23114690	22652761	+	461679	immune	method4_paired	0.49497768	0.49497768	0.0	0.0
chr1:23114190-23114690	ENSG00000173372	C1QA	chr1	23114190	23114690	22635076	+	479364	immune	method4_paired	0.47116348	0.47116348	0.0	0.0
chr1:23122481-23122981	ENSG00000133216	EPHB2	chr1	23122481	23122981	22710838	+	411893	immune	method4_paired	0.5193463	0.5193463	0.0	0.0
chr1:23122481-23122981	ENSG00000159189	C1QC	chr1	23122481	23122981	22643013	+	479718	immune	method4_paired	0.5420106	0.5420106	0.0	0.0
chr1:23122481-23122981	ENSG00000173369	C1QB	chr1	23122481	23122981	22652761	+	469970	immune	method4_paired	0.5428225	0.5428225	0.0	0.0
chr1:23122481-23122981	ENSG00000173372	C1QA	chr1	23122481	23122981	22635076	+	487655	immune	method4_paired	0.5144835	0.5144835	0.0	0.0
chr1:23169561-23170061	ENSG00000133216	EPHB2	chr1	23169561	23170061	22710838	+	458973	immune	method4_paired	0.48247007	0.48247007	0.0	0.0
chr1:23369577-23370077	ENSG00000179163	FUCA1	chr1	23369577	23370077	23868289	-	498462	immune	method4_paired	0.4681982	0.4681982	0.0	0.0
chr1:23378258-23378758	ENSG00000179163	FUCA1	chr1	23378258	23378758	23868289	-	489781	immune	method4_paired	0.52584803	0.52584803	0.0	0.0
chr1:23400894-23401394	ENSG00000179163	FUCA1	chr1	23400894	23401394	23868289	-	467145	immune	method4_paired	0.45540404	0.45540404	0.0	0.0
chr1:23402224-23402724	ENSG00000179163	FUCA1	chr1	23402224	23402724	23868289	-	465815	immune	method4_paired	0.6361627	0.6361627	0.0	0.0
chr1:23402905-23403405	ENSG00000179163	FUCA1	chr1	23402905	23403405	23868289	-	465134	immune	method4_paired	0.48100364	0.48100364	0.0	0.0
chr1:23444065-23444565	ENSG00000179163	FUCA1	chr1	23444065	23444565	23868289	-	423974	immune	method4_paired	0.5136691	0.5136691	0.0	0.0
chr1:23522571-23523071	ENSG00000179163	FUCA1	chr1	23522571	23523071	23868289	-	345468	immune	method4_paired	0.47163877	0.47163877	0.0	0.0
chr1:23533223-23533723	ENSG00000179163	FUCA1	chr1	23533223	23533723	23868289	-	334816	immune	method4_paired	0.5445968	0.5445968	0.0	0.0
chr1:23567200-23567700	ENSG00000179163	FUCA1	chr1	23567200	23567700	23868289	-	300839	immune	method4_paired	0.63948447	0.63948447	0.0	0.0
chr1:23574200-23574700	ENSG00000188822	CNR2	chr1	23574200	23574700	23913361	-	338911	immune	method4_paired	0.50858146	0.50858146	0.0	0.0
chr1:23594858-23595358	ENSG00000188822	CNR2	chr1	23594858	23595358	23913361	-	318253	immune	method4_paired	0.69486564	0.69486564	0.0	0.0
chr1:23619427-23619927	ENSG00000179163	FUCA1	chr1	23619427	23619927	23868289	-	248612	immune	method4_paired	-0.48175594	-0.48175594	0.0	0.0
chr1:23628810-23629310	ENSG00000188822	CNR2	chr1	23628810	23629310	23913361	-	284301	immune	method4_paired	0.5438147	0.5438147	0.0	0.0
chr1:23722606-23723106	ENSG00000188822	CNR2	chr1	23722606	23723106	23913361	-	190505	immune	method4_paired	0.5609085	0.5609085	0.0	0.0
chr1:23727248-23727748	ENSG00000179163	FUCA1	chr1	23727248	23727748	23868289	-	140791	immune	method4_paired	0.5038493	0.5038493	0.0	0.0
chr1:23728528-23729028	ENSG00000125944	HNRNPR	chr1	23728528	23729028	23344335	-	384443	immune	method4_paired	0.4534613	0.4534613	0.0	0.0
chr1:23728528-23729028	ENSG00000188822	CNR2	chr1	23728528	23729028	23913361	-	184583	immune	method4_paired	0.7414747	0.7414747	0.0	0.0
chr1:23809677-23810177	ENSG00000179163	FUCA1	chr1	23809677	23810177	23868289	-	58362	immune	method4_paired	0.49798086	0.49798086	0.0	0.0
chr1:23810714-23811214	ENSG00000179163	FUCA1	chr1	23810714	23811214	23868289	-	57325	immune	method4_paired	0.542977	0.542977	0.0	0.0
chr1:23865529-23866029	ENSG00000179163	FUCA1	chr1	23865529	23866029	23868289	-	2510	immune	method4_paired	0.54326373	0.54326373	0.0	0.0
chr1:23869084-23869584	ENSG00000179163	FUCA1	chr1	23869084	23869584	23868289	-	1045	immune	method4_paired	0.6181779	0.6181779	0.0	0.0
chr1:23869776-23870276	ENSG00000179163	FUCA1	chr1	23869776	23870276	23868289	-	1737	immune	method4_paired	0.48316157	0.48316157	0.0	0.0
chr1:23882691-23883191	ENSG00000179163	FUCA1	chr1	23882691	23883191	23868289	-	14652	immune	method4_paired	0.49470416	0.49470416	0.0	0.0
chr1:23887808-23888308	ENSG00000179163	FUCA1	chr1	23887808	23888308	23868289	-	19769	immune	method4_paired	0.5442492	0.5442492	0.0	0.0
chr1:23888980-23889480	ENSG00000188822	CNR2	chr1	23888980	23889480	23913361	-	24131	immune	method4_paired	0.52647567	0.52647567	0.0	0.0
chr1:23895137-23895637	ENSG00000179163	FUCA1	chr1	23895137	23895637	23868289	-	27098	immune	method4_paired	0.6520935	0.6520935	0.0	0.0
chr1:23897017-23897517	ENSG00000179163	FUCA1	chr1	23897017	23897517	23868289	-	28978	immune	method4_paired	0.6673588	0.6673588	0.0	0.0
chr1:23897625-23898125	ENSG00000179163	FUCA1	chr1	23897625	23898125	23868289	-	29586	immune	method4_paired	0.45534274	0.45534274	0.0	0.0
chr1:23902626-23903126	ENSG00000179163	FUCA1	chr1	23902626	23903126	23868289	-	34587	immune	method4_paired	0.5792877	0.5792877	0.0	0.0
chr1:23905920-23906420	ENSG00000179163	FUCA1	chr1	23905920	23906420	23868289	-	37881	immune	method4_paired	0.47864223	0.47864223	0.0	0.0
chr1:23906654-23907154	ENSG00000188822	CNR2	chr1	23906654	23907154	23913361	-	6457	immune	method4_paired	0.45989767	0.45989767	0.0	0.0
chr1:23908760-23909260	ENSG00000179163	FUCA1	chr1	23908760	23909260	23868289	-	40721	immune	method4_paired	0.57666135	0.57666135	0.0	0.0
chr1:23910168-23910668	ENSG00000188822	CNR2	chr1	23910168	23910668	23913361	-	2943	immune	method4_paired	0.49079016	0.49079016	0.0	0.0
chr1:23911886-23912386	ENSG00000179163	FUCA1	chr1	23911886	23912386	23868289	-	43847	immune	method4_paired	0.46841657	0.46841657	0.0	0.0
chr1:23912580-23913080	ENSG00000188822	CNR2	chr1	23912580	23913080	23913361	-	531	immune	method4_paired	0.45105192	0.45105192	0.0	0.0
chr1:23913166-23913666	ENSG00000188822	CNR2	chr1	23913166	23913666	23913361	-	55	immune	method4_paired	0.74931127	0.74931127	0.0	0.0
chr1:23916087-23916587	ENSG00000179163	FUCA1	chr1	23916087	23916587	23868289	-	48048	immune	method4_paired	0.5417897	0.5417897	0.0	0.0
chr1:23916663-23917163	ENSG00000179163	FUCA1	chr1	23916663	23917163	23868289	-	48624	immune	method4_paired	0.56258315	0.56258315	0.0	0.0
chr1:24150403-24150903	ENSG00000117602	RCAN3	chr1	24150403	24150903	24502350	+	351697	immune	method4_paired	-0.45306963	-0.45306963	0.0	0.0
chr1:24150403-24150903	ENSG00000184454	NCMAP	chr1	24150403	24150903	24556086	+	405433	immune	method4_paired	0.51078	0.51078	0.0	0.0
chr1:24151077-24151577	ENSG00000184454	NCMAP	chr1	24151077	24151577	24556086	+	404759	immune	method4_paired	0.52762526	0.52762526	0.0	0.0
chr1:24187100-24187600	ENSG00000184454	NCMAP	chr1	24187100	24187600	24556086	+	368736	immune	method4_paired	0.58944017	0.58944017	0.0	0.0
chr1:24187100-24187600	ENSG00000185436	IFNLR1	chr1	24187100	24187600	24187958	-	608	immune	method4_paired	0.55993086	0.55993086	0.0	0.0
chr1:24189438-24189938	ENSG00000117602	RCAN3	chr1	24189438	24189938	24502350	+	312662	immune	method4_paired	-0.5425422	-0.5425422	0.0	0.0
chr1:24189438-24189938	ENSG00000184454	NCMAP	chr1	24189438	24189938	24556086	+	366398	immune	method4_paired	0.611081	0.611081	0.0	0.0
chr1:24189438-24189938	ENSG00000185436	IFNLR1	chr1	24189438	24189938	24187958	-	1730	immune	method4_paired	0.5340425	0.5340425	0.0	0.0
chr1:24190070-24190570	ENSG00000117602	RCAN3	chr1	24190070	24190570	24502350	+	312030	immune	method4_paired	-0.5193441	-0.5193441	0.0	0.0
chr1:24190070-24190570	ENSG00000184454	NCMAP	chr1	24190070	24190570	24556086	+	365766	immune	method4_paired	0.45688432	0.45688432	0.0	0.0
chr1:24190845-24191345	ENSG00000184454	NCMAP	chr1	24190845	24191345	24556086	+	364991	immune	method4_paired	0.5544839	0.5544839	0.0	0.0
chr1:24190845-24191345	ENSG00000185436	IFNLR1	chr1	24190845	24191345	24187958	-	3137	immune	method4_paired	0.53061014	0.53061014	0.0	0.0
chr1:24202414-24202914	ENSG00000184454	NCMAP	chr1	24202414	24202914	24556086	+	353422	immune	method4_paired	0.4776389	0.4776389	0.0	0.0
chr1:24203395-24203895	ENSG00000117602	RCAN3	chr1	24203395	24203895	24502350	+	298705	immune	method4_paired	-0.51107055	-0.51107055	0.0	0.0
chr1:24203395-24203895	ENSG00000184454	NCMAP	chr1	24203395	24203895	24556086	+	352441	immune	method4_paired	0.74503785	0.74503785	0.0	0.0
chr1:24203395-24203895	ENSG00000185436	IFNLR1	chr1	24203395	24203895	24187958	-	15687	immune	method4_paired	0.53198093	0.53198093	0.0	0.0
chr1:24204121-24204621	ENSG00000184454	NCMAP	chr1	24204121	24204621	24556086	+	351715	immune	method4_paired	0.45215237	0.45215237	0.0	0.0
chr1:24228028-24228528	ENSG00000184454	NCMAP	chr1	24228028	24228528	24556086	+	327808	immune	method4_paired	0.5115184	0.5115184	0.0	0.0
chr1:24236068-24236568	ENSG00000184454	NCMAP	chr1	24236068	24236568	24556086	+	319768	immune	method4_paired	0.4657858	0.4657858	0.0	0.0
chr1:24277387-24277887	ENSG00000184454	NCMAP	chr1	24277387	24277887	24556086	+	278449	immune	method4_paired	0.46985757	0.46985757	0.0	0.0
chr1:24321676-24322176	ENSG00000117602	RCAN3	chr1	24321676	24322176	24502350	+	180424	immune	method4_paired	-0.5391844	-0.5391844	0.0	0.0
chr1:24321676-24322176	ENSG00000169504	CLIC4	chr1	24321676	24322176	24745381	+	423455	immune	method4_paired	0.5361485	0.5361485	0.0	0.0
chr1:24321676-24322176	ENSG00000184454	NCMAP	chr1	24321676	24322176	24556086	+	234160	immune	method4_paired	0.6645618	0.6645618	0.0	0.0
chr1:24322308-24322808	ENSG00000117602	RCAN3	chr1	24322308	24322808	24502350	+	179792	immune	method4_paired	-0.5583018	-0.5583018	0.0	0.0
chr1:24322308-24322808	ENSG00000169504	CLIC4	chr1	24322308	24322808	24745381	+	422823	immune	method4_paired	0.5922825	0.5922825	0.0	0.0
chr1:24322308-24322808	ENSG00000184454	NCMAP	chr1	24322308	24322808	24556086	+	233528	immune	method4_paired	0.6619268	0.6619268	0.0	0.0
chr1:24323240-24323740	ENSG00000184454	NCMAP	chr1	24323240	24323740	24556086	+	232596	immune	method4_paired	0.4716179	0.4716179	0.0	0.0
chr1:24373159-24373659	ENSG00000188822	CNR2	chr1	24373159	24373659	23913361	-	460048	immune	method4_paired	0.5896144	0.5896144	0.0	0.0
chr1:24373666-24374166	ENSG00000169504	CLIC4	chr1	24373666	24374166	24745381	+	371465	immune	method4_paired	0.45898005	0.45898005	0.0	0.0
chr1:24373666-24374166	ENSG00000184454	NCMAP	chr1	24373666	24374166	24556086	+	182170	immune	method4_paired	0.47474107	0.47474107	0.0	0.0
chr1:24384231-24384731	ENSG00000117602	RCAN3	chr1	24384231	24384731	24502350	+	117869	immune	method4_paired	-0.5361544	-0.5361544	0.0	0.0
chr1:24384231-24384731	ENSG00000169504	CLIC4	chr1	24384231	24384731	24745381	+	360900	immune	method4_paired	0.54570824	0.54570824	0.0	0.0
chr1:24384231-24384731	ENSG00000184454	NCMAP	chr1	24384231	24384731	24556086	+	171605	immune	method4_paired	0.5129584	0.5129584	0.0	0.0
chr1:24389102-24389602	ENSG00000184454	NCMAP	chr1	24389102	24389602	24556086	+	166734	immune	method4_paired	0.45225883	0.45225883	0.0	0.0
chr1:24392252-24392752	ENSG00000184454	NCMAP	chr1	24392252	24392752	24556086	+	163584	immune	method4_paired	0.48832962	0.48832962	0.0	0.0
chr1:24481944-24482444	ENSG00000020633	RUNX3	chr1	24481944	24482444	24965120	-	482926	immune	method4_paired	0.503089	0.503089	0.0	0.0
chr1:24481944-24482444	ENSG00000117602	RCAN3	chr1	24481944	24482444	24502350	+	20156	immune	method4_paired	0.52786714	0.52786714	0.0	0.0
chr1:24481944-24482444	ENSG00000169504	CLIC4	chr1	24481944	24482444	24745381	+	263187	immune	method4_paired	-0.5016399	-0.5016399	0.0	0.0
chr1:24506416-24506916	ENSG00000117602	RCAN3	chr1	24506416	24506916	24502350	+	4316	immune	method4_paired	0.5616763	0.5616763	0.0	0.0
chr1:24506416-24506916	ENSG00000169504	CLIC4	chr1	24506416	24506916	24745381	+	238715	immune	method4_paired	-0.49233016	-0.49233016	0.0	0.0
chr1:24555837-24556337	ENSG00000184454	NCMAP	chr1	24555837	24556337	24556086	+	1	immune	method4_paired	0.6165518	0.6165518	0.0	0.0
chr1:24555837-24556337	ENSG00000185436	IFNLR1	chr1	24555837	24556337	24187958	-	368129	immune	method4_paired	0.4785456	0.4785456	0.0	0.0
chr1:24557734-24558234	ENSG00000020633	RUNX3	chr1	24557734	24558234	24965120	-	407136	immune	method4_paired	-0.53481716	-0.53481716	0.0	0.0
chr1:24557734-24558234	ENSG00000117602	RCAN3	chr1	24557734	24558234	24502350	+	55634	immune	method4_paired	-0.4617661	-0.4617661	0.0	0.0
chr1:24557734-24558234	ENSG00000169504	CLIC4	chr1	24557734	24558234	24745381	+	187397	immune	method4_paired	0.50980955	0.50980955	0.0	0.0
chr1:24557734-24558234	ENSG00000184454	NCMAP	chr1	24557734	24558234	24556086	+	1898	immune	method4_paired	0.6803182	0.6803182	0.0	0.0
chr1:24559247-24559747	ENSG00000020633	RUNX3	chr1	24559247	24559747	24965120	-	405623	immune	method4_paired	-0.4524353	-0.4524353	0.0	0.0
chr1:24559247-24559747	ENSG00000169504	CLIC4	chr1	24559247	24559747	24745381	+	185884	immune	method4_paired	0.49382323	0.49382323	0.0	0.0
chr1:24559247-24559747	ENSG00000184454	NCMAP	chr1	24559247	24559747	24556086	+	3411	immune	method4_paired	0.5126908	0.5126908	0.0	0.0
chr1:24572198-24572698	ENSG00000020633	RUNX3	chr1	24572198	24572698	24965120	-	392672	immune	method4_paired	-0.4616422	-0.4616422	0.0	0.0
chr1:24572198-24572698	ENSG00000117602	RCAN3	chr1	24572198	24572698	24502350	+	70098	immune	method4_paired	-0.47654432	-0.47654432	0.0	0.0
chr1:24572198-24572698	ENSG00000169504	CLIC4	chr1	24572198	24572698	24745381	+	172933	immune	method4_paired	0.4898598	0.4898598	0.0	0.0
chr1:24572198-24572698	ENSG00000184454	NCMAP	chr1	24572198	24572698	24556086	+	16362	immune	method4_paired	0.50011283	0.50011283	0.0	0.0
chr1:24584062-24584562	ENSG00000020633	RUNX3	chr1	24584062	24584562	24965120	-	380808	immune	method4_paired	-0.5094429	-0.5094429	0.0	0.0
chr1:24584062-24584562	ENSG00000169504	CLIC4	chr1	24584062	24584562	24745381	+	161069	immune	method4_paired	0.4925785	0.4925785	0.0	0.0
chr1:24584062-24584562	ENSG00000184454	NCMAP	chr1	24584062	24584562	24556086	+	28226	immune	method4_paired	0.64125377	0.64125377	0.0	0.0
chr1:24727479-24727979	ENSG00000020633	RUNX3	chr1	24727479	24727979	24965120	-	237391	immune	method4_paired	-0.56094724	-0.56094724	0.0	0.0
chr1:24727479-24727979	ENSG00000117602	RCAN3	chr1	24727479	24727979	24502350	+	225379	immune	method4_paired	-0.6282665	-0.6282665	0.0	0.0
chr1:24727479-24727979	ENSG00000169504	CLIC4	chr1	24727479	24727979	24745381	+	17652	immune	method4_paired	0.6545276	0.6545276	0.0	0.0
chr1:24742388-24742888	ENSG00000169504	CLIC4	chr1	24742388	24742888	24745381	+	2743	immune	method4_paired	0.4536693	0.4536693	0.0	0.0
chr1:24743359-24743859	ENSG00000020633	RUNX3	chr1	24743359	24743859	24965120	-	221511	immune	method4_paired	-0.5483338	-0.5483338	0.0	0.0
chr1:24743359-24743859	ENSG00000117602	RCAN3	chr1	24743359	24743859	24502350	+	241259	immune	method4_paired	-0.47297004	-0.47297004	0.0	0.0
chr1:24743359-24743859	ENSG00000169504	CLIC4	chr1	24743359	24743859	24745381	+	1772	immune	method4_paired	0.51670045	0.51670045	0.0	0.0
chr1:24743359-24743859	ENSG00000184454	NCMAP	chr1	24743359	24743859	24556086	+	187523	immune	method4_paired	0.58635366	0.58635366	0.0	0.0
chr1:24743969-24744469	ENSG00000169504	CLIC4	chr1	24743969	24744469	24745381	+	1162	immune	method4_paired	0.46349043	0.46349043	0.0	0.0
chr1:24744545-24745045	ENSG00000169504	CLIC4	chr1	24744545	24745045	24745381	+	586	immune	method4_paired	0.5885888	0.5885888	0.0	0.0
chr1:24744545-24745045	ENSG00000184454	NCMAP	chr1	24744545	24745045	24556086	+	188709	immune	method4_paired	0.46734023	0.46734023	0.0	0.0
chr1:24745061-24745561	ENSG00000117602	RCAN3	chr1	24745061	24745561	24502350	+	242961	immune	method4_paired	-0.46811068	-0.46811068	0.0	0.0
chr1:24745061-24745561	ENSG00000169504	CLIC4	chr1	24745061	24745561	24745381	+	70	immune	method4_paired	0.5927889	0.5927889	0.0	0.0
chr1:24745722-24746222	ENSG00000169504	CLIC4	chr1	24745722	24746222	24745381	+	591	immune	method4_paired	0.5621409	0.5621409	0.0	0.0
chr1:24746557-24747057	ENSG00000020633	RUNX3	chr1	24746557	24747057	24965120	-	218313	immune	method4_paired	-0.5244608	-0.5244608	0.0	0.0
chr1:24746557-24747057	ENSG00000117602	RCAN3	chr1	24746557	24747057	24502350	+	244457	immune	method4_paired	-0.45372227	-0.45372227	0.0	0.0
chr1:24746557-24747057	ENSG00000169504	CLIC4	chr1	24746557	24747057	24745381	+	1426	immune	method4_paired	0.54712343	0.54712343	0.0	0.0
chr1:24746557-24747057	ENSG00000184454	NCMAP	chr1	24746557	24747057	24556086	+	190721	immune	method4_paired	0.54398954	0.54398954	0.0	0.0
chr1:24748001-24748501	ENSG00000169504	CLIC4	chr1	24748001	24748501	24745381	+	2870	immune	method4_paired	0.4677361	0.4677361	0.0	0.0
chr1:24748667-24749167	ENSG00000020633	RUNX3	chr1	24748667	24749167	24965120	-	216203	immune	method4_paired	-0.57742584	-0.57742584	0.0	0.0
chr1:24748667-24749167	ENSG00000117602	RCAN3	chr1	24748667	24749167	24502350	+	246567	immune	method4_paired	-0.45750555	-0.45750555	0.0	0.0
chr1:24748667-24749167	ENSG00000169504	CLIC4	chr1	24748667	24749167	24745381	+	3536	immune	method4_paired	0.64513385	0.64513385	0.0	0.0
chr1:24748667-24749167	ENSG00000184454	NCMAP	chr1	24748667	24749167	24556086	+	192831	immune	method4_paired	0.6345017	0.6345017	0.0	0.0
chr1:24749234-24749734	ENSG00000169504	CLIC4	chr1	24749234	24749734	24745381	+	4103	immune	method4_paired	0.4971319	0.4971319	0.0	0.0
chr1:24749234-24749734	ENSG00000184454	NCMAP	chr1	24749234	24749734	24556086	+	193398	immune	method4_paired	0.5559956	0.5559956	0.0	0.0
chr1:24910989-24911489	ENSG00000020633	RUNX3	chr1	24910989	24911489	24965120	-	53881	immune	method4_paired	0.67392385	0.67392385	0.0	0.0
chr1:24910989-24911489	ENSG00000117602	RCAN3	chr1	24910989	24911489	24502350	+	408889	immune	method4_paired	0.6068784	0.6068784	0.0	0.0
chr1:24910989-24911489	ENSG00000117616	RSRP1	chr1	24910989	24911489	25338212	-	426973	immune	method4_paired	-0.4536845	-0.4536845	0.0	0.0
chr1:24910989-24911489	ENSG00000169504	CLIC4	chr1	24910989	24911489	24745381	+	165858	immune	method4_paired	-0.7360816	-0.7360816	0.0	0.0
chr1:24911579-24912079	ENSG00000020633	RUNX3	chr1	24911579	24912079	24965120	-	53291	immune	method4_paired	0.5303414	0.5303414	0.0	0.0
chr1:24911579-24912079	ENSG00000169504	CLIC4	chr1	24911579	24912079	24745381	+	166448	immune	method4_paired	-0.48103335	-0.48103335	0.0	0.0
chr1:24912822-24913322	ENSG00000169504	CLIC4	chr1	24912822	24913322	24745381	+	167691	immune	method4_paired	-0.4545525	-0.4545525	0.0	0.0
chr1:24922214-24922714	ENSG00000169504	CLIC4	chr1	24922214	24922714	24745381	+	177083	immune	method4_paired	-0.56110626	-0.56110626	0.0	0.0
chr1:24925040-24925540	ENSG00000117602	RCAN3	chr1	24925040	24925540	24502350	+	422940	immune	method4_paired	0.4683376	0.4683376	0.0	0.0
chr1:24955048-24955548	ENSG00000020633	RUNX3	chr1	24955048	24955548	24965120	-	9822	immune	method4_paired	0.4744326	0.4744326	0.0	0.0
chr1:24955048-24955548	ENSG00000169504	CLIC4	chr1	24955048	24955548	24745381	+	209917	immune	method4_paired	-0.49439803	-0.49439803	0.0	0.0
chr1:24963476-24963976	ENSG00000020633	RUNX3	chr1	24963476	24963976	24965120	-	1394	immune	method4_paired	0.50320363	0.50320363	0.0	0.0
chr1:24963476-24963976	ENSG00000169504	CLIC4	chr1	24963476	24963976	24745381	+	218345	immune	method4_paired	-0.5155555	-0.5155555	0.0	0.0
chr1:24981482-24981982	ENSG00000117602	RCAN3	chr1	24981482	24981982	24502350	+	479382	immune	method4_paired	0.45836666	0.45836666	0.0	0.0
chr1:24981482-24981982	ENSG00000169504	CLIC4	chr1	24981482	24981982	24745381	+	236351	immune	method4_paired	-0.47900876	-0.47900876	0.0	0.0
chr1:24985018-24985518	ENSG00000020633	RUNX3	chr1	24985018	24985518	24965120	-	20148	immune	method4_paired	0.544806	0.544806	0.0	0.0
chr1:24985018-24985518	ENSG00000169504	CLIC4	chr1	24985018	24985518	24745381	+	239887	immune	method4_paired	-0.60363865	-0.60363865	0.0	0.0
chr1:24992334-24992834	ENSG00000020633	RUNX3	chr1	24992334	24992834	24965120	-	27464	immune	method4_paired	0.5199431	0.5199431	0.0	0.0
chr1:24992334-24992834	ENSG00000117602	RCAN3	chr1	24992334	24992834	24502350	+	490234	immune	method4_paired	0.450814	0.450814	0.0	0.0
chr1:24992334-24992834	ENSG00000169504	CLIC4	chr1	24992334	24992834	24745381	+	247203	immune	method4_paired	-0.5417244	-0.5417244	0.0	0.0
chr1:24992915-24993415	ENSG00000020633	RUNX3	chr1	24992915	24993415	24965120	-	28045	immune	method4_paired	0.55501604	0.55501604	0.0	0.0
chr1:24992915-24993415	ENSG00000117602	RCAN3	chr1	24992915	24993415	24502350	+	490815	immune	method4_paired	0.530516	0.530516	0.0	0.0
chr1:24992915-24993415	ENSG00000169504	CLIC4	chr1	24992915	24993415	24745381	+	247784	immune	method4_paired	-0.6286928	-0.6286928	0.0	0.0
chr1:24997535-24998035	ENSG00000020633	RUNX3	chr1	24997535	24998035	24965120	-	32665	immune	method4_paired	0.6494883	0.6494883	0.0	0.0
chr1:24997535-24998035	ENSG00000117602	RCAN3	chr1	24997535	24998035	24502350	+	495435	immune	method4_paired	0.48053834	0.48053834	0.0	0.0
chr1:24997535-24998035	ENSG00000169504	CLIC4	chr1	24997535	24998035	24745381	+	252404	immune	method4_paired	-0.5980786	-0.5980786	0.0	0.0
chr1:25019369-25019869	ENSG00000020633	RUNX3	chr1	25019369	25019869	24965120	-	54499	immune	method4_paired	-0.48221654	-0.48221654	0.0	0.0
chr1:25019369-25019869	ENSG00000169504	CLIC4	chr1	25019369	25019869	24745381	+	274238	immune	method4_paired	0.55091435	0.55091435	0.0	0.0
chr1:25019369-25019869	ENSG00000184454	NCMAP	chr1	25019369	25019869	24556086	+	463533	immune	method4_paired	0.49223423	0.49223423	0.0	0.0
chr1:25022297-25022797	ENSG00000020633	RUNX3	chr1	25022297	25022797	24965120	-	57427	immune	method4_paired	0.5115351	0.5115351	0.0	0.0
chr1:25022297-25022797	ENSG00000169504	CLIC4	chr1	25022297	25022797	24745381	+	277166	immune	method4_paired	-0.46490264	-0.46490264	0.0	0.0
chr1:25030723-25031223	ENSG00000020633	RUNX3	chr1	25030723	25031223	24965120	-	65853	immune	method4_paired	0.5021856	0.5021856	0.0	0.0
chr1:25032122-25032622	ENSG00000020633	RUNX3	chr1	25032122	25032622	24965120	-	67252	immune	method4_paired	0.4831294	0.4831294	0.0	0.0
chr1:25032122-25032622	ENSG00000169504	CLIC4	chr1	25032122	25032622	24745381	+	286991	immune	method4_paired	-0.5304435	-0.5304435	0.0	0.0
chr1:25065790-25066290	ENSG00000020633	RUNX3	chr1	25065790	25066290	24965120	-	100920	immune	method4_paired	0.5118844	0.5118844	0.0	0.0
chr1:25065790-25066290	ENSG00000169504	CLIC4	chr1	25065790	25066290	24745381	+	320659	immune	method4_paired	-0.50709814	-0.50709814	0.0	0.0
chr1:25095634-25096134	ENSG00000020633	RUNX3	chr1	25095634	25096134	24965120	-	130764	immune	method4_paired	0.4818008	0.4818008	0.0	0.0
chr1:25095634-25096134	ENSG00000169504	CLIC4	chr1	25095634	25096134	24745381	+	350503	immune	method4_paired	-0.49471587	-0.49471587	0.0	0.0
chr1:25236886-25237386	ENSG00000020633	RUNX3	chr1	25236886	25237386	24965120	-	272016	immune	method4_paired	-0.45300382	-0.45300382	0.0	0.0
chr1:25236886-25237386	ENSG00000117643	MAN1C1	chr1	25236886	25237386	25616790	+	379654	immune	method4_paired	-0.45064515	-0.45064515	0.0	0.0
chr1:25549500-25550000	ENSG00000117643	MAN1C1	chr1	25549500	25550000	25616790	+	67040	immune	method4_paired	-0.5033546	-0.5033546	0.0	0.0
chr1:25600153-25600653	ENSG00000117643	MAN1C1	chr1	25600153	25600653	25616790	+	16387	immune	method4_paired	-0.50123733	-0.50123733	0.0	0.0
chr1:25675947-25676447	ENSG00000117616	RSRP1	chr1	25675947	25676447	25338212	-	337985	immune	method4_paired	-0.46478593	-0.46478593	0.0	0.0
chr1:25704306-25704806	ENSG00000117643	MAN1C1	chr1	25704306	25704806	25616790	+	87766	immune	method4_paired	0.48115516	0.48115516	0.0	0.0
chr1:25711488-25711988	ENSG00000117643	MAN1C1	chr1	25711488	25711988	25616790	+	94948	immune	method4_paired	0.514169	0.514169	0.0	0.0
chr1:25796804-25797304	ENSG00000117643	MAN1C1	chr1	25796804	25797304	25616790	+	180264	immune	method4_paired	0.46486944	0.46486944	0.0	0.0
chr1:25861129-25861629	ENSG00000158062	UBXN11	chr1	25861129	25861629	26318362	-	456983	immune	method4_paired	0.48240373	0.48240373	0.0	0.0
chr1:25923213-25923713	ENSG00000158062	UBXN11	chr1	25923213	25923713	26318362	-	394899	immune	method4_paired	0.55866885	0.55866885	0.0	0.0
chr1:25927413-25927913	ENSG00000158062	UBXN11	chr1	25927413	25927913	26318362	-	390699	immune	method4_paired	0.47327337	0.47327337	0.0	0.0
chr1:25931406-25931906	ENSG00000158062	UBXN11	chr1	25931406	25931906	26318362	-	386706	immune	method4_paired	0.5613425	0.5613425	0.0	0.0
chr1:26015316-26015816	ENSG00000158062	UBXN11	chr1	26015316	26015816	26318362	-	302796	immune	method4_paired	0.5648969	0.5648969	0.0	0.0
chr1:26078501-26079001	ENSG00000158022	TRIM63	chr1	26078501	26079001	26068435	-	10316	immune	method4_paired	0.5997938	0.5997938	0.0	0.0
chr1:26112011-26112511	ENSG00000169442	CD52	chr1	26112011	26112511	26317957	+	205696	immune	method4_paired	-0.48342803	-0.48342803	0.0	0.0
chr1:26113429-26113929	ENSG00000117643	MAN1C1	chr1	26113429	26113929	25616790	+	496889	immune	method4_paired	-0.5336928	-0.5336928	0.0	0.0
chr1:26113429-26113929	ENSG00000169442	CD52	chr1	26113429	26113929	26317957	+	204278	immune	method4_paired	-0.4884084	-0.4884084	0.0	0.0
chr1:26122110-26122610	ENSG00000158062	UBXN11	chr1	26122110	26122610	26318362	-	196002	immune	method4_paired	0.4760302	0.4760302	0.0	0.0
chr1:26161767-26162267	ENSG00000169442	CD52	chr1	26161767	26162267	26317957	+	155940	immune	method4_paired	-0.45756632	-0.45756632	0.0	0.0
chr1:26225247-26225747	ENSG00000169442	CD52	chr1	26225247	26225747	26317957	+	92460	immune	method4_paired	-0.46148154	-0.46148154	0.0	0.0
chr1:26259558-26260058	ENSG00000158062	UBXN11	chr1	26259558	26260058	26318362	-	58554	immune	method4_paired	0.49095368	0.49095368	0.0	0.0
chr1:26274778-26275278	ENSG00000158062	UBXN11	chr1	26274778	26275278	26318362	-	43334	immune	method4_paired	0.5405685	0.5405685	0.0	0.0
chr1:26287340-26287840	ENSG00000169442	CD52	chr1	26287340	26287840	26317957	+	30367	immune	method4_paired	0.46468166	0.46468166	0.0	0.0
chr1:26289146-26289646	ENSG00000117713	ARID1A	chr1	26289146	26289646	26693235	+	403839	immune	method4_paired	0.54134077	0.54134077	0.0	0.0
chr1:26290549-26291049	ENSG00000158062	UBXN11	chr1	26290549	26291049	26318362	-	27563	immune	method4_paired	0.473037	0.473037	0.0	0.0
chr1:26305537-26306037	ENSG00000158062	UBXN11	chr1	26305537	26306037	26318362	-	12575	immune	method4_paired	0.48215955	0.48215955	0.0	0.0
chr1:26308148-26308648	ENSG00000158062	UBXN11	chr1	26308148	26308648	26318362	-	9964	immune	method4_paired	0.49249756	0.49249756	0.0	0.0
chr1:26542200-26542700	ENSG00000158062	UBXN11	chr1	26542200	26542700	26318362	-	224088	immune	method4_paired	0.5260147	0.5260147	0.0	0.0
chr1:26542836-26543336	ENSG00000117713	ARID1A	chr1	26542836	26543336	26693235	+	150149	immune	method4_paired	0.45427686	0.45427686	0.0	0.0
chr1:26582746-26583246	ENSG00000158062	UBXN11	chr1	26582746	26583246	26318362	-	264634	immune	method4_paired	0.53814846	0.53814846	0.0	0.0
chr1:26598885-26599385	ENSG00000158062	UBXN11	chr1	26598885	26599385	26318362	-	280773	immune	method4_paired	0.5392543	0.5392543	0.0	0.0
chr1:26627898-26628398	ENSG00000158062	UBXN11	chr1	26627898	26628398	26318362	-	309786	immune	method4_paired	0.4929497	0.4929497	0.0	0.0
chr1:26647708-26648208	ENSG00000158062	UBXN11	chr1	26647708	26648208	26318362	-	329596	immune	method4_paired	0.5580859	0.5580859	0.0	0.0
chr1:26648288-26648788	ENSG00000158062	UBXN11	chr1	26648288	26648788	26318362	-	330176	immune	method4_paired	0.5550967	0.5550967	0.0	0.0
