peak_id	gene_id	gene_name	chrom	peak_start	peak_end	tss_pos	strand	distance_bp	compartment	method	score	r	pvalue	fdr
chr1:925433-925933	ENSG00000187634	SAMD11	chr1	925433	925933	923922	+	1761	stromal	method4_paired	0.46522972	0.46522972	0.0	0.0
chr1:940223-940723	ENSG00000162576	MXRA8	chr1	940223	940723	1361776	-	421303	stromal	method4_paired	0.45506722	0.45506722	0.0	0.0
chr1:940223-940723	ENSG00000187634	SAMD11	chr1	940223	940723	923922	+	16551	stromal	method4_paired	0.53469765	0.53469765	0.0	0.0
chr1:940725-941225	ENSG00000187634	SAMD11	chr1	940725	941225	923922	+	17053	stromal	method4_paired	0.48139516	0.48139516	0.0	0.0
chr1:941565-942065	ENSG00000187634	SAMD11	chr1	941565	942065	923922	+	17893	stromal	method4_paired	0.5888782	0.5888782	0.0	0.0
chr1:942403-942903	ENSG00000187634	SAMD11	chr1	942403	942903	923922	+	18731	stromal	method4_paired	0.4515283	0.4515283	0.0	0.0
chr1:942990-943490	ENSG00000187634	SAMD11	chr1	942990	943490	923922	+	19318	stromal	method4_paired	0.5055602	0.5055602	0.0	0.0
chr1:943961-944461	ENSG00000162576	MXRA8	chr1	943961	944461	1361776	-	417565	stromal	method4_paired	0.4810752	0.4810752	0.0	0.0
chr1:943961-944461	ENSG00000187634	SAMD11	chr1	943961	944461	923922	+	20289	stromal	method4_paired	0.48032176	0.48032176	0.0	0.0
chr1:944478-944978	ENSG00000162576	MXRA8	chr1	944478	944978	1361776	-	417048	stromal	method4_paired	0.49899957	0.49899957	0.0	0.0
chr1:944478-944978	ENSG00000187634	SAMD11	chr1	944478	944978	923922	+	20806	stromal	method4_paired	0.46556434	0.46556434	0.0	0.0
chr1:966773-967273	ENSG00000221978	CCNL2	chr1	966773	967273	1399334	-	432311	stromal	method4_paired	0.45188287	0.45188287	0.0	0.0
chr1:1019275-1019775	ENSG00000221978	CCNL2	chr1	1019275	1019775	1399334	-	379809	stromal	method4_paired	0.4693919	0.4693919	0.0	0.0
chr1:1137224-1137724	ENSG00000186891	TNFRSF18	chr1	1137224	1137724	1206591	-	69117	stromal	method4_paired	0.5004957	0.5004957	0.0	0.0
chr1:1212837-1213337	ENSG00000186827	TNFRSF4	chr1	1212837	1213337	1214152	-	1065	stromal	method4_paired	0.5826031	0.5826031	0.0	0.0
chr1:1307724-1308224	ENSG00000221978	CCNL2	chr1	1307724	1308224	1399334	-	91360	stromal	method4_paired	0.4567227	0.4567227	0.0	0.0
chr1:1308268-1308768	ENSG00000221978	CCNL2	chr1	1308268	1308768	1399334	-	90816	stromal	method4_paired	0.4935854	0.4935854	0.0	0.0
chr1:1358362-1358862	ENSG00000162576	MXRA8	chr1	1358362	1358862	1361776	-	3164	stromal	method4_paired	0.5112237	0.5112237	0.0	0.0
chr1:1360476-1360976	ENSG00000162576	MXRA8	chr1	1360476	1360976	1361776	-	1050	stromal	method4_paired	0.5258849	0.5258849	0.0	0.0
chr1:1399252-1399752	ENSG00000078369	GNB1	chr1	1399252	1399752	1892291	-	492789	stromal	method4_paired	0.49717402	0.49717402	0.0	0.0
chr1:1399252-1399752	ENSG00000221978	CCNL2	chr1	1399252	1399752	1399334	-	168	stromal	method4_paired	0.5076283	0.5076283	0.0	0.0
chr1:1407098-1407598	ENSG00000078369	GNB1	chr1	1407098	1407598	1892291	-	484943	stromal	method4_paired	0.4741047	0.4741047	0.0	0.0
chr1:1433122-1433622	ENSG00000179403	VWA1	chr1	1433122	1433622	1434860	+	1488	stromal	method4_paired	0.52951133	0.52951133	0.0	0.0
chr1:1511799-1512299	ENSG00000078369	GNB1	chr1	1511799	1512299	1892291	-	380242	stromal	method4_paired	0.4716815	0.4716815	0.0	0.0
chr1:1574658-1575158	ENSG00000078369	GNB1	chr1	1574658	1575158	1892291	-	317383	stromal	method4_paired	0.49698302	0.49698302	0.0	0.0
chr1:1615160-1615660	ENSG00000078369	GNB1	chr1	1615160	1615660	1892291	-	276881	stromal	method4_paired	0.4749329	0.4749329	0.0	0.0
chr1:1615160-1615660	ENSG00000221978	CCNL2	chr1	1615160	1615660	1399334	-	216076	stromal	method4_paired	0.47976482	0.47976482	0.0	0.0
chr1:1615978-1616478	ENSG00000078369	GNB1	chr1	1615978	1616478	1892291	-	276063	stromal	method4_paired	0.46958086	0.46958086	0.0	0.0
chr1:1615978-1616478	ENSG00000221978	CCNL2	chr1	1615978	1616478	1399334	-	216894	stromal	method4_paired	0.45197266	0.45197266	0.0	0.0
chr1:1629706-1630206	ENSG00000078369	GNB1	chr1	1629706	1630206	1892291	-	262335	stromal	method4_paired	0.45956647	0.45956647	0.0	0.0
chr1:1630909-1631409	ENSG00000162576	MXRA8	chr1	1630909	1631409	1361776	-	269383	stromal	method4_paired	0.4928161	0.4928161	0.0	0.0
chr1:1631422-1631922	ENSG00000162576	MXRA8	chr1	1631422	1631922	1361776	-	269896	stromal	method4_paired	0.47322252	0.47322252	0.0	0.0
chr1:1677743-1678243	ENSG00000067606	PRKCZ	chr1	1677743	1678243	2050410	+	372417	stromal	method4_paired	0.46353206	0.46353206	0.0	0.0
chr1:1677743-1678243	ENSG00000078369	GNB1	chr1	1677743	1678243	1892291	-	214298	stromal	method4_paired	0.4510374	0.4510374	0.0	0.0
chr1:1758769-1759269	ENSG00000067606	PRKCZ	chr1	1758769	1759269	2050410	+	291391	stromal	method4_paired	0.5283055	0.5283055	0.0	0.0
chr1:1758769-1759269	ENSG00000078369	GNB1	chr1	1758769	1759269	1892291	-	133272	stromal	method4_paired	0.4732918	0.4732918	0.0	0.0
chr1:1778220-1778720	ENSG00000078369	GNB1	chr1	1778220	1778720	1892291	-	113821	stromal	method4_paired	0.5507167	0.5507167	0.0	0.0
chr1:1778220-1778720	ENSG00000221978	CCNL2	chr1	1778220	1778720	1399334	-	379136	stromal	method4_paired	0.45416167	0.45416167	0.0	0.0
chr1:1778767-1779267	ENSG00000067606	PRKCZ	chr1	1778767	1779267	2050410	+	271393	stromal	method4_paired	0.4978476	0.4978476	0.0	0.0
chr1:1778767-1779267	ENSG00000078369	GNB1	chr1	1778767	1779267	1892291	-	113274	stromal	method4_paired	0.5743471	0.5743471	0.0	0.0
chr1:1780324-1780824	ENSG00000078369	GNB1	chr1	1780324	1780824	1892291	-	111717	stromal	method4_paired	0.48986197	0.48986197	0.0	0.0
chr1:1890230-1890730	ENSG00000078369	GNB1	chr1	1890230	1890730	1892291	-	1811	stromal	method4_paired	0.51579803	0.51579803	0.0	0.0
chr1:1890883-1891383	ENSG00000078369	GNB1	chr1	1890883	1891383	1892291	-	1158	stromal	method4_paired	0.4846084	0.4846084	0.0	0.0
chr1:1908881-1909381	ENSG00000078369	GNB1	chr1	1908881	1909381	1892291	-	16840	stromal	method4_paired	0.46805653	0.46805653	0.0	0.0
chr1:1919225-1919725	ENSG00000078369	GNB1	chr1	1919225	1919725	1892291	-	27184	stromal	method4_paired	0.5381583	0.5381583	0.0	0.0
chr1:1919739-1920239	ENSG00000078369	GNB1	chr1	1919739	1920239	1892291	-	27698	stromal	method4_paired	0.47233418	0.47233418	0.0	0.0
chr1:2046424-2046924	ENSG00000067606	PRKCZ	chr1	2046424	2046924	2050410	+	3736	stromal	method4_paired	0.4786136	0.4786136	0.0	0.0
chr1:2049454-2049954	ENSG00000067606	PRKCZ	chr1	2049454	2049954	2050410	+	706	stromal	method4_paired	0.47796902	0.47796902	0.0	0.0
chr1:2050116-2050616	ENSG00000067606	PRKCZ	chr1	2050116	2050616	2050410	+	44	stromal	method4_paired	0.64247936	0.64247936	0.0	0.0
chr1:2050116-2050616	ENSG00000078369	GNB1	chr1	2050116	2050616	1892291	-	158075	stromal	method4_paired	0.49234825	0.49234825	0.0	0.0
chr1:2148677-2149177	ENSG00000078369	GNB1	chr1	2148677	2149177	1892291	-	256636	stromal	method4_paired	0.45446488	0.45446488	0.0	0.0
chr1:2300789-2301289	ENSG00000078369	GNB1	chr1	2300789	2301289	1892291	-	408748	stromal	method4_paired	0.5446786	0.5446786	0.0	0.0
chr1:2391485-2391985	ENSG00000078369	GNB1	chr1	2391485	2391985	1892291	-	499444	stromal	method4_paired	0.49237263	0.49237263	0.0	0.0
chr1:2545397-2545897	ENSG00000067606	PRKCZ	chr1	2545397	2545897	2050410	+	495237	stromal	method4_paired	0.5245578	0.5245578	0.0	0.0
chr1:2546058-2546558	ENSG00000067606	PRKCZ	chr1	2546058	2546558	2050410	+	495898	stromal	method4_paired	0.6124657	0.6124657	0.0	0.0
chr1:2546058-2546558	ENSG00000157873	TNFRSF14	chr1	2546058	2546558	2555638	+	9330	stromal	method4_paired	0.49832836	0.49832836	0.0	0.0
chr1:2546058-2546558	ENSG00000157916	RER1	chr1	2546058	2546558	2391774	+	154534	stromal	method4_paired	0.47527516	0.47527516	0.0	0.0
chr1:2546802-2547302	ENSG00000067606	PRKCZ	chr1	2546802	2547302	2050410	+	496642	stromal	method4_paired	0.571409	0.571409	0.0	0.0
chr1:2546802-2547302	ENSG00000157873	TNFRSF14	chr1	2546802	2547302	2555638	+	8586	stromal	method4_paired	0.46584722	0.46584722	0.0	0.0
chr1:2546802-2547302	ENSG00000157916	RER1	chr1	2546802	2547302	2391774	+	155278	stromal	method4_paired	0.4743916	0.4743916	0.0	0.0
chr1:2547393-2547893	ENSG00000067606	PRKCZ	chr1	2547393	2547893	2050410	+	497233	stromal	method4_paired	0.48349446	0.48349446	0.0	0.0
chr1:2548640-2549140	ENSG00000067606	PRKCZ	chr1	2548640	2549140	2050410	+	498480	stromal	method4_paired	0.46623814	0.46623814	0.0	0.0
chr1:3275563-3276063	ENSG00000142611	PRDM16	chr1	3275563	3276063	3069167	+	206646	stromal	method4_paired	0.48336798	0.48336798	0.0	0.0
chr1:3423347-3423847	ENSG00000142611	PRDM16	chr1	3423347	3423847	3069167	+	354430	stromal	method4_paired	0.55711085	0.55711085	0.0	0.0
chr1:3503979-3504479	ENSG00000162591	MEGF6	chr1	3503979	3504479	3611507	-	107278	stromal	method4_paired	0.4945842	0.4945842	0.0	0.0
chr1:3531225-3531725	ENSG00000162591	MEGF6	chr1	3531225	3531725	3611507	-	80032	stromal	method4_paired	0.47236264	0.47236264	0.0	0.0
chr1:3540112-3540612	ENSG00000162591	MEGF6	chr1	3540112	3540612	3611507	-	71145	stromal	method4_paired	0.46532142	0.46532142	0.0	0.0
chr1:3611445-3611945	ENSG00000162591	MEGF6	chr1	3611445	3611945	3611507	-	188	stromal	method4_paired	0.52511466	0.52511466	0.0	0.0
chr1:3900079-3900579	ENSG00000116198	CEP104	chr1	3900079	3900579	3857395	-	42934	stromal	method4_paired	0.4504332	0.4504332	0.0	0.0
chr1:6025960-6026460	ENSG00000069424	KCNAB2	chr1	6025960	6026460	5990926	+	35284	stromal	method4_paired	0.49766454	0.49766454	0.0	0.0
chr1:6359517-6360017	ENSG00000116251	RPL22	chr1	6359517	6360017	6209388	-	150379	stromal	method4_paired	0.5005712	0.5005712	0.0	0.0
chr1:6392980-6393480	ENSG00000171735	CAMTA1	chr1	6392980	6393480	6785453	+	392223	stromal	method4_paired	0.45228705	0.45228705	0.0	0.0
chr1:6579659-6580159	ENSG00000171735	CAMTA1	chr1	6579659	6580159	6785453	+	205544	stromal	method4_paired	0.45190102	0.45190102	0.0	0.0
chr1:6602712-6603212	ENSG00000171735	CAMTA1	chr1	6602712	6603212	6785453	+	182491	stromal	method4_paired	0.46595836	0.46595836	0.0	0.0
chr1:6613277-6613777	ENSG00000171735	CAMTA1	chr1	6613277	6613777	6785453	+	171926	stromal	method4_paired	0.46950263	0.46950263	0.0	0.0
chr1:6624917-6625417	ENSG00000171735	CAMTA1	chr1	6624917	6625417	6785453	+	160286	stromal	method4_paired	0.45479074	0.45479074	0.0	0.0
chr1:6784804-6785304	ENSG00000171735	CAMTA1	chr1	6784804	6785304	6785453	+	399	stromal	method4_paired	0.4888954	0.4888954	0.0	0.0
chr1:8121285-8121785	ENSG00000049246	PER3	chr1	8121285	8121785	7784290	+	337245	stromal	method4_paired	0.4520994	0.4520994	0.0	0.0
chr1:8703246-8703746	ENSG00000142599	RERE	chr1	8703246	8703746	8848920	-	145424	stromal	method4_paired	0.5400586	0.5400586	0.0	0.0
chr1:8817490-8817990	ENSG00000142599	RERE	chr1	8817490	8817990	8848920	-	31180	stromal	method4_paired	0.45266655	0.45266655	0.0	0.0
chr1:8848752-8849252	ENSG00000142599	RERE	chr1	8848752	8849252	8848920	-	82	stromal	method4_paired	0.48289397	0.48289397	0.0	0.0
chr1:8878524-8879024	ENSG00000142599	RERE	chr1	8878524	8879024	8848920	-	29854	stromal	method4_paired	0.48904213	0.48904213	0.0	0.0
chr1:9129001-9129501	ENSG00000049239	H6PD	chr1	9129001	9129501	9234773	+	105522	stromal	method4_paired	0.4656336	0.4656336	0.0	0.0
chr1:9129001-9129501	ENSG00000142599	RERE	chr1	9129001	9129501	8848920	-	280331	stromal	method4_paired	0.49569058	0.49569058	0.0	0.0
chr1:9196158-9196658	ENSG00000171621	SPSB1	chr1	9196158	9196658	9292893	+	96485	stromal	method4_paired	0.46279964	0.46279964	0.0	0.0
chr1:9233255-9233755	ENSG00000049239	H6PD	chr1	9233255	9233755	9234773	+	1268	stromal	method4_paired	0.49876413	0.49876413	0.0	0.0
chr1:9233255-9233755	ENSG00000074800	ENO1	chr1	9233255	9233755	8879189	-	354316	stromal	method4_paired	0.46349877	0.46349877	0.0	0.0
chr1:9233255-9233755	ENSG00000171621	SPSB1	chr1	9233255	9233755	9292893	+	59388	stromal	method4_paired	0.5413691	0.5413691	0.0	0.0
chr1:9241941-9242441	ENSG00000171621	SPSB1	chr1	9241941	9242441	9292893	+	50702	stromal	method4_paired	0.46022376	0.46022376	0.0	0.0
chr1:9242482-9242982	ENSG00000049239	H6PD	chr1	9242482	9242982	9234773	+	7959	stromal	method4_paired	0.4569861	0.4569861	0.0	0.0
chr1:9280264-9280764	ENSG00000171621	SPSB1	chr1	9280264	9280764	9292893	+	12379	stromal	method4_paired	0.50582486	0.50582486	0.0	0.0
chr1:9290071-9290571	ENSG00000171621	SPSB1	chr1	9290071	9290571	9292893	+	2572	stromal	method4_paired	0.5175309	0.5175309	0.0	0.0
chr1:9438322-9438822	ENSG00000171621	SPSB1	chr1	9438322	9438822	9292893	+	145679	stromal	method4_paired	0.4739145	0.4739145	0.0	0.0
chr1:9465652-9466152	ENSG00000197241	SLC2A7	chr1	9465652	9466152	9026422	-	439480	stromal	method4_paired	0.45577052	0.45577052	0.0	0.0
chr1:9539156-9539656	ENSG00000130939	UBE4B	chr1	9539156	9539656	10032831	+	493425	stromal	method4_paired	0.49939278	0.49939278	0.0	0.0
chr1:9588464-9588964	ENSG00000130939	UBE4B	chr1	9588464	9588964	10032831	+	444117	stromal	method4_paired	0.49254408	0.49254408	0.0	0.0
chr1:9629556-9630056	ENSG00000171608	PIK3CD	chr1	9629556	9630056	9629888	+	82	stromal	method4_paired	0.46052667	0.46052667	0.0	0.0
chr1:9717514-9718014	ENSG00000171608	PIK3CD	chr1	9717514	9718014	9629888	+	87876	stromal	method4_paired	0.49720845	0.49720845	0.0	0.0
chr1:9823832-9824332	ENSG00000130939	UBE4B	chr1	9823832	9824332	10032831	+	208749	stromal	method4_paired	0.5104709	0.5104709	0.0	0.0
chr1:9910082-9910582	ENSG00000130939	UBE4B	chr1	9910082	9910582	10032831	+	122499	stromal	method4_paired	0.543736	0.543736	0.0	0.0
chr1:9910082-9910582	ENSG00000171603	CLSTN1	chr1	9910082	9910582	9823983	-	86349	stromal	method4_paired	0.49829072	0.49829072	0.0	0.0
chr1:9910635-9911135	ENSG00000130939	UBE4B	chr1	9910635	9911135	10032831	+	121946	stromal	method4_paired	0.4551674	0.4551674	0.0	0.0
chr1:9990808-9991308	ENSG00000162444	RBP7	chr1	9990808	9991308	9997205	+	6147	stromal	method4_paired	0.5459417	0.5459417	0.0	0.0
chr1:10032575-10033075	ENSG00000142655	PEX14	chr1	10032575	10033075	10472287	+	439462	stromal	method4_paired	0.45120403	0.45120403	0.0	0.0
chr1:10210175-10210675	ENSG00000130939	UBE4B	chr1	10210175	10210675	10032831	+	177594	stromal	method4_paired	0.4700924	0.4700924	0.0	0.0
chr1:10398678-10399178	ENSG00000130939	UBE4B	chr1	10398678	10399178	10032831	+	366097	stromal	method4_paired	0.48998982	0.48998982	0.0	0.0
chr1:10398678-10399178	ENSG00000142655	PEX14	chr1	10398678	10399178	10472287	+	73359	stromal	method4_paired	0.46351573	0.46351573	0.0	0.0
chr1:10518835-10519335	ENSG00000130940	CASZ1	chr1	10518835	10519335	10796649	-	277564	stromal	method4_paired	0.4977284	0.4977284	0.0	0.0
chr1:10528262-10528762	ENSG00000054523	KIF1B	chr1	10528262	10528762	10210569	+	317943	stromal	method4_paired	0.45394713	0.45394713	0.0	0.0
chr1:10628670-10629170	ENSG00000130940	CASZ1	chr1	10628670	10629170	10796649	-	167729	stromal	method4_paired	0.5311765	0.5311765	0.0	0.0
chr1:10640274-10640774	ENSG00000130940	CASZ1	chr1	10640274	10640774	10796649	-	156125	stromal	method4_paired	0.5516152	0.5516152	0.0	0.0
chr1:10640915-10641415	ENSG00000130940	CASZ1	chr1	10640915	10641415	10796649	-	155484	stromal	method4_paired	0.5197388	0.5197388	0.0	0.0
chr1:10642451-10642951	ENSG00000130940	CASZ1	chr1	10642451	10642951	10796649	-	153948	stromal	method4_paired	0.5010927	0.5010927	0.0	0.0
chr1:10648752-10649252	ENSG00000130940	CASZ1	chr1	10648752	10649252	10796649	-	147647	stromal	method4_paired	0.52057594	0.52057594	0.0	0.0
chr1:10649291-10649791	ENSG00000130940	CASZ1	chr1	10649291	10649791	10796649	-	147108	stromal	method4_paired	0.52015036	0.52015036	0.0	0.0
chr1:10649877-10650377	ENSG00000130940	CASZ1	chr1	10649877	10650377	10796649	-	146522	stromal	method4_paired	0.4784231	0.4784231	0.0	0.0
chr1:10654915-10655415	ENSG00000130940	CASZ1	chr1	10654915	10655415	10796649	-	141484	stromal	method4_paired	0.5899841	0.5899841	0.0	0.0
chr1:10655477-10655977	ENSG00000130940	CASZ1	chr1	10655477	10655977	10796649	-	140922	stromal	method4_paired	0.5570664	0.5570664	0.0	0.0
chr1:10656390-10656890	ENSG00000130940	CASZ1	chr1	10656390	10656890	10796649	-	140009	stromal	method4_paired	0.45982894	0.45982894	0.0	0.0
chr1:10657094-10657594	ENSG00000130940	CASZ1	chr1	10657094	10657594	10796649	-	139305	stromal	method4_paired	0.4910587	0.4910587	0.0	0.0
chr1:10657683-10658183	ENSG00000130940	CASZ1	chr1	10657683	10658183	10796649	-	138716	stromal	method4_paired	0.50538445	0.50538445	0.0	0.0
chr1:10658359-10658859	ENSG00000130940	CASZ1	chr1	10658359	10658859	10796649	-	138040	stromal	method4_paired	0.59261745	0.59261745	0.0	0.0
chr1:10663536-10664036	ENSG00000130940	CASZ1	chr1	10663536	10664036	10796649	-	132863	stromal	method4_paired	0.48274642	0.48274642	0.0	0.0
chr1:10665856-10666356	ENSG00000130940	CASZ1	chr1	10665856	10666356	10796649	-	130543	stromal	method4_paired	0.5702812	0.5702812	0.0	0.0
chr1:10667402-10667902	ENSG00000130940	CASZ1	chr1	10667402	10667902	10796649	-	128997	stromal	method4_paired	0.52825207	0.52825207	0.0	0.0
chr1:10668199-10668699	ENSG00000130940	CASZ1	chr1	10668199	10668699	10796649	-	128200	stromal	method4_paired	0.45895636	0.45895636	0.0	0.0
chr1:10669329-10669829	ENSG00000130940	CASZ1	chr1	10669329	10669829	10796649	-	127070	stromal	method4_paired	0.49537903	0.49537903	0.0	0.0
chr1:10671051-10671551	ENSG00000130940	CASZ1	chr1	10671051	10671551	10796649	-	125348	stromal	method4_paired	0.55467796	0.55467796	0.0	0.0
chr1:10671790-10672290	ENSG00000130940	CASZ1	chr1	10671790	10672290	10796649	-	124609	stromal	method4_paired	0.58588994	0.58588994	0.0	0.0
chr1:10673294-10673794	ENSG00000130940	CASZ1	chr1	10673294	10673794	10796649	-	123105	stromal	method4_paired	0.5184736	0.5184736	0.0	0.0
chr1:10673870-10674370	ENSG00000130940	CASZ1	chr1	10673870	10674370	10796649	-	122529	stromal	method4_paired	0.4518939	0.4518939	0.0	0.0
chr1:10674461-10674961	ENSG00000130940	CASZ1	chr1	10674461	10674961	10796649	-	121938	stromal	method4_paired	0.49083397	0.49083397	0.0	0.0
chr1:10675292-10675792	ENSG00000130940	CASZ1	chr1	10675292	10675792	10796649	-	121107	stromal	method4_paired	0.45233423	0.45233423	0.0	0.0
chr1:10676927-10677427	ENSG00000130940	CASZ1	chr1	10676927	10677427	10796649	-	119472	stromal	method4_paired	0.552186	0.552186	0.0	0.0
chr1:10677641-10678141	ENSG00000130940	CASZ1	chr1	10677641	10678141	10796649	-	118758	stromal	method4_paired	0.56247205	0.56247205	0.0	0.0
chr1:10678947-10679447	ENSG00000130940	CASZ1	chr1	10678947	10679447	10796649	-	117452	stromal	method4_paired	0.4881733	0.4881733	0.0	0.0
chr1:10679538-10680038	ENSG00000130940	CASZ1	chr1	10679538	10680038	10796649	-	116861	stromal	method4_paired	0.5156977	0.5156977	0.0	0.0
chr1:10681144-10681644	ENSG00000130940	CASZ1	chr1	10681144	10681644	10796649	-	115255	stromal	method4_paired	0.50709116	0.50709116	0.0	0.0
chr1:10682175-10682675	ENSG00000130940	CASZ1	chr1	10682175	10682675	10796649	-	114224	stromal	method4_paired	0.46434915	0.46434915	0.0	0.0
chr1:10682944-10683444	ENSG00000130940	CASZ1	chr1	10682944	10683444	10796649	-	113455	stromal	method4_paired	0.50459087	0.50459087	0.0	0.0
chr1:10684147-10684647	ENSG00000130940	CASZ1	chr1	10684147	10684647	10796649	-	112252	stromal	method4_paired	0.45430788	0.45430788	0.0	0.0
chr1:10685636-10686136	ENSG00000130940	CASZ1	chr1	10685636	10686136	10796649	-	110763	stromal	method4_paired	0.4619022	0.4619022	0.0	0.0
chr1:10687310-10687810	ENSG00000130940	CASZ1	chr1	10687310	10687810	10796649	-	109089	stromal	method4_paired	0.540459	0.540459	0.0	0.0
chr1:10689098-10689598	ENSG00000130940	CASZ1	chr1	10689098	10689598	10796649	-	107301	stromal	method4_paired	0.4888527	0.4888527	0.0	0.0
chr1:10692315-10692815	ENSG00000130940	CASZ1	chr1	10692315	10692815	10796649	-	104084	stromal	method4_paired	0.50433666	0.50433666	0.0	0.0
chr1:10694005-10694505	ENSG00000054523	KIF1B	chr1	10694005	10694505	10210569	+	483686	stromal	method4_paired	0.46331525	0.46331525	0.0	0.0
chr1:10694005-10694505	ENSG00000130940	CASZ1	chr1	10694005	10694505	10796649	-	102394	stromal	method4_paired	0.5525748	0.5525748	0.0	0.0
chr1:10694553-10695053	ENSG00000054523	KIF1B	chr1	10694553	10695053	10210569	+	484234	stromal	method4_paired	0.5190226	0.5190226	0.0	0.0
chr1:10694553-10695053	ENSG00000130940	CASZ1	chr1	10694553	10695053	10796649	-	101846	stromal	method4_paired	0.5751691	0.5751691	0.0	0.0
chr1:10695352-10695852	ENSG00000130940	CASZ1	chr1	10695352	10695852	10796649	-	101047	stromal	method4_paired	0.45241806	0.45241806	0.0	0.0
chr1:10714244-10714744	ENSG00000130940	CASZ1	chr1	10714244	10714744	10796649	-	82155	stromal	method4_paired	0.4917772	0.4917772	0.0	0.0
chr1:10723999-10724499	ENSG00000130940	CASZ1	chr1	10723999	10724499	10796649	-	72400	stromal	method4_paired	0.5341795	0.5341795	0.0	0.0
chr1:10726387-10726887	ENSG00000130940	CASZ1	chr1	10726387	10726887	10796649	-	70012	stromal	method4_paired	0.4752171	0.4752171	0.0	0.0
chr1:10727634-10728134	ENSG00000130940	CASZ1	chr1	10727634	10728134	10796649	-	68765	stromal	method4_paired	0.4886281	0.4886281	0.0	0.0
chr1:10737082-10737582	ENSG00000130940	CASZ1	chr1	10737082	10737582	10796649	-	59317	stromal	method4_paired	0.4608337	0.4608337	0.0	0.0
chr1:10755881-10756381	ENSG00000130940	CASZ1	chr1	10755881	10756381	10796649	-	40518	stromal	method4_paired	0.45636916	0.45636916	0.0	0.0
chr1:10766028-10766528	ENSG00000130940	CASZ1	chr1	10766028	10766528	10796649	-	30371	stromal	method4_paired	0.46392643	0.46392643	0.0	0.0
chr1:10788662-10789162	ENSG00000130940	CASZ1	chr1	10788662	10789162	10796649	-	7737	stromal	method4_paired	0.5911707	0.5911707	0.0	0.0
chr1:10789787-10790287	ENSG00000130940	CASZ1	chr1	10789787	10790287	10796649	-	6612	stromal	method4_paired	0.48080796	0.48080796	0.0	0.0
chr1:10791687-10792187	ENSG00000130940	CASZ1	chr1	10791687	10792187	10796649	-	4712	stromal	method4_paired	0.46007475	0.46007475	0.0	0.0
chr1:10793753-10794253	ENSG00000130940	CASZ1	chr1	10793753	10794253	10796649	-	2646	stromal	method4_paired	0.6426756	0.6426756	0.0	0.0
chr1:10794652-10795152	ENSG00000130940	CASZ1	chr1	10794652	10795152	10796649	-	1747	stromal	method4_paired	0.5458333	0.5458333	0.0	0.0
chr1:10795512-10796012	ENSG00000130940	CASZ1	chr1	10795512	10796012	10796649	-	887	stromal	method4_paired	0.513163	0.513163	0.0	0.0
chr1:10796466-10796966	ENSG00000130940	CASZ1	chr1	10796466	10796966	10796649	-	67	stromal	method4_paired	0.56849873	0.56849873	0.0	0.0
chr1:11059918-11060418	ENSG00000198793	MTOR	chr1	11059918	11060418	11262555	-	202387	stromal	method4_paired	0.5057299	0.5057299	0.0	0.0
chr1:11262378-11262878	ENSG00000198793	MTOR	chr1	11262378	11262878	11262555	-	73	stromal	method4_paired	0.46664923	0.46664923	0.0	0.0
chr1:11272940-11273440	ENSG00000198793	MTOR	chr1	11272940	11273440	11262555	-	10635	stromal	method4_paired	0.45844474	0.45844474	0.0	0.0
chr1:11730321-11730821	ENSG00000028137	TNFRSF1B	chr1	11730321	11730821	12166990	+	436419	stromal	method4_paired	0.46736217	0.46736217	0.0	0.0
chr1:11805769-11806269	ENSG00000048707	VPS13D	chr1	11805769	11806269	12230029	+	424010	stromal	method4_paired	0.5050181	0.5050181	0.0	0.0
chr1:11907589-11908089	ENSG00000048707	VPS13D	chr1	11907589	11908089	12230029	+	322190	stromal	method4_paired	0.45772323	0.45772323	0.0	0.0
chr1:11908193-11908693	ENSG00000048707	VPS13D	chr1	11908193	11908693	12230029	+	321586	stromal	method4_paired	0.46034378	0.46034378	0.0	0.0
chr1:11908733-11909233	ENSG00000048707	VPS13D	chr1	11908733	11909233	12230029	+	321046	stromal	method4_paired	0.48303208	0.48303208	0.0	0.0
chr1:11926250-11926750	ENSG00000048707	VPS13D	chr1	11926250	11926750	12230029	+	303529	stromal	method4_paired	0.4768442	0.4768442	0.0	0.0
chr1:11979928-11980428	ENSG00000048707	VPS13D	chr1	11979928	11980428	12230029	+	249851	stromal	method4_paired	0.5384587	0.5384587	0.0	0.0
chr1:12019139-12019639	ENSG00000048707	VPS13D	chr1	12019139	12019639	12230029	+	210640	stromal	method4_paired	0.48741665	0.48741665	0.0	0.0
chr1:12132850-12133350	ENSG00000028137	TNFRSF1B	chr1	12132850	12133350	12166990	+	33890	stromal	method4_paired	0.5378363	0.5378363	0.0	0.0
chr1:12143489-12143989	ENSG00000028137	TNFRSF1B	chr1	12143489	12143989	12166990	+	23251	stromal	method4_paired	0.45780462	0.45780462	0.0	0.0
chr1:12146806-12147306	ENSG00000028137	TNFRSF1B	chr1	12146806	12147306	12166990	+	19934	stromal	method4_paired	0.5351504	0.5351504	0.0	0.0
chr1:12147326-12147826	ENSG00000028137	TNFRSF1B	chr1	12147326	12147826	12166990	+	19414	stromal	method4_paired	0.55847985	0.55847985	0.0	0.0
chr1:12150639-12151139	ENSG00000028137	TNFRSF1B	chr1	12150639	12151139	12166990	+	16101	stromal	method4_paired	0.4560199	0.4560199	0.0	0.0
chr1:12153346-12153846	ENSG00000028137	TNFRSF1B	chr1	12153346	12153846	12166990	+	13394	stromal	method4_paired	0.4540154	0.4540154	0.0	0.0
chr1:12161132-12161632	ENSG00000028137	TNFRSF1B	chr1	12161132	12161632	12166990	+	5608	stromal	method4_paired	0.5028186	0.5028186	0.0	0.0
chr1:12161796-12162296	ENSG00000028137	TNFRSF1B	chr1	12161796	12162296	12166990	+	4944	stromal	method4_paired	0.7220309	0.7220309	0.0	0.0
chr1:12162299-12162799	ENSG00000028137	TNFRSF1B	chr1	12162299	12162799	12166990	+	4441	stromal	method4_paired	0.5393749	0.5393749	0.0	0.0
chr1:12166711-12167211	ENSG00000028137	TNFRSF1B	chr1	12166711	12167211	12166990	+	29	stromal	method4_paired	0.66375995	0.66375995	0.0	0.0
chr1:12167321-12167821	ENSG00000028137	TNFRSF1B	chr1	12167321	12167821	12166990	+	581	stromal	method4_paired	0.5210954	0.5210954	0.0	0.0
chr1:12168375-12168875	ENSG00000028137	TNFRSF1B	chr1	12168375	12168875	12166990	+	1635	stromal	method4_paired	0.5263274	0.5263274	0.0	0.0
chr1:12173473-12173973	ENSG00000028137	TNFRSF1B	chr1	12173473	12173973	12166990	+	6733	stromal	method4_paired	0.5578619	0.5578619	0.0	0.0
chr1:12175127-12175627	ENSG00000028137	TNFRSF1B	chr1	12175127	12175627	12166990	+	8387	stromal	method4_paired	0.45547646	0.45547646	0.0	0.0
chr1:12178062-12178562	ENSG00000028137	TNFRSF1B	chr1	12178062	12178562	12166990	+	11322	stromal	method4_paired	0.52854645	0.52854645	0.0	0.0
chr1:12178990-12179490	ENSG00000028137	TNFRSF1B	chr1	12178990	12179490	12166990	+	12250	stromal	method4_paired	0.50971204	0.50971204	0.0	0.0
chr1:12185461-12185961	ENSG00000028137	TNFRSF1B	chr1	12185461	12185961	12166990	+	18721	stromal	method4_paired	0.5056739	0.5056739	0.0	0.0
chr1:12229735-12230235	ENSG00000048707	VPS13D	chr1	12229735	12230235	12230029	+	44	stromal	method4_paired	0.4840474	0.4840474	0.0	0.0
chr1:12305385-12305885	ENSG00000162496	DHRS3	chr1	12305385	12305885	12618209	-	312574	stromal	method4_paired	0.4653037	0.4653037	0.0	0.0
chr1:12305385-12305885	ENSG00000204518	AADACL4	chr1	12305385	12305885	12644084	+	338449	stromal	method4_paired	0.4934782	0.4934782	0.0	0.0
chr1:12344499-12344999	ENSG00000162496	DHRS3	chr1	12344499	12344999	12618209	-	273460	stromal	method4_paired	0.4541152	0.4541152	0.0	0.0
chr1:12435568-12436068	ENSG00000028137	TNFRSF1B	chr1	12435568	12436068	12166990	+	268828	stromal	method4_paired	0.4683092	0.4683092	0.0	0.0
chr1:12457735-12458235	ENSG00000162496	DHRS3	chr1	12457735	12458235	12618209	-	160224	stromal	method4_paired	0.488352	0.488352	0.0	0.0
chr1:12499813-12500313	ENSG00000162496	DHRS3	chr1	12499813	12500313	12618209	-	118146	stromal	method4_paired	0.51632684	0.51632684	0.0	0.0
chr1:12547096-12547596	ENSG00000162496	DHRS3	chr1	12547096	12547596	12618209	-	70863	stromal	method4_paired	0.49776912	0.49776912	0.0	0.0
chr1:12593495-12593995	ENSG00000162496	DHRS3	chr1	12593495	12593995	12618209	-	24464	stromal	method4_paired	0.462132	0.462132	0.0	0.0
chr1:12604357-12604857	ENSG00000028137	TNFRSF1B	chr1	12604357	12604857	12166990	+	437617	stromal	method4_paired	0.5231581	0.5231581	0.0	0.0
chr1:13583473-13583973	ENSG00000162493	PDPN	chr1	13583473	13583973	13583464	+	259	stromal	method4_paired	0.5848225	0.5848225	0.0	0.0
chr1:13583473-13583973	ENSG00000189337	KAZN	chr1	13583473	13583973	13892791	+	309068	stromal	method4_paired	0.45479983	0.45479983	0.0	0.0
chr1:13584407-13584907	ENSG00000162493	PDPN	chr1	13584407	13584907	13583464	+	1193	stromal	method4_paired	0.5474224	0.5474224	0.0	0.0
chr1:13585882-13586382	ENSG00000162493	PDPN	chr1	13585882	13586382	13583464	+	2668	stromal	method4_paired	0.55094266	0.55094266	0.0	0.0
chr1:13593379-13593879	ENSG00000162493	PDPN	chr1	13593379	13593879	13583464	+	10165	stromal	method4_paired	0.7406476	0.7406476	0.0	0.0
chr1:13593379-13593879	ENSG00000189337	KAZN	chr1	13593379	13593879	13892791	+	299162	stromal	method4_paired	0.6349137	0.6349137	0.0	0.0
chr1:13599729-13600229	ENSG00000162493	PDPN	chr1	13599729	13600229	13583464	+	16515	stromal	method4_paired	0.49521464	0.49521464	0.0	0.0
chr1:13605078-13605578	ENSG00000162493	PDPN	chr1	13605078	13605578	13583464	+	21864	stromal	method4_paired	0.55008155	0.55008155	0.0	0.0
chr1:13605078-13605578	ENSG00000189337	KAZN	chr1	13605078	13605578	13892791	+	287463	stromal	method4_paired	0.5641441	0.5641441	0.0	0.0
chr1:13619912-13620412	ENSG00000162493	PDPN	chr1	13619912	13620412	13583464	+	36698	stromal	method4_paired	0.56192744	0.56192744	0.0	0.0
chr1:13619912-13620412	ENSG00000189337	KAZN	chr1	13619912	13620412	13892791	+	272629	stromal	method4_paired	0.5522047	0.5522047	0.0	0.0
chr1:13661474-13661974	ENSG00000162493	PDPN	chr1	13661474	13661974	13583464	+	78260	stromal	method4_paired	0.49663708	0.49663708	0.0	0.0
chr1:13662412-13662912	ENSG00000162493	PDPN	chr1	13662412	13662912	13583464	+	79198	stromal	method4_paired	0.5206282	0.5206282	0.0	0.0
chr1:13662412-13662912	ENSG00000189337	KAZN	chr1	13662412	13662912	13892791	+	230129	stromal	method4_paired	0.5368186	0.5368186	0.0	0.0
chr1:13699984-13700484	ENSG00000116731	PRDM2	chr1	13699984	13700484	13700187	+	47	stromal	method4_paired	0.45122424	0.45122424	0.0	0.0
chr1:13749036-13749536	ENSG00000116731	PRDM2	chr1	13749036	13749536	13700187	+	49099	stromal	method4_paired	0.53094316	0.53094316	0.0	0.0
chr1:13782214-13782714	ENSG00000162493	PDPN	chr1	13782214	13782714	13583464	+	199000	stromal	method4_paired	0.45453185	0.45453185	0.0	0.0
chr1:13948687-13949187	ENSG00000162493	PDPN	chr1	13948687	13949187	13583464	+	365473	stromal	method4_paired	0.5705481	0.5705481	0.0	0.0
chr1:13948687-13949187	ENSG00000189337	KAZN	chr1	13948687	13949187	13892791	+	56146	stromal	method4_paired	0.5850658	0.5850658	0.0	0.0
chr1:13949357-13949857	ENSG00000162493	PDPN	chr1	13949357	13949857	13583464	+	366143	stromal	method4_paired	0.48935494	0.48935494	0.0	0.0
chr1:13949357-13949857	ENSG00000189337	KAZN	chr1	13949357	13949857	13892791	+	56816	stromal	method4_paired	0.47018602	0.47018602	0.0	0.0
chr1:13965730-13966230	ENSG00000189337	KAZN	chr1	13965730	13966230	13892791	+	73189	stromal	method4_paired	0.5500653	0.5500653	0.0	0.0
chr1:14109008-14109508	ENSG00000189337	KAZN	chr1	14109008	14109508	13892791	+	216467	stromal	method4_paired	0.51440215	0.51440215	0.0	0.0
chr1:14109979-14110479	ENSG00000189337	KAZN	chr1	14109979	14110479	13892791	+	217438	stromal	method4_paired	0.51955277	0.51955277	0.0	0.0
chr1:14113432-14113932	ENSG00000189337	KAZN	chr1	14113432	14113932	13892791	+	220891	stromal	method4_paired	0.48712155	0.48712155	0.0	0.0
chr1:14238496-14238996	ENSG00000189337	KAZN	chr1	14238496	14238996	13892791	+	345955	stromal	method4_paired	0.74161583	0.74161583	0.0	0.0
chr1:14242090-14242590	ENSG00000189337	KAZN	chr1	14242090	14242590	13892791	+	349549	stromal	method4_paired	0.5579679	0.5579679	0.0	0.0
chr1:14254142-14254642	ENSG00000189337	KAZN	chr1	14254142	14254642	13892791	+	361601	stromal	method4_paired	0.47934526	0.47934526	0.0	0.0
chr1:14254850-14255350	ENSG00000189337	KAZN	chr1	14254850	14255350	13892791	+	362309	stromal	method4_paired	0.4854998	0.4854998	0.0	0.0
chr1:14255656-14256156	ENSG00000189337	KAZN	chr1	14255656	14256156	13892791	+	363115	stromal	method4_paired	0.51636344	0.51636344	0.0	0.0
chr1:14259036-14259536	ENSG00000189337	KAZN	chr1	14259036	14259536	13892791	+	366495	stromal	method4_paired	0.66488844	0.66488844	0.0	0.0
chr1:14259609-14260109	ENSG00000189337	KAZN	chr1	14259609	14260109	13892791	+	367068	stromal	method4_paired	0.6341011	0.6341011	0.0	0.0
chr1:14304520-14305020	ENSG00000189337	KAZN	chr1	14304520	14305020	13892791	+	411979	stromal	method4_paired	0.5619361	0.5619361	0.0	0.0
chr1:14340141-14340641	ENSG00000189337	KAZN	chr1	14340141	14340641	13892791	+	447600	stromal	method4_paired	0.45488837	0.45488837	0.0	0.0
chr1:14350206-14350706	ENSG00000189337	KAZN	chr1	14350206	14350706	13892791	+	457665	stromal	method4_paired	0.5364749	0.5364749	0.0	0.0
chr1:14352838-14353338	ENSG00000189337	KAZN	chr1	14352838	14353338	13892791	+	460297	stromal	method4_paired	0.5457097	0.5457097	0.0	0.0
chr1:14365406-14365906	ENSG00000189337	KAZN	chr1	14365406	14365906	13892791	+	472865	stromal	method4_paired	0.4891314	0.4891314	0.0	0.0
chr1:15409627-15410127	ENSG00000116786	PLEKHM2	chr1	15409627	15410127	15684319	+	274442	stromal	method4_paired	0.462287	0.462287	0.0	0.0
chr1:15524096-15524596	ENSG00000065526	SPEN	chr1	15524096	15524596	15836094	+	311748	stromal	method4_paired	0.5178788	0.5178788	0.0	0.0
chr1:15524096-15524596	ENSG00000197312	DDI2	chr1	15524096	15524596	15617457	+	93111	stromal	method4_paired	0.46328288	0.46328288	0.0	0.0
chr1:15524697-15525197	ENSG00000065526	SPEN	chr1	15524697	15525197	15836094	+	311147	stromal	method4_paired	0.5420806	0.5420806	0.0	0.0
chr1:15524697-15525197	ENSG00000116138	DNAJC16	chr1	15524697	15525197	15526812	+	1865	stromal	method4_paired	0.45381448	0.45381448	0.0	0.0
chr1:15524697-15525197	ENSG00000197312	DDI2	chr1	15524697	15525197	15617457	+	92510	stromal	method4_paired	0.46498197	0.46498197	0.0	0.0
chr1:15526489-15526989	ENSG00000065526	SPEN	chr1	15526489	15526989	15836094	+	309355	stromal	method4_paired	0.5311241	0.5311241	0.0	0.0
chr1:15617128-15617628	ENSG00000065526	SPEN	chr1	15617128	15617628	15836094	+	218716	stromal	method4_paired	0.50046045	0.50046045	0.0	0.0
chr1:15757610-15758110	ENSG00000162458	FBLIM1	chr1	15757610	15758110	15756606	+	1254	stromal	method4_paired	0.4779367	0.4779367	0.0	0.0
chr1:15759895-15760395	ENSG00000162458	FBLIM1	chr1	15759895	15760395	15756606	+	3539	stromal	method4_paired	0.45479423	0.45479423	0.0	0.0
chr1:15760802-15761302	ENSG00000162458	FBLIM1	chr1	15760802	15761302	15756606	+	4446	stromal	method4_paired	0.5250956	0.5250956	0.0	0.0
chr1:15764376-15764876	ENSG00000162458	FBLIM1	chr1	15764376	15764876	15756606	+	8020	stromal	method4_paired	0.4511332	0.4511332	0.0	0.0
chr1:15765706-15766206	ENSG00000162458	FBLIM1	chr1	15765706	15766206	15756606	+	9350	stromal	method4_paired	0.48215836	0.48215836	0.0	0.0
chr1:15834711-15835211	ENSG00000065526	SPEN	chr1	15834711	15835211	15836094	+	1133	stromal	method4_paired	0.47684094	0.47684094	0.0	0.0
chr1:15835691-15836191	ENSG00000065526	SPEN	chr1	15835691	15836191	15836094	+	153	stromal	method4_paired	0.45272192	0.45272192	0.0	0.0
chr1:15847453-15847953	ENSG00000065526	SPEN	chr1	15847453	15847953	15836094	+	11609	stromal	method4_paired	0.50934875	0.50934875	0.0	0.0
chr1:15975859-15976359	ENSG00000065526	SPEN	chr1	15975859	15976359	15836094	+	140015	stromal	method4_paired	0.4589692	0.4589692	0.0	0.0
chr1:16012486-16012986	ENSG00000173641	HSPB7	chr1	16012486	16012986	16019593	-	6857	stromal	method4_paired	0.5624582	0.5624582	0.0	0.0
chr1:16013129-16013629	ENSG00000173641	HSPB7	chr1	16013129	16013629	16019593	-	6214	stromal	method4_paired	0.6107438	0.6107438	0.0	0.0
chr1:16014599-16015099	ENSG00000173641	HSPB7	chr1	16014599	16015099	16019593	-	4744	stromal	method4_paired	0.48017216	0.48017216	0.0	0.0
chr1:16015209-16015709	ENSG00000173641	HSPB7	chr1	16015209	16015709	16019593	-	4134	stromal	method4_paired	0.51064175	0.51064175	0.0	0.0
chr1:16015962-16016462	ENSG00000173641	HSPB7	chr1	16015962	16016462	16019593	-	3381	stromal	method4_paired	0.57657105	0.57657105	0.0	0.0
chr1:16017149-16017649	ENSG00000173641	HSPB7	chr1	16017149	16017649	16019593	-	2194	stromal	method4_paired	0.45604765	0.45604765	0.0	0.0
chr1:16017832-16018332	ENSG00000173641	HSPB7	chr1	16017832	16018332	16019593	-	1511	stromal	method4_paired	0.47420502	0.47420502	0.0	0.0
chr1:16019606-16020106	ENSG00000173641	HSPB7	chr1	16019606	16020106	16019593	-	263	stromal	method4_paired	0.5948422	0.5948422	0.0	0.0
chr1:16020195-16020695	ENSG00000173641	HSPB7	chr1	16020195	16020695	16019593	-	852	stromal	method4_paired	0.54687434	0.54687434	0.0	0.0
chr1:16133776-16134276	ENSG00000142627	EPHA2	chr1	16133776	16134276	16156068	-	22042	stromal	method4_paired	0.47052813	0.47052813	0.0	0.0
chr1:16138849-16139349	ENSG00000142627	EPHA2	chr1	16138849	16139349	16156068	-	16969	stromal	method4_paired	0.506173	0.506173	0.0	0.0
chr1:16144915-16145415	ENSG00000142627	EPHA2	chr1	16144915	16145415	16156068	-	10903	stromal	method4_paired	0.5087927	0.5087927	0.0	0.0
chr1:16152688-16153188	ENSG00000142627	EPHA2	chr1	16152688	16153188	16156068	-	3130	stromal	method4_paired	0.49838927	0.49838927	0.0	0.0
chr1:16206375-16206875	ENSG00000037637	FBXO42	chr1	16206375	16206875	16352479	-	145854	stromal	method4_paired	0.4798917	0.4798917	0.0	0.0
chr1:16206375-16206875	ENSG00000065526	SPEN	chr1	16206375	16206875	15836094	+	370531	stromal	method4_paired	0.4939594	0.4939594	0.0	0.0
chr1:16206887-16207387	ENSG00000065526	SPEN	chr1	16206887	16207387	15836094	+	371043	stromal	method4_paired	0.46293166	0.46293166	0.0	0.0
chr1:16217257-16217757	ENSG00000065526	SPEN	chr1	16217257	16217757	15836094	+	381413	stromal	method4_paired	0.47389117	0.47389117	0.0	0.0
chr1:16352256-16352756	ENSG00000037637	FBXO42	chr1	16352256	16352756	16352479	-	27	stromal	method4_paired	0.50795776	0.50795776	0.0	0.0
chr1:16366934-16367434	ENSG00000037637	FBXO42	chr1	16366934	16367434	16352479	-	14705	stromal	method4_paired	0.4509799	0.4509799	0.0	0.0
chr1:16613317-16613817	ENSG00000037637	FBXO42	chr1	16613317	16613817	16352479	-	261088	stromal	method4_paired	0.5265774	0.5265774	0.0	0.0
chr1:16613317-16613817	ENSG00000219481	NBPF1	chr1	16613317	16613817	16613561	-	6	stromal	method4_paired	0.4685974	0.4685974	0.0	0.0
chr1:16644460-16644960	ENSG00000037637	FBXO42	chr1	16644460	16644960	16352479	-	292231	stromal	method4_paired	0.52018166	0.52018166	0.0	0.0
chr1:16904655-16905155	ENSG00000219481	NBPF1	chr1	16904655	16905155	16613561	-	291344	stromal	method4_paired	0.49349418	0.49349418	0.0	0.0
chr1:16913738-16914238	ENSG00000219481	NBPF1	chr1	16913738	16914238	16613561	-	300427	stromal	method4_paired	0.47173548	0.47173548	0.0	0.0
chr1:18956592-18957092	ENSG00000127481	UBR4	chr1	18956592	18957092	19210265	-	253423	stromal	method4_paired	0.46722993	0.46722993	0.0	0.0
chr1:18965736-18966236	ENSG00000169991	IFFO2	chr1	18965736	18966236	18956675	-	9311	stromal	method4_paired	0.4928924	0.4928924	0.0	0.0
chr1:19311899-19312399	ENSG00000077549	CAPZB	chr1	19311899	19312399	19485538	-	173389	stromal	method4_paired	0.46696442	0.46696442	0.0	0.0
chr1:19398321-19398821	ENSG00000077549	CAPZB	chr1	19398321	19398821	19485538	-	86967	stromal	method4_paired	0.47981858	0.47981858	0.0	0.0
chr1:19398321-19398821	ENSG00000158747	NBL1	chr1	19398321	19398821	19596978	+	198407	stromal	method4_paired	0.5156308	0.5156308	0.0	0.0
chr1:19405967-19406467	ENSG00000077549	CAPZB	chr1	19405967	19406467	19485538	-	79321	stromal	method4_paired	0.47736973	0.47736973	0.0	0.0
chr1:19423120-19423620	ENSG00000158747	NBL1	chr1	19423120	19423620	19596978	+	173608	stromal	method4_paired	0.4768487	0.4768487	0.0	0.0
chr1:19427354-19427854	ENSG00000077549	CAPZB	chr1	19427354	19427854	19485538	-	57934	stromal	method4_paired	0.5032859	0.5032859	0.0	0.0
chr1:19485368-19485868	ENSG00000077549	CAPZB	chr1	19485368	19485868	19485538	-	80	stromal	method4_paired	0.4624089	0.4624089	0.0	0.0
chr1:19485368-19485868	ENSG00000127481	UBR4	chr1	19485368	19485868	19210265	-	275353	stromal	method4_paired	0.49474055	0.49474055	0.0	0.0
chr1:19504188-19504688	ENSG00000158747	NBL1	chr1	19504188	19504688	19596978	+	92540	stromal	method4_paired	0.49864665	0.49864665	0.0	0.0
chr1:19504732-19505232	ENSG00000158747	NBL1	chr1	19504732	19505232	19596978	+	91996	stromal	method4_paired	0.5849552	0.5849552	0.0	0.0
chr1:19505266-19505766	ENSG00000158747	NBL1	chr1	19505266	19505766	19596978	+	91462	stromal	method4_paired	0.45833418	0.45833418	0.0	0.0
chr1:19508899-19509399	ENSG00000158747	NBL1	chr1	19508899	19509399	19596978	+	87829	stromal	method4_paired	0.49886084	0.49886084	0.0	0.0
chr1:19513742-19514242	ENSG00000158747	NBL1	chr1	19513742	19514242	19596978	+	82986	stromal	method4_paired	0.4699269	0.4699269	0.0	0.0
chr1:19514305-19514805	ENSG00000077549	CAPZB	chr1	19514305	19514805	19485538	-	29017	stromal	method4_paired	0.48442492	0.48442492	0.0	0.0
chr1:19514305-19514805	ENSG00000158747	NBL1	chr1	19514305	19514805	19596978	+	82423	stromal	method4_paired	0.6033021	0.6033021	0.0	0.0
chr1:19643903-19644403	ENSG00000077549	CAPZB	chr1	19643903	19644403	19485538	-	158615	stromal	method4_paired	0.4869595	0.4869595	0.0	0.0
chr1:19659622-19660122	ENSG00000077549	CAPZB	chr1	19659622	19660122	19485538	-	174334	stromal	method4_paired	0.5108337	0.5108337	0.0	0.0
chr1:19659622-19660122	ENSG00000158747	NBL1	chr1	19659622	19660122	19596978	+	62894	stromal	method4_paired	0.51116204	0.51116204	0.0	0.0
chr1:19731335-19731835	ENSG00000162543	UBXN10	chr1	19731335	19731835	20186095	+	454510	stromal	method4_paired	0.47774085	0.47774085	0.0	0.0
chr1:19731335-19731835	ENSG00000187980	PLA2G2C	chr1	19731335	19731835	20186517	-	454932	stromal	method4_paired	0.53137904	0.53137904	0.0	0.0
chr1:19754416-19754916	ENSG00000162543	UBXN10	chr1	19754416	19754916	20186095	+	431429	stromal	method4_paired	0.49068242	0.49068242	0.0	0.0
chr1:19754416-19754916	ENSG00000187980	PLA2G2C	chr1	19754416	19754916	20186517	-	431851	stromal	method4_paired	0.59454757	0.59454757	0.0	0.0
chr1:19799729-19800229	ENSG00000077549	CAPZB	chr1	19799729	19800229	19485538	-	314441	stromal	method4_paired	0.45166293	0.45166293	0.0	0.0
chr1:20070692-20071192	ENSG00000187980	PLA2G2C	chr1	20070692	20071192	20186517	-	115575	stromal	method4_paired	0.50414944	0.50414944	0.0	0.0
chr1:20165998-20166498	ENSG00000162543	UBXN10	chr1	20165998	20166498	20186095	+	19847	stromal	method4_paired	0.49759665	0.49759665	0.0	0.0
chr1:20165998-20166498	ENSG00000187980	PLA2G2C	chr1	20165998	20166498	20186517	-	20269	stromal	method4_paired	0.64738524	0.64738524	0.0	0.0
chr1:20178551-20179051	ENSG00000162543	UBXN10	chr1	20178551	20179051	20186095	+	7294	stromal	method4_paired	0.48285025	0.48285025	0.0	0.0
chr1:20178551-20179051	ENSG00000187980	PLA2G2C	chr1	20178551	20179051	20186517	-	7716	stromal	method4_paired	0.62146723	0.62146723	0.0	0.0
chr1:20183879-20184379	ENSG00000162543	UBXN10	chr1	20183879	20184379	20186095	+	1966	stromal	method4_paired	0.6223765	0.6223765	0.0	0.0
chr1:20183879-20184379	ENSG00000187980	PLA2G2C	chr1	20183879	20184379	20186517	-	2388	stromal	method4_paired	0.69993037	0.69993037	0.0	0.0
chr1:20185847-20186347	ENSG00000162543	UBXN10	chr1	20185847	20186347	20186095	+	2	stromal	method4_paired	0.49755755	0.49755755	0.0	0.0
chr1:20185847-20186347	ENSG00000187980	PLA2G2C	chr1	20185847	20186347	20186517	-	420	stromal	method4_paired	0.5385519	0.5385519	0.0	0.0
chr1:20186383-20186883	ENSG00000162543	UBXN10	chr1	20186383	20186883	20186095	+	538	stromal	method4_paired	0.580834	0.580834	0.0	0.0
chr1:20186383-20186883	ENSG00000187980	PLA2G2C	chr1	20186383	20186883	20186517	-	116	stromal	method4_paired	0.58839315	0.58839315	0.0	0.0
chr1:20187080-20187580	ENSG00000187980	PLA2G2C	chr1	20187080	20187580	20186517	-	813	stromal	method4_paired	0.5249408	0.5249408	0.0	0.0
chr1:20259875-20260375	ENSG00000187980	PLA2G2C	chr1	20259875	20260375	20186517	-	73608	stromal	method4_paired	0.6000446	0.6000446	0.0	0.0
chr1:20265130-20265630	ENSG00000162543	UBXN10	chr1	20265130	20265630	20186095	+	79285	stromal	method4_paired	0.4538232	0.4538232	0.0	0.0
chr1:20265130-20265630	ENSG00000187980	PLA2G2C	chr1	20265130	20265630	20186517	-	78863	stromal	method4_paired	0.6250205	0.6250205	0.0	0.0
chr1:20265130-20265630	ENSG00000188257	PLA2G2A	chr1	20265130	20265630	19980415	-	284965	stromal	method4_paired	-0.45324624	-0.45324624	0.0	0.0
chr1:20661365-20661865	ENSG00000127483	HP1BP3	chr1	20661365	20661865	20787322	-	125707	stromal	method4_paired	0.47330207	0.47330207	0.0	0.0
chr1:20786553-20787053	ENSG00000075151	EIF4G3	chr1	20786553	20787053	21177284	-	390481	stromal	method4_paired	0.45712614	0.45712614	0.0	0.0
chr1:20786553-20787053	ENSG00000127483	HP1BP3	chr1	20786553	20787053	20787322	-	519	stromal	method4_paired	0.50564873	0.50564873	0.0	0.0
chr1:20787103-20787603	ENSG00000075151	EIF4G3	chr1	20787103	20787603	21177284	-	389931	stromal	method4_paired	0.48172495	0.48172495	0.0	0.0
chr1:20787103-20787603	ENSG00000127483	HP1BP3	chr1	20787103	20787603	20787322	-	31	stromal	method4_paired	0.4756826	0.4756826	0.0	0.0
chr1:21176026-21176526	ENSG00000075151	EIF4G3	chr1	21176026	21176526	21177284	-	1008	stromal	method4_paired	0.45216286	0.45216286	0.0	0.0
chr1:21176739-21177239	ENSG00000075151	EIF4G3	chr1	21176739	21177239	21177284	-	295	stromal	method4_paired	0.4549964	0.4549964	0.0	0.0
chr1:21176739-21177239	ENSG00000127483	HP1BP3	chr1	21176739	21177239	20787322	-	389667	stromal	method4_paired	0.48198766	0.48198766	0.0	0.0
chr1:21278185-21278685	ENSG00000162551	ALPL	chr1	21278185	21278685	21509396	+	230961	stromal	method4_paired	0.51745194	0.51745194	0.0	0.0
chr1:21278737-21279237	ENSG00000162551	ALPL	chr1	21278737	21279237	21509396	+	230409	stromal	method4_paired	0.4827462	0.4827462	0.0	0.0
chr1:21279394-21279894	ENSG00000162551	ALPL	chr1	21279394	21279894	21509396	+	229752	stromal	method4_paired	0.53940123	0.53940123	0.0	0.0
chr1:21294269-21294769	ENSG00000090686	USP48	chr1	21294269	21294769	21783605	-	489086	stromal	method4_paired	0.46733817	0.46733817	0.0	0.0
chr1:21337933-21338433	ENSG00000117298	ECE1	chr1	21337933	21338433	21345571	-	7388	stromal	method4_paired	0.4894275	0.4894275	0.0	0.0
chr1:21338495-21338995	ENSG00000142794	NBPF3	chr1	21338495	21338995	21440127	+	101382	stromal	method4_paired	0.4576649	0.4576649	0.0	0.0
chr1:21447218-21447718	ENSG00000142794	NBPF3	chr1	21447218	21447718	21440127	+	7341	stromal	method4_paired	0.50669163	0.50669163	0.0	0.0
chr1:21508997-21509497	ENSG00000162551	ALPL	chr1	21508997	21509497	21509396	+	149	stromal	method4_paired	0.5163681	0.5163681	0.0	0.0
chr1:21524967-21525467	ENSG00000162551	ALPL	chr1	21524967	21525467	21509396	+	15821	stromal	method4_paired	0.4909996	0.4909996	0.0	0.0
chr1:21537896-21538396	ENSG00000162551	ALPL	chr1	21537896	21538396	21509396	+	28750	stromal	method4_paired	0.6439094	0.6439094	0.0	0.0
chr1:21538550-21539050	ENSG00000162551	ALPL	chr1	21538550	21539050	21509396	+	29404	stromal	method4_paired	0.51257026	0.51257026	0.0	0.0
chr1:21545951-21546451	ENSG00000162551	ALPL	chr1	21545951	21546451	21509396	+	36805	stromal	method4_paired	0.616356	0.616356	0.0	0.0
chr1:21586876-21587376	ENSG00000162551	ALPL	chr1	21586876	21587376	21509396	+	77730	stromal	method4_paired	0.5101519	0.5101519	0.0	0.0
chr1:21782944-21783444	ENSG00000070831	CDC42	chr1	21782944	21783444	22052626	+	269432	stromal	method4_paired	0.47552863	0.47552863	0.0	0.0
chr1:21782944-21783444	ENSG00000090686	USP48	chr1	21782944	21783444	21783605	-	411	stromal	method4_paired	0.5227583	0.5227583	0.0	0.0
chr1:21783479-21783979	ENSG00000090686	USP48	chr1	21783479	21783979	21783605	-	124	stromal	method4_paired	0.46444002	0.46444002	0.0	0.0
chr1:21814392-21814892	ENSG00000142798	HSPG2	chr1	21814392	21814892	21937309	-	122667	stromal	method4_paired	0.46658123	0.46658123	0.0	0.0
chr1:21818584-21819084	ENSG00000142798	HSPG2	chr1	21818584	21819084	21937309	-	118475	stromal	method4_paired	0.4954498	0.4954498	0.0	0.0
chr1:21857798-21858298	ENSG00000162551	ALPL	chr1	21857798	21858298	21509396	+	348652	stromal	method4_paired	0.5088713	0.5088713	0.0	0.0
chr1:21869720-21870220	ENSG00000142798	HSPG2	chr1	21869720	21870220	21937309	-	67339	stromal	method4_paired	0.52657425	0.52657425	0.0	0.0
chr1:21901443-21901943	ENSG00000142798	HSPG2	chr1	21901443	21901943	21937309	-	35616	stromal	method4_paired	0.55173147	0.55173147	0.0	0.0
chr1:21902017-21902517	ENSG00000142798	HSPG2	chr1	21902017	21902517	21937309	-	35042	stromal	method4_paired	0.4648735	0.4648735	0.0	0.0
chr1:21904779-21905279	ENSG00000142798	HSPG2	chr1	21904779	21905279	21937309	-	32280	stromal	method4_paired	0.63172984	0.63172984	0.0	0.0
chr1:21909730-21910230	ENSG00000142798	HSPG2	chr1	21909730	21910230	21937309	-	27329	stromal	method4_paired	0.58712405	0.58712405	0.0	0.0
chr1:21913715-21914215	ENSG00000142798	HSPG2	chr1	21913715	21914215	21937309	-	23344	stromal	method4_paired	0.4622116	0.4622116	0.0	0.0
chr1:21914440-21914940	ENSG00000142798	HSPG2	chr1	21914440	21914940	21937309	-	22619	stromal	method4_paired	0.46052608	0.46052608	0.0	0.0
chr1:21914949-21915449	ENSG00000142798	HSPG2	chr1	21914949	21915449	21937309	-	22110	stromal	method4_paired	0.45112282	0.45112282	0.0	0.0
chr1:21924529-21925029	ENSG00000142798	HSPG2	chr1	21924529	21925029	21937309	-	12530	stromal	method4_paired	0.4540037	0.4540037	0.0	0.0
chr1:21925116-21925616	ENSG00000142798	HSPG2	chr1	21925116	21925616	21937309	-	11943	stromal	method4_paired	0.4582709	0.4582709	0.0	0.0
chr1:21933623-21934123	ENSG00000142798	HSPG2	chr1	21933623	21934123	21937309	-	3436	stromal	method4_paired	0.5404175	0.5404175	0.0	0.0
chr1:21934512-21935012	ENSG00000142798	HSPG2	chr1	21934512	21935012	21937309	-	2547	stromal	method4_paired	0.4724707	0.4724707	0.0	0.0
chr1:21935529-21936029	ENSG00000142798	HSPG2	chr1	21935529	21936029	21937309	-	1530	stromal	method4_paired	0.50139534	0.50139534	0.0	0.0
chr1:21938595-21939095	ENSG00000142798	HSPG2	chr1	21938595	21939095	21937309	-	1536	stromal	method4_paired	0.53230035	0.53230035	0.0	0.0
chr1:21939539-21940039	ENSG00000142798	HSPG2	chr1	21939539	21940039	21937309	-	2480	stromal	method4_paired	0.47782212	0.47782212	0.0	0.0
chr1:21942870-21943370	ENSG00000142798	HSPG2	chr1	21942870	21943370	21937309	-	5811	stromal	method4_paired	0.51452935	0.51452935	0.0	0.0
chr1:21944356-21944856	ENSG00000142798	HSPG2	chr1	21944356	21944856	21937309	-	7297	stromal	method4_paired	0.5434331	0.5434331	0.0	0.0
chr1:21944880-21945380	ENSG00000142798	HSPG2	chr1	21944880	21945380	21937309	-	7821	stromal	method4_paired	0.46886912	0.46886912	0.0	0.0
chr1:21956728-21957228	ENSG00000142798	HSPG2	chr1	21956728	21957228	21937309	-	19669	stromal	method4_paired	0.47006717	0.47006717	0.0	0.0
chr1:21961811-21962311	ENSG00000142798	HSPG2	chr1	21961811	21962311	21937309	-	24752	stromal	method4_paired	0.47373688	0.47373688	0.0	0.0
chr1:22025180-22025680	ENSG00000090686	USP48	chr1	22025180	22025680	21783605	-	241825	stromal	method4_paired	0.47995058	0.47995058	0.0	0.0
chr1:22031463-22031963	ENSG00000142798	HSPG2	chr1	22031463	22031963	21937309	-	94404	stromal	method4_paired	0.46039572	0.46039572	0.0	0.0
chr1:22052376-22052876	ENSG00000090686	USP48	chr1	22052376	22052876	21783605	-	269021	stromal	method4_paired	0.47732174	0.47732174	0.0	0.0
chr1:22053040-22053540	ENSG00000070831	CDC42	chr1	22053040	22053540	22052626	+	664	stromal	method4_paired	0.46596563	0.46596563	0.0	0.0
chr1:22111548-22112048	ENSG00000162552	WNT4	chr1	22111548	22112048	22143968	-	32170	stromal	method4_paired	0.46416906	0.46416906	0.0	0.0
chr1:22114665-22115165	ENSG00000162552	WNT4	chr1	22114665	22115165	22143968	-	29053	stromal	method4_paired	0.5238221	0.5238221	0.0	0.0
chr1:22118417-22118917	ENSG00000162552	WNT4	chr1	22118417	22118917	22143968	-	25301	stromal	method4_paired	0.46461365	0.46461365	0.0	0.0
chr1:22126466-22126966	ENSG00000162552	WNT4	chr1	22126466	22126966	22143968	-	17252	stromal	method4_paired	0.5366406	0.5366406	0.0	0.0
chr1:22136828-22137328	ENSG00000162552	WNT4	chr1	22136828	22137328	22143968	-	6890	stromal	method4_paired	0.5150586	0.5150586	0.0	0.0
chr1:22137415-22137915	ENSG00000162552	WNT4	chr1	22137415	22137915	22143968	-	6303	stromal	method4_paired	0.4772256	0.4772256	0.0	0.0
chr1:22143012-22143512	ENSG00000162552	WNT4	chr1	22143012	22143512	22143968	-	706	stromal	method4_paired	0.65585995	0.65585995	0.0	0.0
chr1:22143534-22144034	ENSG00000162552	WNT4	chr1	22143534	22144034	22143968	-	184	stromal	method4_paired	0.5661461	0.5661461	0.0	0.0
chr1:22204775-22205275	ENSG00000142798	HSPG2	chr1	22204775	22205275	21937309	-	267716	stromal	method4_paired	-0.47707996	-0.47707996	0.0	0.0
chr1:22204775-22205275	ENSG00000162552	WNT4	chr1	22204775	22205275	22143968	-	61057	stromal	method4_paired	0.662202	0.662202	0.0	0.0
chr1:22205323-22205823	ENSG00000162552	WNT4	chr1	22205323	22205823	22143968	-	61605	stromal	method4_paired	0.4885069	0.4885069	0.0	0.0
chr1:22207363-22207863	ENSG00000162552	WNT4	chr1	22207363	22207863	22143968	-	63645	stromal	method4_paired	0.58089125	0.58089125	0.0	0.0
chr1:22207907-22208407	ENSG00000162552	WNT4	chr1	22207907	22208407	22143968	-	64189	stromal	method4_paired	0.60800374	0.60800374	0.0	0.0
chr1:22246418-22246918	ENSG00000162552	WNT4	chr1	22246418	22246918	22143968	-	102700	stromal	method4_paired	0.4865225	0.4865225	0.0	0.0
chr1:22247025-22247525	ENSG00000162552	WNT4	chr1	22247025	22247525	22143968	-	103307	stromal	method4_paired	0.5141318	0.5141318	0.0	0.0
chr1:22250165-22250665	ENSG00000162552	WNT4	chr1	22250165	22250665	22143968	-	106447	stromal	method4_paired	0.54231185	0.54231185	0.0	0.0
chr1:22250706-22251206	ENSG00000142798	HSPG2	chr1	22250706	22251206	21937309	-	313647	stromal	method4_paired	-0.49163842	-0.49163842	0.0	0.0
chr1:22250706-22251206	ENSG00000162552	WNT4	chr1	22250706	22251206	22143968	-	106988	stromal	method4_paired	0.72930706	0.72930706	0.0	0.0
chr1:22253344-22253844	ENSG00000162552	WNT4	chr1	22253344	22253844	22143968	-	109626	stromal	method4_paired	0.48847905	0.48847905	0.0	0.0
chr1:22255000-22255500	ENSG00000162552	WNT4	chr1	22255000	22255500	22143968	-	111282	stromal	method4_paired	0.5619372	0.5619372	0.0	0.0
chr1:22255598-22256098	ENSG00000142798	HSPG2	chr1	22255598	22256098	21937309	-	318539	stromal	method4_paired	-0.57748777	-0.57748777	0.0	0.0
chr1:22255598-22256098	ENSG00000162552	WNT4	chr1	22255598	22256098	22143968	-	111880	stromal	method4_paired	0.77905935	0.77905935	0.0	0.0
chr1:22256647-22257147	ENSG00000162552	WNT4	chr1	22256647	22257147	22143968	-	112929	stromal	method4_paired	0.54917747	0.54917747	0.0	0.0
chr1:22257302-22257802	ENSG00000142798	HSPG2	chr1	22257302	22257802	21937309	-	320243	stromal	method4_paired	-0.5465202	-0.5465202	0.0	0.0
chr1:22257302-22257802	ENSG00000162552	WNT4	chr1	22257302	22257802	22143968	-	113584	stromal	method4_paired	0.7567405	0.7567405	0.0	0.0
chr1:22257936-22258436	ENSG00000162552	WNT4	chr1	22257936	22258436	22143968	-	114218	stromal	method4_paired	0.53400505	0.53400505	0.0	0.0
chr1:22258658-22259158	ENSG00000162552	WNT4	chr1	22258658	22259158	22143968	-	114940	stromal	method4_paired	0.6592842	0.6592842	0.0	0.0
chr1:22259498-22259998	ENSG00000142798	HSPG2	chr1	22259498	22259998	21937309	-	322439	stromal	method4_paired	-0.56665474	-0.56665474	0.0	0.0
chr1:22259498-22259998	ENSG00000162552	WNT4	chr1	22259498	22259998	22143968	-	115780	stromal	method4_paired	0.73703283	0.73703283	0.0	0.0
chr1:22268954-22269454	ENSG00000162552	WNT4	chr1	22268954	22269454	22143968	-	125236	stromal	method4_paired	0.524064	0.524064	0.0	0.0
chr1:22275748-22276248	ENSG00000162552	WNT4	chr1	22275748	22276248	22143968	-	132030	stromal	method4_paired	0.52982223	0.52982223	0.0	0.0
chr1:22282280-22282780	ENSG00000162552	WNT4	chr1	22282280	22282780	22143968	-	138562	stromal	method4_paired	0.4546392	0.4546392	0.0	0.0
chr1:22288172-22288672	ENSG00000162552	WNT4	chr1	22288172	22288672	22143968	-	144454	stromal	method4_paired	0.5099963	0.5099963	0.0	0.0
chr1:22288754-22289254	ENSG00000162552	WNT4	chr1	22288754	22289254	22143968	-	145036	stromal	method4_paired	0.49720436	0.49720436	0.0	0.0
chr1:22289330-22289830	ENSG00000162552	WNT4	chr1	22289330	22289830	22143968	-	145612	stromal	method4_paired	0.6519999	0.6519999	0.0	0.0
chr1:22295393-22295893	ENSG00000162552	WNT4	chr1	22295393	22295893	22143968	-	151675	stromal	method4_paired	0.5151983	0.5151983	0.0	0.0
chr1:22296625-22297125	ENSG00000162552	WNT4	chr1	22296625	22297125	22143968	-	152907	stromal	method4_paired	0.58000875	0.58000875	0.0	0.0
chr1:22329782-22330282	ENSG00000162552	WNT4	chr1	22329782	22330282	22143968	-	186064	stromal	method4_paired	0.494342	0.494342	0.0	0.0
chr1:22330410-22330910	ENSG00000162552	WNT4	chr1	22330410	22330910	22143968	-	186692	stromal	method4_paired	0.52848476	0.52848476	0.0	0.0
chr1:22331647-22332147	ENSG00000162552	WNT4	chr1	22331647	22332147	22143968	-	187929	stromal	method4_paired	0.64600015	0.64600015	0.0	0.0
chr1:22332157-22332657	ENSG00000162552	WNT4	chr1	22332157	22332657	22143968	-	188439	stromal	method4_paired	0.55982167	0.55982167	0.0	0.0
chr1:22341941-22342441	ENSG00000162552	WNT4	chr1	22341941	22342441	22143968	-	198223	stromal	method4_paired	0.5345368	0.5345368	0.0	0.0
chr1:22342650-22343150	ENSG00000162552	WNT4	chr1	22342650	22343150	22143968	-	198932	stromal	method4_paired	0.48730806	0.48730806	0.0	0.0
chr1:22343960-22344460	ENSG00000162552	WNT4	chr1	22343960	22344460	22143968	-	200242	stromal	method4_paired	0.48935777	0.48935777	0.0	0.0
chr1:22348231-22348731	ENSG00000162552	WNT4	chr1	22348231	22348731	22143968	-	204513	stromal	method4_paired	0.55089897	0.55089897	0.0	0.0
chr1:22375623-22376123	ENSG00000162552	WNT4	chr1	22375623	22376123	22143968	-	231905	stromal	method4_paired	0.71743387	0.71743387	0.0	0.0
chr1:22376230-22376730	ENSG00000162552	WNT4	chr1	22376230	22376730	22143968	-	232512	stromal	method4_paired	0.5874191	0.5874191	0.0	0.0
chr1:22412516-22413016	ENSG00000162552	WNT4	chr1	22412516	22413016	22143968	-	268798	stromal	method4_paired	0.58555084	0.58555084	0.0	0.0
chr1:22413322-22413822	ENSG00000162552	WNT4	chr1	22413322	22413822	22143968	-	269604	stromal	method4_paired	0.5574454	0.5574454	0.0	0.0
chr1:22414214-22414714	ENSG00000142798	HSPG2	chr1	22414214	22414714	21937309	-	477155	stromal	method4_paired	-0.55259365	-0.55259365	0.0	0.0
chr1:22414214-22414714	ENSG00000162552	WNT4	chr1	22414214	22414714	22143968	-	270496	stromal	method4_paired	0.74277455	0.74277455	0.0	0.0
chr1:22414841-22415341	ENSG00000162552	WNT4	chr1	22414841	22415341	22143968	-	271123	stromal	method4_paired	0.49955374	0.49955374	0.0	0.0
chr1:22415433-22415933	ENSG00000162552	WNT4	chr1	22415433	22415933	22143968	-	271715	stromal	method4_paired	0.4869152	0.4869152	0.0	0.0
chr1:22416511-22417011	ENSG00000162552	WNT4	chr1	22416511	22417011	22143968	-	272793	stromal	method4_paired	0.6473689	0.6473689	0.0	0.0
chr1:23019187-23019687	ENSG00000125944	HNRNPR	chr1	23019187	23019687	23344335	-	324898	stromal	method4_paired	0.45253727	0.45253727	0.0	0.0
chr1:23168654-23169154	ENSG00000125944	HNRNPR	chr1	23168654	23169154	23344335	-	175431	stromal	method4_paired	0.45611438	0.45611438	0.0	0.0
chr1:23169587-23170087	ENSG00000117318	ID3	chr1	23169587	23170087	23559500	-	389663	stromal	method4_paired	0.4586985	0.4586985	0.0	0.0
chr1:23344158-23344658	ENSG00000125944	HNRNPR	chr1	23344158	23344658	23344335	-	73	stromal	method4_paired	0.5330541	0.5330541	0.0	0.0
chr1:23368108-23368608	ENSG00000004487	KDM1A	chr1	23368108	23368608	23019442	+	348916	stromal	method4_paired	0.49765515	0.49765515	0.0	0.0
chr1:23368108-23368608	ENSG00000125944	HNRNPR	chr1	23368108	23368608	23344335	-	24023	stromal	method4_paired	0.5328011	0.5328011	0.0	0.0
chr1:23368685-23369185	ENSG00000125944	HNRNPR	chr1	23368685	23369185	23344335	-	24600	stromal	method4_paired	0.5040148	0.5040148	0.0	0.0
chr1:23394624-23395124	ENSG00000088280	ASAP3	chr1	23394624	23395124	23484567	-	89693	stromal	method4_paired	0.46034357	0.46034357	0.0	0.0
chr1:23400262-23400762	ENSG00000088280	ASAP3	chr1	23400262	23400762	23484567	-	84055	stromal	method4_paired	0.4948673	0.4948673	0.0	0.0
chr1:23444067-23444567	ENSG00000088280	ASAP3	chr1	23444067	23444567	23484567	-	40250	stromal	method4_paired	0.5854263	0.5854263	0.0	0.0
chr1:23456724-23457224	ENSG00000088280	ASAP3	chr1	23456724	23457224	23484567	-	27593	stromal	method4_paired	0.47432527	0.47432527	0.0	0.0
chr1:23470628-23471128	ENSG00000088280	ASAP3	chr1	23470628	23471128	23484567	-	13689	stromal	method4_paired	0.48293856	0.48293856	0.0	0.0
chr1:23478870-23479370	ENSG00000088280	ASAP3	chr1	23478870	23479370	23484567	-	5447	stromal	method4_paired	0.47406042	0.47406042	0.0	0.0
chr1:23484133-23484633	ENSG00000088280	ASAP3	chr1	23484133	23484633	23484567	-	184	stromal	method4_paired	0.4634288	0.4634288	0.0	0.0
chr1:23525162-23525662	ENSG00000188822	CNR2	chr1	23525162	23525662	23913361	-	387949	stromal	method4_paired	0.49365458	0.49365458	0.0	0.0
chr1:23528060-23528560	ENSG00000188822	CNR2	chr1	23528060	23528560	23913361	-	385051	stromal	method4_paired	0.48397624	0.48397624	0.0	0.0
chr1:23554271-23554771	ENSG00000117318	ID3	chr1	23554271	23554771	23559500	-	4979	stromal	method4_paired	0.53348523	0.53348523	0.0	0.0
chr1:23554271-23554771	ENSG00000142676	RPL11	chr1	23554271	23554771	23691741	+	137220	stromal	method4_paired	0.4954699	0.4954699	0.0	0.0
chr1:23554271-23554771	ENSG00000169641	LUZP1	chr1	23554271	23554771	23177807	-	376714	stromal	method4_paired	0.48256472	0.48256472	0.0	0.0
chr1:23554795-23555295	ENSG00000117318	ID3	chr1	23554795	23555295	23559500	-	4455	stromal	method4_paired	0.4549657	0.4549657	0.0	0.0
chr1:23554795-23555295	ENSG00000125944	HNRNPR	chr1	23554795	23555295	23344335	-	210710	stromal	method4_paired	0.5024397	0.5024397	0.0	0.0
chr1:23554795-23555295	ENSG00000169641	LUZP1	chr1	23554795	23555295	23177807	-	377238	stromal	method4_paired	0.5006587	0.5006587	0.0	0.0
chr1:23555820-23556320	ENSG00000117318	ID3	chr1	23555820	23556320	23559500	-	3430	stromal	method4_paired	0.5027488	0.5027488	0.0	0.0
chr1:23558177-23558677	ENSG00000117318	ID3	chr1	23558177	23558677	23559500	-	1073	stromal	method4_paired	0.4841252	0.4841252	0.0	0.0
chr1:23559299-23559799	ENSG00000117318	ID3	chr1	23559299	23559799	23559500	-	49	stromal	method4_paired	0.4558713	0.4558713	0.0	0.0
chr1:23559299-23559799	ENSG00000125944	HNRNPR	chr1	23559299	23559799	23344335	-	215214	stromal	method4_paired	0.481673	0.481673	0.0	0.0
chr1:23559299-23559799	ENSG00000142676	RPL11	chr1	23559299	23559799	23691741	+	132192	stromal	method4_paired	0.50642806	0.50642806	0.0	0.0
chr1:23613123-23613623	ENSG00000188822	CNR2	chr1	23613123	23613623	23913361	-	299988	stromal	method4_paired	0.4685022	0.4685022	0.0	0.0
chr1:23619540-23620040	ENSG00000188822	CNR2	chr1	23619540	23620040	23913361	-	293571	stromal	method4_paired	0.48627886	0.48627886	0.0	0.0
chr1:23650217-23650717	ENSG00000088280	ASAP3	chr1	23650217	23650717	23484567	-	165900	stromal	method4_paired	0.4531577	0.4531577	0.0	0.0
chr1:23651105-23651605	ENSG00000088280	ASAP3	chr1	23651105	23651605	23484567	-	166788	stromal	method4_paired	0.48591334	0.48591334	0.0	0.0
chr1:23727206-23727706	ENSG00000088280	ASAP3	chr1	23727206	23727706	23484567	-	242889	stromal	method4_paired	0.5394516	0.5394516	0.0	0.0
chr1:23743168-23743668	ENSG00000125944	HNRNPR	chr1	23743168	23743668	23344335	-	399083	stromal	method4_paired	0.48371816	0.48371816	0.0	0.0
chr1:23778140-23778640	ENSG00000125944	HNRNPR	chr1	23778140	23778640	23344335	-	434055	stromal	method4_paired	0.47302523	0.47302523	0.0	0.0
chr1:23799467-23799967	ENSG00000117308	GALE	chr1	23799467	23799967	23800780	-	1063	stromal	method4_paired	0.46296394	0.46296394	0.0	0.0
chr1:23799467-23799967	ENSG00000117318	ID3	chr1	23799467	23799967	23559500	-	240217	stromal	method4_paired	0.5409502	0.5409502	0.0	0.0
chr1:23799467-23799967	ENSG00000142676	RPL11	chr1	23799467	23799967	23691741	+	107976	stromal	method4_paired	0.5085163	0.5085163	0.0	0.0
chr1:23800663-23801163	ENSG00000125944	HNRNPR	chr1	23800663	23801163	23344335	-	456578	stromal	method4_paired	0.49415424	0.49415424	0.0	0.0
chr1:24118278-24118778	ENSG00000142677	IL22RA1	chr1	24118278	24118778	24143139	-	24611	stromal	method4_paired	0.4987531	0.4987531	0.0	0.0
chr1:24120173-24120673	ENSG00000188529	SRSF10	chr1	24120173	24120673	23980926	-	139497	stromal	method4_paired	0.46224153	0.46224153	0.0	0.0
chr1:24502602-24503102	ENSG00000020633	RUNX3	chr1	24502602	24503102	24965120	-	462268	stromal	method4_paired	0.45502463	0.45502463	0.0	0.0
chr1:24534911-24535411	ENSG00000020633	RUNX3	chr1	24534911	24535411	24965120	-	429959	stromal	method4_paired	0.64196986	0.64196986	0.0	0.0
chr1:24534911-24535411	ENSG00000185436	IFNLR1	chr1	24534911	24535411	24187958	-	347203	stromal	method4_paired	0.473906	0.473906	0.0	0.0
chr1:24536351-24536851	ENSG00000020633	RUNX3	chr1	24536351	24536851	24965120	-	428519	stromal	method4_paired	0.53797215	0.53797215	0.0	0.0
chr1:24555779-24556279	ENSG00000020633	RUNX3	chr1	24555779	24556279	24965120	-	409091	stromal	method4_paired	0.50946283	0.50946283	0.0	0.0
chr1:24642924-24643424	ENSG00000133226	SRRM1	chr1	24642924	24643424	24631715	+	11459	stromal	method4_paired	0.49970984	0.49970984	0.0	0.0
chr1:24910668-24911168	ENSG00000020633	RUNX3	chr1	24910668	24911168	24965120	-	54202	stromal	method4_paired	0.46551293	0.46551293	0.0	0.0
chr1:24911209-24911709	ENSG00000020633	RUNX3	chr1	24911209	24911709	24965120	-	53661	stromal	method4_paired	0.6193787	0.6193787	0.0	0.0
chr1:24928462-24928962	ENSG00000020633	RUNX3	chr1	24928462	24928962	24965120	-	36408	stromal	method4_paired	0.49207368	0.49207368	0.0	0.0
chr1:24929127-24929627	ENSG00000020633	RUNX3	chr1	24929127	24929627	24965120	-	35743	stromal	method4_paired	0.56191695	0.56191695	0.0	0.0
chr1:24930120-24930620	ENSG00000020633	RUNX3	chr1	24930120	24930620	24965120	-	34750	stromal	method4_paired	0.7111337	0.7111337	0.0	0.0
chr1:24963428-24963928	ENSG00000020633	RUNX3	chr1	24963428	24963928	24965120	-	1442	stromal	method4_paired	0.57213813	0.57213813	0.0	0.0
chr1:24964241-24964741	ENSG00000020633	RUNX3	chr1	24964241	24964741	24965120	-	629	stromal	method4_paired	0.48115957	0.48115957	0.0	0.0
chr1:24964938-24965438	ENSG00000020633	RUNX3	chr1	24964938	24965438	24965120	-	68	stromal	method4_paired	0.75546837	0.75546837	0.0	0.0
chr1:24964938-24965438	ENSG00000184454	NCMAP	chr1	24964938	24965438	24556086	+	409102	stromal	method4_paired	0.45114744	0.45114744	0.0	0.0
chr1:24965470-24965970	ENSG00000020633	RUNX3	chr1	24965470	24965970	24965120	-	600	stromal	method4_paired	0.555658	0.555658	0.0	0.0
chr1:25022234-25022734	ENSG00000020633	RUNX3	chr1	25022234	25022734	24965120	-	57364	stromal	method4_paired	0.62706655	0.62706655	0.0	0.0
chr1:25022777-25023277	ENSG00000020633	RUNX3	chr1	25022777	25023277	24965120	-	57907	stromal	method4_paired	0.5419944	0.5419944	0.0	0.0
chr1:25030751-25031251	ENSG00000020633	RUNX3	chr1	25030751	25031251	24965120	-	65881	stromal	method4_paired	0.4798378	0.4798378	0.0	0.0
chr1:25033842-25034342	ENSG00000020633	RUNX3	chr1	25033842	25034342	24965120	-	68972	stromal	method4_paired	0.63009214	0.63009214	0.0	0.0
chr1:25247263-25247763	ENSG00000117616	RSRP1	chr1	25247263	25247763	25338212	-	90699	stromal	method4_paired	0.48621982	0.48621982	0.0	0.0
chr1:25430555-25431055	ENSG00000117616	RSRP1	chr1	25430555	25431055	25338212	-	92593	stromal	method4_paired	0.47307363	0.47307363	0.0	0.0
chr1:25543337-25543837	ENSG00000117616	RSRP1	chr1	25543337	25543837	25338212	-	205375	stromal	method4_paired	0.45059177	0.45059177	0.0	0.0
chr1:25616409-25616909	ENSG00000117616	RSRP1	chr1	25616409	25616909	25338212	-	278447	stromal	method4_paired	0.4764918	0.4764918	0.0	0.0
chr1:25805234-25805734	ENSG00000197245	FAM110D	chr1	25805234	25805734	26159078	+	353594	stromal	method4_paired	0.5032317	0.5032317	0.0	0.0
chr1:25805846-25806346	ENSG00000197245	FAM110D	chr1	25805846	25806346	26159078	+	352982	stromal	method4_paired	0.5488522	0.5488522	0.0	0.0
chr1:25807734-25808234	ENSG00000197245	FAM110D	chr1	25807734	25808234	26159078	+	351094	stromal	method4_paired	0.50298697	0.50298697	0.0	0.0
chr1:26126376-26126876	ENSG00000117676	RPS6KA1	chr1	26126376	26126876	26529760	+	403134	stromal	method4_paired	0.47572583	0.47572583	0.0	0.0
chr1:26154688-26155188	ENSG00000197245	FAM110D	chr1	26154688	26155188	26159078	+	4140	stromal	method4_paired	0.6605018	0.6605018	0.0	0.0
chr1:26155878-26156378	ENSG00000197245	FAM110D	chr1	26155878	26156378	26159078	+	2950	stromal	method4_paired	0.76409	0.76409	0.0	0.0
chr1:26156383-26156883	ENSG00000197245	FAM110D	chr1	26156383	26156883	26159078	+	2445	stromal	method4_paired	0.7434072	0.7434072	0.0	0.0
chr1:26158733-26159233	ENSG00000197245	FAM110D	chr1	26158733	26159233	26159078	+	95	stromal	method4_paired	0.7119961	0.7119961	0.0	0.0
chr1:26160487-26160987	ENSG00000197245	FAM110D	chr1	26160487	26160987	26159078	+	1659	stromal	method4_paired	0.6077687	0.6077687	0.0	0.0
chr1:26233873-26234373	ENSG00000117713	ARID1A	chr1	26233873	26234373	26693235	+	459112	stromal	method4_paired	0.48986298	0.48986298	0.0	0.0
chr1:26276127-26276627	ENSG00000142669	SH3BGRL3	chr1	26276127	26276627	26280085	+	3708	stromal	method4_paired	0.4611591	0.4611591	0.0	0.0
chr1:26278872-26279372	ENSG00000142669	SH3BGRL3	chr1	26278872	26279372	26280085	+	963	stromal	method4_paired	0.46917787	0.46917787	0.0	0.0
chr1:26279763-26280263	ENSG00000117713	ARID1A	chr1	26279763	26280263	26693235	+	413222	stromal	method4_paired	0.47906286	0.47906286	0.0	0.0
chr1:26472170-26472670	ENSG00000117713	ARID1A	chr1	26472170	26472670	26693235	+	220815	stromal	method4_paired	0.47771877	0.47771877	0.0	0.0
chr1:26472935-26473435	ENSG00000117713	ARID1A	chr1	26472935	26473435	26693235	+	220050	stromal	method4_paired	0.4639669	0.4639669	0.0	0.0
chr1:26500141-26500641	ENSG00000117713	ARID1A	chr1	26500141	26500641	26693235	+	192844	stromal	method4_paired	0.51762235	0.51762235	0.0	0.0
chr1:26500808-26501308	ENSG00000117713	ARID1A	chr1	26500808	26501308	26693235	+	192177	stromal	method4_paired	0.497147	0.497147	0.0	0.0
chr1:26620384-26620884	ENSG00000117713	ARID1A	chr1	26620384	26620884	26693235	+	72601	stromal	method4_paired	0.46660975	0.46660975	0.0	0.0
chr1:26692856-26693356	ENSG00000117713	ARID1A	chr1	26692856	26693356	26693235	+	129	stromal	method4_paired	0.4510491	0.4510491	0.0	0.0
chr1:26695394-26695894	ENSG00000117713	ARID1A	chr1	26695394	26695894	26693235	+	2409	stromal	method4_paired	0.5073951	0.5073951	0.0	0.0
chr1:26787673-26788173	ENSG00000117713	ARID1A	chr1	26787673	26788173	26693235	+	94688	stromal	method4_paired	0.46451893	0.46451893	0.0	0.0
chr1:26826405-26826905	ENSG00000117713	ARID1A	chr1	26826405	26826905	26693235	+	133420	stromal	method4_paired	0.45617092	0.45617092	0.0	0.0
chr1:26862707-26863207	ENSG00000117676	RPS6KA1	chr1	26862707	26863207	26529760	+	333197	stromal	method4_paired	0.46831465	0.46831465	0.0	0.0
chr1:26864910-26865410	ENSG00000117713	ARID1A	chr1	26864910	26865410	26693235	+	171925	stromal	method4_paired	0.45109767	0.45109767	0.0	0.0
chr1:26960204-26960704	ENSG00000117676	RPS6KA1	chr1	26960204	26960704	26529760	+	430694	stromal	method4_paired	0.4797224	0.4797224	0.0	0.0
chr1:27000578-27001078	ENSG00000158246	TENT5B	chr1	27000578	27001078	27012849	-	12021	stromal	method4_paired	0.47835627	0.47835627	0.0	0.0
chr1:27008059-27008559	ENSG00000158246	TENT5B	chr1	27008059	27008559	27012849	-	4540	stromal	method4_paired	0.46081606	0.46081606	0.0	0.0
chr1:27010937-27011437	ENSG00000158246	TENT5B	chr1	27010937	27011437	27012849	-	1662	stromal	method4_paired	0.4976614	0.4976614	0.0	0.0
chr1:27234293-27234793	ENSG00000158195	WASF2	chr1	27234293	27234793	27490166	-	255623	stromal	method4_paired	0.47698048	0.47698048	0.0	0.0
chr1:27321904-27322404	ENSG00000117758	STX12	chr1	27321904	27322404	27773218	+	451064	stromal	method4_paired	0.4814725	0.4814725	0.0	0.0
chr1:27321904-27322404	ENSG00000158195	WASF2	chr1	27321904	27322404	27490166	-	168012	stromal	method4_paired	0.53076637	0.53076637	0.0	0.0
chr1:27375987-27376487	ENSG00000142748	FCN3	chr1	27375987	27376487	27374823	-	1414	stromal	method4_paired	0.5283751	0.5283751	0.0	0.0
chr1:27631640-27632140	ENSG00000142748	FCN3	chr1	27631640	27632140	27374823	-	257067	stromal	method4_paired	0.4778404	0.4778404	0.0	0.0
chr1:27634102-27634602	ENSG00000142748	FCN3	chr1	27634102	27634602	27374823	-	259529	stromal	method4_paired	0.4809579	0.4809579	0.0	0.0
chr1:27634102-27634602	ENSG00000158195	WASF2	chr1	27634102	27634602	27490166	-	144186	stromal	method4_paired	0.46133628	0.46133628	0.0	0.0
chr1:27663054-27663554	ENSG00000158195	WASF2	chr1	27663054	27663554	27490166	-	173138	stromal	method4_paired	0.4673221	0.4673221	0.0	0.0
chr1:27789453-27789953	ENSG00000000938	FGR	chr1	27789453	27789953	27635184	-	154519	stromal	method4_paired	0.45691013	0.45691013	0.0	0.0
chr1:27789453-27789953	ENSG00000142748	FCN3	chr1	27789453	27789953	27374823	-	414880	stromal	method4_paired	0.48442703	0.48442703	0.0	0.0
chr1:27789453-27789953	ENSG00000169403	PTAFR	chr1	27789453	27789953	28193935	-	404232	stromal	method4_paired	0.51972973	0.51972973	0.0	0.0
chr1:27868980-27869480	ENSG00000130775	THEMIS2	chr1	27868980	27869480	27872542	+	3312	stromal	method4_paired	0.4990308	0.4990308	0.0	0.0
chr1:27872259-27872759	ENSG00000130775	THEMIS2	chr1	27872259	27872759	27872542	+	33	stromal	method4_paired	0.5299359	0.5299359	0.0	0.0
chr1:27873016-27873516	ENSG00000130775	THEMIS2	chr1	27873016	27873516	27872542	+	724	stromal	method4_paired	0.48354882	0.48354882	0.0	0.0
chr1:27873536-27874036	ENSG00000130775	THEMIS2	chr1	27873536	27874036	27872542	+	1244	stromal	method4_paired	0.46473128	0.46473128	0.0	0.0
chr1:27914537-27915037	ENSG00000158161	EYA3	chr1	27914537	27915037	28088636	-	173849	stromal	method4_paired	0.46998838	0.46998838	0.0	0.0
chr1:27914537-27915037	ENSG00000158195	WASF2	chr1	27914537	27915037	27490166	-	424621	stromal	method4_paired	0.4875361	0.4875361	0.0	0.0
chr1:27914537-27915037	ENSG00000204138	PHACTR4	chr1	27914537	27915037	28369581	+	454794	stromal	method4_paired	0.45020536	0.45020536	0.0	0.0
chr1:27959707-27960207	ENSG00000126698	DNAJC8	chr1	27959707	27960207	28233028	-	273071	stromal	method4_paired	0.4741488	0.4741488	0.0	0.0
chr1:27959707-27960207	ENSG00000130775	THEMIS2	chr1	27959707	27960207	27872542	+	87415	stromal	method4_paired	0.46453935	0.46453935	0.0	0.0
chr1:27959707-27960207	ENSG00000158161	EYA3	chr1	27959707	27960207	28088636	-	128679	stromal	method4_paired	0.52917916	0.52917916	0.0	0.0
chr1:27959707-27960207	ENSG00000158195	WASF2	chr1	27959707	27960207	27490166	-	469791	stromal	method4_paired	0.5313615	0.5313615	0.0	0.0
chr1:27959707-27960207	ENSG00000204138	PHACTR4	chr1	27959707	27960207	28369581	+	409624	stromal	method4_paired	0.45820358	0.45820358	0.0	0.0
chr1:28088485-28088985	ENSG00000158161	EYA3	chr1	28088485	28088985	28088636	-	99	stromal	method4_paired	0.51625407	0.51625407	0.0	0.0
chr1:28088485-28088985	ENSG00000204138	PHACTR4	chr1	28088485	28088985	28369581	+	280846	stromal	method4_paired	0.49898088	0.49898088	0.0	0.0
chr1:28154755-28155255	ENSG00000169403	PTAFR	chr1	28154755	28155255	28193935	-	38930	stromal	method4_paired	0.52871287	0.52871287	0.0	0.0
chr1:28193739-28194239	ENSG00000169403	PTAFR	chr1	28193739	28194239	28193935	-	54	stromal	method4_paired	0.4811507	0.4811507	0.0	0.0
chr1:28199401-28199901	ENSG00000169403	PTAFR	chr1	28199401	28199901	28193935	-	5716	stromal	method4_paired	0.46168554	0.46168554	0.0	0.0
chr1:28247054-28247554	ENSG00000158161	EYA3	chr1	28247054	28247554	28088636	-	158668	stromal	method4_paired	0.4784481	0.4784481	0.0	0.0
chr1:28247054-28247554	ENSG00000204138	PHACTR4	chr1	28247054	28247554	28369581	+	122277	stromal	method4_paired	0.45993996	0.45993996	0.0	0.0
chr1:28280747-28281247	ENSG00000169403	PTAFR	chr1	28280747	28281247	28193935	-	87062	stromal	method4_paired	0.45518684	0.45518684	0.0	0.0
chr1:28552739-28553239	ENSG00000158161	EYA3	chr1	28552739	28553239	28088636	-	464353	stromal	method4_paired	0.45284835	0.45284835	0.0	0.0
chr1:28552739-28553239	ENSG00000204138	PHACTR4	chr1	28552739	28553239	28369581	+	183408	stromal	method4_paired	0.45483702	0.45483702	0.0	0.0
chr1:28581649-28582149	ENSG00000180098	TRNAU1AP	chr1	28581649	28582149	28553084	+	28815	stromal	method4_paired	0.45013568	0.45013568	0.0	0.0
chr1:28581649-28582149	ENSG00000204138	PHACTR4	chr1	28581649	28582149	28369581	+	212318	stromal	method4_paired	0.47579286	0.47579286	0.0	0.0
chr1:28642901-28643401	ENSG00000204138	PHACTR4	chr1	28642901	28643401	28369581	+	273570	stromal	method4_paired	0.45921004	0.45921004	0.0	0.0
chr1:28736632-28737132	ENSG00000180098	TRNAU1AP	chr1	28736632	28737132	28553084	+	183798	stromal	method4_paired	0.45184296	0.45184296	0.0	0.0
chr1:28736632-28737132	ENSG00000204138	PHACTR4	chr1	28736632	28737132	28369581	+	367301	stromal	method4_paired	0.45686567	0.45686567	0.0	0.0
chr1:28884908-28885408	ENSG00000159023	EPB41	chr1	28884908	28885408	28887090	+	1932	stromal	method4_paired	0.5940185	0.5940185	0.0	0.0
chr1:28886782-28887282	ENSG00000159023	EPB41	chr1	28886782	28887282	28887090	+	58	stromal	method4_paired	0.54490614	0.54490614	0.0	0.0
chr1:29181749-29182249	ENSG00000116350	SRSF4	chr1	29181749	29182249	29181899	-	100	stromal	method4_paired	0.4650894	0.4650894	0.0	0.0
chr1:30718225-30718725	ENSG00000134644	PUM1	chr1	30718225	30718725	31065990	-	347515	stromal	method4_paired	0.52957183	0.52957183	0.0	0.0
chr1:30719154-30719654	ENSG00000134644	PUM1	chr1	30719154	30719654	31065990	-	346586	stromal	method4_paired	0.4904967	0.4904967	0.0	0.0
chr1:30743539-30744039	ENSG00000162511	LAPTM5	chr1	30743539	30744039	30757773	-	13984	stromal	method4_paired	0.50327915	0.50327915	0.0	0.0
chr1:30756408-30756908	ENSG00000162511	LAPTM5	chr1	30756408	30756908	30757773	-	1115	stromal	method4_paired	0.51669186	0.51669186	0.0	0.0
chr1:30756913-30757413	ENSG00000162511	LAPTM5	chr1	30756913	30757413	30757773	-	610	stromal	method4_paired	0.45847082	0.45847082	0.0	0.0
chr1:30757523-30758023	ENSG00000162511	LAPTM5	chr1	30757523	30758023	30757773	-	0	stromal	method4_paired	0.56426483	0.56426483	0.0	0.0
chr1:31065468-31065968	ENSG00000134644	PUM1	chr1	31065468	31065968	31065990	-	272	stromal	method4_paired	0.47013244	0.47013244	0.0	0.0
chr1:31154837-31155337	ENSG00000134644	PUM1	chr1	31154837	31155337	31065990	-	89097	stromal	method4_paired	0.473173	0.473173	0.0	0.0
chr1:31296693-31297193	ENSG00000134644	PUM1	chr1	31296693	31297193	31065990	-	230953	stromal	method4_paired	0.56969666	0.56969666	0.0	0.0
chr1:31576272-31576772	ENSG00000142910	TINAGL1	chr1	31576272	31576772	31576484	+	38	stromal	method4_paired	0.53156734	0.53156734	0.0	0.0
chr1:31583467-31583967	ENSG00000142910	TINAGL1	chr1	31583467	31583967	31576484	+	7233	stromal	method4_paired	0.48886666	0.48886666	0.0	0.0
chr1:31587732-31588232	ENSG00000142910	TINAGL1	chr1	31587732	31588232	31576484	+	11498	stromal	method4_paired	0.4997915	0.4997915	0.0	0.0
chr1:31588624-31589124	ENSG00000142910	TINAGL1	chr1	31588624	31589124	31576484	+	12390	stromal	method4_paired	0.5561872	0.5561872	0.0	0.0
chr1:31644670-31645170	ENSG00000121774	KHDRBS1	chr1	31644670	31645170	32013867	+	368947	stromal	method4_paired	0.5089356	0.5089356	0.0	0.0
chr1:31703832-31704332	ENSG00000084636	COL16A1	chr1	31703832	31704332	31704318	-	236	stromal	method4_paired	0.5418161	0.5418161	0.0	0.0
chr1:31704544-31705044	ENSG00000084636	COL16A1	chr1	31704544	31705044	31704318	-	476	stromal	method4_paired	0.46404564	0.46404564	0.0	0.0
chr1:31788424-31788924	ENSG00000025800	KPNA6	chr1	31788424	31788924	32108055	+	319381	stromal	method4_paired	0.45669392	0.45669392	0.0	0.0
chr1:31788424-31788924	ENSG00000121774	KHDRBS1	chr1	31788424	31788924	32013867	+	225193	stromal	method4_paired	0.46276277	0.46276277	0.0	0.0
chr1:31798661-31799161	ENSG00000134668	SPOCD1	chr1	31798661	31799161	31816021	-	17110	stromal	method4_paired	0.59420806	0.59420806	0.0	0.0
chr1:31889101-31889601	ENSG00000182866	LCK	chr1	31889101	31889601	32251243	+	361892	stromal	method4_paired	0.4785121	0.4785121	0.0	0.0
chr1:31937602-31938102	ENSG00000121774	KHDRBS1	chr1	31937602	31938102	32013867	+	76015	stromal	method4_paired	0.46128505	0.46128505	0.0	0.0
chr1:31938190-31938690	ENSG00000121774	KHDRBS1	chr1	31938190	31938690	32013867	+	75427	stromal	method4_paired	0.516192	0.516192	0.0	0.0
chr1:31938190-31938690	ENSG00000184007	PTP4A2	chr1	31938190	31938690	31944855	-	6415	stromal	method4_paired	0.4690498	0.4690498	0.0	0.0
chr1:31944218-31944718	ENSG00000184007	PTP4A2	chr1	31944218	31944718	31944855	-	387	stromal	method4_paired	0.47479966	0.47479966	0.0	0.0
chr1:32013483-32013983	ENSG00000121774	KHDRBS1	chr1	32013483	32013983	32013867	+	134	stromal	method4_paired	0.48708838	0.48708838	0.0	0.0
chr1:32072663-32073163	ENSG00000121774	KHDRBS1	chr1	32072663	32073163	32013867	+	59046	stromal	method4_paired	0.4536198	0.4536198	0.0	0.0
chr1:32075677-32076177	ENSG00000183615	FAM167B	chr1	32075677	32076177	32247221	+	171294	stromal	method4_paired	0.48720655	0.48720655	0.0	0.0
chr1:32201349-32201849	ENSG00000121774	KHDRBS1	chr1	32201349	32201849	32013867	+	187732	stromal	method4_paired	0.46879116	0.46879116	0.0	0.0
chr1:32201349-32201849	ENSG00000184007	PTP4A2	chr1	32201349	32201849	31944855	-	256744	stromal	method4_paired	0.47674903	0.47674903	0.0	0.0
chr1:32248088-32248588	ENSG00000183615	FAM167B	chr1	32248088	32248588	32247221	+	1117	stromal	method4_paired	0.47430748	0.47430748	0.0	0.0
chr1:32249852-32250352	ENSG00000116478	HDAC1	chr1	32249852	32250352	32292082	+	41980	stromal	method4_paired	0.4546015	0.4546015	0.0	0.0
chr1:32249852-32250352	ENSG00000183615	FAM167B	chr1	32249852	32250352	32247221	+	2881	stromal	method4_paired	0.63669354	0.63669354	0.0	0.0
chr1:32250401-32250901	ENSG00000183615	FAM167B	chr1	32250401	32250901	32247221	+	3430	stromal	method4_paired	0.5776707	0.5776707	0.0	0.0
chr1:32251024-32251524	ENSG00000182866	LCK	chr1	32251024	32251524	32251243	+	31	stromal	method4_paired	0.47075018	0.47075018	0.0	0.0
chr1:32251024-32251524	ENSG00000183615	FAM167B	chr1	32251024	32251524	32247221	+	4053	stromal	method4_paired	0.46058223	0.46058223	0.0	0.0
chr1:32251982-32252482	ENSG00000183615	FAM167B	chr1	32251982	32252482	32247221	+	5011	stromal	method4_paired	0.55214983	0.55214983	0.0	0.0
chr1:32291739-32292239	ENSG00000121774	KHDRBS1	chr1	32291739	32292239	32013867	+	278122	stromal	method4_paired	0.46665725	0.46665725	0.0	0.0
chr1:32291739-32292239	ENSG00000162521	RBBP4	chr1	32291739	32292239	32651141	+	359152	stromal	method4_paired	0.46083522	0.46083522	0.0	0.0
chr1:32335090-32335590	ENSG00000116478	HDAC1	chr1	32335090	32335590	32292082	+	43258	stromal	method4_paired	0.47419414	0.47419414	0.0	0.0
chr1:32335090-32335590	ENSG00000121774	KHDRBS1	chr1	32335090	32335590	32013867	+	321473	stromal	method4_paired	0.47541335	0.47541335	0.0	0.0
chr1:32335090-32335590	ENSG00000184007	PTP4A2	chr1	32335090	32335590	31944855	-	390485	stromal	method4_paired	0.4592033	0.4592033	0.0	0.0
chr1:32336017-32336517	ENSG00000121774	KHDRBS1	chr1	32336017	32336517	32013867	+	322400	stromal	method4_paired	0.4786194	0.4786194	0.0	0.0
chr1:32351332-32351832	ENSG00000025800	KPNA6	chr1	32351332	32351832	32108055	+	243527	stromal	method4_paired	0.45250237	0.45250237	0.0	0.0
chr1:32351332-32351832	ENSG00000121774	KHDRBS1	chr1	32351332	32351832	32013867	+	337715	stromal	method4_paired	0.50880337	0.50880337	0.0	0.0
chr1:32351332-32351832	ENSG00000162521	RBBP4	chr1	32351332	32351832	32651141	+	299559	stromal	method4_paired	0.48274392	0.48274392	0.0	0.0
chr1:32394288-32394788	ENSG00000025800	KPNA6	chr1	32394288	32394788	32108055	+	286483	stromal	method4_paired	0.45912808	0.45912808	0.0	0.0
chr1:32394288-32394788	ENSG00000121774	KHDRBS1	chr1	32394288	32394788	32013867	+	380671	stromal	method4_paired	0.49945587	0.49945587	0.0	0.0
chr1:32394288-32394788	ENSG00000162521	RBBP4	chr1	32394288	32394788	32651141	+	256603	stromal	method4_paired	0.47389334	0.47389334	0.0	0.0
chr1:32394288-32394788	ENSG00000184007	PTP4A2	chr1	32394288	32394788	31944855	-	449683	stromal	method4_paired	0.45887694	0.45887694	0.0	0.0
chr1:32501772-32502272	ENSG00000183615	FAM167B	chr1	32501772	32502272	32247221	+	254801	stromal	method4_paired	0.47905603	0.47905603	0.0	0.0
chr1:32533891-32534391	ENSG00000183615	FAM167B	chr1	32533891	32534391	32247221	+	286920	stromal	method4_paired	0.5025885	0.5025885	0.0	0.0
chr1:32650290-32650790	ENSG00000162521	RBBP4	chr1	32650290	32650790	32651141	+	601	stromal	method4_paired	0.45913672	0.45913672	0.0	0.0
chr1:32650810-32651310	ENSG00000084652	TXLNA	chr1	32650810	32651310	32179674	+	471386	stromal	method4_paired	0.4701517	0.4701517	0.0	0.0
chr1:32650810-32651310	ENSG00000116497	S100PBP	chr1	32650810	32651310	32816766	+	165706	stromal	method4_paired	0.45469972	0.45469972	0.0	0.0
chr1:32650810-32651310	ENSG00000162521	RBBP4	chr1	32650810	32651310	32651141	+	81	stromal	method4_paired	0.49136406	0.49136406	0.0	0.0
chr1:32702571-32703071	ENSG00000162520	SYNC	chr1	32702571	32703071	32703595	-	774	stromal	method4_paired	0.46749878	0.46749878	0.0	0.0
chr1:32703385-32703885	ENSG00000162520	SYNC	chr1	32703385	32703885	32703595	-	40	stromal	method4_paired	0.45362023	0.45362023	0.0	0.0
chr1:32703924-32704424	ENSG00000162520	SYNC	chr1	32703924	32704424	32703595	-	579	stromal	method4_paired	0.49796426	0.49796426	0.0	0.0
chr1:32716554-32717054	ENSG00000182866	LCK	chr1	32716554	32717054	32251243	+	465561	stromal	method4_paired	0.5081309	0.5081309	0.0	0.0
chr1:32981166-32981666	ENSG00000162522	KIAA1522	chr1	32981166	32981666	32741829	+	239587	stromal	method4_paired	0.4629206	0.4629206	0.0	0.0
chr1:33080847-33081347	ENSG00000162521	RBBP4	chr1	33080847	33081347	32651141	+	429956	stromal	method4_paired	0.4720719	0.4720719	0.0	0.0
chr1:33127142-33127642	ENSG00000134686	PHC2	chr1	33127142	33127642	33431094	-	303702	stromal	method4_paired	0.46411696	0.46411696	0.0	0.0
chr1:33127142-33127642	ENSG00000162521	RBBP4	chr1	33127142	33127642	32651141	+	476251	stromal	method4_paired	0.45574406	0.45574406	0.0	0.0
chr1:33338779-33339279	ENSG00000134686	PHC2	chr1	33338779	33339279	33431094	-	92065	stromal	method4_paired	0.54954463	0.54954463	0.0	0.0
chr1:33346892-33347392	ENSG00000134686	PHC2	chr1	33346892	33347392	33431094	-	83952	stromal	method4_paired	0.46507832	0.46507832	0.0	0.0
chr1:33349795-33350295	ENSG00000134686	PHC2	chr1	33349795	33350295	33431094	-	81049	stromal	method4_paired	0.45873788	0.45873788	0.0	0.0
chr1:33433695-33434195	ENSG00000134686	PHC2	chr1	33433695	33434195	33431094	-	2851	stromal	method4_paired	0.4589189	0.4589189	0.0	0.0
chr1:34790887-34791387	ENSG00000187513	GJA4	chr1	34790887	34791387	34792998	+	1861	stromal	method4_paired	0.52379227	0.52379227	0.0	0.0
chr1:34792715-34793215	ENSG00000187513	GJA4	chr1	34792715	34793215	34792998	+	33	stromal	method4_paired	0.5517286	0.5517286	0.0	0.0
chr1:34835458-34835958	ENSG00000187513	GJA4	chr1	34835458	34835958	34792998	+	42710	stromal	method4_paired	0.4691298	0.4691298	0.0	0.0
chr1:34842854-34843354	ENSG00000187513	GJA4	chr1	34842854	34843354	34792998	+	50106	stromal	method4_paired	0.5046431	0.5046431	0.0	0.0
chr1:34866273-34866773	ENSG00000116560	SFPQ	chr1	34866273	34866773	35193445	-	326922	stromal	method4_paired	0.46999642	0.46999642	0.0	0.0
chr1:35191871-35192371	ENSG00000116560	SFPQ	chr1	35191871	35192371	35193445	-	1324	stromal	method4_paired	0.49281362	0.49281362	0.0	0.0
chr1:35191871-35192371	ENSG00000142687	KIAA0319L	chr1	35191871	35192371	35557949	-	365828	stromal	method4_paired	0.49644276	0.49644276	0.0	0.0
chr1:35191871-35192371	ENSG00000146463	ZMYM4	chr1	35191871	35192371	35268708	+	76587	stromal	method4_paired	0.45769143	0.45769143	0.0	0.0
chr1:35193017-35193517	ENSG00000116560	SFPQ	chr1	35193017	35193517	35193445	-	178	stromal	method4_paired	0.5181534	0.5181534	0.0	0.0
chr1:35193017-35193517	ENSG00000142687	KIAA0319L	chr1	35193017	35193517	35557949	-	364682	stromal	method4_paired	0.5540407	0.5540407	0.0	0.0
chr1:35193017-35193517	ENSG00000146463	ZMYM4	chr1	35193017	35193517	35268708	+	75441	stromal	method4_paired	0.5208336	0.5208336	0.0	0.0
chr1:35193017-35193517	ENSG00000163867	ZMYM6	chr1	35193017	35193517	35031944	-	161323	stromal	method4_paired	0.49577555	0.49577555	0.0	0.0
chr1:35556906-35557406	ENSG00000116560	SFPQ	chr1	35556906	35557406	35193445	-	363711	stromal	method4_paired	0.45440555	0.45440555	0.0	0.0
chr1:35557479-35557979	ENSG00000116560	SFPQ	chr1	35557479	35557979	35193445	-	364284	stromal	method4_paired	0.48091805	0.48091805	0.0	0.0
chr1:35557479-35557979	ENSG00000126070	AGO3	chr1	35557479	35557979	35930717	+	372988	stromal	method4_paired	0.47808906	0.47808906	0.0	0.0
chr1:35557479-35557979	ENSG00000142687	KIAA0319L	chr1	35557479	35557979	35557949	-	220	stromal	method4_paired	0.50405014	0.50405014	0.0	0.0
chr1:35557479-35557979	ENSG00000146463	ZMYM4	chr1	35557479	35557979	35268708	+	289021	stromal	method4_paired	0.48779482	0.48779482	0.0	0.0
chr1:35641325-35641825	ENSG00000126070	AGO3	chr1	35641325	35641825	35930717	+	289142	stromal	method4_paired	0.4779355	0.4779355	0.0	0.0
chr1:35769229-35769729	ENSG00000142687	KIAA0319L	chr1	35769229	35769729	35557949	-	211530	stromal	method4_paired	0.45264143	0.45264143	0.0	0.0
chr1:35769737-35770237	ENSG00000054118	THRAP3	chr1	35769737	35770237	36224431	+	454444	stromal	method4_paired	0.45718917	0.45718917	0.0	0.0
chr1:35769737-35770237	ENSG00000126070	AGO3	chr1	35769737	35770237	35930717	+	160730	stromal	method4_paired	0.46390152	0.46390152	0.0	0.0
chr1:35930820-35931320	ENSG00000054118	THRAP3	chr1	35930820	35931320	36224431	+	293361	stromal	method4_paired	0.50914073	0.50914073	0.0	0.0
chr1:35930820-35931320	ENSG00000126070	AGO3	chr1	35930820	35931320	35930717	+	353	stromal	method4_paired	0.47042006	0.47042006	0.0	0.0
chr1:35930820-35931320	ENSG00000142687	KIAA0319L	chr1	35930820	35931320	35557949	-	373121	stromal	method4_paired	0.49665564	0.49665564	0.0	0.0
chr1:36088566-36089066	ENSG00000054118	THRAP3	chr1	36088566	36089066	36224431	+	135615	stromal	method4_paired	0.45429176	0.45429176	0.0	0.0
chr1:36088566-36089066	ENSG00000126070	AGO3	chr1	36088566	36089066	35930717	+	158099	stromal	method4_paired	0.47749385	0.47749385	0.0	0.0
chr1:36149345-36149845	ENSG00000054118	THRAP3	chr1	36149345	36149845	36224431	+	74836	stromal	method4_paired	0.5051031	0.5051031	0.0	0.0
chr1:36149345-36149845	ENSG00000126070	AGO3	chr1	36149345	36149845	35930717	+	218878	stromal	method4_paired	0.5394595	0.5394595	0.0	0.0
chr1:36156696-36157196	ENSG00000054118	THRAP3	chr1	36156696	36157196	36224431	+	67485	stromal	method4_paired	0.45030943	0.45030943	0.0	0.0
chr1:36223961-36224461	ENSG00000054118	THRAP3	chr1	36223961	36224461	36224431	+	220	stromal	method4_paired	0.50291836	0.50291836	0.0	0.0
chr1:36223961-36224461	ENSG00000126070	AGO3	chr1	36223961	36224461	35930717	+	293494	stromal	method4_paired	0.5699397	0.5699397	0.0	0.0
chr1:36223961-36224461	ENSG00000134698	AGO4	chr1	36223961	36224461	35808015	+	416196	stromal	method4_paired	0.50811726	0.50811726	0.0	0.0
chr1:36306171-36306671	ENSG00000054118	THRAP3	chr1	36306171	36306671	36224431	+	81990	stromal	method4_paired	0.4507492	0.4507492	0.0	0.0
chr1:36306783-36307283	ENSG00000054118	THRAP3	chr1	36306783	36307283	36224431	+	82602	stromal	method4_paired	0.5281467	0.5281467	0.0	0.0
chr1:36306783-36307283	ENSG00000126070	AGO3	chr1	36306783	36307283	35930717	+	376316	stromal	method4_paired	0.4507941	0.4507941	0.0	0.0
chr1:36373745-36374245	ENSG00000054118	THRAP3	chr1	36373745	36374245	36224431	+	149564	stromal	method4_paired	0.4583764	0.4583764	0.0	0.0
chr1:36385101-36385601	ENSG00000054118	THRAP3	chr1	36385101	36385601	36224431	+	160920	stromal	method4_paired	0.45277792	0.45277792	0.0	0.0
chr1:36385721-36386221	ENSG00000054118	THRAP3	chr1	36385721	36386221	36224431	+	161540	stromal	method4_paired	0.5000734	0.5000734	0.0	0.0
chr1:36385721-36386221	ENSG00000126070	AGO3	chr1	36385721	36386221	35930717	+	455254	stromal	method4_paired	0.5350655	0.5350655	0.0	0.0
chr1:36653792-36654292	ENSG00000163873	GRIK3	chr1	36653792	36654292	37034514	-	380472	stromal	method4_paired	0.52481353	0.52481353	0.0	0.0
chr1:36864679-36865179	ENSG00000163873	GRIK3	chr1	36864679	36865179	37034514	-	169585	stromal	method4_paired	0.67365384	0.67365384	0.0	0.0
chr1:36865211-36865711	ENSG00000163873	GRIK3	chr1	36865211	36865711	37034514	-	169053	stromal	method4_paired	0.58254236	0.58254236	0.0	0.0
chr1:36871366-36871866	ENSG00000163873	GRIK3	chr1	36871366	36871866	37034514	-	162898	stromal	method4_paired	0.5793337	0.5793337	0.0	0.0
chr1:37033920-37034420	ENSG00000163873	GRIK3	chr1	37033920	37034420	37034514	-	344	stromal	method4_paired	0.5857579	0.5857579	0.0	0.0
chr1:37034668-37035168	ENSG00000163873	GRIK3	chr1	37034668	37035168	37034514	-	404	stromal	method4_paired	0.59186876	0.59186876	0.0	0.0
chr1:37035947-37036447	ENSG00000163873	GRIK3	chr1	37035947	37036447	37034514	-	1683	stromal	method4_paired	0.6109336	0.6109336	0.0	0.0
chr1:37038182-37038682	ENSG00000163873	GRIK3	chr1	37038182	37038682	37034514	-	3918	stromal	method4_paired	0.5091487	0.5091487	0.0	0.0
chr1:37083639-37084139	ENSG00000163873	GRIK3	chr1	37083639	37084139	37034514	-	49375	stromal	method4_paired	0.7015198	0.7015198	0.0	0.0
chr1:37131154-37131654	ENSG00000163873	GRIK3	chr1	37131154	37131654	37034514	-	96890	stromal	method4_paired	0.5333834	0.5333834	0.0	0.0
chr1:37133586-37134086	ENSG00000163873	GRIK3	chr1	37133586	37134086	37034514	-	99322	stromal	method4_paired	0.47566915	0.47566915	0.0	0.0
chr1:37169001-37169501	ENSG00000163873	GRIK3	chr1	37169001	37169501	37034514	-	134737	stromal	method4_paired	0.5097666	0.5097666	0.0	0.0
chr1:37324940-37325440	ENSG00000163873	GRIK3	chr1	37324940	37325440	37034514	-	290676	stromal	method4_paired	0.46286497	0.46286497	0.0	0.0
chr1:37381707-37382207	ENSG00000163873	GRIK3	chr1	37381707	37382207	37034514	-	347443	stromal	method4_paired	0.47382453	0.47382453	0.0	0.0
chr1:37479629-37480129	ENSG00000163874	ZC3H12A	chr1	37479629	37480129	37474579	+	5300	stromal	method4_paired	0.45065632	0.45065632	0.0	0.0
chr1:39178464-39178964	ENSG00000127603	MACF1	chr1	39178464	39178964	39081315	+	97399	stromal	method4_paired	0.47708726	0.47708726	0.0	0.0
chr1:39179065-39179565	ENSG00000127603	MACF1	chr1	39179065	39179565	39081315	+	98000	stromal	method4_paired	0.46818164	0.46818164	0.0	0.0
chr1:39322414-39322914	ENSG00000127603	MACF1	chr1	39322414	39322914	39081315	+	241349	stromal	method4_paired	0.511592	0.511592	0.0	0.0
chr1:39369543-39370043	ENSG00000127603	MACF1	chr1	39369543	39370043	39081315	+	288478	stromal	method4_paired	0.46153238	0.46153238	0.0	0.0
chr1:39385306-39385806	ENSG00000127603	MACF1	chr1	39385306	39385806	39081315	+	304241	stromal	method4_paired	0.48795766	0.48795766	0.0	0.0
chr1:39435043-39435543	ENSG00000127603	MACF1	chr1	39435043	39435543	39081315	+	353978	stromal	method4_paired	0.507304	0.507304	0.0	0.0
chr1:39625414-39625914	ENSG00000163909	HEYL	chr1	39625414	39625914	39639642	-	13978	stromal	method4_paired	0.49062344	0.49062344	0.0	0.0
chr1:39639494-39639994	ENSG00000163909	HEYL	chr1	39639494	39639994	39639642	-	102	stromal	method4_paired	0.464191	0.464191	0.0	0.0
chr1:39788614-39789114	ENSG00000168389	MFSD2A	chr1	39788614	39789114	39955111	+	166247	stromal	method4_paired	0.4673608	0.4673608	0.0	0.0
chr1:40385576-40386076	ENSG00000084070	SMAP2	chr1	40385576	40386076	40344849	+	40977	stromal	method4_paired	0.52989566	0.52989566	0.0	0.0
chr1:40531298-40531798	ENSG00000117000	RLF	chr1	40531298	40531798	40161386	+	370162	stromal	method4_paired	0.46320835	0.46320835	0.0	0.0
chr1:40665448-40665948	ENSG00000171793	CTPS1	chr1	40665448	40665948	40979299	+	313601	stromal	method4_paired	0.4502813	0.4502813	0.0	0.0
chr1:40742597-40743097	ENSG00000171790	SLFNL1	chr1	40742597	40743097	41023236	-	280389	stromal	method4_paired	0.47549793	0.47549793	0.0	0.0
chr1:40742597-40743097	ENSG00000171793	CTPS1	chr1	40742597	40743097	40979299	+	236452	stromal	method4_paired	0.45854607	0.45854607	0.0	0.0
chr1:40758427-40758927	ENSG00000171790	SLFNL1	chr1	40758427	40758927	41023236	-	264559	stromal	method4_paired	0.57653743	0.57653743	0.0	0.0
chr1:40758427-40758927	ENSG00000171793	CTPS1	chr1	40758427	40758927	40979299	+	220622	stromal	method4_paired	0.52858335	0.52858335	0.0	0.0
chr1:40782579-40783079	ENSG00000117013	KCNQ4	chr1	40782579	40783079	40783786	+	957	stromal	method4_paired	0.4571547	0.4571547	0.0	0.0
chr1:40782579-40783079	ENSG00000171790	SLFNL1	chr1	40782579	40783079	41023236	-	240407	stromal	method4_paired	0.45235065	0.45235065	0.0	0.0
chr1:40782579-40783079	ENSG00000171793	CTPS1	chr1	40782579	40783079	40979299	+	196470	stromal	method4_paired	0.45084882	0.45084882	0.0	0.0
chr1:40783496-40783996	ENSG00000010803	SCMH1	chr1	40783496	40783996	41242305	-	458559	stromal	method4_paired	0.48677814	0.48677814	0.0	0.0
chr1:40783496-40783996	ENSG00000117013	KCNQ4	chr1	40783496	40783996	40783786	+	40	stromal	method4_paired	0.55905867	0.55905867	0.0	0.0
chr1:40783496-40783996	ENSG00000171790	SLFNL1	chr1	40783496	40783996	41023236	-	239490	stromal	method4_paired	0.5631317	0.5631317	0.0	0.0
chr1:40783496-40783996	ENSG00000171793	CTPS1	chr1	40783496	40783996	40979299	+	195553	stromal	method4_paired	0.5513824	0.5513824	0.0	0.0
chr1:40784040-40784540	ENSG00000117013	KCNQ4	chr1	40784040	40784540	40783786	+	504	stromal	method4_paired	0.49301454	0.49301454	0.0	0.0
chr1:40784040-40784540	ENSG00000171790	SLFNL1	chr1	40784040	40784540	41023236	-	238946	stromal	method4_paired	0.53567624	0.53567624	0.0	0.0
chr1:40784040-40784540	ENSG00000171793	CTPS1	chr1	40784040	40784540	40979299	+	195009	stromal	method4_paired	0.524854	0.524854	0.0	0.0
chr1:40784807-40785307	ENSG00000117013	KCNQ4	chr1	40784807	40785307	40783786	+	1271	stromal	method4_paired	0.5629509	0.5629509	0.0	0.0
chr1:40784807-40785307	ENSG00000171790	SLFNL1	chr1	40784807	40785307	41023236	-	238179	stromal	method4_paired	0.5385571	0.5385571	0.0	0.0
chr1:40784807-40785307	ENSG00000171793	CTPS1	chr1	40784807	40785307	40979299	+	194242	stromal	method4_paired	0.5499889	0.5499889	0.0	0.0
chr1:40789644-40790144	ENSG00000117013	KCNQ4	chr1	40789644	40790144	40783786	+	6108	stromal	method4_paired	0.4575576	0.4575576	0.0	0.0
chr1:40790665-40791165	ENSG00000117013	KCNQ4	chr1	40790665	40791165	40783786	+	7129	stromal	method4_paired	0.51656914	0.51656914	0.0	0.0
chr1:40790665-40791165	ENSG00000171790	SLFNL1	chr1	40790665	40791165	41023236	-	232321	stromal	method4_paired	0.49506065	0.49506065	0.0	0.0
chr1:40790665-40791165	ENSG00000171793	CTPS1	chr1	40790665	40791165	40979299	+	188384	stromal	method4_paired	0.4989629	0.4989629	0.0	0.0
chr1:40795965-40796465	ENSG00000171793	CTPS1	chr1	40795965	40796465	40979299	+	183084	stromal	method4_paired	0.45131043	0.45131043	0.0	0.0
chr1:40796894-40797394	ENSG00000117013	KCNQ4	chr1	40796894	40797394	40783786	+	13358	stromal	method4_paired	0.50549036	0.50549036	0.0	0.0
chr1:40818540-40819040	ENSG00000084070	SMAP2	chr1	40818540	40819040	40344849	+	473941	stromal	method4_paired	0.55041534	0.55041534	0.0	0.0
chr1:40824484-40824984	ENSG00000171790	SLFNL1	chr1	40824484	40824984	41023236	-	198502	stromal	method4_paired	0.54305017	0.54305017	0.0	0.0
chr1:40824484-40824984	ENSG00000171793	CTPS1	chr1	40824484	40824984	40979299	+	154565	stromal	method4_paired	0.5182397	0.5182397	0.0	0.0
chr1:40862189-40862689	ENSG00000010803	SCMH1	chr1	40862189	40862689	41242305	-	379866	stromal	method4_paired	0.50812703	0.50812703	0.0	0.0
chr1:40862189-40862689	ENSG00000066136	NFYC	chr1	40862189	40862689	40691647	+	170792	stromal	method4_paired	0.4662988	0.4662988	0.0	0.0
chr1:40866001-40866501	ENSG00000117013	KCNQ4	chr1	40866001	40866501	40783786	+	82465	stromal	method4_paired	0.5135956	0.5135956	0.0	0.0
chr1:40866001-40866501	ENSG00000171790	SLFNL1	chr1	40866001	40866501	41023236	-	156985	stromal	method4_paired	0.56503785	0.56503785	0.0	0.0
chr1:40866001-40866501	ENSG00000171793	CTPS1	chr1	40866001	40866501	40979299	+	113048	stromal	method4_paired	0.5123297	0.5123297	0.0	0.0
chr1:40867623-40868123	ENSG00000117013	KCNQ4	chr1	40867623	40868123	40783786	+	84087	stromal	method4_paired	0.4944264	0.4944264	0.0	0.0
chr1:40867623-40868123	ENSG00000171790	SLFNL1	chr1	40867623	40868123	41023236	-	155363	stromal	method4_paired	0.45376456	0.45376456	0.0	0.0
chr1:40868258-40868758	ENSG00000171790	SLFNL1	chr1	40868258	40868758	41023236	-	154728	stromal	method4_paired	0.45545608	0.45545608	0.0	0.0
chr1:40877611-40878111	ENSG00000171790	SLFNL1	chr1	40877611	40878111	41023236	-	145375	stromal	method4_paired	0.45216468	0.45216468	0.0	0.0
chr1:40877611-40878111	ENSG00000171793	CTPS1	chr1	40877611	40878111	40979299	+	101438	stromal	method4_paired	0.4720996	0.4720996	0.0	0.0
chr1:40944274-40944774	ENSG00000010803	SCMH1	chr1	40944274	40944774	41242305	-	297781	stromal	method4_paired	0.47429392	0.47429392	0.0	0.0
chr1:40944274-40944774	ENSG00000117013	KCNQ4	chr1	40944274	40944774	40783786	+	160738	stromal	method4_paired	0.60630697	0.60630697	0.0	0.0
chr1:40944274-40944774	ENSG00000171790	SLFNL1	chr1	40944274	40944774	41023236	-	78712	stromal	method4_paired	0.6509174	0.6509174	0.0	0.0
chr1:40944274-40944774	ENSG00000171793	CTPS1	chr1	40944274	40944774	40979299	+	34775	stromal	method4_paired	0.63796246	0.63796246	0.0	0.0
chr1:40944274-40944774	ENSG00000179862	CITED4	chr1	40944274	40944774	40862362	-	82162	stromal	method4_paired	0.4688894	0.4688894	0.0	0.0
chr1:40945069-40945569	ENSG00000117013	KCNQ4	chr1	40945069	40945569	40783786	+	161533	stromal	method4_paired	0.6412292	0.6412292	0.0	0.0
chr1:40945069-40945569	ENSG00000171790	SLFNL1	chr1	40945069	40945569	41023236	-	77917	stromal	method4_paired	0.6079411	0.6079411	0.0	0.0
chr1:40945069-40945569	ENSG00000171793	CTPS1	chr1	40945069	40945569	40979299	+	33980	stromal	method4_paired	0.58116615	0.58116615	0.0	0.0
chr1:40945069-40945569	ENSG00000204060	FOXO6	chr1	40945069	40945569	41361921	+	416602	stromal	method4_paired	0.45085743	0.45085743	0.0	0.0
chr1:40967620-40968120	ENSG00000171790	SLFNL1	chr1	40967620	40968120	41023236	-	55366	stromal	method4_paired	0.54365236	0.54365236	0.0	0.0
chr1:40967620-40968120	ENSG00000171793	CTPS1	chr1	40967620	40968120	40979299	+	11429	stromal	method4_paired	0.5080098	0.5080098	0.0	0.0
chr1:40968312-40968812	ENSG00000171790	SLFNL1	chr1	40968312	40968812	41023236	-	54674	stromal	method4_paired	0.4981998	0.4981998	0.0	0.0
chr1:40968312-40968812	ENSG00000171793	CTPS1	chr1	40968312	40968812	40979299	+	10737	stromal	method4_paired	0.4676736	0.4676736	0.0	0.0
chr1:40979397-40979897	ENSG00000010803	SCMH1	chr1	40979397	40979897	41242305	-	262658	stromal	method4_paired	0.5106537	0.5106537	0.0	0.0
chr1:40979991-40980491	ENSG00000010803	SCMH1	chr1	40979991	40980491	41242305	-	262064	stromal	method4_paired	0.5068533	0.5068533	0.0	0.0
chr1:40982118-40982618	ENSG00000117013	KCNQ4	chr1	40982118	40982618	40783786	+	198582	stromal	method4_paired	0.47460055	0.47460055	0.0	0.0
chr1:40982118-40982618	ENSG00000171790	SLFNL1	chr1	40982118	40982618	41023236	-	40868	stromal	method4_paired	0.4881722	0.4881722	0.0	0.0
chr1:40982118-40982618	ENSG00000171793	CTPS1	chr1	40982118	40982618	40979299	+	3069	stromal	method4_paired	0.5065668	0.5065668	0.0	0.0
chr1:40982652-40983152	ENSG00000117013	KCNQ4	chr1	40982652	40983152	40783786	+	199116	stromal	method4_paired	0.51997	0.51997	0.0	0.0
chr1:40982652-40983152	ENSG00000171790	SLFNL1	chr1	40982652	40983152	41023236	-	40334	stromal	method4_paired	0.5917711	0.5917711	0.0	0.0
chr1:40982652-40983152	ENSG00000171793	CTPS1	chr1	40982652	40983152	40979299	+	3603	stromal	method4_paired	0.5857293	0.5857293	0.0	0.0
chr1:41241188-41241688	ENSG00000010803	SCMH1	chr1	41241188	41241688	41242305	-	867	stromal	method4_paired	0.45982587	0.45982587	0.0	0.0
chr1:41242039-41242539	ENSG00000010803	SCMH1	chr1	41242039	41242539	41242305	-	16	stromal	method4_paired	0.53179586	0.53179586	0.0	0.0
chr1:41245616-41246116	ENSG00000117013	KCNQ4	chr1	41245616	41246116	40783786	+	462080	stromal	method4_paired	0.46318159	0.46318159	0.0	0.0
chr1:41245616-41246116	ENSG00000171790	SLFNL1	chr1	41245616	41246116	41023236	-	222630	stromal	method4_paired	0.5017511	0.5017511	0.0	0.0
chr1:41245616-41246116	ENSG00000171793	CTPS1	chr1	41245616	41246116	40979299	+	266567	stromal	method4_paired	0.46318433	0.46318433	0.0	0.0
chr1:41319090-41319590	ENSG00000171790	SLFNL1	chr1	41319090	41319590	41023236	-	296104	stromal	method4_paired	0.4509919	0.4509919	0.0	0.0
chr1:41319773-41320273	ENSG00000171790	SLFNL1	chr1	41319773	41320273	41023236	-	296787	stromal	method4_paired	0.49179742	0.49179742	0.0	0.0
chr1:41319773-41320273	ENSG00000171793	CTPS1	chr1	41319773	41320273	40979299	+	340724	stromal	method4_paired	0.47152334	0.47152334	0.0	0.0
chr1:41359080-41359580	ENSG00000171793	CTPS1	chr1	41359080	41359580	40979299	+	380031	stromal	method4_paired	0.45534578	0.45534578	0.0	0.0
chr1:41360920-41361420	ENSG00000010803	SCMH1	chr1	41360920	41361420	41242305	-	118865	stromal	method4_paired	0.5445119	0.5445119	0.0	0.0
chr1:41381890-41382390	ENSG00000010803	SCMH1	chr1	41381890	41382390	41242305	-	139835	stromal	method4_paired	0.49314356	0.49314356	0.0	0.0
chr1:41382405-41382905	ENSG00000010803	SCMH1	chr1	41382405	41382905	41242305	-	140350	stromal	method4_paired	0.53344226	0.53344226	0.0	0.0
chr1:41455805-41456305	ENSG00000171790	SLFNL1	chr1	41455805	41456305	41023236	-	432819	stromal	method4_paired	0.48900488	0.48900488	0.0	0.0
chr1:41455805-41456305	ENSG00000171793	CTPS1	chr1	41455805	41456305	40979299	+	476756	stromal	method4_paired	0.48774287	0.48774287	0.0	0.0
chr1:41474343-41474843	ENSG00000171790	SLFNL1	chr1	41474343	41474843	41023236	-	451357	stromal	method4_paired	0.55986106	0.55986106	0.0	0.0
chr1:41474343-41474843	ENSG00000171793	CTPS1	chr1	41474343	41474843	40979299	+	495294	stromal	method4_paired	0.52810585	0.52810585	0.0	0.0
chr1:41474920-41475420	ENSG00000171790	SLFNL1	chr1	41474920	41475420	41023236	-	451934	stromal	method4_paired	0.5413046	0.5413046	0.0	0.0
chr1:41474920-41475420	ENSG00000171793	CTPS1	chr1	41474920	41475420	40979299	+	495871	stromal	method4_paired	0.5351803	0.5351803	0.0	0.0
chr1:41482321-41482821	ENSG00000171790	SLFNL1	chr1	41482321	41482821	41023236	-	459335	stromal	method4_paired	0.49971998	0.49971998	0.0	0.0
chr1:41484529-41485029	ENSG00000171790	SLFNL1	chr1	41484529	41485029	41023236	-	461543	stromal	method4_paired	0.56571776	0.56571776	0.0	0.0
chr1:41486180-41486680	ENSG00000171790	SLFNL1	chr1	41486180	41486680	41023236	-	463194	stromal	method4_paired	0.46685752	0.46685752	0.0	0.0
chr1:41486958-41487458	ENSG00000171790	SLFNL1	chr1	41486958	41487458	41023236	-	463972	stromal	method4_paired	0.46970546	0.46970546	0.0	0.0
chr1:41496144-41496644	ENSG00000010803	SCMH1	chr1	41496144	41496644	41242305	-	254089	stromal	method4_paired	0.53145427	0.53145427	0.0	0.0
chr1:41498759-41499259	ENSG00000171790	SLFNL1	chr1	41498759	41499259	41023236	-	475773	stromal	method4_paired	0.49427667	0.49427667	0.0	0.0
chr1:41500341-41500841	ENSG00000171790	SLFNL1	chr1	41500341	41500841	41023236	-	477355	stromal	method4_paired	0.47053528	0.47053528	0.0	0.0
chr1:41738958-41739458	ENSG00000127124	HIVEP3	chr1	41738958	41739458	42035924	-	296716	stromal	method4_paired	0.5172612	0.5172612	0.0	0.0
chr1:42035753-42036253	ENSG00000198815	FOXJ3	chr1	42035753	42036253	42335876	-	299873	stromal	method4_paired	0.47952884	0.47952884	0.0	0.0
chr1:42335036-42335536	ENSG00000198815	FOXJ3	chr1	42335036	42335536	42335876	-	590	stromal	method4_paired	0.4651387	0.4651387	0.0	0.0
chr1:42682108-42682608	ENSG00000198815	FOXJ3	chr1	42682108	42682608	42335876	-	346482	stromal	method4_paired	0.5380975	0.5380975	0.0	0.0
chr1:42682831-42683331	ENSG00000065978	YBX1	chr1	42682831	42683331	42682417	+	664	stromal	method4_paired	0.47832504	0.47832504	0.0	0.0
chr1:42766821-42767321	ENSG00000198815	FOXJ3	chr1	42766821	42767321	42335876	-	431195	stromal	method4_paired	0.5558656	0.5558656	0.0	0.0
chr1:42817130-42817630	ENSG00000198815	FOXJ3	chr1	42817130	42817630	42335876	-	481504	stromal	method4_paired	0.47740266	0.47740266	0.0	0.0
chr1:43206724-43207224	ENSG00000066056	TIE1	chr1	43206724	43207224	43300981	+	94007	stromal	method4_paired	0.58450985	0.58450985	0.0	0.0
chr1:43207552-43208052	ENSG00000066056	TIE1	chr1	43207552	43208052	43300981	+	93179	stromal	method4_paired	0.51534265	0.51534265	0.0	0.0
chr1:43274258-43274758	ENSG00000066056	TIE1	chr1	43274258	43274758	43300981	+	26473	stromal	method4_paired	0.7209614	0.7209614	0.0	0.0
chr1:43294511-43295011	ENSG00000066056	TIE1	chr1	43294511	43295011	43300981	+	6220	stromal	method4_paired	0.5469337	0.5469337	0.0	0.0
chr1:43299024-43299524	ENSG00000066056	TIE1	chr1	43299024	43299524	43300981	+	1707	stromal	method4_paired	0.6091289	0.6091289	0.0	0.0
chr1:43300529-43301029	ENSG00000066056	TIE1	chr1	43300529	43301029	43300981	+	202	stromal	method4_paired	0.84060097	0.84060097	0.0	0.0
chr1:43303212-43303712	ENSG00000066056	TIE1	chr1	43303212	43303712	43300981	+	2481	stromal	method4_paired	0.4829307	0.4829307	0.0	0.0
chr1:43303783-43304283	ENSG00000066056	TIE1	chr1	43303783	43304283	43300981	+	3052	stromal	method4_paired	0.5618207	0.5618207	0.0	0.0
chr1:43304375-43304875	ENSG00000066056	TIE1	chr1	43304375	43304875	43300981	+	3644	stromal	method4_paired	0.5958566	0.5958566	0.0	0.0
chr1:43330173-43330673	ENSG00000066056	TIE1	chr1	43330173	43330673	43300981	+	29442	stromal	method4_paired	0.5905988	0.5905988	0.0	0.0
chr1:43372962-43373462	ENSG00000066056	TIE1	chr1	43372962	43373462	43300981	+	72231	stromal	method4_paired	0.56914574	0.56914574	0.0	0.0
chr1:43453655-43454155	ENSG00000126091	ST3GAL3	chr1	43453655	43454155	43705823	+	251918	stromal	method4_paired	0.46059084	0.46059084	0.0	0.0
chr1:43649768-43650268	ENSG00000126091	ST3GAL3	chr1	43649768	43650268	43705823	+	55805	stromal	method4_paired	0.5121831	0.5121831	0.0	0.0
chr1:43650438-43650938	ENSG00000126091	ST3GAL3	chr1	43650438	43650938	43705823	+	55135	stromal	method4_paired	0.47506067	0.47506067	0.0	0.0
chr1:43946460-43946960	ENSG00000117419	ERI3	chr1	43946460	43946960	44355259	-	408549	stromal	method4_paired	0.5350616	0.5350616	0.0	0.0
chr1:43946460-43946960	ENSG00000126091	ST3GAL3	chr1	43946460	43946960	43705823	+	240887	stromal	method4_paired	0.47333816	0.47333816	0.0	0.0
chr1:43974651-43975151	ENSG00000117419	ERI3	chr1	43974651	43975151	44355259	-	380358	stromal	method4_paired	0.5097186	0.5097186	0.0	0.0
chr1:43974651-43975151	ENSG00000126091	ST3GAL3	chr1	43974651	43975151	43705823	+	269078	stromal	method4_paired	0.48834997	0.48834997	0.0	0.0
chr1:44030106-44030606	ENSG00000117419	ERI3	chr1	44030106	44030606	44355259	-	324903	stromal	method4_paired	0.4872443	0.4872443	0.0	0.0
chr1:44030106-44030606	ENSG00000126091	ST3GAL3	chr1	44030106	44030606	43705823	+	324533	stromal	method4_paired	0.46866947	0.46866947	0.0	0.0
chr1:44401859-44402359	ENSG00000187147	RNF220	chr1	44401859	44402359	44405193	+	3084	stromal	method4_paired	0.4603067	0.4603067	0.0	0.0
chr1:44407392-44407892	ENSG00000187147	RNF220	chr1	44407392	44407892	44405193	+	2449	stromal	method4_paired	0.46826056	0.46826056	0.0	0.0
chr1:44417782-44418282	ENSG00000187147	RNF220	chr1	44417782	44418282	44405193	+	12839	stromal	method4_paired	0.48321375	0.48321375	0.0	0.0
chr1:44422087-44422587	ENSG00000187147	RNF220	chr1	44422087	44422587	44405193	+	17144	stromal	method4_paired	0.52094066	0.52094066	0.0	0.0
chr1:44631712-44632212	ENSG00000070785	EIF2B3	chr1	44631712	44632212	44986721	-	354759	stromal	method4_paired	0.47314206	0.47314206	0.0	0.0
chr1:44631712-44632212	ENSG00000117419	ERI3	chr1	44631712	44632212	44355259	-	276703	stromal	method4_paired	0.5007979	0.5007979	0.0	0.0
chr1:44673667-44674167	ENSG00000117419	ERI3	chr1	44673667	44674167	44355259	-	318658	stromal	method4_paired	0.45501235	0.45501235	0.0	0.0
chr1:44674308-44674808	ENSG00000117419	ERI3	chr1	44674308	44674808	44355259	-	319299	stromal	method4_paired	0.53751135	0.53751135	0.0	0.0
chr1:44775274-44775774	ENSG00000117419	ERI3	chr1	44775274	44775774	44355259	-	420265	stromal	method4_paired	0.4637331	0.4637331	0.0	0.0
chr1:44800003-44800503	ENSG00000070785	EIF2B3	chr1	44800003	44800503	44986721	-	186468	stromal	method4_paired	0.45917577	0.45917577	0.0	0.0
chr1:44800003-44800503	ENSG00000117419	ERI3	chr1	44800003	44800503	44355259	-	444994	stromal	method4_paired	0.50209475	0.50209475	0.0	0.0
chr1:44800003-44800503	ENSG00000142937	RPS8	chr1	44800003	44800503	44775250	+	25003	stromal	method4_paired	0.4510391	0.4510391	0.0	0.0
chr1:44807132-44807632	ENSG00000142937	RPS8	chr1	44807132	44807632	44775250	+	32132	stromal	method4_paired	0.49132386	0.49132386	0.0	0.0
chr1:44807657-44808157	ENSG00000142937	RPS8	chr1	44807657	44808157	44775250	+	32657	stromal	method4_paired	0.56189626	0.56189626	0.0	0.0
chr1:44808247-44808747	ENSG00000142937	RPS8	chr1	44808247	44808747	44775250	+	33247	stromal	method4_paired	0.51483476	0.51483476	0.0	0.0
chr1:44808778-44809278	ENSG00000142937	RPS8	chr1	44808778	44809278	44775250	+	33778	stromal	method4_paired	0.47057658	0.47057658	0.0	0.0
chr1:44808778-44809278	ENSG00000222009	BTBD19	chr1	44808778	44809278	44808522	+	506	stromal	method4_paired	0.46273318	0.46273318	0.0	0.0
chr1:44809369-44809869	ENSG00000142937	RPS8	chr1	44809369	44809869	44775250	+	34369	stromal	method4_paired	0.48408455	0.48408455	0.0	0.0
chr1:45303439-45303939	ENSG00000070785	EIF2B3	chr1	45303439	45303939	44986721	-	316968	stromal	method4_paired	0.4576005	0.4576005	0.0	0.0
chr1:45490979-45491479	ENSG00000159592	GPBP1L1	chr1	45490979	45491479	45688112	-	196883	stromal	method4_paired	0.50794595	0.50794595	0.0	0.0
chr1:45499926-45500426	ENSG00000159592	GPBP1L1	chr1	45499926	45500426	45688112	-	187936	stromal	method4_paired	0.505083	0.505083	0.0	0.0
chr1:45550542-45551042	ENSG00000159592	GPBP1L1	chr1	45550542	45551042	45688112	-	137320	stromal	method4_paired	0.4915795	0.4915795	0.0	0.0
chr1:45584479-45584979	ENSG00000159592	GPBP1L1	chr1	45584479	45584979	45688112	-	103383	stromal	method4_paired	0.4649531	0.4649531	0.0	0.0
chr1:45686350-45686850	ENSG00000159592	GPBP1L1	chr1	45686350	45686850	45688112	-	1512	stromal	method4_paired	0.4885106	0.4885106	0.0	0.0
chr1:45686930-45687430	ENSG00000159592	GPBP1L1	chr1	45686930	45687430	45688112	-	932	stromal	method4_paired	0.5153985	0.5153985	0.0	0.0
chr1:45750539-45751039	ENSG00000159592	GPBP1L1	chr1	45750539	45751039	45688112	-	62677	stromal	method4_paired	0.4684941	0.4684941	0.0	0.0
chr1:46150036-46150536	ENSG00000117461	PIK3R3	chr1	46150036	46150536	46133035	-	17251	stromal	method4_paired	0.5371434	0.5371434	0.0	0.0
chr1:46166300-46166800	ENSG00000117461	PIK3R3	chr1	46166300	46166800	46133035	-	33515	stromal	method4_paired	0.49993244	0.49993244	0.0	0.0
chr1:46166954-46167454	ENSG00000117461	PIK3R3	chr1	46166954	46167454	46133035	-	34169	stromal	method4_paired	0.5667042	0.5667042	0.0	0.0
chr1:46167507-46168007	ENSG00000117461	PIK3R3	chr1	46167507	46168007	46133035	-	34722	stromal	method4_paired	0.45329306	0.45329306	0.0	0.0
chr1:46171321-46171821	ENSG00000117461	PIK3R3	chr1	46171321	46171821	46133035	-	38536	stromal	method4_paired	0.5918145	0.5918145	0.0	0.0
chr1:46572943-46573443	ENSG00000142973	CYP4B1	chr1	46572943	46573443	46757837	+	184644	stromal	method4_paired	0.53728026	0.53728026	0.0	0.0
chr1:46572943-46573443	ENSG00000186160	CYP4Z1	chr1	46572943	46573443	47067230	+	494037	stromal	method4_paired	0.51044714	0.51044714	0.0	0.0
chr1:46572943-46573443	ENSG00000186377	CYP4X1	chr1	46572943	46573443	47023668	+	450475	stromal	method4_paired	0.46389687	0.46389687	0.0	0.0
chr1:46607408-46607908	ENSG00000142973	CYP4B1	chr1	46607408	46607908	46757837	+	150179	stromal	method4_paired	0.47123414	0.47123414	0.0	0.0
chr1:46607408-46607908	ENSG00000186160	CYP4Z1	chr1	46607408	46607908	47067230	+	459572	stromal	method4_paired	0.45603064	0.45603064	0.0	0.0
chr1:46749837-46750337	ENSG00000142973	CYP4B1	chr1	46749837	46750337	46757837	+	7750	stromal	method4_paired	0.6864434	0.6864434	0.0	0.0
chr1:46749837-46750337	ENSG00000186160	CYP4Z1	chr1	46749837	46750337	47067230	+	317143	stromal	method4_paired	0.630495	0.630495	0.0	0.0
chr1:46749837-46750337	ENSG00000186377	CYP4X1	chr1	46749837	46750337	47023668	+	273581	stromal	method4_paired	0.5855099	0.5855099	0.0	0.0
chr1:46798717-46799217	ENSG00000142973	CYP4B1	chr1	46798717	46799217	46757837	+	41130	stromal	method4_paired	0.6110902	0.6110902	0.0	0.0
chr1:46798717-46799217	ENSG00000186160	CYP4Z1	chr1	46798717	46799217	47067230	+	268263	stromal	method4_paired	0.598738	0.598738	0.0	0.0
chr1:46798717-46799217	ENSG00000186377	CYP4X1	chr1	46798717	46799217	47023668	+	224701	stromal	method4_paired	0.5482726	0.5482726	0.0	0.0
chr1:46804882-46805382	ENSG00000142973	CYP4B1	chr1	46804882	46805382	46757837	+	47295	stromal	method4_paired	0.4670844	0.4670844	0.0	0.0
chr1:46804882-46805382	ENSG00000186160	CYP4Z1	chr1	46804882	46805382	47067230	+	262098	stromal	method4_paired	0.4855895	0.4855895	0.0	0.0
chr1:46804882-46805382	ENSG00000186377	CYP4X1	chr1	46804882	46805382	47023668	+	218536	stromal	method4_paired	0.45096096	0.45096096	0.0	0.0
chr1:46806554-46807054	ENSG00000142973	CYP4B1	chr1	46806554	46807054	46757837	+	48967	stromal	method4_paired	0.6034722	0.6034722	0.0	0.0
chr1:46806554-46807054	ENSG00000186160	CYP4Z1	chr1	46806554	46807054	47067230	+	260426	stromal	method4_paired	0.5880352	0.5880352	0.0	0.0
chr1:46806554-46807054	ENSG00000186377	CYP4X1	chr1	46806554	46807054	47023668	+	216864	stromal	method4_paired	0.5969305	0.5969305	0.0	0.0
chr1:47192857-47193357	ENSG00000162367	TAL1	chr1	47192857	47193357	47232224	-	39117	stromal	method4_paired	0.47173244	0.47173244	0.0	0.0
chr1:47211308-47211808	ENSG00000162367	TAL1	chr1	47211308	47211808	47232224	-	20666	stromal	method4_paired	0.55362767	0.55362767	0.0	0.0
chr1:47211813-47212313	ENSG00000162367	TAL1	chr1	47211813	47212313	47232224	-	20161	stromal	method4_paired	0.72033817	0.72033817	0.0	0.0
chr1:47212328-47212828	ENSG00000162367	TAL1	chr1	47212328	47212828	47232224	-	19646	stromal	method4_paired	0.52090734	0.52090734	0.0	0.0
chr1:47212961-47213461	ENSG00000162367	TAL1	chr1	47212961	47213461	47232224	-	19013	stromal	method4_paired	0.6206369	0.6206369	0.0	0.0
chr1:47226387-47226887	ENSG00000162367	TAL1	chr1	47226387	47226887	47232224	-	5587	stromal	method4_paired	0.48639888	0.48639888	0.0	0.0
chr1:47228582-47229082	ENSG00000162367	TAL1	chr1	47228582	47229082	47232224	-	3392	stromal	method4_paired	0.5760582	0.5760582	0.0	0.0
chr1:47229252-47229752	ENSG00000162367	TAL1	chr1	47229252	47229752	47232224	-	2722	stromal	method4_paired	0.7208758	0.7208758	0.0	0.0
chr1:47230957-47231457	ENSG00000162367	TAL1	chr1	47230957	47231457	47232224	-	1017	stromal	method4_paired	0.4638507	0.4638507	0.0	0.0
chr1:47232047-47232547	ENSG00000162367	TAL1	chr1	47232047	47232547	47232224	-	73	stromal	method4_paired	0.7550387	0.7550387	0.0	0.0
chr1:47232603-47233103	ENSG00000162367	TAL1	chr1	47232603	47233103	47232224	-	629	stromal	method4_paired	0.47607818	0.47607818	0.0	0.0
chr1:47235292-47235792	ENSG00000162367	TAL1	chr1	47235292	47235792	47232224	-	3318	stromal	method4_paired	0.6655927	0.6655927	0.0	0.0
chr1:47241529-47242029	ENSG00000162367	TAL1	chr1	47241529	47242029	47232224	-	9555	stromal	method4_paired	0.6452883	0.6452883	0.0	0.0
chr1:47243839-47244339	ENSG00000162367	TAL1	chr1	47243839	47244339	47232224	-	11865	stromal	method4_paired	0.62534636	0.62534636	0.0	0.0
chr1:47437495-47437995	ENSG00000162368	CMPK1	chr1	47437495	47437995	47333789	+	103956	stromal	method4_paired	0.5087601	0.5087601	0.0	0.0
chr1:47471098-47471598	ENSG00000186160	CYP4Z1	chr1	47471098	47471598	47067230	+	404118	stromal	method4_paired	0.5705428	0.5705428	0.0	0.0
chr1:47471098-47471598	ENSG00000186377	CYP4X1	chr1	47471098	47471598	47023668	+	447680	stromal	method4_paired	0.5198362	0.5198362	0.0	0.0
chr1:47933568-47934068	ENSG00000269113	TRABD2B	chr1	47933568	47934068	47997384	-	63566	stromal	method4_paired	0.45837912	0.45837912	0.0	0.0
chr1:47934438-47934938	ENSG00000269113	TRABD2B	chr1	47934438	47934938	47997384	-	62696	stromal	method4_paired	0.53077006	0.53077006	0.0	0.0
chr1:47935141-47935641	ENSG00000269113	TRABD2B	chr1	47935141	47935641	47997384	-	61993	stromal	method4_paired	0.45791808	0.45791808	0.0	0.0
chr1:47996866-47997366	ENSG00000132122	SPATA6	chr1	47996866	47997366	48472207	-	475091	stromal	method4_paired	0.45117682	0.45117682	0.0	0.0
chr1:47997503-47998003	ENSG00000132122	SPATA6	chr1	47997503	47998003	48472207	-	474454	stromal	method4_paired	0.5299205	0.5299205	0.0	0.0
chr1:47997503-47998003	ENSG00000269113	TRABD2B	chr1	47997503	47998003	47997384	-	369	stromal	method4_paired	0.46816948	0.46816948	0.0	0.0
chr1:48017635-48018135	ENSG00000132122	SPATA6	chr1	48017635	48018135	48472207	-	454322	stromal	method4_paired	0.5107987	0.5107987	0.0	0.0
chr1:48017635-48018135	ENSG00000269113	TRABD2B	chr1	48017635	48018135	47997384	-	20501	stromal	method4_paired	0.46461096	0.46461096	0.0	0.0
chr1:48031676-48032176	ENSG00000269113	TRABD2B	chr1	48031676	48032176	47997384	-	34542	stromal	method4_paired	0.4582167	0.4582167	0.0	0.0
chr1:48039214-48039714	ENSG00000132122	SPATA6	chr1	48039214	48039714	48472207	-	432743	stromal	method4_paired	0.4542783	0.4542783	0.0	0.0
chr1:48039214-48039714	ENSG00000269113	TRABD2B	chr1	48039214	48039714	47997384	-	42080	stromal	method4_paired	0.5004403	0.5004403	0.0	0.0
chr1:48470028-48470528	ENSG00000132122	SPATA6	chr1	48470028	48470528	48472207	-	1929	stromal	method4_paired	0.45165005	0.45165005	0.0	0.0
chr1:50960018-50960518	ENSG00000185104	FAF1	chr1	50960018	50960518	50960266	-	2	stromal	method4_paired	0.5563474	0.5563474	0.0	0.0
chr1:50968387-50968887	ENSG00000185104	FAF1	chr1	50968387	50968887	50960266	-	8371	stromal	method4_paired	0.46042663	0.46042663	0.0	0.0
chr1:51235992-51236492	ENSG00000085832	EPS15	chr1	51235992	51236492	51519327	-	283085	stromal	method4_paired	0.49297124	0.49297124	0.0	0.0
chr1:51235992-51236492	ENSG00000117859	OSBPL9	chr1	51235992	51236492	51577178	+	340936	stromal	method4_paired	0.45445943	0.45445943	0.0	0.0
chr1:51235992-51236492	ENSG00000185104	FAF1	chr1	51235992	51236492	50960266	-	275976	stromal	method4_paired	0.5039798	0.5039798	0.0	0.0
chr1:51519166-51519666	ENSG00000078618	NRDC	chr1	51519166	51519666	51878804	-	359388	stromal	method4_paired	0.53602225	0.53602225	0.0	0.0
chr1:51519166-51519666	ENSG00000085832	EPS15	chr1	51519166	51519666	51519327	-	89	stromal	method4_paired	0.5409253	0.5409253	0.0	0.0
chr1:51519166-51519666	ENSG00000117859	OSBPL9	chr1	51519166	51519666	51577178	+	57762	stromal	method4_paired	0.51965886	0.51965886	0.0	0.0
chr1:51729447-51729947	ENSG00000085832	EPS15	chr1	51729447	51729947	51519327	-	210370	stromal	method4_paired	0.46183577	0.46183577	0.0	0.0
chr1:51878671-51879171	ENSG00000078618	NRDC	chr1	51878671	51879171	51878804	-	117	stromal	method4_paired	0.5534145	0.5534145	0.0	0.0
chr1:51878671-51879171	ENSG00000085832	EPS15	chr1	51878671	51879171	51519327	-	359594	stromal	method4_paired	0.54446566	0.54446566	0.0	0.0
chr1:51878671-51879171	ENSG00000117859	OSBPL9	chr1	51878671	51879171	51577178	+	301743	stromal	method4_paired	0.5132755	0.5132755	0.0	0.0
chr1:51878671-51879171	ENSG00000157077	ZFYVE9	chr1	51878671	51879171	52142088	+	263167	stromal	method4_paired	0.5022118	0.5022118	0.0	0.0
chr1:52055970-52056470	ENSG00000078618	NRDC	chr1	52055970	52056470	51878804	-	177416	stromal	method4_paired	0.5017547	0.5017547	0.0	0.0
chr1:52055970-52056470	ENSG00000134744	TUT4	chr1	52055970	52056470	52553486	-	497266	stromal	method4_paired	0.49644443	0.49644443	0.0	0.0
chr1:52141794-52142294	ENSG00000078618	NRDC	chr1	52141794	52142294	51878804	-	263240	stromal	method4_paired	0.46277693	0.46277693	0.0	0.0
chr1:52141794-52142294	ENSG00000134744	TUT4	chr1	52141794	52142294	52553486	-	411442	stromal	method4_paired	0.45721805	0.45721805	0.0	0.0
chr1:52366031-52366531	ENSG00000078618	NRDC	chr1	52366031	52366531	51878804	-	487477	stromal	method4_paired	0.5936306	0.5936306	0.0	0.0
chr1:52366031-52366531	ENSG00000134717	BTF3L4	chr1	52366031	52366531	52056198	+	310083	stromal	method4_paired	0.4730343	0.4730343	0.0	0.0
chr1:52366031-52366531	ENSG00000134744	TUT4	chr1	52366031	52366531	52553486	-	187205	stromal	method4_paired	0.559664	0.559664	0.0	0.0
chr1:52404251-52404751	ENSG00000134744	TUT4	chr1	52404251	52404751	52553486	-	148985	stromal	method4_paired	0.481973	0.481973	0.0	0.0
chr1:52404251-52404751	ENSG00000157077	ZFYVE9	chr1	52404251	52404751	52142088	+	262413	stromal	method4_paired	0.45890906	0.45890906	0.0	0.0
chr1:52553292-52553792	ENSG00000134744	TUT4	chr1	52553292	52553792	52553486	-	56	stromal	method4_paired	0.47257933	0.47257933	0.0	0.0
chr1:52602455-52602955	ENSG00000134744	TUT4	chr1	52602455	52602955	52553486	-	49219	stromal	method4_paired	0.4645167	0.4645167	0.0	0.0
chr1:52637044-52637544	ENSG00000182183	SHISAL2A	chr1	52637044	52637544	52633167	+	4127	stromal	method4_paired	0.54949015	0.54949015	0.0	0.0
chr1:52726164-52726664	ENSG00000134744	TUT4	chr1	52726164	52726664	52553486	-	172928	stromal	method4_paired	0.4636948	0.4636948	0.0	0.0
chr1:53061376-53061876	ENSG00000174348	PODN	chr1	53061376	53061876	53062051	+	425	stromal	method4_paired	0.54639465	0.54639465	0.0	0.0
chr1:53073939-53074439	ENSG00000174348	PODN	chr1	53073939	53074439	53062051	+	12138	stromal	method4_paired	0.5574948	0.5574948	0.0	0.0
chr1:53121480-53121980	ENSG00000174348	PODN	chr1	53121480	53121980	53062051	+	59679	stromal	method4_paired	0.48686785	0.48686785	0.0	0.0
chr1:53123547-53124047	ENSG00000174348	PODN	chr1	53123547	53124047	53062051	+	61746	stromal	method4_paired	0.45705208	0.45705208	0.0	0.0
chr1:53124081-53124581	ENSG00000174348	PODN	chr1	53124081	53124581	53062051	+	62280	stromal	method4_paired	0.53276724	0.53276724	0.0	0.0
chr1:53130727-53131227	ENSG00000121310	ECHDC2	chr1	53130727	53131227	52927211	-	203766	stromal	method4_paired	0.5350984	0.5350984	0.0	0.0
chr1:53220393-53220893	ENSG00000116171	SCP2	chr1	53220393	53220893	52927275	+	293368	stromal	method4_paired	0.45109037	0.45109037	0.0	0.0
chr1:53326043-53326543	ENSG00000157193	LRP8	chr1	53326043	53326543	53328468	-	2175	stromal	method4_paired	0.45955124	0.45955124	0.0	0.0
chr1:53470067-53470567	ENSG00000174332	GLIS1	chr1	53470067	53470567	53739163	-	268846	stromal	method4_paired	0.50801855	0.50801855	0.0	0.0
chr1:53517780-53518280	ENSG00000174332	GLIS1	chr1	53517780	53518280	53739163	-	221133	stromal	method4_paired	0.56921315	0.56921315	0.0	0.0
chr1:53522014-53522514	ENSG00000174332	GLIS1	chr1	53522014	53522514	53739163	-	216899	stromal	method4_paired	0.4609657	0.4609657	0.0	0.0
chr1:53524729-53525229	ENSG00000174332	GLIS1	chr1	53524729	53525229	53739163	-	214184	stromal	method4_paired	0.5518862	0.5518862	0.0	0.0
chr1:53585148-53585648	ENSG00000174332	GLIS1	chr1	53585148	53585648	53739163	-	153765	stromal	method4_paired	0.565119	0.565119	0.0	0.0
chr1:53590692-53591192	ENSG00000174332	GLIS1	chr1	53590692	53591192	53739163	-	148221	stromal	method4_paired	0.5693376	0.5693376	0.0	0.0
chr1:53592500-53593000	ENSG00000174332	GLIS1	chr1	53592500	53593000	53739163	-	146413	stromal	method4_paired	0.6897759	0.6897759	0.0	0.0
chr1:53617359-53617859	ENSG00000174332	GLIS1	chr1	53617359	53617859	53739163	-	121554	stromal	method4_paired	0.51951903	0.51951903	0.0	0.0
chr1:53619820-53620320	ENSG00000174332	GLIS1	chr1	53619820	53620320	53739163	-	119093	stromal	method4_paired	0.49955034	0.49955034	0.0	0.0
chr1:53620321-53620821	ENSG00000174332	GLIS1	chr1	53620321	53620821	53739163	-	118592	stromal	method4_paired	0.66201514	0.66201514	0.0	0.0
chr1:53621050-53621550	ENSG00000174332	GLIS1	chr1	53621050	53621550	53739163	-	117863	stromal	method4_paired	0.5098712	0.5098712	0.0	0.0
chr1:53654806-53655306	ENSG00000174332	GLIS1	chr1	53654806	53655306	53739163	-	84107	stromal	method4_paired	0.4800629	0.4800629	0.0	0.0
chr1:53669702-53670202	ENSG00000174332	GLIS1	chr1	53669702	53670202	53739163	-	69211	stromal	method4_paired	0.46729463	0.46729463	0.0	0.0
chr1:53679158-53679658	ENSG00000174332	GLIS1	chr1	53679158	53679658	53739163	-	59755	stromal	method4_paired	0.56326723	0.56326723	0.0	0.0
chr1:53698084-53698584	ENSG00000174332	GLIS1	chr1	53698084	53698584	53739163	-	40829	stromal	method4_paired	0.5744427	0.5744427	0.0	0.0
chr1:53731887-53732387	ENSG00000174332	GLIS1	chr1	53731887	53732387	53739163	-	7026	stromal	method4_paired	0.566991	0.566991	0.0	0.0
chr1:53733819-53734319	ENSG00000174332	GLIS1	chr1	53733819	53734319	53739163	-	5094	stromal	method4_paired	0.47882742	0.47882742	0.0	0.0
chr1:53734502-53735002	ENSG00000174332	GLIS1	chr1	53734502	53735002	53739163	-	4411	stromal	method4_paired	0.7019785	0.7019785	0.0	0.0
chr1:53738539-53739039	ENSG00000174332	GLIS1	chr1	53738539	53739039	53739163	-	374	stromal	method4_paired	0.47881028	0.47881028	0.0	0.0
chr1:53739079-53739579	ENSG00000174332	GLIS1	chr1	53739079	53739579	53739163	-	166	stromal	method4_paired	0.63411975	0.63411975	0.0	0.0
chr1:53740779-53741279	ENSG00000174332	GLIS1	chr1	53740779	53741279	53739163	-	1866	stromal	method4_paired	0.53899765	0.53899765	0.0	0.0
chr1:53945696-53946196	ENSG00000157216	SSBP3	chr1	53945696	53946196	54413478	-	467532	stromal	method4_paired	0.4694149	0.4694149	0.0	0.0
chr1:54053201-54053701	ENSG00000157216	SSBP3	chr1	54053201	54053701	54413478	-	360027	stromal	method4_paired	0.49596447	0.49596447	0.0	0.0
chr1:54137408-54137908	ENSG00000157211	CDCP2	chr1	54137408	54137908	54153769	-	16111	stromal	method4_paired	0.6799597	0.6799597	0.0	0.0
chr1:54161422-54161922	ENSG00000157211	CDCP2	chr1	54161422	54161922	54153769	-	7903	stromal	method4_paired	0.62884885	0.62884885	0.0	0.0
chr1:54161422-54161922	ENSG00000215883	CYB5RL	chr1	54161422	54161922	54200035	-	38363	stromal	method4_paired	0.4554606	0.4554606	0.0	0.0
chr1:54162884-54163384	ENSG00000157211	CDCP2	chr1	54162884	54163384	54153769	-	9365	stromal	method4_paired	0.49903426	0.49903426	0.0	0.0
chr1:54171040-54171540	ENSG00000157211	CDCP2	chr1	54171040	54171540	54153769	-	17521	stromal	method4_paired	0.49823108	0.49823108	0.0	0.0
chr1:54254051-54254551	ENSG00000157211	CDCP2	chr1	54254051	54254551	54153769	-	100532	stromal	method4_paired	0.70104223	0.70104223	0.0	0.0
chr1:54254051-54254551	ENSG00000215883	CYB5RL	chr1	54254051	54254551	54200035	-	54266	stromal	method4_paired	0.5080119	0.5080119	0.0	0.0
chr1:54312751-54313251	ENSG00000162390	ACOT11	chr1	54312751	54313251	54542256	+	229255	stromal	method4_paired	-0.45493424	-0.45493424	0.0	0.0
chr1:54312751-54313251	ENSG00000184313	MROH7	chr1	54312751	54313251	54641753	+	328752	stromal	method4_paired	-0.48909268	-0.48909268	0.0	0.0
chr1:54485442-54485942	ENSG00000184313	MROH7	chr1	54485442	54485942	54641753	+	156061	stromal	method4_paired	0.4666571	0.4666571	0.0	0.0
chr1:54489309-54489809	ENSG00000157216	SSBP3	chr1	54489309	54489809	54413478	-	76081	stromal	method4_paired	0.4755067	0.4755067	0.0	0.0
chr1:54542005-54542505	ENSG00000162390	ACOT11	chr1	54542005	54542505	54542256	+	1	stromal	method4_paired	0.52106506	0.52106506	0.0	0.0
chr1:54542005-54542505	ENSG00000162391	FAM151A	chr1	54542005	54542505	54623555	-	81300	stromal	method4_paired	0.46728066	0.46728066	0.0	0.0
chr1:54542005-54542505	ENSG00000184313	MROH7	chr1	54542005	54542505	54641753	+	99498	stromal	method4_paired	0.46662736	0.46662736	0.0	0.0
chr1:54547239-54547739	ENSG00000162390	ACOT11	chr1	54547239	54547739	54542256	+	5233	stromal	method4_paired	0.60215324	0.60215324	0.0	0.0
chr1:54547239-54547739	ENSG00000184313	MROH7	chr1	54547239	54547739	54641753	+	94264	stromal	method4_paired	0.6042147	0.6042147	0.0	0.0
chr1:54547832-54548332	ENSG00000162390	ACOT11	chr1	54547832	54548332	54542256	+	5826	stromal	method4_paired	0.6822385	0.6822385	0.0	0.0
chr1:54547832-54548332	ENSG00000162391	FAM151A	chr1	54547832	54548332	54623555	-	75473	stromal	method4_paired	0.4565026	0.4565026	0.0	0.0
chr1:54547832-54548332	ENSG00000184313	MROH7	chr1	54547832	54548332	54641753	+	93671	stromal	method4_paired	0.6914929	0.6914929	0.0	0.0
chr1:54548668-54549168	ENSG00000162390	ACOT11	chr1	54548668	54549168	54542256	+	6662	stromal	method4_paired	0.4823721	0.4823721	0.0	0.0
chr1:54548668-54549168	ENSG00000184313	MROH7	chr1	54548668	54549168	54641753	+	92835	stromal	method4_paired	0.48847154	0.48847154	0.0	0.0
chr1:54549450-54549950	ENSG00000162390	ACOT11	chr1	54549450	54549950	54542256	+	7444	stromal	method4_paired	0.45510826	0.45510826	0.0	0.0
chr1:54549450-54549950	ENSG00000184313	MROH7	chr1	54549450	54549950	54641753	+	92053	stromal	method4_paired	0.4615213	0.4615213	0.0	0.0
chr1:54581597-54582097	ENSG00000162390	ACOT11	chr1	54581597	54582097	54542256	+	39591	stromal	method4_paired	0.67729026	0.67729026	0.0	0.0
chr1:54581597-54582097	ENSG00000162391	FAM151A	chr1	54581597	54582097	54623555	-	41708	stromal	method4_paired	0.47216734	0.47216734	0.0	0.0
chr1:54581597-54582097	ENSG00000184313	MROH7	chr1	54581597	54582097	54641753	+	59906	stromal	method4_paired	0.6908567	0.6908567	0.0	0.0
chr1:54645742-54646242	ENSG00000162390	ACOT11	chr1	54645742	54646242	54542256	+	103736	stromal	method4_paired	0.50875944	0.50875944	0.0	0.0
chr1:54645742-54646242	ENSG00000184313	MROH7	chr1	54645742	54646242	54641753	+	4239	stromal	method4_paired	0.5148148	0.5148148	0.0	0.0
chr1:54715534-54716034	ENSG00000162402	USP24	chr1	54715534	54716034	55215377	-	499593	stromal	method4_paired	0.4600193	0.4600193	0.0	0.0
chr1:54727976-54728476	ENSG00000162390	ACOT11	chr1	54727976	54728476	54542256	+	185970	stromal	method4_paired	0.46236324	0.46236324	0.0	0.0
chr1:54764408-54764908	ENSG00000162402	USP24	chr1	54764408	54764908	55215377	-	450719	stromal	method4_paired	0.5187029	0.5187029	0.0	0.0
chr1:54776374-54776874	ENSG00000184313	MROH7	chr1	54776374	54776874	54641753	+	134871	stromal	method4_paired	0.4537664	0.4537664	0.0	0.0
chr1:54777338-54777838	ENSG00000162390	ACOT11	chr1	54777338	54777838	54542256	+	235332	stromal	method4_paired	0.48060894	0.48060894	0.0	0.0
chr1:54777338-54777838	ENSG00000184313	MROH7	chr1	54777338	54777838	54641753	+	135835	stromal	method4_paired	0.48177478	0.48177478	0.0	0.0
chr1:54792561-54793061	ENSG00000162390	ACOT11	chr1	54792561	54793061	54542256	+	250555	stromal	method4_paired	0.59250224	0.59250224	0.0	0.0
chr1:54792561-54793061	ENSG00000184313	MROH7	chr1	54792561	54793061	54641753	+	151058	stromal	method4_paired	0.6084984	0.6084984	0.0	0.0
chr1:54801001-54801501	ENSG00000162390	ACOT11	chr1	54801001	54801501	54542256	+	258995	stromal	method4_paired	0.49172485	0.49172485	0.0	0.0
chr1:54801001-54801501	ENSG00000184313	MROH7	chr1	54801001	54801501	54641753	+	159498	stromal	method4_paired	0.48043063	0.48043063	0.0	0.0
chr1:54887050-54887550	ENSG00000162402	USP24	chr1	54887050	54887550	55215377	-	328077	stromal	method4_paired	0.4603299	0.4603299	0.0	0.0
chr1:55215131-55215631	ENSG00000162402	USP24	chr1	55215131	55215631	55215377	-	4	stromal	method4_paired	0.47963294	0.47963294	0.0	0.0
chr1:56146416-56146916	ENSG00000162407	PLPP3	chr1	56146416	56146916	56645300	-	498634	stromal	method4_paired	0.48893023	0.48893023	0.0	0.0
chr1:56147057-56147557	ENSG00000162407	PLPP3	chr1	56147057	56147557	56645300	-	497993	stromal	method4_paired	0.45636153	0.45636153	0.0	0.0
chr1:56150458-56150958	ENSG00000162407	PLPP3	chr1	56150458	56150958	56645300	-	494592	stromal	method4_paired	0.48311338	0.48311338	0.0	0.0
chr1:56194935-56195435	ENSG00000162407	PLPP3	chr1	56194935	56195435	56645300	-	450115	stromal	method4_paired	0.4622625	0.4622625	0.0	0.0
chr1:56255765-56256265	ENSG00000162407	PLPP3	chr1	56255765	56256265	56645300	-	389285	stromal	method4_paired	0.6699356	0.6699356	0.0	0.0
chr1:56397271-56397771	ENSG00000162407	PLPP3	chr1	56397271	56397771	56645300	-	247779	stromal	method4_paired	0.579639	0.579639	0.0	0.0
chr1:56397849-56398349	ENSG00000162407	PLPP3	chr1	56397849	56398349	56645300	-	247201	stromal	method4_paired	0.56060845	0.56060845	0.0	0.0
chr1:56404532-56405032	ENSG00000162407	PLPP3	chr1	56404532	56405032	56645300	-	240518	stromal	method4_paired	0.5005273	0.5005273	0.0	0.0
chr1:56448923-56449423	ENSG00000162407	PLPP3	chr1	56448923	56449423	56645300	-	196127	stromal	method4_paired	0.52999604	0.52999604	0.0	0.0
chr1:56452174-56452674	ENSG00000162407	PLPP3	chr1	56452174	56452674	56645300	-	192876	stromal	method4_paired	0.47700223	0.47700223	0.0	0.0
chr1:56468396-56468896	ENSG00000162407	PLPP3	chr1	56468396	56468896	56645300	-	176654	stromal	method4_paired	0.4842877	0.4842877	0.0	0.0
chr1:56645368-56645868	ENSG00000162409	PRKAA2	chr1	56645368	56645868	56645313	+	305	stromal	method4_paired	0.51784414	0.51784414	0.0	0.0
chr1:58778819-58779319	ENSG00000177606	JUN	chr1	58778819	58779319	58784047	-	4978	stromal	method4_paired	0.455632	0.455632	0.0	0.0
chr1:58779730-58780230	ENSG00000177606	JUN	chr1	58779730	58780230	58784047	-	4067	stromal	method4_paired	0.46867976	0.46867976	0.0	0.0
chr1:58783878-58784378	ENSG00000162601	MYSM1	chr1	58783878	58784378	58700089	-	84039	stromal	method4_paired	0.49660417	0.49660417	0.0	0.0
chr1:60983878-60984378	ENSG00000162599	NFIA	chr1	60983878	60984378	60865258	+	118870	stromal	method4_paired	0.5224501	0.5224501	0.0	0.0
chr1:60984399-60984899	ENSG00000162599	NFIA	chr1	60984399	60984899	60865258	+	119391	stromal	method4_paired	0.5970094	0.5970094	0.0	0.0
chr1:61050033-61050533	ENSG00000162599	NFIA	chr1	61050033	61050533	60865258	+	185025	stromal	method4_paired	0.48127952	0.48127952	0.0	0.0
chr1:61318330-61318830	ENSG00000162599	NFIA	chr1	61318330	61318830	60865258	+	453322	stromal	method4_paired	0.46064126	0.46064126	0.0	0.0
chr1:61325277-61325777	ENSG00000162599	NFIA	chr1	61325277	61325777	60865258	+	460269	stromal	method4_paired	0.45324054	0.45324054	0.0	0.0
chr1:62436407-62436907	ENSG00000116641	DOCK7	chr1	62436407	62436907	62688385	-	251728	stromal	method4_paired	0.4518323	0.4518323	0.0	0.0
chr1:62875093-62875593	ENSG00000187140	FOXD3	chr1	62875093	62875593	63322566	+	447223	stromal	method4_paired	0.50996214	0.50996214	0.0	0.0
chr1:62875623-62876123	ENSG00000187140	FOXD3	chr1	62875623	62876123	63322566	+	446693	stromal	method4_paired	0.7276916	0.7276916	0.0	0.0
chr1:62882248-62882748	ENSG00000187140	FOXD3	chr1	62882248	62882748	63322566	+	440068	stromal	method4_paired	0.66228217	0.66228217	0.0	0.0
chr1:62941721-62942221	ENSG00000187140	FOXD3	chr1	62941721	62942221	63322566	+	380595	stromal	method4_paired	0.51257503	0.51257503	0.0	0.0
