peak_id	gene_id	gene_name	chrom	peak_start	peak_end	tss_pos	strand	distance_bp	compartment	method	score	pvalue	fdr
chr1:921699-922199	ENSG00000187634	SAMD11	chr1	921699	922199	923922	+	1973	epithelial	method2b_glasso	1.0	0.0	0.0
chr1:922442-922942	ENSG00000187634	SAMD11	chr1	922442	922942	923922	+	1230	epithelial	method2b_glasso	1.0	0.0	0.0
chr1:923054-923554	ENSG00000187634	SAMD11	chr1	923054	923554	923922	+	618	epithelial	method2b_glasso	1.0	0.0	0.0
chr1:923600-924100	ENSG00000187634	SAMD11	chr1	923600	924100	923922	+	72	epithelial	method2b_glasso	1.0	0.0	0.0
chr1:924745-925245	ENSG00000187634	SAMD11	chr1	924745	925245	923922	+	1073	epithelial	method2b_glasso	1.0	0.0	0.0
chr1:925445-925945	ENSG00000187634	SAMD11	chr1	925445	925945	923922	+	1773	epithelial	method2b_glasso	1.0	0.0	0.0
chr1:957913-958413	ENSG00000188976	NOC2L	chr1	957913	958413	959308	-	1145	epithelial	method2b_glasso	1.0	0.0	0.0
chr1:958527-959027	ENSG00000187961	KLHL17	chr1	958527	959027	960583	+	1806	epithelial	method2b_glasso	1.0	0.0	0.0
chr1:958527-959027	ENSG00000188976	NOC2L	chr1	958527	959027	959308	-	531	epithelial	method2b_glasso	1.0	0.0	0.0
chr1:959065-959565	ENSG00000187961	KLHL17	chr1	959065	959565	960583	+	1268	epithelial	method2b_glasso	1.0	0.0	0.0
chr1:959065-959565	ENSG00000188976	NOC2L	chr1	959065	959565	959308	-	7	epithelial	method2b_glasso	1.0	0.0	0.0
chr1:959579-960079	ENSG00000187961	KLHL17	chr1	959579	960079	960583	+	754	epithelial	method2b_glasso	1.0	0.0	0.0
chr1:959579-960079	ENSG00000188976	NOC2L	chr1	959579	960079	959308	-	521	epithelial	method2b_glasso	1.0	0.0	0.0
chr1:960313-960813	ENSG00000187961	KLHL17	chr1	960313	960813	960583	+	20	epithelial	method2b_glasso	1.0	0.0	0.0
chr1:960313-960813	ENSG00000188976	NOC2L	chr1	960313	960813	959308	-	1255	epithelial	method2b_glasso	1.0	0.0	0.0
chr1:960835-961335	ENSG00000187961	KLHL17	chr1	960835	961335	960583	+	502	epithelial	method2b_glasso	1.0	0.0	0.0
chr1:960835-961335	ENSG00000188976	NOC2L	chr1	960835	961335	959308	-	1777	epithelial	method2b_glasso	1.0	0.0	0.0
chr1:961468-961968	ENSG00000187961	KLHL17	chr1	961468	961968	960583	+	1135	epithelial	method2b_glasso	1.0	0.0	0.0
chr1:962194-962694	ENSG00000187961	KLHL17	chr1	962194	962694	960583	+	1861	epithelial	method2b_glasso	1.0	0.0	0.0
chr1:964092-964592	ENSG00000187583	PLEKHN1	chr1	964092	964592	966481	+	2139	epithelial	method2b_glasso	1.0	0.0	0.0
chr1:964868-965368	ENSG00000187583	PLEKHN1	chr1	964868	965368	966481	+	1363	epithelial	method2b_glasso	1.0	0.0	0.0
chr1:965658-966158	ENSG00000187583	PLEKHN1	chr1	965658	966158	966481	+	573	epithelial	method2b_glasso	1.0	0.0	0.0
chr1:966209-966709	ENSG00000187583	PLEKHN1	chr1	966209	966709	966481	+	22	epithelial	method2b_glasso	1.0	0.0	0.0
chr1:966772-967272	ENSG00000187583	PLEKHN1	chr1	966772	967272	966481	+	541	epithelial	method2b_glasso	1.0	0.0	0.0
chr1:967565-968065	ENSG00000187583	PLEKHN1	chr1	967565	968065	966481	+	1334	epithelial	method2b_glasso	1.0	0.0	0.0
chr1:968268-968768	ENSG00000187583	PLEKHN1	chr1	968268	968768	966481	+	2037	epithelial	method2b_glasso	1.0	0.0	0.0
chr1:979989-980489	ENSG00000187642	PERM1	chr1	979989	980489	982116	-	1877	epithelial	method2b_glasso	1.0	0.0	0.0
chr1:980543-981043	ENSG00000187642	PERM1	chr1	980543	981043	982116	-	1323	epithelial	method2b_glasso	1.0	0.0	0.0
chr1:981191-981691	ENSG00000187642	PERM1	chr1	981191	981691	982116	-	675	epithelial	method2b_glasso	1.0	0.0	0.0
chr1:981889-982389	ENSG00000187642	PERM1	chr1	981889	982389	982116	-	23	epithelial	method2b_glasso	1.0	0.0	0.0
chr1:982865-983365	ENSG00000187642	PERM1	chr1	982865	983365	982116	-	999	epithelial	method2b_glasso	1.0	0.0	0.0
chr1:984079-984579	ENSG00000187642	PERM1	chr1	984079	984579	982116	-	2213	epithelial	method2b_glasso	1.0	0.0	0.0
chr1:998297-998797	ENSG00000188290	HES4	chr1	998297	998797	1000171	-	1624	epithelial	method2b_glasso	1.0	0.0	0.0
chr1:998814-999314	ENSG00000187608	ISG15	chr1	998814	999314	1001137	+	2073	epithelial	method2b_glasso	1.0	0.0	0.0
chr1:998814-999314	ENSG00000188290	HES4	chr1	998814	999314	1000171	-	1107	epithelial	method2b_glasso	1.0	0.0	0.0
chr1:999329-999829	ENSG00000187608	ISG15	chr1	999329	999829	1001137	+	1558	epithelial	method2b_glasso	1.0	0.0	0.0
chr1:999329-999829	ENSG00000188290	HES4	chr1	999329	999829	1000171	-	592	epithelial	method2b_glasso	1.0	0.0	0.0
chr1:999969-1000469	ENSG00000187608	ISG15	chr1	999969	1000469	1001137	+	918	epithelial	method2b_glasso	1.0	0.0	0.0
chr1:999969-1000469	ENSG00000188290	HES4	chr1	999969	1000469	1000171	-	48	epithelial	method2b_glasso	1.0	0.0	0.0
chr1:1000618-1001118	ENSG00000187608	ISG15	chr1	1000618	1001118	1001137	+	269	epithelial	method2b_glasso	1.0	0.0	0.0
chr1:1000618-1001118	ENSG00000188290	HES4	chr1	1000618	1001118	1000171	-	697	epithelial	method2b_glasso	1.0	0.0	0.0
chr1:1001184-1001684	ENSG00000187608	ISG15	chr1	1001184	1001684	1001137	+	297	epithelial	method2b_glasso	1.0	0.0	0.0
chr1:1001184-1001684	ENSG00000188290	HES4	chr1	1001184	1001684	1000171	-	1263	epithelial	method2b_glasso	1.0	0.0	0.0
chr1:1001733-1002233	ENSG00000187608	ISG15	chr1	1001733	1002233	1001137	+	846	epithelial	method2b_glasso	1.0	0.0	0.0
chr1:1001733-1002233	ENSG00000188290	HES4	chr1	1001733	1002233	1000171	-	1812	epithelial	method2b_glasso	1.0	0.0	0.0
chr1:1002409-1002909	ENSG00000187608	ISG15	chr1	1002409	1002909	1001137	+	1522	epithelial	method2b_glasso	1.0	0.0	0.0
chr1:1018165-1018665	ENSG00000188157	AGRN	chr1	1018165	1018665	1020119	+	1704	epithelial	method2b_glasso	1.0	0.0	0.0
chr1:1018767-1019267	ENSG00000188157	AGRN	chr1	1018767	1019267	1020119	+	1102	epithelial	method2b_glasso	1.0	0.0	0.0
chr1:1019312-1019812	ENSG00000188157	AGRN	chr1	1019312	1019812	1020119	+	557	epithelial	method2b_glasso	1.0	0.0	0.0
chr1:1019830-1020330	ENSG00000188157	AGRN	chr1	1019830	1020330	1020119	+	39	epithelial	method2b_glasso	1.0	0.0	0.0
chr1:1020388-1020888	ENSG00000188157	AGRN	chr1	1020388	1020888	1020119	+	519	epithelial	method2b_glasso	1.0	0.0	0.0
chr1:1021050-1021550	ENSG00000188157	AGRN	chr1	1021050	1021550	1020119	+	1181	epithelial	method2b_glasso	1.0	0.0	0.0
chr1:1021567-1022067	ENSG00000188157	AGRN	chr1	1021567	1022067	1020119	+	1698	epithelial	method2b_glasso	1.0	0.0	0.0
chr1:1072275-1072775	ENSG00000237330	RNF223	chr1	1072275	1072775	1074305	-	1780	epithelial	method2b_glasso	1.0	0.0	0.0
chr1:1072981-1073481	ENSG00000237330	RNF223	chr1	1072981	1073481	1074305	-	1074	epithelial	method2b_glasso	1.0	0.0	0.0
chr1:1073712-1074212	ENSG00000237330	RNF223	chr1	1073712	1074212	1074305	-	343	epithelial	method2b_glasso	1.0	0.0	0.0
chr1:1074509-1075009	ENSG00000237330	RNF223	chr1	1074509	1075009	1074305	-	454	epithelial	method2b_glasso	1.0	0.0	0.0
chr1:1075093-1075593	ENSG00000237330	RNF223	chr1	1075093	1075593	1074305	-	1038	epithelial	method2b_glasso	1.0	0.0	0.0
chr1:1075645-1076145	ENSG00000237330	RNF223	chr1	1075645	1076145	1074305	-	1590	epithelial	method2b_glasso	1.0	0.0	0.0
chr1:1114429-1114929	ENSG00000131591	C1orf159	chr1	1114429	1114929	1116360	-	1681	epithelial	method2b_glasso	1.0	0.0	0.0
chr1:1114971-1115471	ENSG00000131591	C1orf159	chr1	1114971	1115471	1116360	-	1139	epithelial	method2b_glasso	1.0	0.0	0.0
chr1:1115986-1116486	ENSG00000131591	C1orf159	chr1	1115986	1116486	1116360	-	124	epithelial	method2b_glasso	1.0	0.0	0.0
chr1:1116522-1117022	ENSG00000131591	C1orf159	chr1	1116522	1117022	1116360	-	412	epithelial	method2b_glasso	1.0	0.0	0.0
chr1:1117413-1117913	ENSG00000131591	C1orf159	chr1	1117413	1117913	1116360	-	1303	epithelial	method2b_glasso	1.0	0.0	0.0
chr1:1118114-1118614	ENSG00000131591	C1orf159	chr1	1118114	1118614	1116360	-	2004	epithelial	method2b_glasso	1.0	0.0	0.0
chr1:1172017-1172517	ENSG00000162571	TTLL10	chr1	1172017	1172517	1173879	+	1612	epithelial	method2b_glasso	1.0	0.0	0.0
chr1:1172948-1173448	ENSG00000162571	TTLL10	chr1	1172948	1173448	1173879	+	681	epithelial	method2b_glasso	1.0	0.0	0.0
chr1:1173640-1174140	ENSG00000162571	TTLL10	chr1	1173640	1174140	1173879	+	11	epithelial	method2b_glasso	1.0	0.0	0.0
chr1:1174441-1174941	ENSG00000162571	TTLL10	chr1	1174441	1174941	1173879	+	812	epithelial	method2b_glasso	1.0	0.0	0.0
chr1:1175408-1175908	ENSG00000162571	TTLL10	chr1	1175408	1175908	1173879	+	1779	epithelial	method2b_glasso	1.0	0.0	0.0
chr1:1204975-1205475	ENSG00000186891	TNFRSF18	chr1	1204975	1205475	1206591	-	1366	epithelial	method2b_glasso	1.0	0.0	0.0
chr1:1205762-1206262	ENSG00000186891	TNFRSF18	chr1	1205762	1206262	1206591	-	579	epithelial	method2b_glasso	1.0	0.0	0.0
chr1:1206359-1206859	ENSG00000186891	TNFRSF18	chr1	1206359	1206859	1206591	-	18	epithelial	method2b_glasso	1.0	0.0	0.0
chr1:1207018-1207518	ENSG00000186891	TNFRSF18	chr1	1207018	1207518	1206591	-	677	epithelial	method2b_glasso	1.0	0.0	0.0
chr1:1207772-1208272	ENSG00000186891	TNFRSF18	chr1	1207772	1208272	1206591	-	1431	epithelial	method2b_glasso	1.0	0.0	0.0
chr1:1208316-1208816	ENSG00000186891	TNFRSF18	chr1	1208316	1208816	1206591	-	1975	epithelial	method2b_glasso	1.0	0.0	0.0
chr1:1211968-1212468	ENSG00000186827	TNFRSF4	chr1	1211968	1212468	1214152	-	1934	epithelial	method2b_glasso	1.0	0.0	0.0
chr1:1212829-1213329	ENSG00000186827	TNFRSF4	chr1	1212829	1213329	1214152	-	1073	epithelial	method2b_glasso	1.0	0.0	0.0
chr1:1213506-1214006	ENSG00000186827	TNFRSF4	chr1	1213506	1214006	1214152	-	396	epithelial	method2b_glasso	1.0	0.0	0.0
chr1:1214066-1214566	ENSG00000186827	TNFRSF4	chr1	1214066	1214566	1214152	-	164	epithelial	method2b_glasso	1.0	0.0	0.0
chr1:1214633-1215133	ENSG00000186827	TNFRSF4	chr1	1214633	1215133	1214152	-	731	epithelial	method2b_glasso	1.0	0.0	0.0
chr1:1215182-1215682	ENSG00000186827	TNFRSF4	chr1	1215182	1215682	1214152	-	1280	epithelial	method2b_glasso	1.0	0.0	0.0
chr1:1215919-1216419	ENSG00000186827	TNFRSF4	chr1	1215919	1216419	1214152	-	2017	epithelial	method2b_glasso	1.0	0.0	0.0
chr1:1229670-1230170	ENSG00000078808	SDF4	chr1	1229670	1230170	1232030	-	2110	epithelial	method2b_glasso	1.0	0.0	0.0
chr1:1230611-1231111	ENSG00000078808	SDF4	chr1	1230611	1231111	1232030	-	1169	epithelial	method2b_glasso	1.0	0.0	0.0
chr1:1230611-1231111	ENSG00000176022	B3GALT6	chr1	1230611	1231111	1232236	+	1375	epithelial	method2b_glasso	1.0	0.0	0.0
chr1:1231287-1231787	ENSG00000078808	SDF4	chr1	1231287	1231787	1232030	-	493	epithelial	method2b_glasso	1.0	0.0	0.0
chr1:1231287-1231787	ENSG00000176022	B3GALT6	chr1	1231287	1231787	1232236	+	699	epithelial	method2b_glasso	1.0	0.0	0.0
chr1:1231796-1232296	ENSG00000078808	SDF4	chr1	1231796	1232296	1232030	-	16	epithelial	method2b_glasso	1.0	0.0	0.0
chr1:1231796-1232296	ENSG00000176022	B3GALT6	chr1	1231796	1232296	1232236	+	190	epithelial	method2b_glasso	1.0	0.0	0.0
chr1:1232846-1233346	ENSG00000078808	SDF4	chr1	1232846	1233346	1232030	-	1066	epithelial	method2b_glasso	1.0	0.0	0.0
chr1:1232846-1233346	ENSG00000176022	B3GALT6	chr1	1232846	1233346	1232236	+	860	epithelial	method2b_glasso	1.0	0.0	0.0
chr1:1233978-1234478	ENSG00000078808	SDF4	chr1	1233978	1234478	1232030	-	2198	epithelial	method2b_glasso	1.0	0.0	0.0
chr1:1233978-1234478	ENSG00000176022	B3GALT6	chr1	1233978	1234478	1232236	+	1992	epithelial	method2b_glasso	1.0	0.0	0.0
chr1:1245219-1245719	ENSG00000184163	C1QTNF12	chr1	1245219	1245719	1246721	-	1252	epithelial	method2b_glasso	1.0	0.0	0.0
chr1:1245781-1246281	ENSG00000184163	C1QTNF12	chr1	1245781	1246281	1246721	-	690	epithelial	method2b_glasso	1.0	0.0	0.0
chr1:1246487-1246987	ENSG00000184163	C1QTNF12	chr1	1246487	1246987	1246721	-	16	epithelial	method2b_glasso	1.0	0.0	0.0
chr1:1247072-1247572	ENSG00000184163	C1QTNF12	chr1	1247072	1247572	1246721	-	601	epithelial	method2b_glasso	1.0	0.0	0.0
chr1:1247863-1248363	ENSG00000184163	C1QTNF12	chr1	1247863	1248363	1246721	-	1392	epithelial	method2b_glasso	1.0	0.0	0.0
chr1:1271471-1271971	ENSG00000160087	UBE2J2	chr1	1271471	1271971	1273863	-	2142	epithelial	method2b_glasso	1.0	0.0	0.0
chr1:1272494-1272994	ENSG00000160087	UBE2J2	chr1	1272494	1272994	1273863	-	1119	epithelial	method2b_glasso	1.0	0.0	0.0
chr1:1273094-1273594	ENSG00000160087	UBE2J2	chr1	1273094	1273594	1273863	-	519	epithelial	method2b_glasso	1.0	0.0	0.0
chr1:1273628-1274128	ENSG00000160087	UBE2J2	chr1	1273628	1274128	1273863	-	15	epithelial	method2b_glasso	1.0	0.0	0.0
chr1:1274157-1274657	ENSG00000160087	UBE2J2	chr1	1274157	1274657	1273863	-	544	epithelial	method2b_glasso	1.0	0.0	0.0
chr1:1274959-1275459	ENSG00000160087	UBE2J2	chr1	1274959	1275459	1273863	-	1346	epithelial	method2b_glasso	1.0	0.0	0.0
chr1:1275460-1275960	ENSG00000160087	UBE2J2	chr1	1275460	1275960	1273863	-	1847	epithelial	method2b_glasso	1.0	0.0	0.0
chr1:1278558-1279058	ENSG00000162572	SCNN1D	chr1	1278558	1279058	1280435	+	1627	epithelial	method2b_glasso	1.0	0.0	0.0
chr1:1279786-1280286	ENSG00000162572	SCNN1D	chr1	1279786	1280286	1280435	+	399	epithelial	method2b_glasso	1.0	0.0	0.0
chr1:1280428-1280928	ENSG00000162572	SCNN1D	chr1	1280428	1280928	1280435	+	243	epithelial	method2b_glasso	1.0	0.0	0.0
chr1:1281038-1281538	ENSG00000162572	SCNN1D	chr1	1281038	1281538	1280435	+	853	epithelial	method2b_glasso	1.0	0.0	0.0
chr1:1281665-1282165	ENSG00000162572	SCNN1D	chr1	1281665	1282165	1280435	+	1480	epithelial	method2b_glasso	1.0	0.0	0.0
chr1:1282399-1282899	ENSG00000162572	SCNN1D	chr1	1282399	1282899	1280435	+	2214	epithelial	method2b_glasso	1.0	0.0	0.0
chr1:1306705-1307205	ENSG00000169972	PUSL1	chr1	1306705	1307205	1308596	+	1641	epithelial	method2b_glasso	1.0	0.0	0.0
chr1:1307207-1307707	ENSG00000131584	ACAP3	chr1	1307207	1307707	1309608	-	2151	epithelial	method2b_glasso	1.0	0.0	0.0
chr1:1307207-1307707	ENSG00000169972	PUSL1	chr1	1307207	1307707	1308596	+	1139	epithelial	method2b_glasso	1.0	0.0	0.0
chr1:1307729-1308229	ENSG00000131584	ACAP3	chr1	1307729	1308229	1309608	-	1629	epithelial	method2b_glasso	1.0	0.0	0.0
chr1:1307729-1308229	ENSG00000169972	PUSL1	chr1	1307729	1308229	1308596	+	617	epithelial	method2b_glasso	1.0	0.0	0.0
chr1:1308241-1308741	ENSG00000131584	ACAP3	chr1	1308241	1308741	1309608	-	1117	epithelial	method2b_glasso	1.0	0.0	0.0
chr1:1308241-1308741	ENSG00000169972	PUSL1	chr1	1308241	1308741	1308596	+	105	epithelial	method2b_glasso	1.0	0.0	0.0
chr1:1309042-1309542	ENSG00000131584	ACAP3	chr1	1309042	1309542	1309608	-	316	epithelial	method2b_glasso	1.0	0.0	0.0
chr1:1309042-1309542	ENSG00000169972	PUSL1	chr1	1309042	1309542	1308596	+	696	epithelial	method2b_glasso	1.0	0.0	0.0
chr1:1309675-1310175	ENSG00000131584	ACAP3	chr1	1309675	1310175	1309608	-	317	epithelial	method2b_glasso	1.0	0.0	0.0
chr1:1309675-1310175	ENSG00000169972	PUSL1	chr1	1309675	1310175	1308596	+	1329	epithelial	method2b_glasso	1.0	0.0	0.0
chr1:1310240-1310740	ENSG00000131584	ACAP3	chr1	1310240	1310740	1309608	-	882	epithelial	method2b_glasso	1.0	0.0	0.0
chr1:1310240-1310740	ENSG00000169972	PUSL1	chr1	1310240	1310740	1308596	+	1894	epithelial	method2b_glasso	1.0	0.0	0.0
chr1:1311098-1311598	ENSG00000131584	ACAP3	chr1	1311098	1311598	1309608	-	1740	epithelial	method2b_glasso	1.0	0.0	0.0
chr1:1322967-1323467	ENSG00000127054	INTS11	chr1	1322967	1323467	1324686	-	1469	epithelial	method2b_glasso	1.0	0.0	0.0
chr1:1322967-1323467	ENSG00000224051	CPTP	chr1	1322967	1323467	1324755	+	1538	epithelial	method2b_glasso	1.0	0.0	0.0
chr1:1323755-1324255	ENSG00000127054	INTS11	chr1	1323755	1324255	1324686	-	681	epithelial	method2b_glasso	1.0	0.0	0.0
chr1:1323755-1324255	ENSG00000224051	CPTP	chr1	1323755	1324255	1324755	+	750	epithelial	method2b_glasso	1.0	0.0	0.0
chr1:1324502-1325002	ENSG00000127054	INTS11	chr1	1324502	1325002	1324686	-	66	epithelial	method2b_glasso	1.0	0.0	0.0
chr1:1324502-1325002	ENSG00000224051	CPTP	chr1	1324502	1325002	1324755	+	3	epithelial	method2b_glasso	1.0	0.0	0.0
chr1:1325020-1325520	ENSG00000127054	INTS11	chr1	1325020	1325520	1324686	-	584	epithelial	method2b_glasso	1.0	0.0	0.0
chr1:1325020-1325520	ENSG00000224051	CPTP	chr1	1325020	1325520	1324755	+	515	epithelial	method2b_glasso	1.0	0.0	0.0
chr1:1325670-1326170	ENSG00000127054	INTS11	chr1	1325670	1326170	1324686	-	1234	epithelial	method2b_glasso	1.0	0.0	0.0
chr1:1325670-1326170	ENSG00000224051	CPTP	chr1	1325670	1326170	1324755	+	1165	epithelial	method2b_glasso	1.0	0.0	0.0
chr1:1326436-1326936	ENSG00000127054	INTS11	chr1	1326436	1326936	1324686	-	2000	epithelial	method2b_glasso	1.0	0.0	0.0
chr1:1326436-1326936	ENSG00000224051	CPTP	chr1	1326436	1326936	1324755	+	1931	epithelial	method2b_glasso	1.0	0.0	0.0
chr1:1329323-1329823	ENSG00000169962	TAS1R3	chr1	1329323	1329823	1331279	+	1706	epithelial	method2b_glasso	1.0	0.0	0.0
chr1:1330073-1330573	ENSG00000169962	TAS1R3	chr1	1330073	1330573	1331279	+	956	epithelial	method2b_glasso	1.0	0.0	0.0
chr1:1330890-1331390	ENSG00000169962	TAS1R3	chr1	1330890	1331390	1331279	+	139	epithelial	method2b_glasso	1.0	0.0	0.0
chr1:1331874-1332374	ENSG00000169962	TAS1R3	chr1	1331874	1332374	1331279	+	845	epithelial	method2b_glasso	1.0	0.0	0.0
chr1:1332793-1333293	ENSG00000169962	TAS1R3	chr1	1332793	1333293	1331279	+	1764	epithelial	method2b_glasso	1.0	0.0	0.0
chr1:1347558-1348058	ENSG00000107404	DVL1	chr1	1347558	1348058	1349417	-	1609	epithelial	method2b_glasso	1.0	0.0	0.0
chr1:1348360-1348860	ENSG00000107404	DVL1	chr1	1348360	1348860	1349417	-	807	epithelial	method2b_glasso	1.0	0.0	0.0
chr1:1349186-1349686	ENSG00000107404	DVL1	chr1	1349186	1349686	1349417	-	19	epithelial	method2b_glasso	1.0	0.0	0.0
chr1:1349712-1350212	ENSG00000107404	DVL1	chr1	1349712	1350212	1349417	-	545	epithelial	method2b_glasso	1.0	0.0	0.0
chr1:1351299-1351799	ENSG00000107404	DVL1	chr1	1351299	1351799	1349417	-	2132	epithelial	method2b_glasso	1.0	0.0	0.0
chr1:1359443-1359943	ENSG00000162576	MXRA8	chr1	1359443	1359943	1361776	-	2083	epithelial	method2b_glasso	1.0	0.0	0.0
chr1:1360426-1360926	ENSG00000162576	MXRA8	chr1	1360426	1360926	1361776	-	1100	epithelial	method2b_glasso	1.0	0.0	0.0
chr1:1360990-1361490	ENSG00000162576	MXRA8	chr1	1360990	1361490	1361776	-	536	epithelial	method2b_glasso	1.0	0.0	0.0
chr1:1361879-1362379	ENSG00000162576	MXRA8	chr1	1361879	1362379	1361776	-	353	epithelial	method2b_glasso	1.0	0.0	0.0
chr1:1362866-1363366	ENSG00000162576	MXRA8	chr1	1362866	1363366	1361776	-	1340	epithelial	method2b_glasso	1.0	0.0	0.0
chr1:1373197-1373697	ENSG00000175756	AURKAIP1	chr1	1373197	1373697	1375206	-	1759	epithelial	method2b_glasso	1.0	0.0	0.0
chr1:1373775-1374275	ENSG00000175756	AURKAIP1	chr1	1373775	1374275	1375206	-	1181	epithelial	method2b_glasso	1.0	0.0	0.0
chr1:1374540-1375040	ENSG00000175756	AURKAIP1	chr1	1374540	1375040	1375206	-	416	epithelial	method2b_glasso	1.0	0.0	0.0
chr1:1375214-1375714	ENSG00000175756	AURKAIP1	chr1	1375214	1375714	1375206	-	258	epithelial	method2b_glasso	1.0	0.0	0.0
chr1:1376049-1376549	ENSG00000175756	AURKAIP1	chr1	1376049	1376549	1375206	-	1093	epithelial	method2b_glasso	1.0	0.0	0.0
chr1:1376781-1377281	ENSG00000175756	AURKAIP1	chr1	1376781	1377281	1375206	-	1825	epithelial	method2b_glasso	1.0	0.0	0.0
chr1:1396876-1397376	ENSG00000221978	CCNL2	chr1	1396876	1397376	1399334	-	2208	epithelial	method2b_glasso	1.0	0.0	0.0
chr1:1397536-1398036	ENSG00000221978	CCNL2	chr1	1397536	1398036	1399334	-	1548	epithelial	method2b_glasso	1.0	0.0	0.0
chr1:1398103-1398603	ENSG00000221978	CCNL2	chr1	1398103	1398603	1399334	-	981	epithelial	method2b_glasso	1.0	0.0	0.0
chr1:1398636-1399136	ENSG00000221978	CCNL2	chr1	1398636	1399136	1399334	-	448	epithelial	method2b_glasso	1.0	0.0	0.0
chr1:1399203-1399703	ENSG00000221978	CCNL2	chr1	1399203	1399703	1399334	-	119	epithelial	method2b_glasso	1.0	0.0	0.0
chr1:1399775-1400275	ENSG00000221978	CCNL2	chr1	1399775	1400275	1399334	-	691	epithelial	method2b_glasso	1.0	0.0	0.0
chr1:1400438-1400938	ENSG00000221978	CCNL2	chr1	1400438	1400938	1399334	-	1354	epithelial	method2b_glasso	1.0	0.0	0.0
chr1:1400947-1401447	ENSG00000221978	CCNL2	chr1	1400947	1401447	1399334	-	1863	epithelial	method2b_glasso	1.0	0.0	0.0
chr1:1405495-1405995	ENSG00000242485	MRPL20	chr1	1405495	1405995	1407292	-	1547	epithelial	method2b_glasso	1.0	0.0	0.0
chr1:1406430-1406930	ENSG00000242485	MRPL20	chr1	1406430	1406930	1407292	-	612	epithelial	method2b_glasso	1.0	0.0	0.0
chr1:1407051-1407551	ENSG00000242485	MRPL20	chr1	1407051	1407551	1407292	-	9	epithelial	method2b_glasso	1.0	0.0	0.0
chr1:1407591-1408091	ENSG00000242485	MRPL20	chr1	1407591	1408091	1407292	-	549	epithelial	method2b_glasso	1.0	0.0	0.0
chr1:1408846-1409346	ENSG00000242485	MRPL20	chr1	1408846	1409346	1407292	-	1804	epithelial	method2b_glasso	1.0	0.0	0.0
chr1:1419938-1420438	ENSG00000235098	ANKRD65	chr1	1419938	1420438	1421768	-	1580	epithelial	method2b_glasso	1.0	0.0	0.0
chr1:1420719-1421219	ENSG00000235098	ANKRD65	chr1	1420719	1421219	1421768	-	799	epithelial	method2b_glasso	1.0	0.0	0.0
chr1:1421250-1421750	ENSG00000235098	ANKRD65	chr1	1421250	1421750	1421768	-	268	epithelial	method2b_glasso	1.0	0.0	0.0
chr1:1421960-1422460	ENSG00000235098	ANKRD65	chr1	1421960	1422460	1421768	-	442	epithelial	method2b_glasso	1.0	0.0	0.0
chr1:1424797-1425297	ENSG00000205116	TMEM88B	chr1	1424797	1425297	1425870	+	823	epithelial	method2b_glasso	1.0	0.0	0.0
chr1:1425310-1425810	ENSG00000205116	TMEM88B	chr1	1425310	1425810	1425870	+	310	epithelial	method2b_glasso	1.0	0.0	0.0
chr1:1425859-1426359	ENSG00000205116	TMEM88B	chr1	1425859	1426359	1425870	+	239	epithelial	method2b_glasso	1.0	0.0	0.0
chr1:1426690-1427190	ENSG00000205116	TMEM88B	chr1	1426690	1427190	1425870	+	1070	epithelial	method2b_glasso	1.0	0.0	0.0
chr1:1427195-1427695	ENSG00000205116	TMEM88B	chr1	1427195	1427695	1425870	+	1575	epithelial	method2b_glasso	1.0	0.0	0.0
chr1:1432438-1432938	ENSG00000179403	VWA1	chr1	1432438	1432938	1434860	+	2172	epithelial	method2b_glasso	1.0	0.0	0.0
chr1:1433141-1433641	ENSG00000179403	VWA1	chr1	1433141	1433641	1434860	+	1469	epithelial	method2b_glasso	1.0	0.0	0.0
chr1:1433689-1434189	ENSG00000179403	VWA1	chr1	1433689	1434189	1434860	+	921	epithelial	method2b_glasso	1.0	0.0	0.0
chr1:1434471-1434971	ENSG00000179403	VWA1	chr1	1434471	1434971	1434860	+	139	epithelial	method2b_glasso	1.0	0.0	0.0
chr1:1435399-1435899	ENSG00000179403	VWA1	chr1	1435399	1435899	1434860	+	789	epithelial	method2b_glasso	1.0	0.0	0.0
chr1:1436236-1436736	ENSG00000179403	VWA1	chr1	1436236	1436736	1434860	+	1626	epithelial	method2b_glasso	1.0	0.0	0.0
chr1:1436777-1437277	ENSG00000179403	VWA1	chr1	1436777	1437277	1434860	+	2167	epithelial	method2b_glasso	1.0	0.0	0.0
chr1:1448368-1448868	ENSG00000215915	ATAD3C	chr1	1448368	1448868	1449688	+	1070	epithelial	method2b_glasso	1.0	0.0	0.0
chr1:1449489-1449989	ENSG00000215915	ATAD3C	chr1	1449489	1449989	1449688	+	51	epithelial	method2b_glasso	1.0	0.0	0.0
chr1:1469457-1469957	ENSG00000160072	ATAD3B	chr1	1469457	1469957	1471764	+	2057	epithelial	method2b_glasso	1.0	0.0	0.0
chr1:1470846-1471346	ENSG00000160072	ATAD3B	chr1	1470846	1471346	1471764	+	668	epithelial	method2b_glasso	1.0	0.0	0.0
chr1:1471448-1471948	ENSG00000160072	ATAD3B	chr1	1471448	1471948	1471764	+	66	epithelial	method2b_glasso	1.0	0.0	0.0
chr1:1471951-1472451	ENSG00000160072	ATAD3B	chr1	1471951	1472451	1471764	+	437	epithelial	method2b_glasso	1.0	0.0	0.0
chr1:1472678-1473178	ENSG00000160072	ATAD3B	chr1	1472678	1473178	1471764	+	1164	epithelial	method2b_glasso	1.0	0.0	0.0
chr1:1510580-1511080	ENSG00000197785	ATAD3A	chr1	1510580	1511080	1512161	+	1331	epithelial	method2b_glasso	1.0	0.0	0.0
chr1:1511298-1511798	ENSG00000197785	ATAD3A	chr1	1511298	1511798	1512161	+	613	epithelial	method2b_glasso	1.0	0.0	0.0
chr1:1511835-1512335	ENSG00000197785	ATAD3A	chr1	1511835	1512335	1512161	+	76	epithelial	method2b_glasso	1.0	0.0	0.0
chr1:1512439-1512939	ENSG00000197785	ATAD3A	chr1	1512439	1512939	1512161	+	528	epithelial	method2b_glasso	1.0	0.0	0.0
chr1:1538258-1538758	ENSG00000205090	TMEM240	chr1	1538258	1538758	1540623	-	2115	epithelial	method2b_glasso	1.0	0.0	0.0
chr1:1539075-1539575	ENSG00000205090	TMEM240	chr1	1539075	1539575	1540623	-	1298	epithelial	method2b_glasso	1.0	0.0	0.0
chr1:1539776-1540276	ENSG00000205090	TMEM240	chr1	1539776	1540276	1540623	-	597	epithelial	method2b_glasso	1.0	0.0	0.0
chr1:1540362-1540862	ENSG00000205090	TMEM240	chr1	1540362	1540862	1540623	-	11	epithelial	method2b_glasso	1.0	0.0	0.0
chr1:1540874-1541374	ENSG00000205090	TMEM240	chr1	1540874	1541374	1540623	-	501	epithelial	method2b_glasso	1.0	0.0	0.0
chr1:1541903-1542403	ENSG00000205090	TMEM240	chr1	1541903	1542403	1540623	-	1530	epithelial	method2b_glasso	1.0	0.0	0.0
chr1:1542450-1542950	ENSG00000205090	TMEM240	chr1	1542450	1542950	1540623	-	2077	epithelial	method2b_glasso	1.0	0.0	0.0
chr1:1573174-1573674	ENSG00000160075	SSU72	chr1	1573174	1573674	1574862	-	1438	epithelial	method2b_glasso	1.0	0.0	0.0
chr1:1574104-1574604	ENSG00000160075	SSU72	chr1	1574104	1574604	1574862	-	508	epithelial	method2b_glasso	1.0	0.0	0.0
chr1:1574648-1575148	ENSG00000160075	SSU72	chr1	1574648	1575148	1574862	-	36	epithelial	method2b_glasso	1.0	0.0	0.0
chr1:1575182-1575682	ENSG00000160075	SSU72	chr1	1575182	1575682	1574862	-	570	epithelial	method2b_glasso	1.0	0.0	0.0
chr1:1575741-1576241	ENSG00000160075	SSU72	chr1	1575741	1576241	1574862	-	1129	epithelial	method2b_glasso	1.0	0.0	0.0
chr1:1576297-1576797	ENSG00000160075	SSU72	chr1	1576297	1576797	1574862	-	1685	epithelial	method2b_glasso	1.0	0.0	0.0
chr1:1598124-1598624	ENSG00000228594	FNDC10	chr1	1598124	1598624	1600134	-	1760	epithelial	method2b_glasso	1.0	0.0	0.0
chr1:1598696-1599196	ENSG00000228594	FNDC10	chr1	1598696	1599196	1600134	-	1188	epithelial	method2b_glasso	1.0	0.0	0.0
chr1:1599364-1599864	ENSG00000228594	FNDC10	chr1	1599364	1599864	1600134	-	520	epithelial	method2b_glasso	1.0	0.0	0.0
chr1:1599924-1600424	ENSG00000228594	FNDC10	chr1	1599924	1600424	1600134	-	40	epithelial	method2b_glasso	1.0	0.0	0.0
chr1:1600796-1601296	ENSG00000228594	FNDC10	chr1	1600796	1601296	1600134	-	912	epithelial	method2b_glasso	1.0	0.0	0.0
chr1:1601312-1601812	ENSG00000228594	FNDC10	chr1	1601312	1601812	1600134	-	1428	epithelial	method2b_glasso	1.0	0.0	0.0
chr1:1601881-1602381	ENSG00000228594	FNDC10	chr1	1601881	1602381	1600134	-	1997	epithelial	method2b_glasso	1.0	0.0	0.0
chr1:1613740-1614240	ENSG00000197530	MIB2	chr1	1613740	1614240	1615453	+	1463	epithelial	method2b_glasso	1.0	0.0	0.0
chr1:1614437-1614937	ENSG00000197530	MIB2	chr1	1614437	1614937	1615453	+	766	epithelial	method2b_glasso	1.0	0.0	0.0
chr1:1615133-1615633	ENSG00000197530	MIB2	chr1	1615133	1615633	1615453	+	70	epithelial	method2b_glasso	1.0	0.0	0.0
chr1:1615938-1616438	ENSG00000197530	MIB2	chr1	1615938	1616438	1615453	+	735	epithelial	method2b_glasso	1.0	0.0	0.0
chr1:1616581-1617081	ENSG00000197530	MIB2	chr1	1616581	1617081	1615453	+	1378	epithelial	method2b_glasso	1.0	0.0	0.0
chr1:1617156-1617656	ENSG00000197530	MIB2	chr1	1617156	1617656	1615453	+	1953	epithelial	method2b_glasso	1.0	0.0	0.0
chr1:1629667-1630167	ENSG00000189409	MMP23B	chr1	1629667	1630167	1632162	+	2245	epithelial	method2b_glasso	1.0	0.0	0.0
chr1:1630207-1630707	ENSG00000189409	MMP23B	chr1	1630207	1630707	1632162	+	1705	epithelial	method2b_glasso	1.0	0.0	0.0
chr1:1630847-1631347	ENSG00000189409	MMP23B	chr1	1630847	1631347	1632162	+	1065	epithelial	method2b_glasso	1.0	0.0	0.0
chr1:1631855-1632355	ENSG00000189409	MMP23B	chr1	1631855	1632355	1632162	+	57	epithelial	method2b_glasso	1.0	0.0	0.0
chr1:1658431-1658931	ENSG00000248333	CDK11B	chr1	1658431	1658931	1659011	-	330	epithelial	method2b_glasso	1.0	0.0	0.0
chr1:1658942-1659442	ENSG00000248333	CDK11B	chr1	1658942	1659442	1659011	-	181	epithelial	method2b_glasso	1.0	0.0	0.0
chr1:1659581-1660081	ENSG00000248333	CDK11B	chr1	1659581	1660081	1659011	-	820	epithelial	method2b_glasso	1.0	0.0	0.0
chr1:1660597-1661097	ENSG00000248333	CDK11B	chr1	1660597	1661097	1659011	-	1836	epithelial	method2b_glasso	1.0	0.0	0.0
chr1:1692278-1692778	ENSG00000189339	SLC35E2B	chr1	1692278	1692778	1692794	-	266	epithelial	method2b_glasso	1.0	0.0	0.0
chr1:1692921-1693421	ENSG00000189339	SLC35E2B	chr1	1692921	1693421	1692794	-	377	epithelial	method2b_glasso	1.0	0.0	0.0
chr1:1693967-1694467	ENSG00000189339	SLC35E2B	chr1	1693967	1694467	1692794	-	1423	epithelial	method2b_glasso	1.0	0.0	0.0
chr1:1724177-1724677	ENSG00000008128	CDK11A	chr1	1724177	1724677	1724356	-	71	epithelial	method2b_glasso	1.0	0.0	0.0
chr1:1725962-1726462	ENSG00000008128	CDK11A	chr1	1725962	1726462	1724356	-	1856	epithelial	method2b_glasso	1.0	0.0	0.0
chr1:1778201-1778701	ENSG00000008130	NADK	chr1	1778201	1778701	1780456	-	2005	epithelial	method2b_glasso	1.0	0.0	0.0
chr1:1778735-1779235	ENSG00000008130	NADK	chr1	1778735	1779235	1780456	-	1471	epithelial	method2b_glasso	1.0	0.0	0.0
chr1:1779587-1780087	ENSG00000008130	NADK	chr1	1779587	1780087	1780456	-	619	epithelial	method2b_glasso	1.0	0.0	0.0
chr1:1780317-1780817	ENSG00000008130	NADK	chr1	1780317	1780817	1780456	-	111	epithelial	method2b_glasso	1.0	0.0	0.0
chr1:1781317-1781817	ENSG00000008130	NADK	chr1	1781317	1781817	1780456	-	1111	epithelial	method2b_glasso	1.0	0.0	0.0
chr1:1782387-1782887	ENSG00000008130	NADK	chr1	1782387	1782887	1780456	-	2181	epithelial	method2b_glasso	1.0	0.0	0.0
chr1:1890221-1890721	ENSG00000078369	GNB1	chr1	1890221	1890721	1892291	-	1820	epithelial	method2b_glasso	1.0	0.0	0.0
chr1:1890873-1891373	ENSG00000078369	GNB1	chr1	1890873	1891373	1892291	-	1168	epithelial	method2b_glasso	1.0	0.0	0.0
chr1:1891480-1891980	ENSG00000078369	GNB1	chr1	1891480	1891980	1892291	-	561	epithelial	method2b_glasso	1.0	0.0	0.0
chr1:1891995-1892495	ENSG00000078369	GNB1	chr1	1891995	1892495	1892291	-	46	epithelial	method2b_glasso	1.0	0.0	0.0
chr1:1892664-1893164	ENSG00000078369	GNB1	chr1	1892664	1893164	1892291	-	623	epithelial	method2b_glasso	1.0	0.0	0.0
chr1:1893608-1894108	ENSG00000078369	GNB1	chr1	1893608	1894108	1892291	-	1567	epithelial	method2b_glasso	1.0	0.0	0.0
chr1:1894234-1894734	ENSG00000078369	GNB1	chr1	1894234	1894734	1892291	-	2193	epithelial	method2b_glasso	1.0	0.0	0.0
chr1:1913643-1914143	ENSG00000169885	CALML6	chr1	1913643	1914143	1915107	+	1214	epithelial	method2b_glasso	1.0	0.0	0.0
chr1:1914388-1914888	ENSG00000169885	CALML6	chr1	1914388	1914888	1915107	+	469	epithelial	method2b_glasso	1.0	0.0	0.0
chr1:1914930-1915430	ENSG00000169885	CALML6	chr1	1914930	1915430	1915107	+	73	epithelial	method2b_glasso	1.0	0.0	0.0
chr1:1915801-1916301	ENSG00000169885	CALML6	chr1	1915801	1916301	1915107	+	944	epithelial	method2b_glasso	1.0	0.0	0.0
chr1:1916416-1916916	ENSG00000169885	CALML6	chr1	1916416	1916916	1915107	+	1559	epithelial	method2b_glasso	1.0	0.0	0.0
chr1:1917238-1917738	ENSG00000178821	TMEM52	chr1	1917238	1917738	1919278	-	1790	epithelial	method2b_glasso	1.0	0.0	0.0
chr1:1918008-1918508	ENSG00000178821	TMEM52	chr1	1918008	1918508	1919278	-	1020	epithelial	method2b_glasso	1.0	0.0	0.0
chr1:1918530-1919030	ENSG00000178821	TMEM52	chr1	1918530	1919030	1919278	-	498	epithelial	method2b_glasso	1.0	0.0	0.0
chr1:1919058-1919558	ENSG00000178821	TMEM52	chr1	1919058	1919558	1919278	-	30	epithelial	method2b_glasso	1.0	0.0	0.0
chr1:1919733-1920233	ENSG00000178821	TMEM52	chr1	1919733	1920233	1919278	-	705	epithelial	method2b_glasso	1.0	0.0	0.0
chr1:1920365-1920865	ENSG00000178821	TMEM52	chr1	1920365	1920865	1919278	-	1337	epithelial	method2b_glasso	1.0	0.0	0.0
chr1:1920981-1921481	ENSG00000178821	TMEM52	chr1	1920981	1921481	1919278	-	1953	epithelial	method2b_glasso	1.0	0.0	0.0
chr1:2003537-2004037	ENSG00000142609	CFAP74	chr1	2003537	2004037	2003836	-	49	epithelial	method2b_glasso	1.0	0.0	0.0
chr1:2018459-2018959	ENSG00000187730	GABRD	chr1	2018459	2018959	2019328	+	619	epithelial	method2b_glasso	1.0	0.0	0.0
chr1:2019088-2019588	ENSG00000187730	GABRD	chr1	2019088	2019588	2019328	+	10	epithelial	method2b_glasso	1.0	0.0	0.0
chr1:2019602-2020102	ENSG00000187730	GABRD	chr1	2019602	2020102	2019328	+	524	epithelial	method2b_glasso	1.0	0.0	0.0
chr1:2020214-2020714	ENSG00000187730	GABRD	chr1	2020214	2020714	2019328	+	1136	epithelial	method2b_glasso	1.0	0.0	0.0
chr1:2048237-2048737	ENSG00000067606	PRKCZ	chr1	2048237	2048737	2050410	+	1923	epithelial	method2b_glasso	1.0	0.0	0.0
chr1:2049366-2049866	ENSG00000067606	PRKCZ	chr1	2049366	2049866	2050410	+	794	epithelial	method2b_glasso	1.0	0.0	0.0
chr1:2050035-2050535	ENSG00000067606	PRKCZ	chr1	2050035	2050535	2050410	+	125	epithelial	method2b_glasso	1.0	0.0	0.0
chr1:2051014-2051514	ENSG00000067606	PRKCZ	chr1	2051014	2051514	2050410	+	854	epithelial	method2b_glasso	1.0	0.0	0.0
chr1:2052059-2052559	ENSG00000067606	PRKCZ	chr1	2052059	2052559	2050410	+	1899	epithelial	method2b_glasso	1.0	0.0	0.0
chr1:2210703-2211203	ENSG00000162585	FAAP20	chr1	2210703	2211203	2212719	-	1766	epithelial	method2b_glasso	1.0	0.0	0.0
chr1:2212059-2212559	ENSG00000162585	FAAP20	chr1	2212059	2212559	2212719	-	410	epithelial	method2b_glasso	1.0	0.0	0.0
chr1:2212635-2213135	ENSG00000162585	FAAP20	chr1	2212635	2213135	2212719	-	166	epithelial	method2b_glasso	1.0	0.0	0.0
chr1:2213175-2213675	ENSG00000162585	FAAP20	chr1	2213175	2213675	2212719	-	706	epithelial	method2b_glasso	1.0	0.0	0.0
chr1:2214052-2214552	ENSG00000162585	FAAP20	chr1	2214052	2214552	2212719	-	1583	epithelial	method2b_glasso	1.0	0.0	0.0
chr1:2225384-2225884	ENSG00000157933	SKI	chr1	2225384	2225884	2227387	+	1753	epithelial	method2b_glasso	1.0	0.0	0.0
chr1:2226115-2226615	ENSG00000157933	SKI	chr1	2226115	2226615	2227387	+	1022	epithelial	method2b_glasso	1.0	0.0	0.0
chr1:2226641-2227141	ENSG00000157933	SKI	chr1	2226641	2227141	2227387	+	496	epithelial	method2b_glasso	1.0	0.0	0.0
chr1:2227501-2228001	ENSG00000157933	SKI	chr1	2227501	2228001	2227387	+	364	epithelial	method2b_glasso	1.0	0.0	0.0
chr1:2228033-2228533	ENSG00000157933	SKI	chr1	2228033	2228533	2227387	+	896	epithelial	method2b_glasso	1.0	0.0	0.0
chr1:2229052-2229552	ENSG00000157933	SKI	chr1	2229052	2229552	2227387	+	1915	epithelial	method2b_glasso	1.0	0.0	0.0
chr1:2389565-2390065	ENSG00000116151	MORN1	chr1	2389565	2390065	2391706	-	1891	epithelial	method2b_glasso	1.0	0.0	0.0
chr1:2389565-2390065	ENSG00000157916	RER1	chr1	2389565	2390065	2391774	+	1959	epithelial	method2b_glasso	1.0	0.0	0.0
chr1:2390331-2390831	ENSG00000116151	MORN1	chr1	2390331	2390831	2391706	-	1125	epithelial	method2b_glasso	1.0	0.0	0.0
chr1:2390331-2390831	ENSG00000157916	RER1	chr1	2390331	2390831	2391774	+	1193	epithelial	method2b_glasso	1.0	0.0	0.0
chr1:2390919-2391419	ENSG00000116151	MORN1	chr1	2390919	2391419	2391706	-	537	epithelial	method2b_glasso	1.0	0.0	0.0
chr1:2390919-2391419	ENSG00000157916	RER1	chr1	2390919	2391419	2391774	+	605	epithelial	method2b_glasso	1.0	0.0	0.0
chr1:2391461-2391961	ENSG00000116151	MORN1	chr1	2391461	2391961	2391706	-	5	epithelial	method2b_glasso	1.0	0.0	0.0
chr1:2391461-2391961	ENSG00000157916	RER1	chr1	2391461	2391961	2391774	+	63	epithelial	method2b_glasso	1.0	0.0	0.0
chr1:2392042-2392542	ENSG00000116151	MORN1	chr1	2392042	2392542	2391706	-	586	epithelial	method2b_glasso	1.0	0.0	0.0
chr1:2392042-2392542	ENSG00000157916	RER1	chr1	2392042	2392542	2391774	+	518	epithelial	method2b_glasso	1.0	0.0	0.0
chr1:2392597-2393097	ENSG00000116151	MORN1	chr1	2392597	2393097	2391706	-	1141	epithelial	method2b_glasso	1.0	0.0	0.0
chr1:2392597-2393097	ENSG00000157916	RER1	chr1	2392597	2393097	2391774	+	1073	epithelial	method2b_glasso	1.0	0.0	0.0
chr1:2393490-2393990	ENSG00000116151	MORN1	chr1	2393490	2393990	2391706	-	2034	epithelial	method2b_glasso	1.0	0.0	0.0
chr1:2393490-2393990	ENSG00000157916	RER1	chr1	2393490	2393990	2391774	+	1966	epithelial	method2b_glasso	1.0	0.0	0.0
chr1:2411830-2412330	ENSG00000157911	PEX10	chr1	2411830	2412330	2413796	-	1716	epithelial	method2b_glasso	1.0	0.0	0.0
chr1:2412377-2412877	ENSG00000157911	PEX10	chr1	2412377	2412877	2413796	-	1169	epithelial	method2b_glasso	1.0	0.0	0.0
chr1:2413016-2413516	ENSG00000157911	PEX10	chr1	2413016	2413516	2413796	-	530	epithelial	method2b_glasso	1.0	0.0	0.0
chr1:2413590-2414090	ENSG00000157911	PEX10	chr1	2413590	2414090	2413796	-	44	epithelial	method2b_glasso	1.0	0.0	0.0
chr1:2414307-2414807	ENSG00000157911	PEX10	chr1	2414307	2414807	2413796	-	761	epithelial	method2b_glasso	1.0	0.0	0.0
chr1:2415115-2415615	ENSG00000157911	PEX10	chr1	2415115	2415615	2413796	-	1569	epithelial	method2b_glasso	1.0	0.0	0.0
chr1:2415631-2416131	ENSG00000157911	PEX10	chr1	2415631	2416131	2413796	-	2085	epithelial	method2b_glasso	1.0	0.0	0.0
chr1:2426225-2426725	ENSG00000149527	PLCH2	chr1	2426225	2426725	2425979	+	496	epithelial	method2b_glasso	1.0	0.0	0.0
chr1:2427296-2427796	ENSG00000149527	PLCH2	chr1	2427296	2427796	2425979	+	1567	epithelial	method2b_glasso	1.0	0.0	0.0
chr1:2427805-2428305	ENSG00000149527	PLCH2	chr1	2427805	2428305	2425979	+	2076	epithelial	method2b_glasso	1.0	0.0	0.0
chr1:2524367-2524867	ENSG00000157881	PANK4	chr1	2524367	2524867	2526596	-	1979	epithelial	method2b_glasso	1.0	0.0	0.0
chr1:2524949-2525449	ENSG00000157881	PANK4	chr1	2524949	2525449	2526596	-	1397	epithelial	method2b_glasso	1.0	0.0	0.0
chr1:2525479-2525979	ENSG00000157881	PANK4	chr1	2525479	2525979	2526596	-	867	epithelial	method2b_glasso	1.0	0.0	0.0
chr1:2526039-2526539	ENSG00000157881	PANK4	chr1	2526039	2526539	2526596	-	307	epithelial	method2b_glasso	1.0	0.0	0.0
chr1:2526859-2527359	ENSG00000157881	PANK4	chr1	2526859	2527359	2526596	-	513	epithelial	method2b_glasso	1.0	0.0	0.0
chr1:2527535-2528035	ENSG00000157881	PANK4	chr1	2527535	2528035	2526596	-	1189	epithelial	method2b_glasso	1.0	0.0	0.0
chr1:2528155-2528655	ENSG00000157881	PANK4	chr1	2528155	2528655	2526596	-	1809	epithelial	method2b_glasso	1.0	0.0	0.0
chr1:2528155-2528655	ENSG00000197921	HES5	chr1	2528155	2528655	2530262	-	1857	epithelial	method2b_glasso	1.0	0.0	0.0
chr1:2529145-2529645	ENSG00000197921	HES5	chr1	2529145	2529645	2530262	-	867	epithelial	method2b_glasso	1.0	0.0	0.0
chr1:2530059-2530559	ENSG00000197921	HES5	chr1	2530059	2530559	2530262	-	47	epithelial	method2b_glasso	1.0	0.0	0.0
chr1:2530692-2531192	ENSG00000197921	HES5	chr1	2530692	2531192	2530262	-	680	epithelial	method2b_glasso	1.0	0.0	0.0
chr1:2531229-2531729	ENSG00000197921	HES5	chr1	2531229	2531729	2530262	-	1217	epithelial	method2b_glasso	1.0	0.0	0.0
chr1:2531737-2532237	ENSG00000197921	HES5	chr1	2531737	2532237	2530262	-	1725	epithelial	method2b_glasso	1.0	0.0	0.0
chr1:2553787-2554287	ENSG00000157873	TNFRSF14	chr1	2553787	2554287	2555638	+	1601	epithelial	method2b_glasso	1.0	0.0	0.0
chr1:2554296-2554796	ENSG00000157873	TNFRSF14	chr1	2554296	2554796	2555638	+	1092	epithelial	method2b_glasso	1.0	0.0	0.0
chr1:2555054-2555554	ENSG00000157873	TNFRSF14	chr1	2555054	2555554	2555638	+	334	epithelial	method2b_glasso	1.0	0.0	0.0
chr1:2555691-2556191	ENSG00000157873	TNFRSF14	chr1	2555691	2556191	2555638	+	303	epithelial	method2b_glasso	1.0	0.0	0.0
chr1:2556270-2556770	ENSG00000157873	TNFRSF14	chr1	2556270	2556770	2555638	+	882	epithelial	method2b_glasso	1.0	0.0	0.0
chr1:2556843-2557343	ENSG00000157873	TNFRSF14	chr1	2556843	2557343	2555638	+	1455	epithelial	method2b_glasso	1.0	0.0	0.0
chr1:2557379-2557879	ENSG00000157873	TNFRSF14	chr1	2557379	2557879	2555638	+	1991	epithelial	method2b_glasso	1.0	0.0	0.0
chr1:2584772-2585272	ENSG00000157870	PRXL2B	chr1	2584772	2585272	2586490	+	1468	epithelial	method2b_glasso	1.0	0.0	0.0
chr1:2585346-2585846	ENSG00000157870	PRXL2B	chr1	2585346	2585846	2586490	+	894	epithelial	method2b_glasso	1.0	0.0	0.0
chr1:2586300-2586800	ENSG00000157870	PRXL2B	chr1	2586300	2586800	2586490	+	60	epithelial	method2b_glasso	1.0	0.0	0.0
chr1:2587210-2587710	ENSG00000157870	PRXL2B	chr1	2587210	2587710	2586490	+	970	epithelial	method2b_glasso	1.0	0.0	0.0
chr1:2587930-2588430	ENSG00000157870	PRXL2B	chr1	2587930	2588430	2586490	+	1690	epithelial	method2b_glasso	1.0	0.0	0.0
chr1:2630936-2631436	ENSG00000142606	MMEL1	chr1	2630936	2631436	2633015	-	1829	epithelial	method2b_glasso	1.0	0.0	0.0
chr1:2631476-2631976	ENSG00000142606	MMEL1	chr1	2631476	2631976	2633015	-	1289	epithelial	method2b_glasso	1.0	0.0	0.0
chr1:2632046-2632546	ENSG00000142606	MMEL1	chr1	2632046	2632546	2633015	-	719	epithelial	method2b_glasso	1.0	0.0	0.0
chr1:2632903-2633403	ENSG00000142606	MMEL1	chr1	2632903	2633403	2633015	-	138	epithelial	method2b_glasso	1.0	0.0	0.0
chr1:2633840-2634340	ENSG00000142606	MMEL1	chr1	2633840	2634340	2633015	-	1075	epithelial	method2b_glasso	1.0	0.0	0.0
chr1:2800866-2801366	ENSG00000215912	TTC34	chr1	2800866	2801366	2801692	-	576	epithelial	method2b_glasso	1.0	0.0	0.0
chr1:2801452-2801952	ENSG00000215912	TTC34	chr1	2801452	2801952	2801692	-	10	epithelial	method2b_glasso	1.0	0.0	0.0
chr1:2802507-2803007	ENSG00000215912	TTC34	chr1	2802507	2803007	2801692	-	1065	epithelial	method2b_glasso	1.0	0.0	0.0
chr1:2803456-2803956	ENSG00000215912	TTC34	chr1	2803456	2803956	2801692	-	2014	epithelial	method2b_glasso	1.0	0.0	0.0
chr1:3019102-3019602	ENSG00000169717	ACTRT2	chr1	3019102	3019602	3021466	+	2114	epithelial	method2b_glasso	1.0	0.0	0.0
chr1:3067183-3067683	ENSG00000142611	PRDM16	chr1	3067183	3067683	3069167	+	1734	epithelial	method2b_glasso	1.0	0.0	0.0
chr1:3067748-3068248	ENSG00000142611	PRDM16	chr1	3067748	3068248	3069167	+	1169	epithelial	method2b_glasso	1.0	0.0	0.0
chr1:3068287-3068787	ENSG00000142611	PRDM16	chr1	3068287	3068787	3069167	+	630	epithelial	method2b_glasso	1.0	0.0	0.0
chr1:3068955-3069455	ENSG00000142611	PRDM16	chr1	3068955	3069455	3069167	+	38	epithelial	method2b_glasso	1.0	0.0	0.0
chr1:3069964-3070464	ENSG00000142611	PRDM16	chr1	3069964	3070464	3069167	+	1047	epithelial	method2b_glasso	1.0	0.0	0.0
chr1:3070960-3071460	ENSG00000142611	PRDM16	chr1	3070960	3071460	3069167	+	2043	epithelial	method2b_glasso	1.0	0.0	0.0
chr1:3452225-3452725	ENSG00000130762	ARHGEF16	chr1	3452225	3452725	3454664	+	2189	epithelial	method2b_glasso	1.0	0.0	0.0
chr1:3453073-3453573	ENSG00000130762	ARHGEF16	chr1	3453073	3453573	3454664	+	1341	epithelial	method2b_glasso	1.0	0.0	0.0
chr1:3453693-3454193	ENSG00000130762	ARHGEF16	chr1	3453693	3454193	3454664	+	721	epithelial	method2b_glasso	1.0	0.0	0.0
chr1:3454226-3454726	ENSG00000130762	ARHGEF16	chr1	3454226	3454726	3454664	+	188	epithelial	method2b_glasso	1.0	0.0	0.0
chr1:3454782-3455282	ENSG00000130762	ARHGEF16	chr1	3454782	3455282	3454664	+	368	epithelial	method2b_glasso	1.0	0.0	0.0
chr1:3455492-3455992	ENSG00000130762	ARHGEF16	chr1	3455492	3455992	3454664	+	1078	epithelial	method2b_glasso	1.0	0.0	0.0
chr1:3456119-3456619	ENSG00000130762	ARHGEF16	chr1	3456119	3456619	3454664	+	1705	epithelial	method2b_glasso	1.0	0.0	0.0
chr1:3456647-3457147	ENSG00000130762	ARHGEF16	chr1	3456647	3457147	3454664	+	2233	epithelial	method2b_glasso	1.0	0.0	0.0
chr1:3609733-3610233	ENSG00000162591	MEGF6	chr1	3609733	3610233	3611507	-	1524	epithelial	method2b_glasso	1.0	0.0	0.0
chr1:3610471-3610971	ENSG00000162591	MEGF6	chr1	3610471	3610971	3611507	-	786	epithelial	method2b_glasso	1.0	0.0	0.0
chr1:3611453-3611953	ENSG00000162591	MEGF6	chr1	3611453	3611953	3611507	-	196	epithelial	method2b_glasso	1.0	0.0	0.0
chr1:3612498-3612998	ENSG00000162591	MEGF6	chr1	3612498	3612998	3611507	-	1241	epithelial	method2b_glasso	1.0	0.0	0.0
chr1:3613308-3613808	ENSG00000162591	MEGF6	chr1	3613308	3613808	3611507	-	2051	epithelial	method2b_glasso	1.0	0.0	0.0
chr1:3622789-3623289	ENSG00000158109	TPRG1L	chr1	3622789	3623289	3625014	+	1975	epithelial	method2b_glasso	1.0	0.0	0.0
chr1:3623420-3623920	ENSG00000158109	TPRG1L	chr1	3623420	3623920	3625014	+	1344	epithelial	method2b_glasso	1.0	0.0	0.0
chr1:3623947-3624447	ENSG00000158109	TPRG1L	chr1	3623947	3624447	3625014	+	817	epithelial	method2b_glasso	1.0	0.0	0.0
chr1:3624668-3625168	ENSG00000158109	TPRG1L	chr1	3624668	3625168	3625014	+	96	epithelial	method2b_glasso	1.0	0.0	0.0
chr1:3625188-3625688	ENSG00000158109	TPRG1L	chr1	3625188	3625688	3625014	+	424	epithelial	method2b_glasso	1.0	0.0	0.0
chr1:3626434-3626934	ENSG00000158109	TPRG1L	chr1	3626434	3626934	3625014	+	1670	epithelial	method2b_glasso	1.0	0.0	0.0
chr1:3627004-3627504	ENSG00000158109	TPRG1L	chr1	3627004	3627504	3625014	+	2240	epithelial	method2b_glasso	1.0	0.0	0.0
chr1:3650385-3650885	ENSG00000078900	TP73	chr1	3650385	3650885	3652515	+	1880	epithelial	method2b_glasso	1.0	0.0	0.0
chr1:3650385-3650885	ENSG00000116213	WRAP73	chr1	3650385	3650885	3652760	-	2125	epithelial	method2b_glasso	1.0	0.0	0.0
chr1:3651387-3651887	ENSG00000078900	TP73	chr1	3651387	3651887	3652515	+	878	epithelial	method2b_glasso	1.0	0.0	0.0
chr1:3651387-3651887	ENSG00000116213	WRAP73	chr1	3651387	3651887	3652760	-	1123	epithelial	method2b_glasso	1.0	0.0	0.0
chr1:3651902-3652402	ENSG00000078900	TP73	chr1	3651902	3652402	3652515	+	363	epithelial	method2b_glasso	1.0	0.0	0.0
chr1:3651902-3652402	ENSG00000116213	WRAP73	chr1	3651902	3652402	3652760	-	608	epithelial	method2b_glasso	1.0	0.0	0.0
chr1:3652561-3653061	ENSG00000078900	TP73	chr1	3652561	3653061	3652515	+	296	epithelial	method2b_glasso	1.0	0.0	0.0
chr1:3652561-3653061	ENSG00000116213	WRAP73	chr1	3652561	3653061	3652760	-	51	epithelial	method2b_glasso	1.0	0.0	0.0
chr1:3653087-3653587	ENSG00000078900	TP73	chr1	3653087	3653587	3652515	+	822	epithelial	method2b_glasso	1.0	0.0	0.0
chr1:3653087-3653587	ENSG00000116213	WRAP73	chr1	3653087	3653587	3652760	-	577	epithelial	method2b_glasso	1.0	0.0	0.0
chr1:3654201-3654701	ENSG00000078900	TP73	chr1	3654201	3654701	3652515	+	1936	epithelial	method2b_glasso	1.0	0.0	0.0
chr1:3654201-3654701	ENSG00000116213	WRAP73	chr1	3654201	3654701	3652760	-	1691	epithelial	method2b_glasso	1.0	0.0	0.0
chr1:3654743-3655243	ENSG00000116213	WRAP73	chr1	3654743	3655243	3652760	-	2233	epithelial	method2b_glasso	1.0	0.0	0.0
chr1:3745400-3745900	ENSG00000162592	CCDC27	chr1	3745400	3745900	3746459	+	809	epithelial	method2b_glasso	1.0	0.0	0.0
chr1:3746005-3746505	ENSG00000162592	CCDC27	chr1	3746005	3746505	3746459	+	204	epithelial	method2b_glasso	1.0	0.0	0.0
chr1:3746636-3747136	ENSG00000162592	CCDC27	chr1	3746636	3747136	3746459	+	427	epithelial	method2b_glasso	1.0	0.0	0.0
chr1:3747195-3747695	ENSG00000162592	CCDC27	chr1	3747195	3747695	3746459	+	986	epithelial	method2b_glasso	1.0	0.0	0.0
chr1:3771112-3771612	ENSG00000235169	SMIM1	chr1	3771112	3771612	3772748	+	1386	epithelial	method2b_glasso	1.0	0.0	0.0
chr1:3771760-3772260	ENSG00000235169	SMIM1	chr1	3771760	3772260	3772748	+	738	epithelial	method2b_glasso	1.0	0.0	0.0
chr1:3772373-3772873	ENSG00000235169	SMIM1	chr1	3772373	3772873	3772748	+	125	epithelial	method2b_glasso	1.0	0.0	0.0
chr1:3772933-3773433	ENSG00000235169	SMIM1	chr1	3772933	3773433	3772748	+	435	epithelial	method2b_glasso	1.0	0.0	0.0
chr1:3773592-3774092	ENSG00000235169	SMIM1	chr1	3773592	3774092	3772748	+	1094	epithelial	method2b_glasso	1.0	0.0	0.0
chr1:3774497-3774997	ENSG00000235169	SMIM1	chr1	3774497	3774997	3772748	+	1999	epithelial	method2b_glasso	1.0	0.0	0.0
chr1:3795683-3796183	ENSG00000130764	LRRC47	chr1	3795683	3796183	3796497	-	564	epithelial	method2b_glasso	1.0	0.0	0.0
chr1:3796246-3796746	ENSG00000130764	LRRC47	chr1	3796246	3796746	3796497	-	1	epithelial	method2b_glasso	1.0	0.0	0.0
chr1:3796815-3797315	ENSG00000130764	LRRC47	chr1	3796815	3797315	3796497	-	568	epithelial	method2b_glasso	1.0	0.0	0.0
chr1:3856478-3856978	ENSG00000116198	CEP104	chr1	3856478	3856978	3857395	-	667	epithelial	method2b_glasso	1.0	0.0	0.0
chr1:3856478-3856978	ENSG00000169598	DFFB	chr1	3856478	3856978	3857266	+	538	epithelial	method2b_glasso	1.0	0.0	0.0
chr1:3856478-3856978	ENSG00000198912	C1orf174	chr1	3856478	3856978	3900292	-	43564	epithelial	method2b_glasso	0.08356787264347076	9.147051605395973e-05	0.005104951094835997
chr1:3857005-3857505	ENSG00000116198	CEP104	chr1	3857005	3857505	3857395	-	140	epithelial	method2b_glasso	1.0	0.0	0.0
chr1:3857005-3857505	ENSG00000169598	DFFB	chr1	3857005	3857505	3857266	+	11	epithelial	method2b_glasso	1.0	0.0	0.0
chr1:3857005-3857505	ENSG00000198912	C1orf174	chr1	3857005	3857505	3900292	-	43037	epithelial	method2b_glasso	0.18032799661159515	2.2152619429153207e-16	5.4975904335624257e-14
chr1:3857950-3858450	ENSG00000116198	CEP104	chr1	3857950	3858450	3857395	-	805	epithelial	method2b_glasso	1.0	0.0	0.0
chr1:3857950-3858450	ENSG00000169598	DFFB	chr1	3857950	3858450	3857266	+	934	epithelial	method2b_glasso	1.0	0.0	0.0
chr1:3858653-3859153	ENSG00000116198	CEP104	chr1	3858653	3859153	3857395	-	1508	epithelial	method2b_glasso	1.0	0.0	0.0
chr1:3858653-3859153	ENSG00000169598	DFFB	chr1	3858653	3859153	3857266	+	1637	epithelial	method2b_glasso	1.0	0.0	0.0
chr1:3859577-3860077	ENSG00000116198	CEP104	chr1	3859577	3860077	3857395	-	2432	epithelial	method2b_glasso	0.1005021333694458	3.3470860216766596e-06	0.0002593007229734212
chr1:3859577-3860077	ENSG00000169598	DFFB	chr1	3859577	3860077	3857266	+	2561	epithelial	method2b_glasso	0.1005021333694458	3.3470860216766596e-06	0.0002593007229734212
chr1:3859577-3860077	ENSG00000198912	C1orf174	chr1	3859577	3860077	3900292	-	40465	epithelial	method2b_glasso	0.0905521810054779	2.5022298359544948e-05	0.0016067182878032327
chr1:3867967-3868467	ENSG00000116198	CEP104	chr1	3867967	3868467	3857395	-	10822	epithelial	method2b_glasso	0.08680956810712814	5.071309715276584e-05	0.0030252025462687016
chr1:3867967-3868467	ENSG00000169598	DFFB	chr1	3867967	3868467	3857266	+	10951	epithelial	method2b_glasso	0.08680956810712814	5.071309715276584e-05	0.0030252025462687016
chr1:3869600-3870100	ENSG00000116198	CEP104	chr1	3869600	3870100	3857395	-	12455	epithelial	method2b_glasso	0.06867315620183945	0.0010600723326206207	0.042825017124414444
chr1:3869600-3870100	ENSG00000169598	DFFB	chr1	3869600	3870100	3857266	+	12584	epithelial	method2b_glasso	0.06867315620183945	0.0010600723326206207	0.042825017124414444
chr1:3870247-3870747	ENSG00000116198	CEP104	chr1	3870247	3870747	3857395	-	13102	epithelial	method2b_glasso	0.07035523653030396	0.0008210688829421997	0.034432489424943924
chr1:3870247-3870747	ENSG00000169598	DFFB	chr1	3870247	3870747	3857266	+	13231	epithelial	method2b_glasso	0.07035523653030396	0.0008210688829421997	0.034432489424943924
chr1:3891046-3891546	ENSG00000198912	C1orf174	chr1	3891046	3891546	3900292	-	8996	epithelial	method2b_glasso	0.0944008156657219	1.1760685993067455e-05	0.0008132454240694642
chr1:3894765-3895265	ENSG00000198912	C1orf174	chr1	3894765	3895265	3900292	-	5277	epithelial	method2b_glasso	0.08352693915367126	9.214234887622297e-05	0.0051384554244577885
chr1:3898189-3898689	ENSG00000198912	C1orf174	chr1	3898189	3898689	3900292	-	1853	epithelial	method2b_glasso	1.0	0.0	0.0
chr1:3899339-3899839	ENSG00000198912	C1orf174	chr1	3899339	3899839	3900292	-	703	epithelial	method2b_glasso	1.0	0.0	0.0
chr1:3900017-3900517	ENSG00000116198	CEP104	chr1	3900017	3900517	3857395	-	42872	epithelial	method2b_glasso	0.16719476878643036	2.625290697994779e-14	5.480913032457346e-12
chr1:3900017-3900517	ENSG00000169598	DFFB	chr1	3900017	3900517	3857266	+	43001	epithelial	method2b_glasso	0.16719476878643036	2.625290697994779e-14	5.480913032457346e-12
chr1:3900017-3900517	ENSG00000198912	C1orf174	chr1	3900017	3900517	3900292	-	25	epithelial	method2b_glasso	1.0	0.0	0.0
chr1:3900623-3901123	ENSG00000116198	CEP104	chr1	3900623	3901123	3857395	-	43478	epithelial	method2b_glasso	0.1331220418214798	1.1413600065068863e-09	1.5068799541495537e-07
chr1:3900623-3901123	ENSG00000169598	DFFB	chr1	3900623	3901123	3857266	+	43607	epithelial	method2b_glasso	0.1331220418214798	1.1413600065068863e-09	1.5068799541495537e-07
chr1:3900623-3901123	ENSG00000198912	C1orf174	chr1	3900623	3901123	3900292	-	581	epithelial	method2b_glasso	1.0	0.0	0.0
chr1:3901144-3901644	ENSG00000116198	CEP104	chr1	3901144	3901644	3857395	-	43999	epithelial	method2b_glasso	0.18032799661159515	2.2152619429153207e-16	5.4975904335624257e-14
chr1:3901144-3901644	ENSG00000169598	DFFB	chr1	3901144	3901644	3857266	+	44128	epithelial	method2b_glasso	0.18032799661159515	2.2152619429153207e-16	5.4975904335624257e-14
chr1:3901144-3901644	ENSG00000198912	C1orf174	chr1	3901144	3901644	3900292	-	1102	epithelial	method2b_glasso	1.0	0.0	0.0
chr1:3902107-3902607	ENSG00000198912	C1orf174	chr1	3902107	3902607	3900292	-	2065	epithelial	method2b_glasso	1.0	0.0	0.0
chr1:3903062-3903562	ENSG00000198912	C1orf174	chr1	3903062	3903562	3900292	-	3020	epithelial	method2b_glasso	0.08330932259559631	9.579231118550524e-05	0.00531759113073349
chr1:3904084-3904584	ENSG00000198912	C1orf174	chr1	3904084	3904584	3900292	-	4042	epithelial	method2b_glasso	0.07523283362388611	0.00037970018456690013	0.01771698147058487
chr1:3907209-3907709	ENSG00000198912	C1orf174	chr1	3907209	3907709	3900292	-	7167	epithelial	method2b_glasso	0.06961333006620407	0.0009196126484312117	0.03792519122362137
chr1:3910712-3911212	ENSG00000198912	C1orf174	chr1	3910712	3911212	3900292	-	10670	epithelial	method2b_glasso	0.12003079801797867	3.641212487082157e-08	3.925050350517267e-06
chr1:3911549-3912049	ENSG00000198912	C1orf174	chr1	3911549	3912049	3900292	-	11507	epithelial	method2b_glasso	0.06935808062553406	0.0009559517493471503	0.039204444736242294
chr1:4652495-4652995	ENSG00000196581	AJAP1	chr1	4652495	4652995	4654608	+	1863	epithelial	method2b_glasso	1.0	0.0	0.0
chr1:4653012-4653512	ENSG00000196581	AJAP1	chr1	4653012	4653512	4654608	+	1346	epithelial	method2b_glasso	1.0	0.0	0.0
chr1:4654418-4654918	ENSG00000196581	AJAP1	chr1	4654418	4654918	4654608	+	60	epithelial	method2b_glasso	1.0	0.0	0.0
chr1:4655194-4655694	ENSG00000196581	AJAP1	chr1	4655194	4655694	4654608	+	836	epithelial	method2b_glasso	1.0	0.0	0.0
chr1:4656217-4656717	ENSG00000196581	AJAP1	chr1	4656217	4656717	4654608	+	1859	epithelial	method2b_glasso	1.0	0.0	0.0
chr1:4710750-4711250	ENSG00000196581	AJAP1	chr1	4710750	4711250	4654608	+	56392	epithelial	method2b_glasso	0.06933361291885376	0.0009595037554390728	0.039325762540102005
chr1:5988459-5988959	ENSG00000069424	KCNAB2	chr1	5988459	5988959	5990926	+	2217	epithelial	method2b_glasso	1.0	0.0	0.0
chr1:5989478-5989978	ENSG00000069424	KCNAB2	chr1	5989478	5989978	5990926	+	1198	epithelial	method2b_glasso	1.0	0.0	0.0
chr1:5991221-5991721	ENSG00000069424	KCNAB2	chr1	5991221	5991721	5990926	+	545	epithelial	method2b_glasso	1.0	0.0	0.0
chr1:5991221-5991721	ENSG00000131697	NPHP4	chr1	5991221	5991721	5992472	-	1001	epithelial	method2b_glasso	1.0	0.0	0.0
chr1:5991752-5992252	ENSG00000069424	KCNAB2	chr1	5991752	5992252	5990926	+	1076	epithelial	method2b_glasso	1.0	0.0	0.0
chr1:5991752-5992252	ENSG00000131697	NPHP4	chr1	5991752	5992252	5992472	-	470	epithelial	method2b_glasso	1.0	0.0	0.0
chr1:5992261-5992761	ENSG00000069424	KCNAB2	chr1	5992261	5992761	5990926	+	1585	epithelial	method2b_glasso	1.0	0.0	0.0
chr1:5992261-5992761	ENSG00000131697	NPHP4	chr1	5992261	5992761	5992472	-	39	epithelial	method2b_glasso	1.0	0.0	0.0
chr1:5992879-5993379	ENSG00000069424	KCNAB2	chr1	5992879	5993379	5990926	+	2203	epithelial	method2b_glasso	1.0	0.0	0.0
chr1:5992879-5993379	ENSG00000131697	NPHP4	chr1	5992879	5993379	5992472	-	657	epithelial	method2b_glasso	1.0	0.0	0.0
chr1:5993797-5994297	ENSG00000131697	NPHP4	chr1	5993797	5994297	5992472	-	1575	epithelial	method2b_glasso	1.0	0.0	0.0
chr1:6179305-6179805	ENSG00000116254	CHD5	chr1	6179305	6179805	6180320	-	765	epithelial	method2b_glasso	1.0	0.0	0.0
chr1:6180279-6180779	ENSG00000116254	CHD5	chr1	6180279	6180779	6180320	-	209	epithelial	method2b_glasso	1.0	0.0	0.0
chr1:6181258-6181758	ENSG00000116254	CHD5	chr1	6181258	6181758	6180320	-	1188	epithelial	method2b_glasso	1.0	0.0	0.0
chr1:6197662-6198162	ENSG00000285629	ENSG00000285629	chr1	6197662	6198162	6197756	-	156	epithelial	method2b_glasso	1.0	0.0	0.0
chr1:6198227-6198727	ENSG00000285629	ENSG00000285629	chr1	6198227	6198727	6197756	-	721	epithelial	method2b_glasso	1.0	0.0	0.0
chr1:6198765-6199265	ENSG00000285629	ENSG00000285629	chr1	6198765	6199265	6197756	-	1259	epithelial	method2b_glasso	1.0	0.0	0.0
chr1:6199404-6199904	ENSG00000285629	ENSG00000285629	chr1	6199404	6199904	6197756	-	1898	epithelial	method2b_glasso	1.0	0.0	0.0
chr1:6204442-6204942	ENSG00000158286	RNF207	chr1	6204442	6204942	6205474	+	782	epithelial	method2b_glasso	1.0	0.0	0.0
chr1:6205101-6205601	ENSG00000158286	RNF207	chr1	6205101	6205601	6205474	+	123	epithelial	method2b_glasso	1.0	0.0	0.0
chr1:6205774-6206274	ENSG00000158286	RNF207	chr1	6205774	6206274	6205474	+	550	epithelial	method2b_glasso	1.0	0.0	0.0
chr1:6206360-6206860	ENSG00000158286	RNF207	chr1	6206360	6206860	6205474	+	1136	epithelial	method2b_glasso	1.0	0.0	0.0
chr1:6207196-6207696	ENSG00000116251	RPL22	chr1	6207196	6207696	6209388	-	1942	epithelial	method2b_glasso	1.0	0.0	0.0
chr1:6207196-6207696	ENSG00000158286	RNF207	chr1	6207196	6207696	6205474	+	1972	epithelial	method2b_glasso	1.0	0.0	0.0
chr1:6207775-6208275	ENSG00000116251	RPL22	chr1	6207775	6208275	6209388	-	1363	epithelial	method2b_glasso	1.0	0.0	0.0
chr1:6208599-6209099	ENSG00000116251	RPL22	chr1	6208599	6209099	6209388	-	539	epithelial	method2b_glasso	1.0	0.0	0.0
chr1:6209128-6209628	ENSG00000116251	RPL22	chr1	6209128	6209628	6209388	-	10	epithelial	method2b_glasso	1.0	0.0	0.0
chr1:6209684-6210184	ENSG00000116251	RPL22	chr1	6209684	6210184	6209388	-	546	epithelial	method2b_glasso	1.0	0.0	0.0
chr1:6210332-6210832	ENSG00000116251	RPL22	chr1	6210332	6210832	6209388	-	1194	epithelial	method2b_glasso	1.0	0.0	0.0
chr1:6210947-6211447	ENSG00000116251	RPL22	chr1	6210947	6211447	6209388	-	1809	epithelial	method2b_glasso	1.0	0.0	0.0
chr1:6234581-6235081	ENSG00000116237	ICMT	chr1	6234581	6235081	6235971	-	1140	epithelial	method2b_glasso	1.0	0.0	0.0
chr1:6235160-6235660	ENSG00000116237	ICMT	chr1	6235160	6235660	6235971	-	561	epithelial	method2b_glasso	1.0	0.0	0.0
chr1:6235759-6236259	ENSG00000116237	ICMT	chr1	6235759	6236259	6235971	-	38	epithelial	method2b_glasso	1.0	0.0	0.0
chr1:6236398-6236898	ENSG00000116237	ICMT	chr1	6236398	6236898	6235971	-	677	epithelial	method2b_glasso	1.0	0.0	0.0
chr1:6237403-6237903	ENSG00000116237	ICMT	chr1	6237403	6237903	6235971	-	1682	epithelial	method2b_glasso	1.0	0.0	0.0
chr1:6242111-6242611	ENSG00000173673	HES3	chr1	6242111	6242611	6244178	+	1817	epithelial	method2b_glasso	1.0	0.0	0.0
chr1:6242621-6243121	ENSG00000173673	HES3	chr1	6242621	6243121	6244178	+	1307	epithelial	method2b_glasso	1.0	0.0	0.0
chr1:6243243-6243743	ENSG00000173673	HES3	chr1	6243243	6243743	6244178	+	685	epithelial	method2b_glasso	1.0	0.0	0.0
chr1:6243769-6244269	ENSG00000173673	HES3	chr1	6243769	6244269	6244178	+	159	epithelial	method2b_glasso	1.0	0.0	0.0
chr1:6244457-6244957	ENSG00000173673	HES3	chr1	6244457	6244957	6244178	+	529	epithelial	method2b_glasso	1.0	0.0	0.0
chr1:6245011-6245511	ENSG00000173673	HES3	chr1	6245011	6245511	6244178	+	1083	epithelial	method2b_glasso	1.0	0.0	0.0
chr1:6245869-6246369	ENSG00000173673	HES3	chr1	6245869	6246369	6244178	+	1941	epithelial	method2b_glasso	1.0	0.0	0.0
chr1:6259358-6259858	ENSG00000158292	GPR153	chr1	6259358	6259858	6261097	-	1489	epithelial	method2b_glasso	1.0	0.0	0.0
chr1:6259979-6260479	ENSG00000158292	GPR153	chr1	6259979	6260479	6261097	-	868	epithelial	method2b_glasso	1.0	0.0	0.0
chr1:6260871-6261371	ENSG00000158292	GPR153	chr1	6260871	6261371	6261097	-	24	epithelial	method2b_glasso	1.0	0.0	0.0
chr1:6261548-6262048	ENSG00000158292	GPR153	chr1	6261548	6262048	6261097	-	701	epithelial	method2b_glasso	1.0	0.0	0.0
chr1:6262152-6262652	ENSG00000158292	GPR153	chr1	6262152	6262652	6261097	-	1305	epithelial	method2b_glasso	1.0	0.0	0.0
chr1:6262911-6263411	ENSG00000158292	GPR153	chr1	6262911	6263411	6261097	-	2064	epithelial	method2b_glasso	1.0	0.0	0.0
chr1:6391921-6392421	ENSG00000097021	ACOT7	chr1	6391921	6392421	6393766	-	1595	epithelial	method2b_glasso	1.0	0.0	0.0
chr1:6392921-6393421	ENSG00000097021	ACOT7	chr1	6392921	6393421	6393766	-	595	epithelial	method2b_glasso	1.0	0.0	0.0
chr1:6393545-6394045	ENSG00000097021	ACOT7	chr1	6393545	6394045	6393766	-	29	epithelial	method2b_glasso	1.0	0.0	0.0
chr1:6394227-6394727	ENSG00000097021	ACOT7	chr1	6394227	6394727	6393766	-	711	epithelial	method2b_glasso	1.0	0.0	0.0
chr1:6395090-6395590	ENSG00000097021	ACOT7	chr1	6395090	6395590	6393766	-	1574	epithelial	method2b_glasso	1.0	0.0	0.0
chr1:6422798-6423298	ENSG00000069812	HES2	chr1	6422798	6423298	6424669	-	1621	epithelial	method2b_glasso	1.0	0.0	0.0
chr1:6422798-6423298	ENSG00000187017	ESPN	chr1	6422798	6423298	6424775	+	1727	epithelial	method2b_glasso	1.0	0.0	0.0
chr1:6423367-6423867	ENSG00000069812	HES2	chr1	6423367	6423867	6424669	-	1052	epithelial	method2b_glasso	1.0	0.0	0.0
chr1:6423367-6423867	ENSG00000187017	ESPN	chr1	6423367	6423867	6424775	+	1158	epithelial	method2b_glasso	1.0	0.0	0.0
chr1:6423998-6424498	ENSG00000069812	HES2	chr1	6423998	6424498	6424669	-	421	epithelial	method2b_glasso	1.0	0.0	0.0
chr1:6423998-6424498	ENSG00000187017	ESPN	chr1	6423998	6424498	6424775	+	527	epithelial	method2b_glasso	1.0	0.0	0.0
chr1:6424512-6425012	ENSG00000069812	HES2	chr1	6424512	6425012	6424669	-	93	epithelial	method2b_glasso	1.0	0.0	0.0
chr1:6424512-6425012	ENSG00000187017	ESPN	chr1	6424512	6425012	6424775	+	13	epithelial	method2b_glasso	1.0	0.0	0.0
chr1:6425045-6425545	ENSG00000069812	HES2	chr1	6425045	6425545	6424669	-	626	epithelial	method2b_glasso	1.0	0.0	0.0
chr1:6425045-6425545	ENSG00000187017	ESPN	chr1	6425045	6425545	6424775	+	520	epithelial	method2b_glasso	1.0	0.0	0.0
chr1:6425770-6426270	ENSG00000069812	HES2	chr1	6425770	6426270	6424669	-	1351	epithelial	method2b_glasso	1.0	0.0	0.0
chr1:6425770-6426270	ENSG00000187017	ESPN	chr1	6425770	6426270	6424775	+	1245	epithelial	method2b_glasso	1.0	0.0	0.0
chr1:6426296-6426796	ENSG00000069812	HES2	chr1	6426296	6426796	6424669	-	1877	epithelial	method2b_glasso	1.0	0.0	0.0
chr1:6426296-6426796	ENSG00000187017	ESPN	chr1	6426296	6426796	6424775	+	1771	epithelial	method2b_glasso	1.0	0.0	0.0
chr1:6464447-6464947	ENSG00000215788	TNFRSF25	chr1	6464447	6464947	6466174	-	1477	epithelial	method2b_glasso	1.0	0.0	0.0
chr1:6465214-6465714	ENSG00000215788	TNFRSF25	chr1	6465214	6465714	6466174	-	710	epithelial	method2b_glasso	1.0	0.0	0.0
chr1:6465873-6466373	ENSG00000215788	TNFRSF25	chr1	6465873	6466373	6466174	-	51	epithelial	method2b_glasso	1.0	0.0	0.0
chr1:6466897-6467397	ENSG00000215788	TNFRSF25	chr1	6466897	6467397	6466174	-	973	epithelial	method2b_glasso	1.0	0.0	0.0
chr1:6467562-6468062	ENSG00000215788	TNFRSF25	chr1	6467562	6468062	6466174	-	1638	epithelial	method2b_glasso	1.0	0.0	0.0
chr1:6468068-6468568	ENSG00000215788	TNFRSF25	chr1	6468068	6468568	6466174	-	2144	epithelial	method2b_glasso	1.0	0.0	0.0
chr1:6519907-6520407	ENSG00000171680	PLEKHG5	chr1	6519907	6520407	6520073	-	84	epithelial	method2b_glasso	1.0	0.0	0.0
chr1:6553071-6553571	ENSG00000162408	NOL9	chr1	6553071	6553571	6554512	-	1191	epithelial	method2b_glasso	1.0	0.0	0.0
chr1:6553071-6553571	ENSG00000173662	TAS1R1	chr1	6553071	6553571	6555306	+	1985	epithelial	method2b_glasso	1.0	0.0	0.0
chr1:6553692-6554192	ENSG00000162408	NOL9	chr1	6553692	6554192	6554512	-	570	epithelial	method2b_glasso	1.0	0.0	0.0
chr1:6553692-6554192	ENSG00000173662	TAS1R1	chr1	6553692	6554192	6555306	+	1364	epithelial	method2b_glasso	1.0	0.0	0.0
chr1:6554299-6554799	ENSG00000162408	NOL9	chr1	6554299	6554799	6554512	-	37	epithelial	method2b_glasso	1.0	0.0	0.0
chr1:6554299-6554799	ENSG00000173662	TAS1R1	chr1	6554299	6554799	6555306	+	757	epithelial	method2b_glasso	1.0	0.0	0.0
chr1:6554900-6555400	ENSG00000162408	NOL9	chr1	6554900	6555400	6554512	-	638	epithelial	method2b_glasso	1.0	0.0	0.0
chr1:6554900-6555400	ENSG00000173662	TAS1R1	chr1	6554900	6555400	6555306	+	156	epithelial	method2b_glasso	1.0	0.0	0.0
chr1:6578013-6578513	ENSG00000204859	ZBTB48	chr1	6578013	6578513	6579993	+	1730	epithelial	method2b_glasso	1.0	0.0	0.0
chr1:6579037-6579537	ENSG00000204859	ZBTB48	chr1	6579037	6579537	6579993	+	706	epithelial	method2b_glasso	1.0	0.0	0.0
chr1:6579659-6580159	ENSG00000204859	ZBTB48	chr1	6579659	6580159	6579993	+	84	epithelial	method2b_glasso	1.0	0.0	0.0
chr1:6580453-6580953	ENSG00000204859	ZBTB48	chr1	6580453	6580953	6579993	+	710	epithelial	method2b_glasso	1.0	0.0	0.0
chr1:6581068-6581568	ENSG00000204859	ZBTB48	chr1	6581068	6581568	6579993	+	1325	epithelial	method2b_glasso	1.0	0.0	0.0
chr1:6581773-6582273	ENSG00000204859	ZBTB48	chr1	6581773	6582273	6579993	+	2030	epithelial	method2b_glasso	1.0	0.0	0.0
chr1:6611999-6612499	ENSG00000116273	PHF13	chr1	6611999	6612499	6613730	+	1481	epithelial	method2b_glasso	1.0	0.0	0.0
chr1:6612604-6613104	ENSG00000116273	PHF13	chr1	6612604	6613104	6613730	+	876	epithelial	method2b_glasso	1.0	0.0	0.0
chr1:6612604-6613104	ENSG00000162413	KLHL21	chr1	6612604	6613104	6614606	-	1752	epithelial	method2b_glasso	1.0	0.0	0.0
chr1:6613232-6613732	ENSG00000116273	PHF13	chr1	6613232	6613732	6613730	+	248	epithelial	method2b_glasso	1.0	0.0	0.0
chr1:6613232-6613732	ENSG00000162413	KLHL21	chr1	6613232	6613732	6614606	-	1124	epithelial	method2b_glasso	1.0	0.0	0.0
chr1:6613950-6614450	ENSG00000116273	PHF13	chr1	6613950	6614450	6613730	+	470	epithelial	method2b_glasso	1.0	0.0	0.0
chr1:6613950-6614450	ENSG00000162413	KLHL21	chr1	6613950	6614450	6614606	-	406	epithelial	method2b_glasso	1.0	0.0	0.0
chr1:6614548-6615048	ENSG00000116273	PHF13	chr1	6614548	6615048	6613730	+	1068	epithelial	method2b_glasso	1.0	0.0	0.0
chr1:6614548-6615048	ENSG00000162413	KLHL21	chr1	6614548	6615048	6614606	-	192	epithelial	method2b_glasso	1.0	0.0	0.0
chr1:6615095-6615595	ENSG00000116273	PHF13	chr1	6615095	6615595	6613730	+	1615	epithelial	method2b_glasso	1.0	0.0	0.0
chr1:6615095-6615595	ENSG00000162413	KLHL21	chr1	6615095	6615595	6614606	-	739	epithelial	method2b_glasso	1.0	0.0	0.0
chr1:6615834-6616334	ENSG00000162413	KLHL21	chr1	6615834	6616334	6614606	-	1478	epithelial	method2b_glasso	1.0	0.0	0.0
chr1:6616564-6617064	ENSG00000162413	KLHL21	chr1	6616564	6617064	6614606	-	2208	epithelial	method2b_glasso	1.0	0.0	0.0
chr1:6622931-6623431	ENSG00000041988	THAP3	chr1	6622931	6623431	6624867	+	1686	epithelial	method2b_glasso	1.0	0.0	0.0
chr1:6624050-6624550	ENSG00000041988	THAP3	chr1	6624050	6624550	6624867	+	567	epithelial	method2b_glasso	1.0	0.0	0.0
chr1:6624912-6625412	ENSG00000041988	THAP3	chr1	6624912	6625412	6624867	+	295	epithelial	method2b_glasso	1.0	0.0	0.0
chr1:6625740-6626240	ENSG00000041988	THAP3	chr1	6625740	6626240	6624867	+	1123	epithelial	method2b_glasso	1.0	0.0	0.0
chr1:6626293-6626793	ENSG00000041988	THAP3	chr1	6626293	6626793	6624867	+	1676	epithelial	method2b_glasso	1.0	0.0	0.0
chr1:6626806-6627306	ENSG00000041988	THAP3	chr1	6626806	6627306	6624867	+	2189	epithelial	method2b_glasso	1.0	0.0	0.0
chr1:6699842-6700342	ENSG00000007923	DNAJC11	chr1	6699842	6700342	6701923	-	1831	epithelial	method2b_glasso	1.0	0.0	0.0
chr1:6700919-6701419	ENSG00000007923	DNAJC11	chr1	6700919	6701419	6701923	-	754	epithelial	method2b_glasso	1.0	0.0	0.0
chr1:6701655-6702155	ENSG00000007923	DNAJC11	chr1	6701655	6702155	6701923	-	18	epithelial	method2b_glasso	1.0	0.0	0.0
chr1:6702282-6702782	ENSG00000007923	DNAJC11	chr1	6702282	6702782	6701923	-	609	epithelial	method2b_glasso	1.0	0.0	0.0
chr1:6783097-6783597	ENSG00000171735	CAMTA1	chr1	6783097	6783597	6785453	+	2106	epithelial	method2b_glasso	1.0	0.0	0.0
chr1:6783737-6784237	ENSG00000171735	CAMTA1	chr1	6783737	6784237	6785453	+	1466	epithelial	method2b_glasso	1.0	0.0	0.0
chr1:6784473-6784973	ENSG00000171735	CAMTA1	chr1	6784473	6784973	6785453	+	730	epithelial	method2b_glasso	1.0	0.0	0.0
chr1:6785146-6785646	ENSG00000171735	CAMTA1	chr1	6785146	6785646	6785453	+	57	epithelial	method2b_glasso	1.0	0.0	0.0
chr1:6785653-6786153	ENSG00000171735	CAMTA1	chr1	6785653	6786153	6785453	+	450	epithelial	method2b_glasso	1.0	0.0	0.0
chr1:6786264-6786764	ENSG00000171735	CAMTA1	chr1	6786264	6786764	6785453	+	1061	epithelial	method2b_glasso	1.0	0.0	0.0
chr1:6786835-6787335	ENSG00000171735	CAMTA1	chr1	6786835	6787335	6785453	+	1632	epithelial	method2b_glasso	1.0	0.0	0.0
chr1:7770486-7770986	ENSG00000049245	VAMP3	chr1	7770486	7770986	7771295	+	559	epithelial	method2b_glasso	1.0	0.0	0.0
chr1:7771008-7771508	ENSG00000049245	VAMP3	chr1	7771008	7771508	7771295	+	37	epithelial	method2b_glasso	1.0	0.0	0.0
chr1:7771554-7772054	ENSG00000049245	VAMP3	chr1	7771554	7772054	7771295	+	509	epithelial	method2b_glasso	1.0	0.0	0.0
chr1:7772099-7772599	ENSG00000049245	VAMP3	chr1	7772099	7772599	7771295	+	1054	epithelial	method2b_glasso	1.0	0.0	0.0
chr1:7782011-7782511	ENSG00000049246	PER3	chr1	7782011	7782511	7784290	+	2029	epithelial	method2b_glasso	1.0	0.0	0.0
chr1:7782521-7783021	ENSG00000049246	PER3	chr1	7782521	7783021	7784290	+	1519	epithelial	method2b_glasso	1.0	0.0	0.0
chr1:7783024-7783524	ENSG00000049246	PER3	chr1	7783024	7783524	7784290	+	1016	epithelial	method2b_glasso	1.0	0.0	0.0
chr1:7783711-7784211	ENSG00000049246	PER3	chr1	7783711	7784211	7784290	+	329	epithelial	method2b_glasso	1.0	0.0	0.0
chr1:7784392-7784892	ENSG00000049246	PER3	chr1	7784392	7784892	7784290	+	352	epithelial	method2b_glasso	1.0	0.0	0.0
chr1:7785563-7786063	ENSG00000049246	PER3	chr1	7785563	7786063	7784290	+	1523	epithelial	method2b_glasso	1.0	0.0	0.0
chr1:7942224-7942724	ENSG00000049249	TNFRSF9	chr1	7942224	7942724	7943164	-	690	epithelial	method2b_glasso	1.0	0.0	0.0
chr1:7953994-7954494	ENSG00000116288	PARK7	chr1	7953994	7954494	7954290	+	46	epithelial	method2b_glasso	1.0	0.0	0.0
chr1:7954629-7955129	ENSG00000116288	PARK7	chr1	7954629	7955129	7954290	+	589	epithelial	method2b_glasso	1.0	0.0	0.0
chr1:7955836-7956336	ENSG00000116288	PARK7	chr1	7955836	7956336	7954290	+	1796	epithelial	method2b_glasso	1.0	0.0	0.0
chr1:8024288-8024788	ENSG00000116285	ERRFI1	chr1	8024288	8024788	8026308	-	1770	epithelial	method2b_glasso	1.0	0.0	0.0
chr1:8024851-8025351	ENSG00000116285	ERRFI1	chr1	8024851	8025351	8026308	-	1207	epithelial	method2b_glasso	1.0	0.0	0.0
chr1:8025525-8026025	ENSG00000116285	ERRFI1	chr1	8025525	8026025	8026308	-	533	epithelial	method2b_glasso	1.0	0.0	0.0
chr1:8026134-8026634	ENSG00000116285	ERRFI1	chr1	8026134	8026634	8026308	-	76	epithelial	method2b_glasso	1.0	0.0	0.0
chr1:8026739-8027239	ENSG00000116285	ERRFI1	chr1	8026739	8027239	8026308	-	681	epithelial	method2b_glasso	1.0	0.0	0.0
chr1:8027266-8027766	ENSG00000116285	ERRFI1	chr1	8027266	8027766	8026308	-	1208	epithelial	method2b_glasso	1.0	0.0	0.0
chr1:8028196-8028696	ENSG00000116285	ERRFI1	chr1	8028196	8028696	8026308	-	2138	epithelial	method2b_glasso	1.0	0.0	0.0
chr1:8315788-8316288	ENSG00000162426	SLC45A1	chr1	8315788	8316288	8318113	+	2075	epithelial	method2b_glasso	1.0	0.0	0.0
chr1:8316346-8316846	ENSG00000162426	SLC45A1	chr1	8316346	8316846	8318113	+	1517	epithelial	method2b_glasso	1.0	0.0	0.0
chr1:8316852-8317352	ENSG00000162426	SLC45A1	chr1	8316852	8317352	8318113	+	1011	epithelial	method2b_glasso	1.0	0.0	0.0
chr1:8317811-8318311	ENSG00000162426	SLC45A1	chr1	8317811	8318311	8318113	+	52	epithelial	method2b_glasso	1.0	0.0	0.0
chr1:8318432-8318932	ENSG00000162426	SLC45A1	chr1	8318432	8318932	8318113	+	569	epithelial	method2b_glasso	1.0	0.0	0.0
chr1:8319033-8319533	ENSG00000162426	SLC45A1	chr1	8319033	8319533	8318113	+	1170	epithelial	method2b_glasso	1.0	0.0	0.0
chr1:8847370-8847870	ENSG00000142599	RERE	chr1	8847370	8847870	8848920	-	1300	epithelial	method2b_glasso	1.0	0.0	0.0
chr1:8847942-8848442	ENSG00000142599	RERE	chr1	8847942	8848442	8848920	-	728	epithelial	method2b_glasso	1.0	0.0	0.0
chr1:8848732-8849232	ENSG00000142599	RERE	chr1	8848732	8849232	8848920	-	62	epithelial	method2b_glasso	1.0	0.0	0.0
chr1:8849276-8849776	ENSG00000142599	RERE	chr1	8849276	8849776	8848920	-	606	epithelial	method2b_glasso	1.0	0.0	0.0
chr1:8876835-8877335	ENSG00000074800	ENO1	chr1	8876835	8877335	8879189	-	2104	epithelial	method2b_glasso	1.0	0.0	0.0
chr1:8877821-8878321	ENSG00000074800	ENO1	chr1	8877821	8878321	8879189	-	1118	epithelial	method2b_glasso	1.0	0.0	0.0
chr1:8878526-8879026	ENSG00000074800	ENO1	chr1	8878526	8879026	8879189	-	413	epithelial	method2b_glasso	1.0	0.0	0.0
chr1:8879047-8879547	ENSG00000074800	ENO1	chr1	8879047	8879547	8879189	-	108	epithelial	method2b_glasso	1.0	0.0	0.0
chr1:8879575-8880075	ENSG00000074800	ENO1	chr1	8879575	8880075	8879189	-	636	epithelial	method2b_glasso	1.0	0.0	0.0
chr1:8880192-8880692	ENSG00000074800	ENO1	chr1	8880192	8880692	8879189	-	1253	epithelial	method2b_glasso	1.0	0.0	0.0
chr1:8880711-8881211	ENSG00000074800	ENO1	chr1	8880711	8881211	8879189	-	1772	epithelial	method2b_glasso	1.0	0.0	0.0
chr1:9024811-9025311	ENSG00000197241	SLC2A7	chr1	9024811	9025311	9026422	-	1361	epithelial	method2b_glasso	1.0	0.0	0.0
chr1:9025364-9025864	ENSG00000197241	SLC2A7	chr1	9025364	9025864	9026422	-	808	epithelial	method2b_glasso	1.0	0.0	0.0
chr1:9026049-9026549	ENSG00000197241	SLC2A7	chr1	9026049	9026549	9026422	-	123	epithelial	method2b_glasso	1.0	0.0	0.0
chr1:9026620-9027120	ENSG00000197241	SLC2A7	chr1	9026620	9027120	9026422	-	448	epithelial	method2b_glasso	1.0	0.0	0.0
chr1:9027248-9027748	ENSG00000197241	SLC2A7	chr1	9027248	9027748	9026422	-	1076	epithelial	method2b_glasso	1.0	0.0	0.0
chr1:9028395-9028895	ENSG00000197241	SLC2A7	chr1	9028395	9028895	9026422	-	2223	epithelial	method2b_glasso	1.0	0.0	0.0
chr1:9127253-9127753	ENSG00000180758	GPR157	chr1	9127253	9127753	9129101	-	1598	epithelial	method2b_glasso	1.0	0.0	0.0
chr1:9127757-9128257	ENSG00000180758	GPR157	chr1	9127757	9128257	9129101	-	1094	epithelial	method2b_glasso	1.0	0.0	0.0
chr1:9128259-9128759	ENSG00000180758	GPR157	chr1	9128259	9128759	9129101	-	592	epithelial	method2b_glasso	1.0	0.0	0.0
chr1:9128982-9129482	ENSG00000180758	GPR157	chr1	9128982	9129482	9129101	-	131	epithelial	method2b_glasso	1.0	0.0	0.0
chr1:9129621-9130121	ENSG00000180758	GPR157	chr1	9129621	9130121	9129101	-	770	epithelial	method2b_glasso	1.0	0.0	0.0
chr1:9130285-9130785	ENSG00000180758	GPR157	chr1	9130285	9130785	9129101	-	1434	epithelial	method2b_glasso	1.0	0.0	0.0
chr1:9130927-9131427	ENSG00000180758	GPR157	chr1	9130927	9131427	9129101	-	2076	epithelial	method2b_glasso	1.0	0.0	0.0
chr1:9232511-9233011	ENSG00000049239	H6PD	chr1	9232511	9233011	9234773	+	2012	epithelial	method2b_glasso	1.0	0.0	0.0
chr1:9233323-9233823	ENSG00000049239	H6PD	chr1	9233323	9233823	9234773	+	1200	epithelial	method2b_glasso	1.0	0.0	0.0
chr1:9233852-9234352	ENSG00000049239	H6PD	chr1	9233852	9234352	9234773	+	671	epithelial	method2b_glasso	1.0	0.0	0.0
chr1:9234421-9234921	ENSG00000049239	H6PD	chr1	9234421	9234921	9234773	+	102	epithelial	method2b_glasso	1.0	0.0	0.0
chr1:9234991-9235491	ENSG00000049239	H6PD	chr1	9234991	9235491	9234773	+	468	epithelial	method2b_glasso	1.0	0.0	0.0
chr1:9235612-9236112	ENSG00000049239	H6PD	chr1	9235612	9236112	9234773	+	1089	epithelial	method2b_glasso	1.0	0.0	0.0
chr1:9236374-9236874	ENSG00000049239	H6PD	chr1	9236374	9236874	9234773	+	1851	epithelial	method2b_glasso	1.0	0.0	0.0
chr1:9290894-9291394	ENSG00000171621	SPSB1	chr1	9290894	9291394	9292893	+	1749	epithelial	method2b_glasso	1.0	0.0	0.0
chr1:9291764-9292264	ENSG00000171621	SPSB1	chr1	9291764	9292264	9292893	+	879	epithelial	method2b_glasso	1.0	0.0	0.0
chr1:9292609-9293109	ENSG00000171621	SPSB1	chr1	9292609	9293109	9292893	+	34	epithelial	method2b_glasso	1.0	0.0	0.0
chr1:9293295-9293795	ENSG00000171621	SPSB1	chr1	9293295	9293795	9292893	+	652	epithelial	method2b_glasso	1.0	0.0	0.0
chr1:9294207-9294707	ENSG00000171621	SPSB1	chr1	9294207	9294707	9292893	+	1564	epithelial	method2b_glasso	1.0	0.0	0.0
chr1:9537769-9538269	ENSG00000171612	SLC25A33	chr1	9537769	9538269	9539464	+	1445	epithelial	method2b_glasso	1.0	0.0	0.0
chr1:9538561-9539061	ENSG00000171612	SLC25A33	chr1	9538561	9539061	9539464	+	653	epithelial	method2b_glasso	1.0	0.0	0.0
chr1:9539105-9539605	ENSG00000171612	SLC25A33	chr1	9539105	9539605	9539464	+	109	epithelial	method2b_glasso	1.0	0.0	0.0
chr1:9539638-9540138	ENSG00000171612	SLC25A33	chr1	9539638	9540138	9539464	+	424	epithelial	method2b_glasso	1.0	0.0	0.0
chr1:9540713-9541213	ENSG00000171612	SLC25A33	chr1	9540713	9541213	9539464	+	1499	epithelial	method2b_glasso	1.0	0.0	0.0
chr1:9587134-9587634	ENSG00000188807	TMEM201	chr1	9587134	9587634	9588910	+	1526	epithelial	method2b_glasso	1.0	0.0	0.0
chr1:9587946-9588446	ENSG00000188807	TMEM201	chr1	9587946	9588446	9588910	+	714	epithelial	method2b_glasso	1.0	0.0	0.0
chr1:9588480-9588980	ENSG00000188807	TMEM201	chr1	9588480	9588980	9588910	+	180	epithelial	method2b_glasso	1.0	0.0	0.0
chr1:9589055-9589555	ENSG00000188807	TMEM201	chr1	9589055	9589555	9588910	+	395	epithelial	method2b_glasso	1.0	0.0	0.0
chr1:9589839-9590339	ENSG00000188807	TMEM201	chr1	9589839	9590339	9588910	+	1179	epithelial	method2b_glasso	1.0	0.0	0.0
chr1:9590827-9591327	ENSG00000188807	TMEM201	chr1	9590827	9591327	9588910	+	2167	epithelial	method2b_glasso	1.0	0.0	0.0
chr1:9627676-9628176	ENSG00000171608	PIK3CD	chr1	9627676	9628176	9629888	+	1962	epithelial	method2b_glasso	1.0	0.0	0.0
chr1:9628360-9628860	ENSG00000171608	PIK3CD	chr1	9628360	9628860	9629888	+	1278	epithelial	method2b_glasso	1.0	0.0	0.0
chr1:9628921-9629421	ENSG00000171608	PIK3CD	chr1	9628921	9629421	9629888	+	717	epithelial	method2b_glasso	1.0	0.0	0.0
chr1:9629598-9630098	ENSG00000171608	PIK3CD	chr1	9629598	9630098	9629888	+	40	epithelial	method2b_glasso	1.0	0.0	0.0
chr1:9630297-9630797	ENSG00000171608	PIK3CD	chr1	9630297	9630797	9629888	+	659	epithelial	method2b_glasso	1.0	0.0	0.0
chr1:9631052-9631552	ENSG00000171608	PIK3CD	chr1	9631052	9631552	9629888	+	1414	epithelial	method2b_glasso	1.0	0.0	0.0
chr1:9821742-9822242	ENSG00000171603	CLSTN1	chr1	9821742	9822242	9823983	-	1991	epithelial	method2b_glasso	1.0	0.0	0.0
chr1:9822383-9822883	ENSG00000171603	CLSTN1	chr1	9822383	9822883	9823983	-	1350	epithelial	method2b_glasso	1.0	0.0	0.0
chr1:9823140-9823640	ENSG00000171603	CLSTN1	chr1	9823140	9823640	9823983	-	593	epithelial	method2b_glasso	1.0	0.0	0.0
chr1:9823831-9824331	ENSG00000171603	CLSTN1	chr1	9823831	9824331	9823983	-	98	epithelial	method2b_glasso	1.0	0.0	0.0
chr1:9824655-9825155	ENSG00000171603	CLSTN1	chr1	9824655	9825155	9823983	-	922	epithelial	method2b_glasso	1.0	0.0	0.0
chr1:9825473-9825973	ENSG00000171603	CLSTN1	chr1	9825473	9825973	9823983	-	1740	epithelial	method2b_glasso	1.0	0.0	0.0
chr1:9908158-9908658	ENSG00000178585	CTNNBIP1	chr1	9908158	9908658	9910335	-	1927	epithelial	method2b_glasso	1.0	0.0	0.0
chr1:9908799-9909299	ENSG00000178585	CTNNBIP1	chr1	9908799	9909299	9910335	-	1286	epithelial	method2b_glasso	1.0	0.0	0.0
chr1:9909592-9910092	ENSG00000178585	CTNNBIP1	chr1	9909592	9910092	9910335	-	493	epithelial	method2b_glasso	1.0	0.0	0.0
chr1:9910155-9910655	ENSG00000178585	CTNNBIP1	chr1	9910155	9910655	9910335	-	70	epithelial	method2b_glasso	1.0	0.0	0.0
chr1:9910677-9911177	ENSG00000178585	CTNNBIP1	chr1	9910677	9911177	9910335	-	592	epithelial	method2b_glasso	1.0	0.0	0.0
chr1:9911765-9912265	ENSG00000178585	CTNNBIP1	chr1	9911765	9912265	9910335	-	1680	epithelial	method2b_glasso	1.0	0.0	0.0
chr1:9941888-9942388	ENSG00000162441	LZIC	chr1	9941888	9942388	9943406	-	1268	epithelial	method2b_glasso	1.0	0.0	0.0
chr1:9941888-9942388	ENSG00000173614	NMNAT1	chr1	9941888	9942388	9943427	+	1289	epithelial	method2b_glasso	1.0	0.0	0.0
chr1:9942477-9942977	ENSG00000162441	LZIC	chr1	9942477	9942977	9943406	-	679	epithelial	method2b_glasso	1.0	0.0	0.0
chr1:9942477-9942977	ENSG00000173614	NMNAT1	chr1	9942477	9942977	9943427	+	700	epithelial	method2b_glasso	1.0	0.0	0.0
chr1:9943154-9943654	ENSG00000162441	LZIC	chr1	9943154	9943654	9943406	-	2	epithelial	method2b_glasso	1.0	0.0	0.0
chr1:9943154-9943654	ENSG00000173614	NMNAT1	chr1	9943154	9943654	9943427	+	23	epithelial	method2b_glasso	1.0	0.0	0.0
chr1:9943718-9944218	ENSG00000162441	LZIC	chr1	9943718	9944218	9943406	-	562	epithelial	method2b_glasso	1.0	0.0	0.0
chr1:9943718-9944218	ENSG00000173614	NMNAT1	chr1	9943718	9944218	9943427	+	541	epithelial	method2b_glasso	1.0	0.0	0.0
chr1:9944749-9945249	ENSG00000162441	LZIC	chr1	9944749	9945249	9943406	-	1593	epithelial	method2b_glasso	1.0	0.0	0.0
chr1:9944749-9945249	ENSG00000173614	NMNAT1	chr1	9944749	9945249	9943427	+	1572	epithelial	method2b_glasso	1.0	0.0	0.0
chr1:9997038-9997538	ENSG00000162444	RBP7	chr1	9997038	9997538	9997205	+	83	epithelial	method2b_glasso	1.0	0.0	0.0
chr1:9997564-9998064	ENSG00000162444	RBP7	chr1	9997564	9998064	9997205	+	609	epithelial	method2b_glasso	1.0	0.0	0.0
chr1:10032520-10033020	ENSG00000130939	UBE4B	chr1	10032520	10033020	10032831	+	61	epithelial	method2b_glasso	1.0	0.0	0.0
chr1:10033122-10033622	ENSG00000130939	UBE4B	chr1	10033122	10033622	10032831	+	541	epithelial	method2b_glasso	1.0	0.0	0.0
chr1:10033736-10034236	ENSG00000130939	UBE4B	chr1	10033736	10034236	10032831	+	1155	epithelial	method2b_glasso	1.0	0.0	0.0
chr1:10034449-10034949	ENSG00000130939	UBE4B	chr1	10034449	10034949	10032831	+	1868	epithelial	method2b_glasso	1.0	0.0	0.0
chr1:10208148-10208648	ENSG00000054523	KIF1B	chr1	10208148	10208648	10210569	+	2171	epithelial	method2b_glasso	1.0	0.0	0.0
chr1:10208754-10209254	ENSG00000054523	KIF1B	chr1	10208754	10209254	10210569	+	1565	epithelial	method2b_glasso	1.0	0.0	0.0
chr1:10209642-10210142	ENSG00000054523	KIF1B	chr1	10209642	10210142	10210569	+	677	epithelial	method2b_glasso	1.0	0.0	0.0
chr1:10210184-10210684	ENSG00000054523	KIF1B	chr1	10210184	10210684	10210569	+	135	epithelial	method2b_glasso	1.0	0.0	0.0
chr1:10210884-10211384	ENSG00000054523	KIF1B	chr1	10210884	10211384	10210569	+	565	epithelial	method2b_glasso	1.0	0.0	0.0
chr1:10211799-10212299	ENSG00000054523	KIF1B	chr1	10211799	10212299	10210569	+	1480	epithelial	method2b_glasso	1.0	0.0	0.0
chr1:10212439-10212939	ENSG00000054523	KIF1B	chr1	10212439	10212939	10210569	+	2120	epithelial	method2b_glasso	1.0	0.0	0.0
chr1:10396978-10397478	ENSG00000142657	PGD	chr1	10396978	10397478	10398591	+	1363	epithelial	method2b_glasso	1.0	0.0	0.0
chr1:10397594-10398094	ENSG00000142657	PGD	chr1	10397594	10398094	10398591	+	747	epithelial	method2b_glasso	1.0	0.0	0.0
chr1:10398133-10398633	ENSG00000142657	PGD	chr1	10398133	10398633	10398591	+	208	epithelial	method2b_glasso	1.0	0.0	0.0
chr1:10398668-10399168	ENSG00000142657	PGD	chr1	10398668	10399168	10398591	+	327	epithelial	method2b_glasso	1.0	0.0	0.0
chr1:10399180-10399680	ENSG00000142657	PGD	chr1	10399180	10399680	10398591	+	839	epithelial	method2b_glasso	1.0	0.0	0.0
chr1:10399764-10400264	ENSG00000142657	PGD	chr1	10399764	10400264	10398591	+	1423	epithelial	method2b_glasso	1.0	0.0	0.0
chr1:10400525-10401025	ENSG00000142657	PGD	chr1	10400525	10401025	10398591	+	2184	epithelial	method2b_glasso	1.0	0.0	0.0
chr1:10427964-10428464	ENSG00000175279	CENPS	chr1	10427964	10428464	10430432	+	2218	epithelial	method2b_glasso	1.0	0.0	0.0
chr1:10427964-10428464	ENSG00000251503	CENPS-CORT	chr1	10427964	10428464	10430101	+	1887	epithelial	method2b_glasso	1.0	0.0	0.0
chr1:10428894-10429394	ENSG00000175279	CENPS	chr1	10428894	10429394	10430432	+	1288	epithelial	method2b_glasso	1.0	0.0	0.0
chr1:10428894-10429394	ENSG00000251503	CENPS-CORT	chr1	10428894	10429394	10430101	+	957	epithelial	method2b_glasso	1.0	0.0	0.0
chr1:10429930-10430430	ENSG00000175279	CENPS	chr1	10429930	10430430	10430432	+	252	epithelial	method2b_glasso	1.0	0.0	0.0
chr1:10429930-10430430	ENSG00000251503	CENPS-CORT	chr1	10429930	10430430	10430101	+	79	epithelial	method2b_glasso	1.0	0.0	0.0
chr1:10430493-10430993	ENSG00000175279	CENPS	chr1	10430493	10430993	10430432	+	311	epithelial	method2b_glasso	1.0	0.0	0.0
chr1:10430493-10430993	ENSG00000251503	CENPS-CORT	chr1	10430493	10430993	10430101	+	642	epithelial	method2b_glasso	1.0	0.0	0.0
chr1:10431011-10431511	ENSG00000175279	CENPS	chr1	10431011	10431511	10430432	+	829	epithelial	method2b_glasso	1.0	0.0	0.0
chr1:10431011-10431511	ENSG00000251503	CENPS-CORT	chr1	10431011	10431511	10430101	+	1160	epithelial	method2b_glasso	1.0	0.0	0.0
chr1:10431693-10432193	ENSG00000175279	CENPS	chr1	10431693	10432193	10430432	+	1511	epithelial	method2b_glasso	1.0	0.0	0.0
chr1:10431693-10432193	ENSG00000251503	CENPS-CORT	chr1	10431693	10432193	10430101	+	1842	epithelial	method2b_glasso	1.0	0.0	0.0
chr1:10447970-10448470	ENSG00000241563	CORT	chr1	10447970	10448470	10450030	+	1810	epithelial	method2b_glasso	1.0	0.0	0.0
chr1:10450072-10450572	ENSG00000241563	CORT	chr1	10450072	10450572	10450030	+	292	epithelial	method2b_glasso	1.0	0.0	0.0
chr1:10470963-10471463	ENSG00000142655	PEX14	chr1	10470963	10471463	10472287	+	1074	epithelial	method2b_glasso	1.0	0.0	0.0
chr1:10470963-10471463	ENSG00000160049	DFFA	chr1	10470963	10471463	10472528	-	1315	epithelial	method2b_glasso	1.0	0.0	0.0
chr1:10471528-10472028	ENSG00000142655	PEX14	chr1	10471528	10472028	10472287	+	509	epithelial	method2b_glasso	1.0	0.0	0.0
chr1:10471528-10472028	ENSG00000160049	DFFA	chr1	10471528	10472028	10472528	-	750	epithelial	method2b_glasso	1.0	0.0	0.0
chr1:10472328-10472828	ENSG00000142655	PEX14	chr1	10472328	10472828	10472287	+	291	epithelial	method2b_glasso	1.0	0.0	0.0
chr1:10472328-10472828	ENSG00000160049	DFFA	chr1	10472328	10472828	10472528	-	50	epithelial	method2b_glasso	1.0	0.0	0.0
chr1:10473319-10473819	ENSG00000142655	PEX14	chr1	10473319	10473819	10472287	+	1282	epithelial	method2b_glasso	1.0	0.0	0.0
chr1:10473319-10473819	ENSG00000160049	DFFA	chr1	10473319	10473819	10472528	-	1041	epithelial	method2b_glasso	1.0	0.0	0.0
chr1:10473987-10474487	ENSG00000142655	PEX14	chr1	10473987	10474487	10472287	+	1950	epithelial	method2b_glasso	1.0	0.0	0.0
chr1:10473987-10474487	ENSG00000160049	DFFA	chr1	10473987	10474487	10472528	-	1709	epithelial	method2b_glasso	1.0	0.0	0.0
chr1:10794613-10795113	ENSG00000130940	CASZ1	chr1	10794613	10795113	10796649	-	1786	epithelial	method2b_glasso	1.0	0.0	0.0
chr1:10795457-10795957	ENSG00000130940	CASZ1	chr1	10795457	10795957	10796649	-	942	epithelial	method2b_glasso	1.0	0.0	0.0
chr1:10795983-10796483	ENSG00000130940	CASZ1	chr1	10795983	10796483	10796649	-	416	epithelial	method2b_glasso	1.0	0.0	0.0
chr1:10796486-10796986	ENSG00000130940	CASZ1	chr1	10796486	10796986	10796649	-	87	epithelial	method2b_glasso	1.0	0.0	0.0
chr1:10797479-10797979	ENSG00000130940	CASZ1	chr1	10797479	10797979	10796649	-	1080	epithelial	method2b_glasso	1.0	0.0	0.0
chr1:10798021-10798521	ENSG00000130940	CASZ1	chr1	10798021	10798521	10796649	-	1622	epithelial	method2b_glasso	1.0	0.0	0.0
chr1:10798537-10799037	ENSG00000130940	CASZ1	chr1	10798537	10799037	10796649	-	2138	epithelial	method2b_glasso	1.0	0.0	0.0
chr1:10979983-10980483	ENSG00000175262	C1orf127	chr1	10979983	10980483	10982075	-	1842	epithelial	method2b_glasso	1.0	0.0	0.0
chr1:10980625-10981125	ENSG00000175262	C1orf127	chr1	10980625	10981125	10982075	-	1200	epithelial	method2b_glasso	1.0	0.0	0.0
chr1:10981131-10981631	ENSG00000175262	C1orf127	chr1	10981131	10981631	10982075	-	694	epithelial	method2b_glasso	1.0	0.0	0.0
chr1:10982368-10982868	ENSG00000175262	C1orf127	chr1	10982368	10982868	10982075	-	543	epithelial	method2b_glasso	1.0	0.0	0.0
chr1:11009894-11010394	ENSG00000120948	TARDBP	chr1	11009894	11010394	11012343	+	2199	epithelial	method2b_glasso	1.0	0.0	0.0
chr1:11011311-11011811	ENSG00000120948	TARDBP	chr1	11011311	11011811	11012343	+	782	epithelial	method2b_glasso	1.0	0.0	0.0
chr1:11012129-11012629	ENSG00000120948	TARDBP	chr1	11012129	11012629	11012343	+	36	epithelial	method2b_glasso	1.0	0.0	0.0
chr1:11012823-11013323	ENSG00000120948	TARDBP	chr1	11012823	11013323	11012343	+	730	epithelial	method2b_glasso	1.0	0.0	0.0
chr1:11013438-11013938	ENSG00000120948	TARDBP	chr1	11013438	11013938	11012343	+	1345	epithelial	method2b_glasso	1.0	0.0	0.0
chr1:11044762-11045262	ENSG00000009724	MASP2	chr1	11044762	11045262	11047238	-	2226	epithelial	method2b_glasso	1.0	0.0	0.0
chr1:11045307-11045807	ENSG00000009724	MASP2	chr1	11045307	11045807	11047238	-	1681	epithelial	method2b_glasso	1.0	0.0	0.0
chr1:11046093-11046593	ENSG00000009724	MASP2	chr1	11046093	11046593	11047238	-	895	epithelial	method2b_glasso	1.0	0.0	0.0
chr1:11046640-11047140	ENSG00000009724	MASP2	chr1	11046640	11047140	11047238	-	348	epithelial	method2b_glasso	1.0	0.0	0.0
chr1:11058425-11058925	ENSG00000116649	SRM	chr1	11058425	11058925	11060019	-	1344	epithelial	method2b_glasso	1.0	0.0	0.0
chr1:11059334-11059834	ENSG00000116649	SRM	chr1	11059334	11059834	11060019	-	435	epithelial	method2b_glasso	1.0	0.0	0.0
chr1:11059866-11060366	ENSG00000116649	SRM	chr1	11059866	11060366	11060019	-	97	epithelial	method2b_glasso	1.0	0.0	0.0
chr1:11060412-11060912	ENSG00000116649	SRM	chr1	11060412	11060912	11060019	-	643	epithelial	method2b_glasso	1.0	0.0	0.0
chr1:11060964-11061464	ENSG00000116649	SRM	chr1	11060964	11061464	11060019	-	1195	epithelial	method2b_glasso	1.0	0.0	0.0
chr1:11061841-11062341	ENSG00000116649	SRM	chr1	11061841	11062341	11060019	-	2072	epithelial	method2b_glasso	1.0	0.0	0.0
chr1:11099125-11099625	ENSG00000171824	EXOSC10	chr1	11099125	11099625	11099868	-	493	epithelial	method2b_glasso	1.0	0.0	0.0
chr1:11099630-11100130	ENSG00000171824	EXOSC10	chr1	11099630	11100130	11099868	-	12	epithelial	method2b_glasso	1.0	0.0	0.0
chr1:11100227-11100727	ENSG00000171824	EXOSC10	chr1	11100227	11100727	11099868	-	609	epithelial	method2b_glasso	1.0	0.0	0.0
chr1:11100860-11101360	ENSG00000171824	EXOSC10	chr1	11100860	11101360	11099868	-	1242	epithelial	method2b_glasso	1.0	0.0	0.0
chr1:11260894-11261394	ENSG00000198793	MTOR	chr1	11260894	11261394	11262555	-	1411	epithelial	method2b_glasso	1.0	0.0	0.0
chr1:11261675-11262175	ENSG00000198793	MTOR	chr1	11261675	11262175	11262555	-	630	epithelial	method2b_glasso	1.0	0.0	0.0
chr1:11262475-11262975	ENSG00000198793	MTOR	chr1	11262475	11262975	11262555	-	170	epithelial	method2b_glasso	1.0	0.0	0.0
chr1:11263003-11263503	ENSG00000198793	MTOR	chr1	11263003	11263503	11262555	-	698	epithelial	method2b_glasso	1.0	0.0	0.0
chr1:11271934-11272434	ENSG00000120942	UBIAD1	chr1	11271934	11272434	11273197	+	1013	epithelial	method2b_glasso	1.0	0.0	0.0
chr1:11272799-11273299	ENSG00000120942	UBIAD1	chr1	11272799	11273299	11273197	+	148	epithelial	method2b_glasso	1.0	0.0	0.0
chr1:11273445-11273945	ENSG00000120942	UBIAD1	chr1	11273445	11273945	11273197	+	498	epithelial	method2b_glasso	1.0	0.0	0.0
chr1:11274142-11274642	ENSG00000120942	UBIAD1	chr1	11274142	11274642	11273197	+	1195	epithelial	method2b_glasso	1.0	0.0	0.0
chr1:11477677-11478177	ENSG00000204624	DISP3	chr1	11477677	11478177	11479154	+	1227	epithelial	method2b_glasso	1.0	0.0	0.0
chr1:11478620-11479120	ENSG00000204624	DISP3	chr1	11478620	11479120	11479154	+	284	epithelial	method2b_glasso	1.0	0.0	0.0
chr1:11479136-11479636	ENSG00000204624	DISP3	chr1	11479136	11479636	11479154	+	232	epithelial	method2b_glasso	1.0	0.0	0.0
chr1:11479662-11480162	ENSG00000204624	DISP3	chr1	11479662	11480162	11479154	+	758	epithelial	method2b_glasso	1.0	0.0	0.0
chr1:11480274-11480774	ENSG00000204624	DISP3	chr1	11480274	11480774	11479154	+	1370	epithelial	method2b_glasso	1.0	0.0	0.0
chr1:11652643-11653143	ENSG00000132879	FBXO44	chr1	11652643	11653143	11654374	+	1481	epithelial	method2b_glasso	1.0	0.0	0.0
chr1:11653174-11653674	ENSG00000132879	FBXO44	chr1	11653174	11653674	11654374	+	950	epithelial	method2b_glasso	1.0	0.0	0.0
chr1:11653713-11654213	ENSG00000116661	FBXO2	chr1	11653713	11654213	11655784	-	1821	epithelial	method2b_glasso	1.0	0.0	0.0
chr1:11653713-11654213	ENSG00000132879	FBXO44	chr1	11653713	11654213	11654374	+	411	epithelial	method2b_glasso	1.0	0.0	0.0
chr1:11654576-11655076	ENSG00000116661	FBXO2	chr1	11654576	11655076	11655784	-	958	epithelial	method2b_glasso	1.0	0.0	0.0
chr1:11654576-11655076	ENSG00000132879	FBXO44	chr1	11654576	11655076	11654374	+	452	epithelial	method2b_glasso	1.0	0.0	0.0
chr1:11655192-11655692	ENSG00000116661	FBXO2	chr1	11655192	11655692	11655784	-	342	epithelial	method2b_glasso	1.0	0.0	0.0
chr1:11655192-11655692	ENSG00000132879	FBXO44	chr1	11655192	11655692	11654374	+	1068	epithelial	method2b_glasso	1.0	0.0	0.0
chr1:11655896-11656396	ENSG00000116661	FBXO2	chr1	11655896	11656396	11655784	-	362	epithelial	method2b_glasso	1.0	0.0	0.0
chr1:11655896-11656396	ENSG00000132879	FBXO44	chr1	11655896	11656396	11654374	+	1772	epithelial	method2b_glasso	1.0	0.0	0.0
chr1:11657418-11657918	ENSG00000116661	FBXO2	chr1	11657418	11657918	11655784	-	1884	epithelial	method2b_glasso	1.0	0.0	0.0
chr1:11661738-11662238	ENSG00000116663	FBXO6	chr1	11661738	11662238	11664199	+	2211	epithelial	method2b_glasso	1.0	0.0	0.0
chr1:11662526-11663026	ENSG00000116663	FBXO6	chr1	11662526	11663026	11664199	+	1423	epithelial	method2b_glasso	1.0	0.0	0.0
chr1:11663039-11663539	ENSG00000116663	FBXO6	chr1	11663039	11663539	11664199	+	910	epithelial	method2b_glasso	1.0	0.0	0.0
chr1:11663933-11664433	ENSG00000116663	FBXO6	chr1	11663933	11664433	11664199	+	16	epithelial	method2b_glasso	1.0	0.0	0.0
chr1:11664479-11664979	ENSG00000116663	FBXO6	chr1	11664479	11664979	11664199	+	530	epithelial	method2b_glasso	1.0	0.0	0.0
chr1:11665143-11665643	ENSG00000116663	FBXO6	chr1	11665143	11665643	11664199	+	1194	epithelial	method2b_glasso	1.0	0.0	0.0
chr1:11666107-11666607	ENSG00000116663	FBXO6	chr1	11666107	11666607	11664199	+	2158	epithelial	method2b_glasso	1.0	0.0	0.0
chr1:11689407-11689907	ENSG00000116670	MAD2L2	chr1	11689407	11689907	11691810	-	2153	epithelial	method2b_glasso	1.0	0.0	0.0
chr1:11689407-11689907	ENSG00000162490	DRAXIN	chr1	11689407	11689907	11691709	+	2052	epithelial	method2b_glasso	1.0	0.0	0.0
chr1:11690375-11690875	ENSG00000116670	MAD2L2	chr1	11690375	11690875	11691810	-	1185	epithelial	method2b_glasso	1.0	0.0	0.0
chr1:11690375-11690875	ENSG00000162490	DRAXIN	chr1	11690375	11690875	11691709	+	1084	epithelial	method2b_glasso	1.0	0.0	0.0
chr1:11691032-11691532	ENSG00000116670	MAD2L2	chr1	11691032	11691532	11691810	-	528	epithelial	method2b_glasso	1.0	0.0	0.0
chr1:11691032-11691532	ENSG00000162490	DRAXIN	chr1	11691032	11691532	11691709	+	427	epithelial	method2b_glasso	1.0	0.0	0.0
chr1:11691690-11692190	ENSG00000116670	MAD2L2	chr1	11691690	11692190	11691810	-	130	epithelial	method2b_glasso	1.0	0.0	0.0
chr1:11691690-11692190	ENSG00000162490	DRAXIN	chr1	11691690	11692190	11691709	+	231	epithelial	method2b_glasso	1.0	0.0	0.0
chr1:11692212-11692712	ENSG00000116670	MAD2L2	chr1	11692212	11692712	11691810	-	652	epithelial	method2b_glasso	1.0	0.0	0.0
chr1:11692212-11692712	ENSG00000162490	DRAXIN	chr1	11692212	11692712	11691709	+	753	epithelial	method2b_glasso	1.0	0.0	0.0
chr1:11693044-11693544	ENSG00000116670	MAD2L2	chr1	11693044	11693544	11691810	-	1484	epithelial	method2b_glasso	1.0	0.0	0.0
chr1:11693044-11693544	ENSG00000162490	DRAXIN	chr1	11693044	11693544	11691709	+	1585	epithelial	method2b_glasso	1.0	0.0	0.0
chr1:11693597-11694097	ENSG00000116670	MAD2L2	chr1	11693597	11694097	11691810	-	2037	epithelial	method2b_glasso	1.0	0.0	0.0
chr1:11693597-11694097	ENSG00000162490	DRAXIN	chr1	11693597	11694097	11691709	+	2138	epithelial	method2b_glasso	1.0	0.0	0.0
chr1:11733663-11734163	ENSG00000177674	AGTRAP	chr1	11733663	11734163	11736083	+	2170	epithelial	method2b_glasso	1.0	0.0	0.0
chr1:11734992-11735492	ENSG00000177674	AGTRAP	chr1	11734992	11735492	11736083	+	841	epithelial	method2b_glasso	1.0	0.0	0.0
chr1:11735805-11736305	ENSG00000177674	AGTRAP	chr1	11735805	11736305	11736083	+	28	epithelial	method2b_glasso	1.0	0.0	0.0
chr1:11736616-11737116	ENSG00000177674	AGTRAP	chr1	11736616	11737116	11736083	+	783	epithelial	method2b_glasso	1.0	0.0	0.0
chr1:11737256-11737756	ENSG00000177674	AGTRAP	chr1	11737256	11737756	11736083	+	1423	epithelial	method2b_glasso	1.0	0.0	0.0
chr1:11761886-11762386	ENSG00000215910	C1orf167	chr1	11761886	11762386	11761786	+	350	epithelial	method2b_glasso	1.0	0.0	0.0
chr1:11803917-11804417	ENSG00000011021	CLCN6	chr1	11803917	11804417	11806095	+	1928	epithelial	method2b_glasso	1.0	0.0	0.0
chr1:11804723-11805223	ENSG00000011021	CLCN6	chr1	11804723	11805223	11806095	+	1122	epithelial	method2b_glasso	1.0	0.0	0.0
chr1:11804723-11805223	ENSG00000177000	MTHFR	chr1	11804723	11805223	11806454	-	1481	epithelial	method2b_glasso	1.0	0.0	0.0
chr1:11805733-11806233	ENSG00000011021	CLCN6	chr1	11805733	11806233	11806095	+	112	epithelial	method2b_glasso	1.0	0.0	0.0
chr1:11805733-11806233	ENSG00000177000	MTHFR	chr1	11805733	11806233	11806454	-	471	epithelial	method2b_glasso	1.0	0.0	0.0
chr1:11806471-11806971	ENSG00000011021	CLCN6	chr1	11806471	11806971	11806095	+	626	epithelial	method2b_glasso	1.0	0.0	0.0
chr1:11806471-11806971	ENSG00000177000	MTHFR	chr1	11806471	11806971	11806454	-	267	epithelial	method2b_glasso	1.0	0.0	0.0
chr1:11807017-11807517	ENSG00000011021	CLCN6	chr1	11807017	11807517	11806095	+	1172	epithelial	method2b_glasso	1.0	0.0	0.0
chr1:11807017-11807517	ENSG00000177000	MTHFR	chr1	11807017	11807517	11806454	-	813	epithelial	method2b_glasso	1.0	0.0	0.0
chr1:11848000-11848500	ENSG00000175206	NPPA	chr1	11848000	11848500	11848344	-	94	epithelial	method2b_glasso	1.0	0.0	0.0
chr1:11849732-11850232	ENSG00000175206	NPPA	chr1	11849732	11850232	11848344	-	1638	epithelial	method2b_glasso	1.0	0.0	0.0
chr1:11858194-11858694	ENSG00000120937	NPPB	chr1	11858194	11858694	11858944	-	500	epithelial	method2b_glasso	1.0	0.0	0.0
chr1:11859230-11859730	ENSG00000120937	NPPB	chr1	11859230	11859730	11858944	-	536	epithelial	method2b_glasso	1.0	0.0	0.0
chr1:11924078-11924578	ENSG00000116685	KIAA2013	chr1	11924078	11924578	11926427	-	2099	epithelial	method2b_glasso	1.0	0.0	0.0
chr1:11924770-11925270	ENSG00000116685	KIAA2013	chr1	11924770	11925270	11926427	-	1407	epithelial	method2b_glasso	1.0	0.0	0.0
chr1:11925543-11926043	ENSG00000116685	KIAA2013	chr1	11925543	11926043	11926427	-	634	epithelial	method2b_glasso	1.0	0.0	0.0
chr1:11926251-11926751	ENSG00000116685	KIAA2013	chr1	11926251	11926751	11926427	-	74	epithelial	method2b_glasso	1.0	0.0	0.0
chr1:11926991-11927491	ENSG00000116685	KIAA2013	chr1	11926991	11927491	11926427	-	814	epithelial	method2b_glasso	1.0	0.0	0.0
chr1:11927683-11928183	ENSG00000116685	KIAA2013	chr1	11927683	11928183	11926427	-	1506	epithelial	method2b_glasso	1.0	0.0	0.0
chr1:11928186-11928686	ENSG00000116685	KIAA2013	chr1	11928186	11928686	11926427	-	2009	epithelial	method2b_glasso	1.0	0.0	0.0
chr1:11932758-11933258	ENSG00000083444	PLOD1	chr1	11932758	11933258	11934204	+	1196	epithelial	method2b_glasso	1.0	0.0	0.0
chr1:11933647-11934147	ENSG00000083444	PLOD1	chr1	11933647	11934147	11934204	+	307	epithelial	method2b_glasso	1.0	0.0	0.0
chr1:11934401-11934901	ENSG00000083444	PLOD1	chr1	11934401	11934901	11934204	+	447	epithelial	method2b_glasso	1.0	0.0	0.0
chr1:11935033-11935533	ENSG00000083444	PLOD1	chr1	11935033	11935533	11934204	+	1079	epithelial	method2b_glasso	1.0	0.0	0.0
chr1:11935575-11936075	ENSG00000083444	PLOD1	chr1	11935575	11936075	11934204	+	1621	epithelial	method2b_glasso	1.0	0.0	0.0
chr1:11936081-11936581	ENSG00000083444	PLOD1	chr1	11936081	11936581	11934204	+	2127	epithelial	method2b_glasso	1.0	0.0	0.0
chr1:11978320-11978820	ENSG00000116688	MFN2	chr1	11978320	11978820	11980180	+	1610	epithelial	method2b_glasso	1.0	0.0	0.0
chr1:11978821-11979321	ENSG00000116688	MFN2	chr1	11978821	11979321	11980180	+	1109	epithelial	method2b_glasso	1.0	0.0	0.0
chr1:11979429-11979929	ENSG00000116688	MFN2	chr1	11979429	11979929	11980180	+	501	epithelial	method2b_glasso	1.0	0.0	0.0
chr1:11979982-11980482	ENSG00000116688	MFN2	chr1	11979982	11980482	11980180	+	52	epithelial	method2b_glasso	1.0	0.0	0.0
chr1:11980583-11981083	ENSG00000116688	MFN2	chr1	11980583	11981083	11980180	+	653	epithelial	method2b_glasso	1.0	0.0	0.0
chr1:11981178-11981678	ENSG00000116688	MFN2	chr1	11981178	11981678	11980180	+	1248	epithelial	method2b_glasso	1.0	0.0	0.0
chr1:11981928-11982428	ENSG00000116688	MFN2	chr1	11981928	11982428	11980180	+	1998	epithelial	method2b_glasso	1.0	0.0	0.0
chr1:12018142-12018642	ENSG00000116691	MIIP	chr1	12018142	12018642	12019465	+	1073	epithelial	method2b_glasso	1.0	0.0	0.0
chr1:12019079-12019579	ENSG00000116691	MIIP	chr1	12019079	12019579	12019465	+	136	epithelial	method2b_glasso	1.0	0.0	0.0
chr1:12019606-12020106	ENSG00000116691	MIIP	chr1	12019606	12020106	12019465	+	391	epithelial	method2b_glasso	1.0	0.0	0.0
chr1:12020373-12020873	ENSG00000116691	MIIP	chr1	12020373	12020873	12019465	+	1158	epithelial	method2b_glasso	1.0	0.0	0.0
chr1:12061664-12062164	ENSG00000120949	TNFRSF8	chr1	12061664	12062164	12063302	+	1388	epithelial	method2b_glasso	1.0	0.0	0.0
chr1:12063357-12063857	ENSG00000120949	TNFRSF8	chr1	12063357	12063857	12063302	+	305	epithelial	method2b_glasso	1.0	0.0	0.0
chr1:12165267-12165767	ENSG00000028137	TNFRSF1B	chr1	12165267	12165767	12166990	+	1473	epithelial	method2b_glasso	1.0	0.0	0.0
chr1:12166169-12166669	ENSG00000028137	TNFRSF1B	chr1	12166169	12166669	12166990	+	571	epithelial	method2b_glasso	1.0	0.0	0.0
chr1:12166698-12167198	ENSG00000028137	TNFRSF1B	chr1	12166698	12167198	12166990	+	42	epithelial	method2b_glasso	1.0	0.0	0.0
chr1:12167280-12167780	ENSG00000028137	TNFRSF1B	chr1	12167280	12167780	12166990	+	540	epithelial	method2b_glasso	1.0	0.0	0.0
chr1:12168432-12168932	ENSG00000028137	TNFRSF1B	chr1	12168432	12168932	12166990	+	1692	epithelial	method2b_glasso	1.0	0.0	0.0
chr1:12228236-12228736	ENSG00000048707	VPS13D	chr1	12228236	12228736	12230029	+	1543	epithelial	method2b_glasso	1.0	0.0	0.0
chr1:12229734-12230234	ENSG00000048707	VPS13D	chr1	12229734	12230234	12230029	+	45	epithelial	method2b_glasso	1.0	0.0	0.0
chr1:12230275-12230775	ENSG00000048707	VPS13D	chr1	12230275	12230775	12230029	+	496	epithelial	method2b_glasso	1.0	0.0	0.0
chr1:12230799-12231299	ENSG00000048707	VPS13D	chr1	12230799	12231299	12230029	+	1020	epithelial	method2b_glasso	1.0	0.0	0.0
chr1:12231302-12231802	ENSG00000048707	VPS13D	chr1	12231302	12231802	12230029	+	1523	epithelial	method2b_glasso	1.0	0.0	0.0
chr1:12615799-12616299	ENSG00000162496	DHRS3	chr1	12615799	12616299	12618209	-	2160	epithelial	method2b_glasso	1.0	0.0	0.0
chr1:12616526-12617026	ENSG00000162496	DHRS3	chr1	12616526	12617026	12618209	-	1433	epithelial	method2b_glasso	1.0	0.0	0.0
chr1:12617479-12617979	ENSG00000162496	DHRS3	chr1	12617479	12617979	12618209	-	480	epithelial	method2b_glasso	1.0	0.0	0.0
chr1:12618125-12618625	ENSG00000162496	DHRS3	chr1	12618125	12618625	12618209	-	166	epithelial	method2b_glasso	1.0	0.0	0.0
chr1:12618941-12619441	ENSG00000162496	DHRS3	chr1	12618941	12619441	12618209	-	982	epithelial	method2b_glasso	1.0	0.0	0.0
chr1:12619785-12620285	ENSG00000162496	DHRS3	chr1	12619785	12620285	12618209	-	1826	epithelial	method2b_glasso	1.0	0.0	0.0
chr1:13513802-13514302	ENSG00000162494	LRRC38	chr1	13513802	13514302	13514002	-	50	epithelial	method2b_glasso	1.0	0.0	0.0
chr1:13583492-13583992	ENSG00000162493	PDPN	chr1	13583492	13583992	13583464	+	278	epithelial	method2b_glasso	1.0	0.0	0.0
chr1:13699443-13699943	ENSG00000116731	PRDM2	chr1	13699443	13699943	13700187	+	494	epithelial	method2b_glasso	1.0	0.0	0.0
chr1:13699957-13700457	ENSG00000116731	PRDM2	chr1	13699957	13700457	13700187	+	20	epithelial	method2b_glasso	1.0	0.0	0.0
chr1:13700817-13701317	ENSG00000116731	PRDM2	chr1	13700817	13701317	13700187	+	880	epithelial	method2b_glasso	1.0	0.0	0.0
chr1:13892132-13892632	ENSG00000189337	KAZN	chr1	13892132	13892632	13892791	+	409	epithelial	method2b_glasso	1.0	0.0	0.0
chr1:13892787-13893287	ENSG00000189337	KAZN	chr1	13892787	13893287	13892791	+	246	epithelial	method2b_glasso	1.0	0.0	0.0
chr1:13893496-13893996	ENSG00000189337	KAZN	chr1	13893496	13893996	13892791	+	955	epithelial	method2b_glasso	1.0	0.0	0.0
chr1:15150783-15151283	ENSG00000171729	TMEM51	chr1	15150783	15151283	15152531	+	1498	epithelial	method2b_glasso	1.0	0.0	0.0
chr1:15151389-15151889	ENSG00000171729	TMEM51	chr1	15151389	15151889	15152531	+	892	epithelial	method2b_glasso	1.0	0.0	0.0
chr1:15152282-15152782	ENSG00000171729	TMEM51	chr1	15152282	15152782	15152531	+	1	epithelial	method2b_glasso	1.0	0.0	0.0
chr1:15152877-15153377	ENSG00000171729	TMEM51	chr1	15152877	15153377	15152531	+	596	epithelial	method2b_glasso	1.0	0.0	0.0
chr1:15153430-15153930	ENSG00000171729	TMEM51	chr1	15153430	15153930	15152531	+	1149	epithelial	method2b_glasso	1.0	0.0	0.0
chr1:15153948-15154448	ENSG00000171729	TMEM51	chr1	15153948	15154448	15152531	+	1667	epithelial	method2b_glasso	1.0	0.0	0.0
chr1:15238316-15238816	ENSG00000142621	FHAD1	chr1	15238316	15238816	15236520	+	2046	epithelial	method2b_glasso	1.0	0.0	0.0
chr1:15407594-15408094	ENSG00000142634	EFHD2	chr1	15407594	15408094	15409887	+	2043	epithelial	method2b_glasso	1.0	0.0	0.0
chr1:15408494-15408994	ENSG00000142634	EFHD2	chr1	15408494	15408994	15409887	+	1143	epithelial	method2b_glasso	1.0	0.0	0.0
chr1:15409004-15409504	ENSG00000142634	EFHD2	chr1	15409004	15409504	15409887	+	633	epithelial	method2b_glasso	1.0	0.0	0.0
chr1:15409636-15410136	ENSG00000142634	EFHD2	chr1	15409636	15410136	15409887	+	1	epithelial	method2b_glasso	1.0	0.0	0.0
chr1:15410449-15410949	ENSG00000142634	EFHD2	chr1	15410449	15410949	15409887	+	812	epithelial	method2b_glasso	1.0	0.0	0.0
chr1:15411008-15411508	ENSG00000142634	EFHD2	chr1	15411008	15411508	15409887	+	1371	epithelial	method2b_glasso	1.0	0.0	0.0
chr1:15411539-15412039	ENSG00000142634	EFHD2	chr1	15411539	15412039	15409887	+	1902	epithelial	method2b_glasso	1.0	0.0	0.0
chr1:15436167-15436667	ENSG00000162438	CTRC	chr1	15436167	15436667	15438441	+	2024	epithelial	method2b_glasso	1.0	0.0	0.0
chr1:15436907-15437407	ENSG00000162438	CTRC	chr1	15436907	15437407	15438441	+	1284	epithelial	method2b_glasso	1.0	0.0	0.0
chr1:15437747-15438247	ENSG00000162438	CTRC	chr1	15437747	15438247	15438441	+	444	epithelial	method2b_glasso	1.0	0.0	0.0
chr1:15438280-15438780	ENSG00000162438	CTRC	chr1	15438280	15438780	15438441	+	89	epithelial	method2b_glasso	1.0	0.0	0.0
chr1:15439538-15440038	ENSG00000162438	CTRC	chr1	15439538	15440038	15438441	+	1347	epithelial	method2b_glasso	1.0	0.0	0.0
chr1:15440105-15440605	ENSG00000162438	CTRC	chr1	15440105	15440605	15438441	+	1914	epithelial	method2b_glasso	1.0	0.0	0.0
chr1:15455380-15455880	ENSG00000142615	CELA2A	chr1	15455380	15455880	15456727	+	1097	epithelial	method2b_glasso	1.0	0.0	0.0
chr1:15457083-15457583	ENSG00000142615	CELA2A	chr1	15457083	15457583	15456727	+	606	epithelial	method2b_glasso	1.0	0.0	0.0
chr1:15463541-15464041	ENSG00000215704	CELA2B	chr1	15463541	15464041	15465908	+	2117	epithelial	method2b_glasso	1.0	0.0	0.0
chr1:15464201-15464701	ENSG00000215704	CELA2B	chr1	15464201	15464701	15465908	+	1457	epithelial	method2b_glasso	1.0	0.0	0.0
chr1:15464783-15465283	ENSG00000215704	CELA2B	chr1	15464783	15465283	15465908	+	875	epithelial	method2b_glasso	1.0	0.0	0.0
chr1:15465828-15466328	ENSG00000215704	CELA2B	chr1	15465828	15466328	15465908	+	170	epithelial	method2b_glasso	1.0	0.0	0.0
chr1:15466463-15466963	ENSG00000215704	CELA2B	chr1	15466463	15466963	15465908	+	805	epithelial	method2b_glasso	1.0	0.0	0.0
chr1:15467488-15467988	ENSG00000215704	CELA2B	chr1	15467488	15467988	15465908	+	1830	epithelial	method2b_glasso	1.0	0.0	0.0
chr1:15524079-15524579	ENSG00000132906	CASP9	chr1	15524079	15524579	15526533	-	2204	epithelial	method2b_glasso	1.0	0.0	0.0
chr1:15524657-15525157	ENSG00000116138	DNAJC16	chr1	15524657	15525157	15526812	+	1905	epithelial	method2b_glasso	1.0	0.0	0.0
chr1:15524657-15525157	ENSG00000132906	CASP9	chr1	15524657	15525157	15526533	-	1626	epithelial	method2b_glasso	1.0	0.0	0.0
chr1:15525467-15525967	ENSG00000116138	DNAJC16	chr1	15525467	15525967	15526812	+	1095	epithelial	method2b_glasso	1.0	0.0	0.0
chr1:15525467-15525967	ENSG00000132906	CASP9	chr1	15525467	15525967	15526533	-	816	epithelial	method2b_glasso	1.0	0.0	0.0
chr1:15525968-15526468	ENSG00000116138	DNAJC16	chr1	15525968	15526468	15526812	+	594	epithelial	method2b_glasso	1.0	0.0	0.0
chr1:15525968-15526468	ENSG00000132906	CASP9	chr1	15525968	15526468	15526533	-	315	epithelial	method2b_glasso	1.0	0.0	0.0
chr1:15526490-15526990	ENSG00000116138	DNAJC16	chr1	15526490	15526990	15526812	+	72	epithelial	method2b_glasso	1.0	0.0	0.0
chr1:15526490-15526990	ENSG00000132906	CASP9	chr1	15526490	15526990	15526533	-	207	epithelial	method2b_glasso	1.0	0.0	0.0
chr1:15526999-15527499	ENSG00000116138	DNAJC16	chr1	15526999	15527499	15526812	+	437	epithelial	method2b_glasso	1.0	0.0	0.0
chr1:15526999-15527499	ENSG00000132906	CASP9	chr1	15526999	15527499	15526533	-	716	epithelial	method2b_glasso	1.0	0.0	0.0
chr1:15527627-15528127	ENSG00000116138	DNAJC16	chr1	15527627	15528127	15526812	+	1065	epithelial	method2b_glasso	1.0	0.0	0.0
chr1:15527627-15528127	ENSG00000132906	CASP9	chr1	15527627	15528127	15526533	-	1344	epithelial	method2b_glasso	1.0	0.0	0.0
chr1:15583314-15583814	ENSG00000116771	AGMAT	chr1	15583314	15583814	15585050	-	1486	epithelial	method2b_glasso	1.0	0.0	0.0
chr1:15584228-15584728	ENSG00000116771	AGMAT	chr1	15584228	15584728	15585050	-	572	epithelial	method2b_glasso	1.0	0.0	0.0
chr1:15584841-15585341	ENSG00000116771	AGMAT	chr1	15584841	15585341	15585050	-	41	epithelial	method2b_glasso	1.0	0.0	0.0
chr1:15586756-15587256	ENSG00000116771	AGMAT	chr1	15586756	15587256	15585050	-	1956	epithelial	method2b_glasso	1.0	0.0	0.0
chr1:15615288-15615788	ENSG00000197312	DDI2	chr1	15615288	15615788	15617457	+	1919	epithelial	method2b_glasso	1.0	0.0	0.0
chr1:15616017-15616517	ENSG00000197312	DDI2	chr1	15616017	15616517	15617457	+	1190	epithelial	method2b_glasso	1.0	0.0	0.0
chr1:15616564-15617064	ENSG00000197312	DDI2	chr1	15616564	15617064	15617457	+	643	epithelial	method2b_glasso	1.0	0.0	0.0
chr1:15617100-15617600	ENSG00000197312	DDI2	chr1	15617100	15617600	15617457	+	107	epithelial	method2b_glasso	1.0	0.0	0.0
chr1:15617765-15618265	ENSG00000197312	DDI2	chr1	15617765	15618265	15617457	+	558	epithelial	method2b_glasso	1.0	0.0	0.0
chr1:15618723-15619223	ENSG00000197312	DDI2	chr1	15618723	15619223	15617457	+	1516	epithelial	method2b_glasso	1.0	0.0	0.0
chr1:15619429-15619929	ENSG00000197312	DDI2	chr1	15619429	15619929	15617457	+	2222	epithelial	method2b_glasso	1.0	0.0	0.0
chr1:15682170-15682670	ENSG00000116786	PLEKHM2	chr1	15682170	15682670	15684319	+	1899	epithelial	method2b_glasso	1.0	0.0	0.0
chr1:15683312-15683812	ENSG00000116786	PLEKHM2	chr1	15683312	15683812	15684319	+	757	epithelial	method2b_glasso	1.0	0.0	0.0
chr1:15684050-15684550	ENSG00000116786	PLEKHM2	chr1	15684050	15684550	15684319	+	19	epithelial	method2b_glasso	1.0	0.0	0.0
chr1:15684747-15685247	ENSG00000116786	PLEKHM2	chr1	15684747	15685247	15684319	+	678	epithelial	method2b_glasso	1.0	0.0	0.0
chr1:15686003-15686503	ENSG00000116786	PLEKHM2	chr1	15686003	15686503	15684319	+	1934	epithelial	method2b_glasso	1.0	0.0	0.0
chr1:15734256-15734756	ENSG00000162461	SLC25A34	chr1	15734256	15734756	15736257	+	1751	epithelial	method2b_glasso	1.0	0.0	0.0
chr1:15735258-15735758	ENSG00000162461	SLC25A34	chr1	15735258	15735758	15736257	+	749	epithelial	method2b_glasso	1.0	0.0	0.0
chr1:15735945-15736445	ENSG00000162461	SLC25A34	chr1	15735945	15736445	15736257	+	62	epithelial	method2b_glasso	1.0	0.0	0.0
chr1:15736783-15737283	ENSG00000162461	SLC25A34	chr1	15736783	15737283	15736257	+	776	epithelial	method2b_glasso	1.0	0.0	0.0
chr1:15737596-15738096	ENSG00000162461	SLC25A34	chr1	15737596	15738096	15736257	+	1589	epithelial	method2b_glasso	1.0	0.0	0.0
chr1:15738170-15738670	ENSG00000162461	SLC25A34	chr1	15738170	15738670	15736257	+	2163	epithelial	method2b_glasso	1.0	0.0	0.0
chr1:15740506-15741006	ENSG00000162460	TMEM82	chr1	15740506	15741006	15742498	+	1742	epithelial	method2b_glasso	1.0	0.0	0.0
chr1:15741014-15741514	ENSG00000162460	TMEM82	chr1	15741014	15741514	15742498	+	1234	epithelial	method2b_glasso	1.0	0.0	0.0
chr1:15741585-15742085	ENSG00000162460	TMEM82	chr1	15741585	15742085	15742498	+	663	epithelial	method2b_glasso	1.0	0.0	0.0
chr1:15742193-15742693	ENSG00000162460	TMEM82	chr1	15742193	15742693	15742498	+	55	epithelial	method2b_glasso	1.0	0.0	0.0
chr1:15742738-15743238	ENSG00000162460	TMEM82	chr1	15742738	15743238	15742498	+	490	epithelial	method2b_glasso	1.0	0.0	0.0
chr1:15743303-15743803	ENSG00000162460	TMEM82	chr1	15743303	15743803	15742498	+	1055	epithelial	method2b_glasso	1.0	0.0	0.0
chr1:15744339-15744839	ENSG00000162460	TMEM82	chr1	15744339	15744839	15742498	+	2091	epithelial	method2b_glasso	1.0	0.0	0.0
chr1:15755051-15755551	ENSG00000162458	FBLIM1	chr1	15755051	15755551	15756606	+	1305	epithelial	method2b_glasso	1.0	0.0	0.0
chr1:15755555-15756055	ENSG00000162458	FBLIM1	chr1	15755555	15756055	15756606	+	801	epithelial	method2b_glasso	1.0	0.0	0.0
chr1:15756339-15756839	ENSG00000162458	FBLIM1	chr1	15756339	15756839	15756606	+	17	epithelial	method2b_glasso	1.0	0.0	0.0
chr1:15756962-15757462	ENSG00000162458	FBLIM1	chr1	15756962	15757462	15756606	+	606	epithelial	method2b_glasso	1.0	0.0	0.0
chr1:15757643-15758143	ENSG00000162458	FBLIM1	chr1	15757643	15758143	15756606	+	1287	epithelial	method2b_glasso	1.0	0.0	0.0
chr1:15758167-15758667	ENSG00000162458	FBLIM1	chr1	15758167	15758667	15756606	+	1811	epithelial	method2b_glasso	1.0	0.0	0.0
chr1:15834148-15834648	ENSG00000065526	SPEN	chr1	15834148	15834648	15836094	+	1696	epithelial	method2b_glasso	1.0	0.0	0.0
chr1:15834707-15835207	ENSG00000065526	SPEN	chr1	15834707	15835207	15836094	+	1137	epithelial	method2b_glasso	1.0	0.0	0.0
chr1:15835709-15836209	ENSG00000065526	SPEN	chr1	15835709	15836209	15836094	+	135	epithelial	method2b_glasso	1.0	0.0	0.0
chr1:15836672-15837172	ENSG00000065526	SPEN	chr1	15836672	15837172	15836094	+	828	epithelial	method2b_glasso	1.0	0.0	0.0
chr1:15837333-15837833	ENSG00000065526	SPEN	chr1	15837333	15837833	15836094	+	1489	epithelial	method2b_glasso	1.0	0.0	0.0
chr1:15974788-15975288	ENSG00000116809	ZBTB17	chr1	15974788	15975288	15976131	-	1093	epithelial	method2b_glasso	1.0	0.0	0.0
chr1:15975333-15975833	ENSG00000116809	ZBTB17	chr1	15975333	15975833	15976131	-	548	epithelial	method2b_glasso	1.0	0.0	0.0
chr1:15975862-15976362	ENSG00000116809	ZBTB17	chr1	15975862	15976362	15976131	-	19	epithelial	method2b_glasso	1.0	0.0	0.0
chr1:16003907-16004407	ENSG00000183888	SRARP	chr1	16003907	16004407	16004235	+	78	epithelial	method2b_glasso	1.0	0.0	0.0
chr1:16005047-16005547	ENSG00000183888	SRARP	chr1	16005047	16005547	16004235	+	1062	epithelial	method2b_glasso	1.0	0.0	0.0
chr1:16006086-16006586	ENSG00000183888	SRARP	chr1	16006086	16006586	16004235	+	2101	epithelial	method2b_glasso	1.0	0.0	0.0
chr1:16017411-16017911	ENSG00000173641	HSPB7	chr1	16017411	16017911	16019593	-	1932	epithelial	method2b_glasso	1.0	0.0	0.0
chr1:16017411-16017911	ENSG00000186510	CLCNKA	chr1	16017411	16017911	16018874	+	1213	epithelial	method2b_glasso	1.0	0.0	0.0
chr1:16018014-16018514	ENSG00000173641	HSPB7	chr1	16018014	16018514	16019593	-	1329	epithelial	method2b_glasso	1.0	0.0	0.0
chr1:16018014-16018514	ENSG00000186510	CLCNKA	chr1	16018014	16018514	16018874	+	610	epithelial	method2b_glasso	1.0	0.0	0.0
chr1:16018673-16019173	ENSG00000173641	HSPB7	chr1	16018673	16019173	16019593	-	670	epithelial	method2b_glasso	1.0	0.0	0.0
chr1:16018673-16019173	ENSG00000186510	CLCNKA	chr1	16018673	16019173	16018874	+	49	epithelial	method2b_glasso	1.0	0.0	0.0
chr1:16019178-16019678	ENSG00000173641	HSPB7	chr1	16019178	16019678	16019593	-	165	epithelial	method2b_glasso	1.0	0.0	0.0
chr1:16019178-16019678	ENSG00000186510	CLCNKA	chr1	16019178	16019678	16018874	+	554	epithelial	method2b_glasso	1.0	0.0	0.0
chr1:16020358-16020858	ENSG00000173641	HSPB7	chr1	16020358	16020858	16019593	-	1015	epithelial	method2b_glasso	1.0	0.0	0.0
chr1:16020358-16020858	ENSG00000186510	CLCNKA	chr1	16020358	16020858	16018874	+	1734	epithelial	method2b_glasso	1.0	0.0	0.0
chr1:16021192-16021692	ENSG00000173641	HSPB7	chr1	16021192	16021692	16019593	-	1849	epithelial	method2b_glasso	1.0	0.0	0.0
chr1:16038444-16038944	ENSG00000184908	CLCNKB	chr1	16038444	16038944	16040251	+	1557	epithelial	method2b_glasso	1.0	0.0	0.0
chr1:16042029-16042529	ENSG00000184908	CLCNKB	chr1	16042029	16042529	16040251	+	2028	epithelial	method2b_glasso	1.0	0.0	0.0
chr1:16071411-16071911	ENSG00000185519	FAM131C	chr1	16071411	16071911	16073650	-	1989	epithelial	method2b_glasso	1.0	0.0	0.0
chr1:16072163-16072663	ENSG00000185519	FAM131C	chr1	16072163	16072663	16073650	-	1237	epithelial	method2b_glasso	1.0	0.0	0.0
chr1:16072900-16073400	ENSG00000185519	FAM131C	chr1	16072900	16073400	16073650	-	500	epithelial	method2b_glasso	1.0	0.0	0.0
chr1:16073402-16073902	ENSG00000185519	FAM131C	chr1	16073402	16073902	16073650	-	2	epithelial	method2b_glasso	1.0	0.0	0.0
chr1:16073992-16074492	ENSG00000185519	FAM131C	chr1	16073992	16074492	16073650	-	592	epithelial	method2b_glasso	1.0	0.0	0.0
chr1:16075245-16075745	ENSG00000185519	FAM131C	chr1	16075245	16075745	16073650	-	1845	epithelial	method2b_glasso	1.0	0.0	0.0
chr1:16154080-16154580	ENSG00000142627	EPHA2	chr1	16154080	16154580	16156068	-	1738	epithelial	method2b_glasso	1.0	0.0	0.0
chr1:16154886-16155386	ENSG00000142627	EPHA2	chr1	16154886	16155386	16156068	-	932	epithelial	method2b_glasso	1.0	0.0	0.0
chr1:16155867-16156367	ENSG00000142627	EPHA2	chr1	16155867	16156367	16156068	-	49	epithelial	method2b_glasso	1.0	0.0	0.0
chr1:16156761-16157261	ENSG00000142627	EPHA2	chr1	16156761	16157261	16156068	-	943	epithelial	method2b_glasso	1.0	0.0	0.0
chr1:16157306-16157806	ENSG00000142627	EPHA2	chr1	16157306	16157806	16156068	-	1488	epithelial	method2b_glasso	1.0	0.0	0.0
chr1:16157958-16158458	ENSG00000142627	EPHA2	chr1	16157958	16158458	16156068	-	2140	epithelial	method2b_glasso	1.0	0.0	0.0
chr1:16210800-16211300	ENSG00000142632	ARHGEF19	chr1	16210800	16211300	16212651	-	1601	epithelial	method2b_glasso	1.0	0.0	0.0
chr1:16211384-16211884	ENSG00000142632	ARHGEF19	chr1	16211384	16211884	16212651	-	1017	epithelial	method2b_glasso	1.0	0.0	0.0
chr1:16212436-16212936	ENSG00000142632	ARHGEF19	chr1	16212436	16212936	16212651	-	35	epithelial	method2b_glasso	1.0	0.0	0.0
chr1:16213023-16213523	ENSG00000142632	ARHGEF19	chr1	16213023	16213523	16212651	-	622	epithelial	method2b_glasso	1.0	0.0	0.0
chr1:16213939-16214439	ENSG00000142632	ARHGEF19	chr1	16213939	16214439	16212651	-	1538	epithelial	method2b_glasso	1.0	0.0	0.0
chr1:16235338-16235838	ENSG00000132881	CPLANE2	chr1	16235338	16235838	16237182	-	1594	epithelial	method2b_glasso	1.0	0.0	0.0
chr1:16236057-16236557	ENSG00000132881	CPLANE2	chr1	16236057	16236557	16237182	-	875	epithelial	method2b_glasso	1.0	0.0	0.0
chr1:16236954-16237454	ENSG00000132881	CPLANE2	chr1	16236954	16237454	16237182	-	22	epithelial	method2b_glasso	1.0	0.0	0.0
chr1:16237461-16237961	ENSG00000132881	CPLANE2	chr1	16237461	16237961	16237182	-	529	epithelial	method2b_glasso	1.0	0.0	0.0
chr1:16238202-16238702	ENSG00000132881	CPLANE2	chr1	16238202	16238702	16237182	-	1270	epithelial	method2b_glasso	1.0	0.0	0.0
chr1:16238741-16239241	ENSG00000132881	CPLANE2	chr1	16238741	16239241	16237182	-	1809	epithelial	method2b_glasso	1.0	0.0	0.0
chr1:16350065-16350565	ENSG00000037637	FBXO42	chr1	16350065	16350565	16352479	-	2164	epithelial	method2b_glasso	1.0	0.0	0.0
chr1:16350972-16351472	ENSG00000037637	FBXO42	chr1	16350972	16351472	16352479	-	1257	epithelial	method2b_glasso	1.0	0.0	0.0
chr1:16350972-16351472	ENSG00000055070	SZRD1	chr1	16350972	16351472	16352574	+	1352	epithelial	method2b_glasso	1.0	0.0	0.0
chr1:16351688-16352188	ENSG00000037637	FBXO42	chr1	16351688	16352188	16352479	-	541	epithelial	method2b_glasso	1.0	0.0	0.0
chr1:16351688-16352188	ENSG00000055070	SZRD1	chr1	16351688	16352188	16352574	+	636	epithelial	method2b_glasso	1.0	0.0	0.0
chr1:16352222-16352722	ENSG00000037637	FBXO42	chr1	16352222	16352722	16352479	-	7	epithelial	method2b_glasso	1.0	0.0	0.0
chr1:16352222-16352722	ENSG00000055070	SZRD1	chr1	16352222	16352722	16352574	+	102	epithelial	method2b_glasso	1.0	0.0	0.0
chr1:16352758-16353258	ENSG00000037637	FBXO42	chr1	16352758	16353258	16352479	-	529	epithelial	method2b_glasso	1.0	0.0	0.0
chr1:16352758-16353258	ENSG00000055070	SZRD1	chr1	16352758	16353258	16352574	+	434	epithelial	method2b_glasso	1.0	0.0	0.0
chr1:16353359-16353859	ENSG00000037637	FBXO42	chr1	16353359	16353859	16352479	-	1130	epithelial	method2b_glasso	1.0	0.0	0.0
chr1:16353359-16353859	ENSG00000055070	SZRD1	chr1	16353359	16353859	16352574	+	1035	epithelial	method2b_glasso	1.0	0.0	0.0
chr1:16354058-16354558	ENSG00000037637	FBXO42	chr1	16354058	16354558	16352479	-	1829	epithelial	method2b_glasso	1.0	0.0	0.0
chr1:16354058-16354558	ENSG00000055070	SZRD1	chr1	16354058	16354558	16352574	+	1734	epithelial	method2b_glasso	1.0	0.0	0.0
chr1:16439603-16440103	ENSG00000157191	NECAP2	chr1	16439603	16440103	16440720	+	867	epithelial	method2b_glasso	1.0	0.0	0.0
chr1:16440402-16440902	ENSG00000157191	NECAP2	chr1	16440402	16440902	16440720	+	68	epithelial	method2b_glasso	1.0	0.0	0.0
chr1:16441007-16441507	ENSG00000157191	NECAP2	chr1	16441007	16441507	16440720	+	537	epithelial	method2b_glasso	1.0	0.0	0.0
chr1:16441738-16442238	ENSG00000157191	NECAP2	chr1	16441738	16442238	16440720	+	1268	epithelial	method2b_glasso	1.0	0.0	0.0
chr1:16611104-16611604	ENSG00000219481	NBPF1	chr1	16611104	16611604	16613561	-	2207	epithelial	method2b_glasso	1.0	0.0	0.0
chr1:16611998-16612498	ENSG00000219481	NBPF1	chr1	16611998	16612498	16613561	-	1313	epithelial	method2b_glasso	1.0	0.0	0.0
chr1:16612800-16613300	ENSG00000219481	NBPF1	chr1	16612800	16613300	16613561	-	511	epithelial	method2b_glasso	1.0	0.0	0.0
chr1:16613338-16613838	ENSG00000219481	NBPF1	chr1	16613338	16613838	16613561	-	27	epithelial	method2b_glasso	1.0	0.0	0.0
chr1:16614014-16614514	ENSG00000219481	NBPF1	chr1	16614014	16614514	16613561	-	703	epithelial	method2b_glasso	1.0	0.0	0.0
chr1:16614564-16615064	ENSG00000219481	NBPF1	chr1	16614564	16615064	16613561	-	1253	epithelial	method2b_glasso	1.0	0.0	0.0
chr1:16615065-16615565	ENSG00000219481	NBPF1	chr1	16615065	16615565	16613561	-	1754	epithelial	method2b_glasso	1.0	0.0	0.0
chr1:16978553-16979053	ENSG00000117122	MFAP2	chr1	16978553	16979053	16980631	-	1828	epithelial	method2b_glasso	1.0	0.0	0.0
chr1:16979712-16980212	ENSG00000117122	MFAP2	chr1	16979712	16980212	16980631	-	669	epithelial	method2b_glasso	1.0	0.0	0.0
chr1:16980422-16980922	ENSG00000117122	MFAP2	chr1	16980422	16980922	16980631	-	41	epithelial	method2b_glasso	1.0	0.0	0.0
chr1:17009591-17010091	ENSG00000159363	ATP13A2	chr1	17009591	17010091	17011927	-	2086	epithelial	method2b_glasso	1.0	0.0	0.0
chr1:17009591-17010091	ENSG00000288636	ENSG00000288636	chr1	17009591	17010091	17011756	-	1915	epithelial	method2b_glasso	1.0	0.0	0.0
chr1:17010606-17011106	ENSG00000159363	ATP13A2	chr1	17010606	17011106	17011927	-	1071	epithelial	method2b_glasso	1.0	0.0	0.0
