peak_id	gene_id	gene_name	chrom	peak_start	peak_end	tss_pos	strand	distance_bp	compartment	method	score	pvalue	fdr
chr1:923614-924114	ENSG00000187634	SAMD11	chr1	923614	924114	923922	+	58	immune	method2b_glasso	1.0	0.0	0.0
chr1:924562-925062	ENSG00000187634	SAMD11	chr1	924562	925062	923922	+	890	immune	method2b_glasso	1.0	0.0	0.0
chr1:925428-925928	ENSG00000187634	SAMD11	chr1	925428	925928	923922	+	1756	immune	method2b_glasso	1.0	0.0	0.0
chr1:957067-957567	ENSG00000188976	NOC2L	chr1	957067	957567	959308	-	1991	immune	method2b_glasso	1.0	0.0	0.0
chr1:958503-959003	ENSG00000187961	KLHL17	chr1	958503	959003	960583	+	1830	immune	method2b_glasso	1.0	0.0	0.0
chr1:958503-959003	ENSG00000188976	NOC2L	chr1	958503	959003	959308	-	555	immune	method2b_glasso	1.0	0.0	0.0
chr1:959063-959563	ENSG00000187961	KLHL17	chr1	959063	959563	960583	+	1270	immune	method2b_glasso	1.0	0.0	0.0
chr1:959063-959563	ENSG00000188976	NOC2L	chr1	959063	959563	959308	-	5	immune	method2b_glasso	1.0	0.0	0.0
chr1:959617-960117	ENSG00000187961	KLHL17	chr1	959617	960117	960583	+	716	immune	method2b_glasso	1.0	0.0	0.0
chr1:959617-960117	ENSG00000188976	NOC2L	chr1	959617	960117	959308	-	559	immune	method2b_glasso	1.0	0.0	0.0
chr1:960299-960799	ENSG00000187961	KLHL17	chr1	960299	960799	960583	+	34	immune	method2b_glasso	1.0	0.0	0.0
chr1:960299-960799	ENSG00000188976	NOC2L	chr1	960299	960799	959308	-	1241	immune	method2b_glasso	1.0	0.0	0.0
chr1:961056-961556	ENSG00000187961	KLHL17	chr1	961056	961556	960583	+	723	immune	method2b_glasso	1.0	0.0	0.0
chr1:961056-961556	ENSG00000188976	NOC2L	chr1	961056	961556	959308	-	1998	immune	method2b_glasso	1.0	0.0	0.0
chr1:961746-962246	ENSG00000187961	KLHL17	chr1	961746	962246	960583	+	1413	immune	method2b_glasso	1.0	0.0	0.0
chr1:962415-962915	ENSG00000187961	KLHL17	chr1	962415	962915	960583	+	2082	immune	method2b_glasso	1.0	0.0	0.0
chr1:965448-965948	ENSG00000187583	PLEKHN1	chr1	965448	965948	966481	+	783	immune	method2b_glasso	1.0	0.0	0.0
chr1:965962-966462	ENSG00000187583	PLEKHN1	chr1	965962	966462	966481	+	269	immune	method2b_glasso	1.0	0.0	0.0
chr1:966730-967230	ENSG00000187583	PLEKHN1	chr1	966730	967230	966481	+	499	immune	method2b_glasso	1.0	0.0	0.0
chr1:967366-967866	ENSG00000187583	PLEKHN1	chr1	967366	967866	966481	+	1135	immune	method2b_glasso	1.0	0.0	0.0
chr1:967867-968367	ENSG00000187583	PLEKHN1	chr1	967867	968367	966481	+	1636	immune	method2b_glasso	1.0	0.0	0.0
chr1:983486-983986	ENSG00000187642	PERM1	chr1	983486	983986	982116	-	1620	immune	method2b_glasso	1.0	0.0	0.0
chr1:984066-984566	ENSG00000187642	PERM1	chr1	984066	984566	982116	-	2200	immune	method2b_glasso	1.0	0.0	0.0
chr1:997712-998212	ENSG00000188290	HES4	chr1	997712	998212	1000171	-	2209	immune	method2b_glasso	1.0	0.0	0.0
chr1:998220-998720	ENSG00000188290	HES4	chr1	998220	998720	1000171	-	1701	immune	method2b_glasso	1.0	0.0	0.0
chr1:998916-999416	ENSG00000187608	ISG15	chr1	998916	999416	1001137	+	1971	immune	method2b_glasso	1.0	0.0	0.0
chr1:998916-999416	ENSG00000188290	HES4	chr1	998916	999416	1000171	-	1005	immune	method2b_glasso	1.0	0.0	0.0
chr1:999897-1000397	ENSG00000187608	ISG15	chr1	999897	1000397	1001137	+	990	immune	method2b_glasso	1.0	0.0	0.0
chr1:999897-1000397	ENSG00000188290	HES4	chr1	999897	1000397	1000171	-	24	immune	method2b_glasso	1.0	0.0	0.0
chr1:1000608-1001108	ENSG00000187608	ISG15	chr1	1000608	1001108	1001137	+	279	immune	method2b_glasso	1.0	0.0	0.0
chr1:1000608-1001108	ENSG00000188290	HES4	chr1	1000608	1001108	1000171	-	687	immune	method2b_glasso	1.0	0.0	0.0
chr1:1001180-1001680	ENSG00000187608	ISG15	chr1	1001180	1001680	1001137	+	293	immune	method2b_glasso	1.0	0.0	0.0
chr1:1001180-1001680	ENSG00000188290	HES4	chr1	1001180	1001680	1000171	-	1259	immune	method2b_glasso	1.0	0.0	0.0
chr1:1001744-1002244	ENSG00000187608	ISG15	chr1	1001744	1002244	1001137	+	857	immune	method2b_glasso	1.0	0.0	0.0
chr1:1001744-1002244	ENSG00000188290	HES4	chr1	1001744	1002244	1000171	-	1823	immune	method2b_glasso	1.0	0.0	0.0
chr1:1018289-1018789	ENSG00000188157	AGRN	chr1	1018289	1018789	1020119	+	1580	immune	method2b_glasso	1.0	0.0	0.0
chr1:1019282-1019782	ENSG00000188157	AGRN	chr1	1019282	1019782	1020119	+	587	immune	method2b_glasso	1.0	0.0	0.0
chr1:1019858-1020358	ENSG00000188157	AGRN	chr1	1019858	1020358	1020119	+	11	immune	method2b_glasso	1.0	0.0	0.0
chr1:1020415-1020915	ENSG00000188157	AGRN	chr1	1020415	1020915	1020119	+	546	immune	method2b_glasso	1.0	0.0	0.0
chr1:1020939-1021439	ENSG00000188157	AGRN	chr1	1020939	1021439	1020119	+	1070	immune	method2b_glasso	1.0	0.0	0.0
chr1:1021532-1022032	ENSG00000188157	AGRN	chr1	1021532	1022032	1020119	+	1663	immune	method2b_glasso	1.0	0.0	0.0
chr1:1072497-1072997	ENSG00000237330	RNF223	chr1	1072497	1072997	1074305	-	1558	immune	method2b_glasso	1.0	0.0	0.0
chr1:1073238-1073738	ENSG00000237330	RNF223	chr1	1073238	1073738	1074305	-	817	immune	method2b_glasso	1.0	0.0	0.0
chr1:1074123-1074623	ENSG00000237330	RNF223	chr1	1074123	1074623	1074305	-	68	immune	method2b_glasso	1.0	0.0	0.0
chr1:1074719-1075219	ENSG00000237330	RNF223	chr1	1074719	1075219	1074305	-	664	immune	method2b_glasso	1.0	0.0	0.0
chr1:1114572-1115072	ENSG00000131591	C1orf159	chr1	1114572	1115072	1116360	-	1538	immune	method2b_glasso	1.0	0.0	0.0
chr1:1115950-1116450	ENSG00000131591	C1orf159	chr1	1115950	1116450	1116360	-	160	immune	method2b_glasso	1.0	0.0	0.0
chr1:1116470-1116970	ENSG00000131591	C1orf159	chr1	1116470	1116970	1116360	-	360	immune	method2b_glasso	1.0	0.0	0.0
chr1:1117391-1117891	ENSG00000131591	C1orf159	chr1	1117391	1117891	1116360	-	1281	immune	method2b_glasso	1.0	0.0	0.0
chr1:1118136-1118636	ENSG00000131591	C1orf159	chr1	1118136	1118636	1116360	-	2026	immune	method2b_glasso	1.0	0.0	0.0
chr1:1171683-1172183	ENSG00000162571	TTLL10	chr1	1171683	1172183	1173879	+	1946	immune	method2b_glasso	1.0	0.0	0.0
chr1:1172287-1172787	ENSG00000162571	TTLL10	chr1	1172287	1172787	1173879	+	1342	immune	method2b_glasso	1.0	0.0	0.0
chr1:1173596-1174096	ENSG00000162571	TTLL10	chr1	1173596	1174096	1173879	+	33	immune	method2b_glasso	1.0	0.0	0.0
chr1:1204463-1204963	ENSG00000186891	TNFRSF18	chr1	1204463	1204963	1206591	-	1878	immune	method2b_glasso	1.0	0.0	0.0
chr1:1204975-1205475	ENSG00000186891	TNFRSF18	chr1	1204975	1205475	1206591	-	1366	immune	method2b_glasso	1.0	0.0	0.0
chr1:1205728-1206228	ENSG00000186891	TNFRSF18	chr1	1205728	1206228	1206591	-	613	immune	method2b_glasso	1.0	0.0	0.0
chr1:1206405-1206905	ENSG00000186891	TNFRSF18	chr1	1206405	1206905	1206591	-	64	immune	method2b_glasso	1.0	0.0	0.0
chr1:1206926-1207426	ENSG00000186891	TNFRSF18	chr1	1206926	1207426	1206591	-	585	immune	method2b_glasso	1.0	0.0	0.0
chr1:1207948-1208448	ENSG00000186891	TNFRSF18	chr1	1207948	1208448	1206591	-	1607	immune	method2b_glasso	1.0	0.0	0.0
chr1:1212178-1212678	ENSG00000186827	TNFRSF4	chr1	1212178	1212678	1214152	-	1724	immune	method2b_glasso	1.0	0.0	0.0
chr1:1212804-1213304	ENSG00000186827	TNFRSF4	chr1	1212804	1213304	1214152	-	1098	immune	method2b_glasso	1.0	0.0	0.0
chr1:1213420-1213920	ENSG00000186827	TNFRSF4	chr1	1213420	1213920	1214152	-	482	immune	method2b_glasso	1.0	0.0	0.0
chr1:1214370-1214870	ENSG00000186827	TNFRSF4	chr1	1214370	1214870	1214152	-	468	immune	method2b_glasso	1.0	0.0	0.0
chr1:1215048-1215548	ENSG00000186827	TNFRSF4	chr1	1215048	1215548	1214152	-	1146	immune	method2b_glasso	1.0	0.0	0.0
chr1:1215578-1216078	ENSG00000186827	TNFRSF4	chr1	1215578	1216078	1214152	-	1676	immune	method2b_glasso	1.0	0.0	0.0
chr1:1216150-1216650	ENSG00000186827	TNFRSF4	chr1	1216150	1216650	1214152	-	2248	immune	method2b_glasso	1.0	0.0	0.0
chr1:1229542-1230042	ENSG00000078808	SDF4	chr1	1229542	1230042	1232030	-	2238	immune	method2b_glasso	1.0	0.0	0.0
chr1:1230606-1231106	ENSG00000078808	SDF4	chr1	1230606	1231106	1232030	-	1174	immune	method2b_glasso	1.0	0.0	0.0
chr1:1230606-1231106	ENSG00000176022	B3GALT6	chr1	1230606	1231106	1232236	+	1380	immune	method2b_glasso	1.0	0.0	0.0
chr1:1231334-1231834	ENSG00000078808	SDF4	chr1	1231334	1231834	1232030	-	446	immune	method2b_glasso	1.0	0.0	0.0
chr1:1231334-1231834	ENSG00000176022	B3GALT6	chr1	1231334	1231834	1232236	+	652	immune	method2b_glasso	1.0	0.0	0.0
chr1:1231839-1232339	ENSG00000078808	SDF4	chr1	1231839	1232339	1232030	-	59	immune	method2b_glasso	1.0	0.0	0.0
chr1:1231839-1232339	ENSG00000176022	B3GALT6	chr1	1231839	1232339	1232236	+	147	immune	method2b_glasso	1.0	0.0	0.0
chr1:1232407-1232907	ENSG00000078808	SDF4	chr1	1232407	1232907	1232030	-	627	immune	method2b_glasso	1.0	0.0	0.0
chr1:1232407-1232907	ENSG00000176022	B3GALT6	chr1	1232407	1232907	1232236	+	421	immune	method2b_glasso	1.0	0.0	0.0
chr1:1233026-1233526	ENSG00000078808	SDF4	chr1	1233026	1233526	1232030	-	1246	immune	method2b_glasso	1.0	0.0	0.0
chr1:1233026-1233526	ENSG00000176022	B3GALT6	chr1	1233026	1233526	1232236	+	1040	immune	method2b_glasso	1.0	0.0	0.0
chr1:1234031-1234531	ENSG00000176022	B3GALT6	chr1	1234031	1234531	1232236	+	2045	immune	method2b_glasso	1.0	0.0	0.0
chr1:1246401-1246901	ENSG00000184163	C1QTNF12	chr1	1246401	1246901	1246721	-	70	immune	method2b_glasso	1.0	0.0	0.0
chr1:1247412-1247912	ENSG00000184163	C1QTNF12	chr1	1247412	1247912	1246721	-	941	immune	method2b_glasso	1.0	0.0	0.0
chr1:1271729-1272229	ENSG00000160087	UBE2J2	chr1	1271729	1272229	1273863	-	1884	immune	method2b_glasso	1.0	0.0	0.0
chr1:1272890-1273390	ENSG00000160087	UBE2J2	chr1	1272890	1273390	1273863	-	723	immune	method2b_glasso	1.0	0.0	0.0
chr1:1273648-1274148	ENSG00000160087	UBE2J2	chr1	1273648	1274148	1273863	-	35	immune	method2b_glasso	1.0	0.0	0.0
chr1:1274151-1274651	ENSG00000160087	UBE2J2	chr1	1274151	1274651	1273863	-	538	immune	method2b_glasso	1.0	0.0	0.0
chr1:1274858-1275358	ENSG00000160087	UBE2J2	chr1	1274858	1275358	1273863	-	1245	immune	method2b_glasso	1.0	0.0	0.0
chr1:1275421-1275921	ENSG00000160087	UBE2J2	chr1	1275421	1275921	1273863	-	1808	immune	method2b_glasso	1.0	0.0	0.0
chr1:1281233-1281733	ENSG00000162572	SCNN1D	chr1	1281233	1281733	1280435	+	1048	immune	method2b_glasso	1.0	0.0	0.0
chr1:1281758-1282258	ENSG00000162572	SCNN1D	chr1	1281758	1282258	1280435	+	1573	immune	method2b_glasso	1.0	0.0	0.0
chr1:1306669-1307169	ENSG00000169972	PUSL1	chr1	1306669	1307169	1308596	+	1677	immune	method2b_glasso	1.0	0.0	0.0
chr1:1307710-1308210	ENSG00000131584	ACAP3	chr1	1307710	1308210	1309608	-	1648	immune	method2b_glasso	1.0	0.0	0.0
chr1:1307710-1308210	ENSG00000169972	PUSL1	chr1	1307710	1308210	1308596	+	636	immune	method2b_glasso	1.0	0.0	0.0
chr1:1308274-1308774	ENSG00000131584	ACAP3	chr1	1308274	1308774	1309608	-	1084	immune	method2b_glasso	1.0	0.0	0.0
chr1:1308274-1308774	ENSG00000169972	PUSL1	chr1	1308274	1308774	1308596	+	72	immune	method2b_glasso	1.0	0.0	0.0
chr1:1309015-1309515	ENSG00000131584	ACAP3	chr1	1309015	1309515	1309608	-	343	immune	method2b_glasso	1.0	0.0	0.0
chr1:1309015-1309515	ENSG00000169972	PUSL1	chr1	1309015	1309515	1308596	+	669	immune	method2b_glasso	1.0	0.0	0.0
chr1:1309939-1310439	ENSG00000131584	ACAP3	chr1	1309939	1310439	1309608	-	581	immune	method2b_glasso	1.0	0.0	0.0
chr1:1309939-1310439	ENSG00000169972	PUSL1	chr1	1309939	1310439	1308596	+	1593	immune	method2b_glasso	1.0	0.0	0.0
chr1:1311003-1311503	ENSG00000131584	ACAP3	chr1	1311003	1311503	1309608	-	1645	immune	method2b_glasso	1.0	0.0	0.0
chr1:1311535-1312035	ENSG00000131584	ACAP3	chr1	1311535	1312035	1309608	-	2177	immune	method2b_glasso	1.0	0.0	0.0
chr1:1322984-1323484	ENSG00000127054	INTS11	chr1	1322984	1323484	1324686	-	1452	immune	method2b_glasso	1.0	0.0	0.0
chr1:1322984-1323484	ENSG00000224051	CPTP	chr1	1322984	1323484	1324755	+	1521	immune	method2b_glasso	1.0	0.0	0.0
chr1:1324442-1324942	ENSG00000127054	INTS11	chr1	1324442	1324942	1324686	-	6	immune	method2b_glasso	1.0	0.0	0.0
chr1:1324442-1324942	ENSG00000224051	CPTP	chr1	1324442	1324942	1324755	+	63	immune	method2b_glasso	1.0	0.0	0.0
chr1:1324961-1325461	ENSG00000127054	INTS11	chr1	1324961	1325461	1324686	-	525	immune	method2b_glasso	1.0	0.0	0.0
chr1:1324961-1325461	ENSG00000224051	CPTP	chr1	1324961	1325461	1324755	+	456	immune	method2b_glasso	1.0	0.0	0.0
chr1:1325655-1326155	ENSG00000127054	INTS11	chr1	1325655	1326155	1324686	-	1219	immune	method2b_glasso	1.0	0.0	0.0
chr1:1325655-1326155	ENSG00000224051	CPTP	chr1	1325655	1326155	1324755	+	1150	immune	method2b_glasso	1.0	0.0	0.0
chr1:1328808-1329308	ENSG00000169962	TAS1R3	chr1	1328808	1329308	1331279	+	2221	immune	method2b_glasso	1.0	0.0	0.0
chr1:1329764-1330264	ENSG00000169962	TAS1R3	chr1	1329764	1330264	1331279	+	1265	immune	method2b_glasso	1.0	0.0	0.0
chr1:1330271-1330771	ENSG00000169962	TAS1R3	chr1	1330271	1330771	1331279	+	758	immune	method2b_glasso	1.0	0.0	0.0
chr1:1330962-1331462	ENSG00000169962	TAS1R3	chr1	1330962	1331462	1331279	+	67	immune	method2b_glasso	1.0	0.0	0.0
chr1:1331764-1332264	ENSG00000169962	TAS1R3	chr1	1331764	1332264	1331279	+	735	immune	method2b_glasso	1.0	0.0	0.0
chr1:1332557-1333057	ENSG00000169962	TAS1R3	chr1	1332557	1333057	1331279	+	1528	immune	method2b_glasso	1.0	0.0	0.0
chr1:1333138-1333638	ENSG00000169962	TAS1R3	chr1	1333138	1333638	1331279	+	2109	immune	method2b_glasso	1.0	0.0	0.0
chr1:1347514-1348014	ENSG00000107404	DVL1	chr1	1347514	1348014	1349417	-	1653	immune	method2b_glasso	1.0	0.0	0.0
chr1:1348448-1348948	ENSG00000107404	DVL1	chr1	1348448	1348948	1349417	-	719	immune	method2b_glasso	1.0	0.0	0.0
chr1:1349197-1349697	ENSG00000107404	DVL1	chr1	1349197	1349697	1349417	-	30	immune	method2b_glasso	1.0	0.0	0.0
chr1:1359800-1360300	ENSG00000162576	MXRA8	chr1	1359800	1360300	1361776	-	1726	immune	method2b_glasso	1.0	0.0	0.0
chr1:1360559-1361059	ENSG00000162576	MXRA8	chr1	1360559	1361059	1361776	-	967	immune	method2b_glasso	1.0	0.0	0.0
chr1:1361469-1361969	ENSG00000162576	MXRA8	chr1	1361469	1361969	1361776	-	57	immune	method2b_glasso	1.0	0.0	0.0
chr1:1372902-1373402	ENSG00000175756	AURKAIP1	chr1	1372902	1373402	1375206	-	2054	immune	method2b_glasso	1.0	0.0	0.0
chr1:1373590-1374090	ENSG00000175756	AURKAIP1	chr1	1373590	1374090	1375206	-	1366	immune	method2b_glasso	1.0	0.0	0.0
chr1:1374409-1374909	ENSG00000175756	AURKAIP1	chr1	1374409	1374909	1375206	-	547	immune	method2b_glasso	1.0	0.0	0.0
chr1:1375140-1375640	ENSG00000175756	AURKAIP1	chr1	1375140	1375640	1375206	-	184	immune	method2b_glasso	1.0	0.0	0.0
chr1:1375821-1376321	ENSG00000175756	AURKAIP1	chr1	1375821	1376321	1375206	-	865	immune	method2b_glasso	1.0	0.0	0.0
chr1:1376541-1377041	ENSG00000175756	AURKAIP1	chr1	1376541	1377041	1375206	-	1585	immune	method2b_glasso	1.0	0.0	0.0
chr1:1397768-1398268	ENSG00000221978	CCNL2	chr1	1397768	1398268	1399334	-	1316	immune	method2b_glasso	1.0	0.0	0.0
chr1:1398623-1399123	ENSG00000221978	CCNL2	chr1	1398623	1399123	1399334	-	461	immune	method2b_glasso	1.0	0.0	0.0
chr1:1399238-1399738	ENSG00000221978	CCNL2	chr1	1399238	1399738	1399334	-	154	immune	method2b_glasso	1.0	0.0	0.0
chr1:1399872-1400372	ENSG00000221978	CCNL2	chr1	1399872	1400372	1399334	-	788	immune	method2b_glasso	1.0	0.0	0.0
chr1:1400465-1400965	ENSG00000221978	CCNL2	chr1	1400465	1400965	1399334	-	1381	immune	method2b_glasso	1.0	0.0	0.0
chr1:1401088-1401588	ENSG00000221978	CCNL2	chr1	1401088	1401588	1399334	-	2004	immune	method2b_glasso	1.0	0.0	0.0
chr1:1405328-1405828	ENSG00000242485	MRPL20	chr1	1405328	1405828	1407292	-	1714	immune	method2b_glasso	1.0	0.0	0.0
chr1:1406424-1406924	ENSG00000242485	MRPL20	chr1	1406424	1406924	1407292	-	618	immune	method2b_glasso	1.0	0.0	0.0
chr1:1407123-1407623	ENSG00000242485	MRPL20	chr1	1407123	1407623	1407292	-	81	immune	method2b_glasso	1.0	0.0	0.0
chr1:1407753-1408253	ENSG00000242485	MRPL20	chr1	1407753	1408253	1407292	-	711	immune	method2b_glasso	1.0	0.0	0.0
chr1:1408571-1409071	ENSG00000242485	MRPL20	chr1	1408571	1409071	1407292	-	1529	immune	method2b_glasso	1.0	0.0	0.0
chr1:1419624-1420124	ENSG00000235098	ANKRD65	chr1	1419624	1420124	1421768	-	1894	immune	method2b_glasso	1.0	0.0	0.0
chr1:1420191-1420691	ENSG00000235098	ANKRD65	chr1	1420191	1420691	1421768	-	1327	immune	method2b_glasso	1.0	0.0	0.0
chr1:1426537-1427037	ENSG00000205116	TMEM88B	chr1	1426537	1427037	1425870	+	917	immune	method2b_glasso	1.0	0.0	0.0
chr1:1427185-1427685	ENSG00000205116	TMEM88B	chr1	1427185	1427685	1425870	+	1565	immune	method2b_glasso	1.0	0.0	0.0
chr1:1433151-1433651	ENSG00000179403	VWA1	chr1	1433151	1433651	1434860	+	1459	immune	method2b_glasso	1.0	0.0	0.0
chr1:1434100-1434600	ENSG00000179403	VWA1	chr1	1434100	1434600	1434860	+	510	immune	method2b_glasso	1.0	0.0	0.0
chr1:1435442-1435942	ENSG00000179403	VWA1	chr1	1435442	1435942	1434860	+	832	immune	method2b_glasso	1.0	0.0	0.0
chr1:1435976-1436476	ENSG00000179403	VWA1	chr1	1435976	1436476	1434860	+	1366	immune	method2b_glasso	1.0	0.0	0.0
chr1:1470681-1471181	ENSG00000160072	ATAD3B	chr1	1470681	1471181	1471764	+	833	immune	method2b_glasso	1.0	0.0	0.0
chr1:1471429-1471929	ENSG00000160072	ATAD3B	chr1	1471429	1471929	1471764	+	85	immune	method2b_glasso	1.0	0.0	0.0
chr1:1472455-1472955	ENSG00000160072	ATAD3B	chr1	1472455	1472955	1471764	+	941	immune	method2b_glasso	1.0	0.0	0.0
chr1:1473057-1473557	ENSG00000160072	ATAD3B	chr1	1473057	1473557	1471764	+	1543	immune	method2b_glasso	1.0	0.0	0.0
chr1:1511290-1511790	ENSG00000197785	ATAD3A	chr1	1511290	1511790	1512161	+	621	immune	method2b_glasso	1.0	0.0	0.0
chr1:1511833-1512333	ENSG00000197785	ATAD3A	chr1	1511833	1512333	1512161	+	78	immune	method2b_glasso	1.0	0.0	0.0
chr1:1539110-1539610	ENSG00000205090	TMEM240	chr1	1539110	1539610	1540623	-	1263	immune	method2b_glasso	1.0	0.0	0.0
chr1:1539649-1540149	ENSG00000205090	TMEM240	chr1	1539649	1540149	1540623	-	724	immune	method2b_glasso	1.0	0.0	0.0
chr1:1540393-1540893	ENSG00000205090	TMEM240	chr1	1540393	1540893	1540623	-	20	immune	method2b_glasso	1.0	0.0	0.0
chr1:1541124-1541624	ENSG00000205090	TMEM240	chr1	1541124	1541624	1540623	-	751	immune	method2b_glasso	1.0	0.0	0.0
chr1:1542075-1542575	ENSG00000205090	TMEM240	chr1	1542075	1542575	1540623	-	1702	immune	method2b_glasso	1.0	0.0	0.0
chr1:1572877-1573377	ENSG00000160075	SSU72	chr1	1572877	1573377	1574862	-	1735	immune	method2b_glasso	1.0	0.0	0.0
chr1:1573749-1574249	ENSG00000160075	SSU72	chr1	1573749	1574249	1574862	-	863	immune	method2b_glasso	1.0	0.0	0.0
chr1:1574404-1574904	ENSG00000160075	SSU72	chr1	1574404	1574904	1574862	-	208	immune	method2b_glasso	1.0	0.0	0.0
chr1:1575046-1575546	ENSG00000160075	SSU72	chr1	1575046	1575546	1574862	-	434	immune	method2b_glasso	1.0	0.0	0.0
chr1:1597659-1598159	ENSG00000228594	FNDC10	chr1	1597659	1598159	1600134	-	2225	immune	method2b_glasso	1.0	0.0	0.0
chr1:1598682-1599182	ENSG00000228594	FNDC10	chr1	1598682	1599182	1600134	-	1202	immune	method2b_glasso	1.0	0.0	0.0
chr1:1599235-1599735	ENSG00000228594	FNDC10	chr1	1599235	1599735	1600134	-	649	immune	method2b_glasso	1.0	0.0	0.0
chr1:1599914-1600414	ENSG00000228594	FNDC10	chr1	1599914	1600414	1600134	-	30	immune	method2b_glasso	1.0	0.0	0.0
chr1:1600529-1601029	ENSG00000228594	FNDC10	chr1	1600529	1601029	1600134	-	645	immune	method2b_glasso	1.0	0.0	0.0
chr1:1601492-1601992	ENSG00000228594	FNDC10	chr1	1601492	1601992	1600134	-	1608	immune	method2b_glasso	1.0	0.0	0.0
chr1:1613203-1613703	ENSG00000197530	MIB2	chr1	1613203	1613703	1615453	+	2000	immune	method2b_glasso	1.0	0.0	0.0
chr1:1613931-1614431	ENSG00000197530	MIB2	chr1	1613931	1614431	1615453	+	1272	immune	method2b_glasso	1.0	0.0	0.0
chr1:1614464-1614964	ENSG00000197530	MIB2	chr1	1614464	1614964	1615453	+	739	immune	method2b_glasso	1.0	0.0	0.0
chr1:1615143-1615643	ENSG00000197530	MIB2	chr1	1615143	1615643	1615453	+	60	immune	method2b_glasso	1.0	0.0	0.0
chr1:1615939-1616439	ENSG00000197530	MIB2	chr1	1615939	1616439	1615453	+	736	immune	method2b_glasso	1.0	0.0	0.0
chr1:1616534-1617034	ENSG00000197530	MIB2	chr1	1616534	1617034	1615453	+	1331	immune	method2b_glasso	1.0	0.0	0.0
chr1:1617107-1617607	ENSG00000197530	MIB2	chr1	1617107	1617607	1615453	+	1904	immune	method2b_glasso	1.0	0.0	0.0
chr1:1630237-1630737	ENSG00000189409	MMP23B	chr1	1630237	1630737	1632162	+	1675	immune	method2b_glasso	1.0	0.0	0.0
chr1:1630864-1631364	ENSG00000189409	MMP23B	chr1	1630864	1631364	1632162	+	1048	immune	method2b_glasso	1.0	0.0	0.0
chr1:1631379-1631879	ENSG00000189409	MMP23B	chr1	1631379	1631879	1632162	+	533	immune	method2b_glasso	1.0	0.0	0.0
chr1:1631885-1632385	ENSG00000189409	MMP23B	chr1	1631885	1632385	1632162	+	27	immune	method2b_glasso	1.0	0.0	0.0
chr1:1658895-1659395	ENSG00000248333	CDK11B	chr1	1658895	1659395	1659011	-	134	immune	method2b_glasso	1.0	0.0	0.0
chr1:1660563-1661063	ENSG00000248333	CDK11B	chr1	1660563	1661063	1659011	-	1802	immune	method2b_glasso	1.0	0.0	0.0
chr1:1692281-1692781	ENSG00000189339	SLC35E2B	chr1	1692281	1692781	1692794	-	263	immune	method2b_glasso	1.0	0.0	0.0
chr1:1692909-1693409	ENSG00000189339	SLC35E2B	chr1	1692909	1693409	1692794	-	365	immune	method2b_glasso	1.0	0.0	0.0
chr1:1694269-1694769	ENSG00000189339	SLC35E2B	chr1	1694269	1694769	1692794	-	1725	immune	method2b_glasso	1.0	0.0	0.0
chr1:1724236-1724736	ENSG00000008128	CDK11A	chr1	1724236	1724736	1724356	-	130	immune	method2b_glasso	1.0	0.0	0.0
chr1:1726012-1726512	ENSG00000008128	CDK11A	chr1	1726012	1726512	1724356	-	1906	immune	method2b_glasso	1.0	0.0	0.0
chr1:1778024-1778524	ENSG00000008130	NADK	chr1	1778024	1778524	1780456	-	2182	immune	method2b_glasso	1.0	0.0	0.0
chr1:1778675-1779175	ENSG00000008130	NADK	chr1	1778675	1779175	1780456	-	1531	immune	method2b_glasso	1.0	0.0	0.0
chr1:1779375-1779875	ENSG00000008130	NADK	chr1	1779375	1779875	1780456	-	831	immune	method2b_glasso	1.0	0.0	0.0
chr1:1779913-1780413	ENSG00000008130	NADK	chr1	1779913	1780413	1780456	-	293	immune	method2b_glasso	1.0	0.0	0.0
chr1:1780629-1781129	ENSG00000008130	NADK	chr1	1780629	1781129	1780456	-	423	immune	method2b_glasso	1.0	0.0	0.0
chr1:1781145-1781645	ENSG00000008130	NADK	chr1	1781145	1781645	1780456	-	939	immune	method2b_glasso	1.0	0.0	0.0
chr1:1781948-1782448	ENSG00000008130	NADK	chr1	1781948	1782448	1780456	-	1742	immune	method2b_glasso	1.0	0.0	0.0
chr1:1890047-1890547	ENSG00000078369	GNB1	chr1	1890047	1890547	1892291	-	1994	immune	method2b_glasso	1.0	0.0	0.0
chr1:1890872-1891372	ENSG00000078369	GNB1	chr1	1890872	1891372	1892291	-	1169	immune	method2b_glasso	1.0	0.0	0.0
chr1:1891436-1891936	ENSG00000078369	GNB1	chr1	1891436	1891936	1892291	-	605	immune	method2b_glasso	1.0	0.0	0.0
chr1:1892045-1892545	ENSG00000078369	GNB1	chr1	1892045	1892545	1892291	-	4	immune	method2b_glasso	1.0	0.0	0.0
chr1:1893192-1893692	ENSG00000078369	GNB1	chr1	1893192	1893692	1892291	-	1151	immune	method2b_glasso	1.0	0.0	0.0
chr1:1893750-1894250	ENSG00000078369	GNB1	chr1	1893750	1894250	1892291	-	1709	immune	method2b_glasso	1.0	0.0	0.0
chr1:1913045-1913545	ENSG00000169885	CALML6	chr1	1913045	1913545	1915107	+	1812	immune	method2b_glasso	1.0	0.0	0.0
chr1:1913712-1914212	ENSG00000169885	CALML6	chr1	1913712	1914212	1915107	+	1145	immune	method2b_glasso	1.0	0.0	0.0
chr1:1914513-1915013	ENSG00000169885	CALML6	chr1	1914513	1915013	1915107	+	344	immune	method2b_glasso	1.0	0.0	0.0
chr1:1915763-1916263	ENSG00000169885	CALML6	chr1	1915763	1916263	1915107	+	906	immune	method2b_glasso	1.0	0.0	0.0
chr1:1916360-1916860	ENSG00000169885	CALML6	chr1	1916360	1916860	1915107	+	1503	immune	method2b_glasso	1.0	0.0	0.0
chr1:1917238-1917738	ENSG00000178821	TMEM52	chr1	1917238	1917738	1919278	-	1790	immune	method2b_glasso	1.0	0.0	0.0
chr1:1917850-1918350	ENSG00000178821	TMEM52	chr1	1917850	1918350	1919278	-	1178	immune	method2b_glasso	1.0	0.0	0.0
chr1:1918442-1918942	ENSG00000178821	TMEM52	chr1	1918442	1918942	1919278	-	586	immune	method2b_glasso	1.0	0.0	0.0
chr1:1919236-1919736	ENSG00000178821	TMEM52	chr1	1919236	1919736	1919278	-	208	immune	method2b_glasso	1.0	0.0	0.0
chr1:1919771-1920271	ENSG00000178821	TMEM52	chr1	1919771	1920271	1919278	-	743	immune	method2b_glasso	1.0	0.0	0.0
chr1:1920277-1920777	ENSG00000178821	TMEM52	chr1	1920277	1920777	1919278	-	1249	immune	method2b_glasso	1.0	0.0	0.0
chr1:2003585-2004085	ENSG00000142609	CFAP74	chr1	2003585	2004085	2003836	-	1	immune	method2b_glasso	1.0	0.0	0.0
chr1:2019710-2020210	ENSG00000187730	GABRD	chr1	2019710	2020210	2019328	+	632	immune	method2b_glasso	1.0	0.0	0.0
chr1:2048271-2048771	ENSG00000067606	PRKCZ	chr1	2048271	2048771	2050410	+	1889	immune	method2b_glasso	1.0	0.0	0.0
chr1:2049415-2049915	ENSG00000067606	PRKCZ	chr1	2049415	2049915	2050410	+	745	immune	method2b_glasso	1.0	0.0	0.0
chr1:2049983-2050483	ENSG00000067606	PRKCZ	chr1	2049983	2050483	2050410	+	177	immune	method2b_glasso	1.0	0.0	0.0
chr1:2050760-2051260	ENSG00000067606	PRKCZ	chr1	2050760	2051260	2050410	+	600	immune	method2b_glasso	1.0	0.0	0.0
chr1:2051296-2051796	ENSG00000067606	PRKCZ	chr1	2051296	2051796	2050410	+	1136	immune	method2b_glasso	1.0	0.0	0.0
chr1:2052406-2052906	ENSG00000067606	PRKCZ	chr1	2052406	2052906	2050410	+	2246	immune	method2b_glasso	1.0	0.0	0.0
chr1:2210713-2211213	ENSG00000162585	FAAP20	chr1	2210713	2211213	2212719	-	1756	immune	method2b_glasso	1.0	0.0	0.0
chr1:2212100-2212600	ENSG00000162585	FAAP20	chr1	2212100	2212600	2212719	-	369	immune	method2b_glasso	1.0	0.0	0.0
chr1:2212727-2213227	ENSG00000162585	FAAP20	chr1	2212727	2213227	2212719	-	258	immune	method2b_glasso	1.0	0.0	0.0
chr1:2213504-2214004	ENSG00000162585	FAAP20	chr1	2213504	2214004	2212719	-	1035	immune	method2b_glasso	1.0	0.0	0.0
chr1:2214049-2214549	ENSG00000162585	FAAP20	chr1	2214049	2214549	2212719	-	1580	immune	method2b_glasso	1.0	0.0	0.0
chr1:2224960-2225460	ENSG00000157933	SKI	chr1	2224960	2225460	2227387	+	2177	immune	method2b_glasso	1.0	0.0	0.0
chr1:2226356-2226856	ENSG00000157933	SKI	chr1	2226356	2226856	2227387	+	781	immune	method2b_glasso	1.0	0.0	0.0
chr1:2227012-2227512	ENSG00000157933	SKI	chr1	2227012	2227512	2227387	+	125	immune	method2b_glasso	1.0	0.0	0.0
chr1:2227522-2228022	ENSG00000157933	SKI	chr1	2227522	2228022	2227387	+	385	immune	method2b_glasso	1.0	0.0	0.0
chr1:2228057-2228557	ENSG00000157933	SKI	chr1	2228057	2228557	2227387	+	920	immune	method2b_glasso	1.0	0.0	0.0
chr1:2229077-2229577	ENSG00000157933	SKI	chr1	2229077	2229577	2227387	+	1940	immune	method2b_glasso	1.0	0.0	0.0
chr1:2389545-2390045	ENSG00000116151	MORN1	chr1	2389545	2390045	2391706	-	1911	immune	method2b_glasso	1.0	0.0	0.0
chr1:2389545-2390045	ENSG00000157916	RER1	chr1	2389545	2390045	2391774	+	1979	immune	method2b_glasso	1.0	0.0	0.0
chr1:2390343-2390843	ENSG00000116151	MORN1	chr1	2390343	2390843	2391706	-	1113	immune	method2b_glasso	1.0	0.0	0.0
chr1:2390343-2390843	ENSG00000157916	RER1	chr1	2390343	2390843	2391774	+	1181	immune	method2b_glasso	1.0	0.0	0.0
chr1:2390873-2391373	ENSG00000116151	MORN1	chr1	2390873	2391373	2391706	-	583	immune	method2b_glasso	1.0	0.0	0.0
chr1:2390873-2391373	ENSG00000157916	RER1	chr1	2390873	2391373	2391774	+	651	immune	method2b_glasso	1.0	0.0	0.0
chr1:2391405-2391905	ENSG00000116151	MORN1	chr1	2391405	2391905	2391706	-	51	immune	method2b_glasso	1.0	0.0	0.0
chr1:2391405-2391905	ENSG00000157916	RER1	chr1	2391405	2391905	2391774	+	119	immune	method2b_glasso	1.0	0.0	0.0
chr1:2392073-2392573	ENSG00000116151	MORN1	chr1	2392073	2392573	2391706	-	617	immune	method2b_glasso	1.0	0.0	0.0
chr1:2392073-2392573	ENSG00000157916	RER1	chr1	2392073	2392573	2391774	+	549	immune	method2b_glasso	1.0	0.0	0.0
chr1:2393064-2393564	ENSG00000116151	MORN1	chr1	2393064	2393564	2391706	-	1608	immune	method2b_glasso	1.0	0.0	0.0
chr1:2393064-2393564	ENSG00000157916	RER1	chr1	2393064	2393564	2391774	+	1540	immune	method2b_glasso	1.0	0.0	0.0
chr1:2411779-2412279	ENSG00000157911	PEX10	chr1	2411779	2412279	2413796	-	1767	immune	method2b_glasso	1.0	0.0	0.0
chr1:2412401-2412901	ENSG00000157911	PEX10	chr1	2412401	2412901	2413796	-	1145	immune	method2b_glasso	1.0	0.0	0.0
chr1:2412984-2413484	ENSG00000157911	PEX10	chr1	2412984	2413484	2413796	-	562	immune	method2b_glasso	1.0	0.0	0.0
chr1:2413727-2414227	ENSG00000157911	PEX10	chr1	2413727	2414227	2413796	-	181	immune	method2b_glasso	1.0	0.0	0.0
chr1:2414327-2414827	ENSG00000157911	PEX10	chr1	2414327	2414827	2413796	-	781	immune	method2b_glasso	1.0	0.0	0.0
chr1:2415646-2416146	ENSG00000157911	PEX10	chr1	2415646	2416146	2413796	-	2100	immune	method2b_glasso	1.0	0.0	0.0
chr1:2427825-2428325	ENSG00000149527	PLCH2	chr1	2427825	2428325	2425979	+	2096	immune	method2b_glasso	1.0	0.0	0.0
chr1:2524737-2525237	ENSG00000157881	PANK4	chr1	2524737	2525237	2526596	-	1609	immune	method2b_glasso	1.0	0.0	0.0
chr1:2525450-2525950	ENSG00000157881	PANK4	chr1	2525450	2525950	2526596	-	896	immune	method2b_glasso	1.0	0.0	0.0
chr1:2526018-2526518	ENSG00000157881	PANK4	chr1	2526018	2526518	2526596	-	328	immune	method2b_glasso	1.0	0.0	0.0
chr1:2526736-2527236	ENSG00000157881	PANK4	chr1	2526736	2527236	2526596	-	390	immune	method2b_glasso	1.0	0.0	0.0
chr1:2527743-2528243	ENSG00000157881	PANK4	chr1	2527743	2528243	2526596	-	1397	immune	method2b_glasso	1.0	0.0	0.0
chr1:2528283-2528783	ENSG00000157881	PANK4	chr1	2528283	2528783	2526596	-	1937	immune	method2b_glasso	1.0	0.0	0.0
chr1:2528283-2528783	ENSG00000197921	HES5	chr1	2528283	2528783	2530262	-	1729	immune	method2b_glasso	1.0	0.0	0.0
chr1:2529254-2529754	ENSG00000197921	HES5	chr1	2529254	2529754	2530262	-	758	immune	method2b_glasso	1.0	0.0	0.0
chr1:2530039-2530539	ENSG00000197921	HES5	chr1	2530039	2530539	2530262	-	27	immune	method2b_glasso	1.0	0.0	0.0
chr1:2530788-2531288	ENSG00000197921	HES5	chr1	2530788	2531288	2530262	-	776	immune	method2b_glasso	1.0	0.0	0.0
chr1:2531460-2531960	ENSG00000197921	HES5	chr1	2531460	2531960	2530262	-	1448	immune	method2b_glasso	1.0	0.0	0.0
chr1:2554047-2554547	ENSG00000157873	TNFRSF14	chr1	2554047	2554547	2555638	+	1341	immune	method2b_glasso	1.0	0.0	0.0
chr1:2554879-2555379	ENSG00000157873	TNFRSF14	chr1	2554879	2555379	2555638	+	509	immune	method2b_glasso	1.0	0.0	0.0
chr1:2555520-2556020	ENSG00000157873	TNFRSF14	chr1	2555520	2556020	2555638	+	132	immune	method2b_glasso	1.0	0.0	0.0
chr1:2556268-2556768	ENSG00000157873	TNFRSF14	chr1	2556268	2556768	2555638	+	880	immune	method2b_glasso	1.0	0.0	0.0
chr1:2556803-2557303	ENSG00000157873	TNFRSF14	chr1	2556803	2557303	2555638	+	1415	immune	method2b_glasso	1.0	0.0	0.0
chr1:2557308-2557808	ENSG00000157873	TNFRSF14	chr1	2557308	2557808	2555638	+	1920	immune	method2b_glasso	1.0	0.0	0.0
chr1:2584416-2584916	ENSG00000157870	PRXL2B	chr1	2584416	2584916	2586490	+	1824	immune	method2b_glasso	1.0	0.0	0.0
chr1:2585325-2585825	ENSG00000157870	PRXL2B	chr1	2585325	2585825	2586490	+	915	immune	method2b_glasso	1.0	0.0	0.0
chr1:2586431-2586931	ENSG00000157870	PRXL2B	chr1	2586431	2586931	2586490	+	191	immune	method2b_glasso	1.0	0.0	0.0
chr1:2587225-2587725	ENSG00000157870	PRXL2B	chr1	2587225	2587725	2586490	+	985	immune	method2b_glasso	1.0	0.0	0.0
chr1:2587975-2588475	ENSG00000157870	PRXL2B	chr1	2587975	2588475	2586490	+	1735	immune	method2b_glasso	1.0	0.0	0.0
chr1:2631497-2631997	ENSG00000142606	MMEL1	chr1	2631497	2631997	2633015	-	1268	immune	method2b_glasso	1.0	0.0	0.0
chr1:2801552-2802052	ENSG00000215912	TTC34	chr1	2801552	2802052	2801692	-	110	immune	method2b_glasso	1.0	0.0	0.0
chr1:3068953-3069453	ENSG00000142611	PRDM16	chr1	3068953	3069453	3069167	+	36	immune	method2b_glasso	1.0	0.0	0.0
chr1:3069983-3070483	ENSG00000142611	PRDM16	chr1	3069983	3070483	3069167	+	1066	immune	method2b_glasso	1.0	0.0	0.0
chr1:3453036-3453536	ENSG00000130762	ARHGEF16	chr1	3453036	3453536	3454664	+	1378	immune	method2b_glasso	1.0	0.0	0.0
chr1:3453698-3454198	ENSG00000130762	ARHGEF16	chr1	3453698	3454198	3454664	+	716	immune	method2b_glasso	1.0	0.0	0.0
chr1:3454229-3454729	ENSG00000130762	ARHGEF16	chr1	3454229	3454729	3454664	+	185	immune	method2b_glasso	1.0	0.0	0.0
chr1:3454822-3455322	ENSG00000130762	ARHGEF16	chr1	3454822	3455322	3454664	+	408	immune	method2b_glasso	1.0	0.0	0.0
chr1:3610940-3611440	ENSG00000162591	MEGF6	chr1	3610940	3611440	3611507	-	317	immune	method2b_glasso	1.0	0.0	0.0
chr1:3611484-3611984	ENSG00000162591	MEGF6	chr1	3611484	3611984	3611507	-	227	immune	method2b_glasso	1.0	0.0	0.0
chr1:3612218-3612718	ENSG00000162591	MEGF6	chr1	3612218	3612718	3611507	-	961	immune	method2b_glasso	1.0	0.0	0.0
chr1:3622908-3623408	ENSG00000158109	TPRG1L	chr1	3622908	3623408	3625014	+	1856	immune	method2b_glasso	1.0	0.0	0.0
chr1:3623934-3624434	ENSG00000158109	TPRG1L	chr1	3623934	3624434	3625014	+	830	immune	method2b_glasso	1.0	0.0	0.0
chr1:3624634-3625134	ENSG00000158109	TPRG1L	chr1	3624634	3625134	3625014	+	130	immune	method2b_glasso	1.0	0.0	0.0
chr1:3625220-3625720	ENSG00000158109	TPRG1L	chr1	3625220	3625720	3625014	+	456	immune	method2b_glasso	1.0	0.0	0.0
chr1:3650524-3651024	ENSG00000078900	TP73	chr1	3650524	3651024	3652515	+	1741	immune	method2b_glasso	1.0	0.0	0.0
chr1:3650524-3651024	ENSG00000116213	WRAP73	chr1	3650524	3651024	3652760	-	1986	immune	method2b_glasso	1.0	0.0	0.0
chr1:3651053-3651553	ENSG00000078900	TP73	chr1	3651053	3651553	3652515	+	1212	immune	method2b_glasso	1.0	0.0	0.0
chr1:3651053-3651553	ENSG00000116213	WRAP73	chr1	3651053	3651553	3652760	-	1457	immune	method2b_glasso	1.0	0.0	0.0
chr1:3652031-3652531	ENSG00000078900	TP73	chr1	3652031	3652531	3652515	+	234	immune	method2b_glasso	1.0	0.0	0.0
chr1:3652031-3652531	ENSG00000116213	WRAP73	chr1	3652031	3652531	3652760	-	479	immune	method2b_glasso	1.0	0.0	0.0
chr1:3652546-3653046	ENSG00000078900	TP73	chr1	3652546	3653046	3652515	+	281	immune	method2b_glasso	1.0	0.0	0.0
chr1:3652546-3653046	ENSG00000116213	WRAP73	chr1	3652546	3653046	3652760	-	36	immune	method2b_glasso	1.0	0.0	0.0
chr1:3654598-3655098	ENSG00000116213	WRAP73	chr1	3654598	3655098	3652760	-	2088	immune	method2b_glasso	1.0	0.0	0.0
chr1:3744548-3745048	ENSG00000162592	CCDC27	chr1	3744548	3745048	3746459	+	1661	immune	method2b_glasso	1.0	0.0	0.0
chr1:3745415-3745915	ENSG00000162592	CCDC27	chr1	3745415	3745915	3746459	+	794	immune	method2b_glasso	1.0	0.0	0.0
chr1:3746052-3746552	ENSG00000162592	CCDC27	chr1	3746052	3746552	3746459	+	157	immune	method2b_glasso	1.0	0.0	0.0
chr1:3746605-3747105	ENSG00000162592	CCDC27	chr1	3746605	3747105	3746459	+	396	immune	method2b_glasso	1.0	0.0	0.0
chr1:3747195-3747695	ENSG00000162592	CCDC27	chr1	3747195	3747695	3746459	+	986	immune	method2b_glasso	1.0	0.0	0.0
chr1:3771594-3772094	ENSG00000235169	SMIM1	chr1	3771594	3772094	3772748	+	904	immune	method2b_glasso	1.0	0.0	0.0
chr1:3772251-3772751	ENSG00000235169	SMIM1	chr1	3772251	3772751	3772748	+	247	immune	method2b_glasso	1.0	0.0	0.0
chr1:3772898-3773398	ENSG00000235169	SMIM1	chr1	3772898	3773398	3772748	+	400	immune	method2b_glasso	1.0	0.0	0.0
chr1:3774679-3775179	ENSG00000235169	SMIM1	chr1	3774679	3775179	3772748	+	2181	immune	method2b_glasso	1.0	0.0	0.0
chr1:3795129-3795629	ENSG00000130764	LRRC47	chr1	3795129	3795629	3796497	-	1118	immune	method2b_glasso	1.0	0.0	0.0
chr1:3796277-3796777	ENSG00000130764	LRRC47	chr1	3796277	3796777	3796497	-	30	immune	method2b_glasso	1.0	0.0	0.0
chr1:3796797-3797297	ENSG00000130764	LRRC47	chr1	3796797	3797297	3796497	-	550	immune	method2b_glasso	1.0	0.0	0.0
chr1:3855145-3855645	ENSG00000116198	CEP104	chr1	3855145	3855645	3857395	-	2000	immune	method2b_glasso	1.0	0.0	0.0
chr1:3855145-3855645	ENSG00000169598	DFFB	chr1	3855145	3855645	3857266	+	1871	immune	method2b_glasso	1.0	0.0	0.0
chr1:3856509-3857009	ENSG00000116198	CEP104	chr1	3856509	3857009	3857395	-	636	immune	method2b_glasso	1.0	0.0	0.0
chr1:3856509-3857009	ENSG00000169598	DFFB	chr1	3856509	3857009	3857266	+	507	immune	method2b_glasso	1.0	0.0	0.0
chr1:3857020-3857520	ENSG00000116198	CEP104	chr1	3857020	3857520	3857395	-	125	immune	method2b_glasso	1.0	0.0	0.0
chr1:3857020-3857520	ENSG00000169598	DFFB	chr1	3857020	3857520	3857266	+	4	immune	method2b_glasso	1.0	0.0	0.0
chr1:3857726-3858226	ENSG00000116198	CEP104	chr1	3857726	3858226	3857395	-	581	immune	method2b_glasso	1.0	0.0	0.0
chr1:3857726-3858226	ENSG00000169598	DFFB	chr1	3857726	3858226	3857266	+	710	immune	method2b_glasso	1.0	0.0	0.0
chr1:3858307-3858807	ENSG00000116198	CEP104	chr1	3858307	3858807	3857395	-	1162	immune	method2b_glasso	1.0	0.0	0.0
chr1:3858307-3858807	ENSG00000169598	DFFB	chr1	3858307	3858807	3857266	+	1291	immune	method2b_glasso	1.0	0.0	0.0
chr1:3881024-3881524	ENSG00000198912	C1orf174	chr1	3881024	3881524	3900292	-	19018	immune	method2b_glasso	0.07166117429733276	0.000670856621582061	0.017249081283807755
chr1:3883476-3883976	ENSG00000198912	C1orf174	chr1	3883476	3883976	3900292	-	16566	immune	method2b_glasso	0.14632993936538696	2.426043914371956e-11	2.182217739843395e-09
chr1:3889890-3890390	ENSG00000198912	C1orf174	chr1	3889890	3890390	3900292	-	10152	immune	method2b_glasso	0.12081943452358246	2.985030889135487e-08	1.7926312239069375e-06
chr1:3899425-3899925	ENSG00000198912	C1orf174	chr1	3899425	3899925	3900292	-	617	immune	method2b_glasso	1.0	0.0	0.0
chr1:3900046-3900546	ENSG00000198912	C1orf174	chr1	3900046	3900546	3900292	-	4	immune	method2b_glasso	1.0	0.0	0.0
chr1:3900586-3901086	ENSG00000198912	C1orf174	chr1	3900586	3901086	3900292	-	544	immune	method2b_glasso	1.0	0.0	0.0
chr1:3901188-3901688	ENSG00000198912	C1orf174	chr1	3901188	3901688	3900292	-	1146	immune	method2b_glasso	1.0	0.0	0.0
chr1:3902085-3902585	ENSG00000198912	C1orf174	chr1	3902085	3902585	3900292	-	2043	immune	method2b_glasso	1.0	0.0	0.0
chr1:3902605-3903105	ENSG00000198912	C1orf174	chr1	3902605	3903105	3900292	-	2563	immune	method2b_glasso	0.2203764021396637	1.0084114658801494e-23	2.6899863033126526e-21
chr1:3904328-3904828	ENSG00000198912	C1orf174	chr1	3904328	3904828	3900292	-	4286	immune	method2b_glasso	0.0858449637889862	6.0571743233595043e-05	0.002002781955525279
chr1:3906613-3907113	ENSG00000198912	C1orf174	chr1	3906613	3907113	3900292	-	6571	immune	method2b_glasso	0.0785776823759079	0.00021794486383441836	0.006333132740110159
chr1:3907238-3907738	ENSG00000198912	C1orf174	chr1	3907238	3907738	3900292	-	7196	immune	method2b_glasso	0.07872270047664642	0.00021265858958940953	0.0061931125819683075
chr1:3910698-3911198	ENSG00000198912	C1orf174	chr1	3910698	3911198	3900292	-	10656	immune	method2b_glasso	0.08506745100021362	6.980470789130777e-05	0.002277518855407834
chr1:3922265-3922765	ENSG00000198912	C1orf174	chr1	3922265	3922765	3900292	-	22223	immune	method2b_glasso	0.08015832304954529	0.00016640573448967189	0.00497002899646759
chr1:4638207-4638707	ENSG00000196581	AJAP1	chr1	4638207	4638707	4654608	+	16151	immune	method2b_glasso	0.13434527814388275	8.111734062232756e-10	6.032346533402233e-08
chr1:4652501-4653001	ENSG00000196581	AJAP1	chr1	4652501	4653001	4654608	+	1857	immune	method2b_glasso	1.0	0.0	0.0
chr1:4655218-4655718	ENSG00000196581	AJAP1	chr1	4655218	4655718	4654608	+	860	immune	method2b_glasso	1.0	0.0	0.0
chr1:4656180-4656680	ENSG00000196581	AJAP1	chr1	4656180	4656680	4654608	+	1822	immune	method2b_glasso	1.0	0.0	0.0
chr1:4724688-4725188	ENSG00000196581	AJAP1	chr1	4724688	4725188	4654608	+	70330	immune	method2b_glasso	0.12819351255893707	4.3796402060536366e-09	2.9566865578090074e-07
chr1:4794784-4795284	ENSG00000196581	AJAP1	chr1	4794784	4795284	4654608	+	140426	immune	method2b_glasso	0.07397574931383133	0.00046520697651430964	0.012463807128369808
chr1:5989588-5990088	ENSG00000069424	KCNAB2	chr1	5989588	5990088	5990926	+	1088	immune	method2b_glasso	1.0	0.0	0.0
chr1:5989588-5990088	ENSG00000131697	NPHP4	chr1	5989588	5990088	5992472	-	2634	immune	method2b_glasso	0.09251688420772552	1.708109994069673e-05	0.0006365792360156775
chr1:5991085-5991585	ENSG00000069424	KCNAB2	chr1	5991085	5991585	5990926	+	409	immune	method2b_glasso	1.0	0.0	0.0
chr1:5991085-5991585	ENSG00000131697	NPHP4	chr1	5991085	5991585	5992472	-	1137	immune	method2b_glasso	1.0	0.0	0.0
chr1:5991750-5992250	ENSG00000069424	KCNAB2	chr1	5991750	5992250	5990926	+	1074	immune	method2b_glasso	1.0	0.0	0.0
chr1:5991750-5992250	ENSG00000131697	NPHP4	chr1	5991750	5992250	5992472	-	472	immune	method2b_glasso	1.0	0.0	0.0
chr1:5992274-5992774	ENSG00000069424	KCNAB2	chr1	5992274	5992774	5990926	+	1598	immune	method2b_glasso	1.0	0.0	0.0
chr1:5992274-5992774	ENSG00000131697	NPHP4	chr1	5992274	5992774	5992472	-	52	immune	method2b_glasso	1.0	0.0	0.0
chr1:5993128-5993628	ENSG00000131697	NPHP4	chr1	5993128	5993628	5992472	-	906	immune	method2b_glasso	1.0	0.0	0.0
chr1:5994044-5994544	ENSG00000069424	KCNAB2	chr1	5994044	5994544	5990926	+	3368	immune	method2b_glasso	0.08803974837064743	4.032626748085022e-05	0.001385655254125595
chr1:5994044-5994544	ENSG00000131697	NPHP4	chr1	5994044	5994544	5992472	-	1822	immune	method2b_glasso	1.0	0.0	0.0
chr1:5994656-5995156	ENSG00000069424	KCNAB2	chr1	5994656	5995156	5990926	+	3980	immune	method2b_glasso	0.09656427800655365	7.595574970764574e-06	0.0003038823197130114
chr1:5994656-5995156	ENSG00000131697	NPHP4	chr1	5994656	5995156	5992472	-	2434	immune	method2b_glasso	0.2241344451904297	1.7140008844778006e-24	4.82092311469716e-22
chr1:5996197-5996697	ENSG00000131697	NPHP4	chr1	5996197	5996697	5992472	-	3975	immune	method2b_glasso	0.07577648758888245	0.00034744685399346054	0.009614413604140282
chr1:6002620-6003120	ENSG00000069424	KCNAB2	chr1	6002620	6003120	5990926	+	11944	immune	method2b_glasso	0.09740553051233292	6.3921615947037935e-06	0.00025939117767848074
chr1:6002620-6003120	ENSG00000131697	NPHP4	chr1	6002620	6003120	5992472	-	10398	immune	method2b_glasso	0.07790980488061905	0.00024391096667386591	0.007004973478615284
chr1:6006547-6007047	ENSG00000131697	NPHP4	chr1	6006547	6007047	5992472	-	14325	immune	method2b_glasso	0.0800008475780487	0.00017097650561481714	0.005092334002256393
chr1:6025490-6025990	ENSG00000069424	KCNAB2	chr1	6025490	6025990	5990926	+	34814	immune	method2b_glasso	0.08755876123905182	4.4122120016254485e-05	0.0015040830476209521
chr1:6025490-6025990	ENSG00000131697	NPHP4	chr1	6025490	6025990	5992472	-	33268	immune	method2b_glasso	0.08755876123905182	4.4122120016254485e-05	0.0015040830476209521
chr1:6026005-6026505	ENSG00000069424	KCNAB2	chr1	6026005	6026505	5990926	+	35329	immune	method2b_glasso	0.11513841152191162	1.214425680018394e-07	6.641859272349393e-06
chr1:6026005-6026505	ENSG00000131697	NPHP4	chr1	6026005	6026505	5992472	-	33783	immune	method2b_glasso	0.11513841152191162	1.214425680018394e-07	6.641859272349393e-06
chr1:6035525-6036025	ENSG00000069424	KCNAB2	chr1	6035525	6036025	5990926	+	44849	immune	method2b_glasso	0.06846774369478226	0.0010932657169178128	0.026565248146653175
chr1:6198938-6199438	ENSG00000285629	ENSG00000285629	chr1	6198938	6199438	6197756	-	1432	immune	method2b_glasso	1.0	0.0	0.0
chr1:6199507-6200007	ENSG00000285629	ENSG00000285629	chr1	6199507	6200007	6197756	-	2001	immune	method2b_glasso	1.0	0.0	0.0
chr1:6204543-6205043	ENSG00000158286	RNF207	chr1	6204543	6205043	6205474	+	681	immune	method2b_glasso	1.0	0.0	0.0
chr1:6205153-6205653	ENSG00000158286	RNF207	chr1	6205153	6205653	6205474	+	71	immune	method2b_glasso	1.0	0.0	0.0
chr1:6205837-6206337	ENSG00000158286	RNF207	chr1	6205837	6206337	6205474	+	613	immune	method2b_glasso	1.0	0.0	0.0
chr1:6208605-6209105	ENSG00000116251	RPL22	chr1	6208605	6209105	6209388	-	533	immune	method2b_glasso	1.0	0.0	0.0
chr1:6209145-6209645	ENSG00000116251	RPL22	chr1	6209145	6209645	6209388	-	7	immune	method2b_glasso	1.0	0.0	0.0
chr1:6210116-6210616	ENSG00000116251	RPL22	chr1	6210116	6210616	6209388	-	978	immune	method2b_glasso	1.0	0.0	0.0
chr1:6210862-6211362	ENSG00000116251	RPL22	chr1	6210862	6211362	6209388	-	1724	immune	method2b_glasso	1.0	0.0	0.0
chr1:6235174-6235674	ENSG00000116237	ICMT	chr1	6235174	6235674	6235971	-	547	immune	method2b_glasso	1.0	0.0	0.0
chr1:6235746-6236246	ENSG00000116237	ICMT	chr1	6235746	6236246	6235971	-	25	immune	method2b_glasso	1.0	0.0	0.0
chr1:6236368-6236868	ENSG00000116237	ICMT	chr1	6236368	6236868	6235971	-	647	immune	method2b_glasso	1.0	0.0	0.0
chr1:6243971-6244471	ENSG00000173673	HES3	chr1	6243971	6244471	6244178	+	43	immune	method2b_glasso	1.0	0.0	0.0
chr1:6244970-6245470	ENSG00000173673	HES3	chr1	6244970	6245470	6244178	+	1042	immune	method2b_glasso	1.0	0.0	0.0
chr1:6245551-6246051	ENSG00000173673	HES3	chr1	6245551	6246051	6244178	+	1623	immune	method2b_glasso	1.0	0.0	0.0
chr1:6259359-6259859	ENSG00000158292	GPR153	chr1	6259359	6259859	6261097	-	1488	immune	method2b_glasso	1.0	0.0	0.0
chr1:6259875-6260375	ENSG00000158292	GPR153	chr1	6259875	6260375	6261097	-	972	immune	method2b_glasso	1.0	0.0	0.0
chr1:6260855-6261355	ENSG00000158292	GPR153	chr1	6260855	6261355	6261097	-	8	immune	method2b_glasso	1.0	0.0	0.0
chr1:6261723-6262223	ENSG00000158292	GPR153	chr1	6261723	6262223	6261097	-	876	immune	method2b_glasso	1.0	0.0	0.0
chr1:6262924-6263424	ENSG00000158292	GPR153	chr1	6262924	6263424	6261097	-	2077	immune	method2b_glasso	1.0	0.0	0.0
chr1:6391402-6391902	ENSG00000097021	ACOT7	chr1	6391402	6391902	6393766	-	2114	immune	method2b_glasso	1.0	0.0	0.0
chr1:6392550-6393050	ENSG00000097021	ACOT7	chr1	6392550	6393050	6393766	-	966	immune	method2b_glasso	1.0	0.0	0.0
chr1:6393192-6393692	ENSG00000097021	ACOT7	chr1	6393192	6393692	6393766	-	324	immune	method2b_glasso	1.0	0.0	0.0
chr1:6393802-6394302	ENSG00000097021	ACOT7	chr1	6393802	6394302	6393766	-	286	immune	method2b_glasso	1.0	0.0	0.0
chr1:6395130-6395630	ENSG00000097021	ACOT7	chr1	6395130	6395630	6393766	-	1614	immune	method2b_glasso	1.0	0.0	0.0
chr1:6423354-6423854	ENSG00000069812	HES2	chr1	6423354	6423854	6424669	-	1065	immune	method2b_glasso	1.0	0.0	0.0
chr1:6423354-6423854	ENSG00000187017	ESPN	chr1	6423354	6423854	6424775	+	1171	immune	method2b_glasso	1.0	0.0	0.0
chr1:6424629-6425129	ENSG00000069812	HES2	chr1	6424629	6425129	6424669	-	210	immune	method2b_glasso	1.0	0.0	0.0
chr1:6424629-6425129	ENSG00000187017	ESPN	chr1	6424629	6425129	6424775	+	104	immune	method2b_glasso	1.0	0.0	0.0
chr1:6425474-6425974	ENSG00000069812	HES2	chr1	6425474	6425974	6424669	-	1055	immune	method2b_glasso	1.0	0.0	0.0
chr1:6425474-6425974	ENSG00000187017	ESPN	chr1	6425474	6425974	6424775	+	949	immune	method2b_glasso	1.0	0.0	0.0
chr1:6464459-6464959	ENSG00000215788	TNFRSF25	chr1	6464459	6464959	6466174	-	1465	immune	method2b_glasso	1.0	0.0	0.0
chr1:6465422-6465922	ENSG00000215788	TNFRSF25	chr1	6465422	6465922	6466174	-	502	immune	method2b_glasso	1.0	0.0	0.0
chr1:6465965-6466465	ENSG00000215788	TNFRSF25	chr1	6465965	6466465	6466174	-	41	immune	method2b_glasso	1.0	0.0	0.0
chr1:6466468-6466968	ENSG00000215788	TNFRSF25	chr1	6466468	6466968	6466174	-	544	immune	method2b_glasso	1.0	0.0	0.0
chr1:6467125-6467625	ENSG00000215788	TNFRSF25	chr1	6467125	6467625	6466174	-	1201	immune	method2b_glasso	1.0	0.0	0.0
chr1:6519902-6520402	ENSG00000171680	PLEKHG5	chr1	6519902	6520402	6520073	-	79	immune	method2b_glasso	1.0	0.0	0.0
chr1:6554339-6554839	ENSG00000162408	NOL9	chr1	6554339	6554839	6554512	-	77	immune	method2b_glasso	1.0	0.0	0.0
chr1:6554339-6554839	ENSG00000173662	TAS1R1	chr1	6554339	6554839	6555306	+	717	immune	method2b_glasso	1.0	0.0	0.0
chr1:6554934-6555434	ENSG00000162408	NOL9	chr1	6554934	6555434	6554512	-	672	immune	method2b_glasso	1.0	0.0	0.0
chr1:6554934-6555434	ENSG00000173662	TAS1R1	chr1	6554934	6555434	6555306	+	122	immune	method2b_glasso	1.0	0.0	0.0
chr1:6578943-6579443	ENSG00000204859	ZBTB48	chr1	6578943	6579443	6579993	+	800	immune	method2b_glasso	1.0	0.0	0.0
chr1:6579688-6580188	ENSG00000204859	ZBTB48	chr1	6579688	6580188	6579993	+	55	immune	method2b_glasso	1.0	0.0	0.0
chr1:6580353-6580853	ENSG00000204859	ZBTB48	chr1	6580353	6580853	6579993	+	610	immune	method2b_glasso	1.0	0.0	0.0
chr1:6581896-6582396	ENSG00000204859	ZBTB48	chr1	6581896	6582396	6579993	+	2153	immune	method2b_glasso	1.0	0.0	0.0
chr1:6612530-6613030	ENSG00000116273	PHF13	chr1	6612530	6613030	6613730	+	950	immune	method2b_glasso	1.0	0.0	0.0
chr1:6612530-6613030	ENSG00000162413	KLHL21	chr1	6612530	6613030	6614606	-	1826	immune	method2b_glasso	1.0	0.0	0.0
chr1:6613227-6613727	ENSG00000116273	PHF13	chr1	6613227	6613727	6613730	+	253	immune	method2b_glasso	1.0	0.0	0.0
chr1:6613227-6613727	ENSG00000162413	KLHL21	chr1	6613227	6613727	6614606	-	1129	immune	method2b_glasso	1.0	0.0	0.0
chr1:6613966-6614466	ENSG00000116273	PHF13	chr1	6613966	6614466	6613730	+	486	immune	method2b_glasso	1.0	0.0	0.0
chr1:6613966-6614466	ENSG00000162413	KLHL21	chr1	6613966	6614466	6614606	-	390	immune	method2b_glasso	1.0	0.0	0.0
chr1:6614531-6615031	ENSG00000116273	PHF13	chr1	6614531	6615031	6613730	+	1051	immune	method2b_glasso	1.0	0.0	0.0
chr1:6614531-6615031	ENSG00000162413	KLHL21	chr1	6614531	6615031	6614606	-	175	immune	method2b_glasso	1.0	0.0	0.0
chr1:6615145-6615645	ENSG00000116273	PHF13	chr1	6615145	6615645	6613730	+	1665	immune	method2b_glasso	1.0	0.0	0.0
chr1:6615145-6615645	ENSG00000162413	KLHL21	chr1	6615145	6615645	6614606	-	789	immune	method2b_glasso	1.0	0.0	0.0
chr1:6615703-6616203	ENSG00000116273	PHF13	chr1	6615703	6616203	6613730	+	2223	immune	method2b_glasso	1.0	0.0	0.0
chr1:6615703-6616203	ENSG00000162413	KLHL21	chr1	6615703	6616203	6614606	-	1347	immune	method2b_glasso	1.0	0.0	0.0
chr1:6622592-6623092	ENSG00000041988	THAP3	chr1	6622592	6623092	6624867	+	2025	immune	method2b_glasso	1.0	0.0	0.0
chr1:6624895-6625395	ENSG00000041988	THAP3	chr1	6624895	6625395	6624867	+	278	immune	method2b_glasso	1.0	0.0	0.0
chr1:6625419-6625919	ENSG00000041988	THAP3	chr1	6625419	6625919	6624867	+	802	immune	method2b_glasso	1.0	0.0	0.0
chr1:6673821-6674321	ENSG00000171735	CAMTA1	chr1	6673821	6674321	6785453	+	111382	immune	method2b_glasso	0.09354513138532639	1.3945248610980343e-05	0.0005294201546348631
chr1:6701100-6701600	ENSG00000007923	DNAJC11	chr1	6701100	6701600	6701923	-	573	immune	method2b_glasso	1.0	0.0	0.0
chr1:6701631-6702131	ENSG00000007923	DNAJC11	chr1	6701631	6702131	6701923	-	42	immune	method2b_glasso	1.0	0.0	0.0
chr1:6701631-6702131	ENSG00000171735	CAMTA1	chr1	6701631	6702131	6785453	+	83572	immune	method2b_glasso	0.17279444634914398	3.587107028107288e-15	4.778493139373508e-13
chr1:6777727-6778227	ENSG00000171735	CAMTA1	chr1	6777727	6778227	6785453	+	7476	immune	method2b_glasso	0.13015352189540863	2.5809356873907063e-09	1.7973648880342807e-07
chr1:6783848-6784348	ENSG00000171735	CAMTA1	chr1	6783848	6784348	6785453	+	1355	immune	method2b_glasso	1.0	0.0	0.0
chr1:6784449-6784949	ENSG00000007923	DNAJC11	chr1	6784449	6784949	6701923	-	82776	immune	method2b_glasso	0.0837012529373169	8.931325282901525e-05	0.002842168090865016
chr1:6784449-6784949	ENSG00000171735	CAMTA1	chr1	6784449	6784949	6785453	+	754	immune	method2b_glasso	1.0	0.0	0.0
chr1:6785146-6785646	ENSG00000007923	DNAJC11	chr1	6785146	6785646	6701923	-	83473	immune	method2b_glasso	0.17279444634914398	3.587107028107288e-15	4.778493139373508e-13
chr1:6785146-6785646	ENSG00000171735	CAMTA1	chr1	6785146	6785646	6785453	+	57	immune	method2b_glasso	1.0	0.0	0.0
chr1:6785676-6786176	ENSG00000007923	DNAJC11	chr1	6785676	6786176	6701923	-	84003	immune	method2b_glasso	0.09580040723085403	8.872729267750401e-06	0.00035068587749265134
chr1:6785676-6786176	ENSG00000171735	CAMTA1	chr1	6785676	6786176	6785453	+	473	immune	method2b_glasso	1.0	0.0	0.0
chr1:6786375-6786875	ENSG00000171735	CAMTA1	chr1	6786375	6786875	6785453	+	1172	immune	method2b_glasso	1.0	0.0	0.0
chr1:7704396-7704896	ENSG00000049245	VAMP3	chr1	7704396	7704896	7771295	+	66649	immune	method2b_glasso	0.1303461790084839	2.4491637606871564e-09	1.7110050976043567e-07
chr1:7704396-7704896	ENSG00000049246	PER3	chr1	7704396	7704896	7784290	+	79644	immune	method2b_glasso	0.16740308701992035	2.4408577440596275e-14	3.0027165649759713e-12
chr1:7726506-7727006	ENSG00000049245	VAMP3	chr1	7726506	7727006	7771295	+	44539	immune	method2b_glasso	0.0727100595831871	0.0005690268008038402	0.014904449693858624
chr1:7726506-7727006	ENSG00000049249	TNFRSF9	chr1	7726506	7727006	7943164	-	216408	immune	method2b_glasso	0.0664002075791359	0.0014844966353848577	0.034789182245731354
chr1:7728777-7729277	ENSG00000049245	VAMP3	chr1	7728777	7729277	7771295	+	42268	immune	method2b_glasso	0.1449141949415207	3.7299968669302075e-11	3.2779337022503796e-09
chr1:7728777-7729277	ENSG00000049246	PER3	chr1	7728777	7729277	7784290	+	55263	immune	method2b_glasso	0.06862291693687439	0.001068103825673461	0.026022542268037796
chr1:7770502-7771002	ENSG00000049245	VAMP3	chr1	7770502	7771002	7771295	+	543	immune	method2b_glasso	1.0	0.0	0.0
chr1:7770502-7771002	ENSG00000049246	PER3	chr1	7770502	7771002	7784290	+	13538	immune	method2b_glasso	0.10744191706180573	7.327238904508704e-07	3.529529567458667e-05
chr1:7771012-7771512	ENSG00000049245	VAMP3	chr1	7771012	7771512	7771295	+	33	immune	method2b_glasso	1.0	0.0	0.0
chr1:7771012-7771512	ENSG00000049246	PER3	chr1	7771012	7771512	7784290	+	13028	immune	method2b_glasso	0.20835483074188232	2.3519016734289613e-21	5.278542443600217e-19
chr1:7771586-7772086	ENSG00000049245	VAMP3	chr1	7771586	7772086	7771295	+	541	immune	method2b_glasso	1.0	0.0	0.0
chr1:7771586-7772086	ENSG00000049246	PER3	chr1	7771586	7772086	7784290	+	12454	immune	method2b_glasso	0.15725690126419067	7.614281384224486e-13	8.065885459540567e-11
chr1:7771586-7772086	ENSG00000049249	TNFRSF9	chr1	7771586	7772086	7943164	-	171328	immune	method2b_glasso	0.07666147500276566	0.00030033435905352235	0.008446144871413708
chr1:7781388-7781888	ENSG00000049245	VAMP3	chr1	7781388	7781888	7771295	+	10343	immune	method2b_glasso	0.08844374120235443	3.737850420293398e-05	0.001293681561946869
chr1:7781388-7781888	ENSG00000049246	PER3	chr1	7781388	7781888	7784290	+	2652	immune	method2b_glasso	0.17010082304477692	9.423597292041938e-15	1.2073844528337485e-12
chr1:7781959-7782459	ENSG00000049245	VAMP3	chr1	7781959	7782459	7771295	+	10914	immune	method2b_glasso	0.07081220299005508	0.0007653050706721842	0.019387831911444664
chr1:7781959-7782459	ENSG00000049246	PER3	chr1	7781959	7782459	7784290	+	2081	immune	method2b_glasso	1.0	0.0	0.0
chr1:7782656-7783156	ENSG00000049245	VAMP3	chr1	7782656	7783156	7771295	+	11611	immune	method2b_glasso	0.15725690126419067	7.614281384224486e-13	8.065885459540567e-11
chr1:7782656-7783156	ENSG00000049246	PER3	chr1	7782656	7783156	7784290	+	1384	immune	method2b_glasso	1.0	0.0	0.0
chr1:7783277-7783777	ENSG00000049245	VAMP3	chr1	7783277	7783777	7771295	+	12232	immune	method2b_glasso	0.10355234891176224	1.7371080502925906e-06	7.83617579145357e-05
chr1:7783277-7783777	ENSG00000049246	PER3	chr1	7783277	7783777	7784290	+	763	immune	method2b_glasso	1.0	0.0	0.0
chr1:7783782-7784282	ENSG00000049245	VAMP3	chr1	7783782	7784282	7771295	+	12737	immune	method2b_glasso	0.20835483074188232	2.3519016734289613e-21	5.278542443600217e-19
chr1:7783782-7784282	ENSG00000049246	PER3	chr1	7783782	7784282	7784290	+	258	immune	method2b_glasso	1.0	0.0	0.0
chr1:7783782-7784282	ENSG00000116288	PARK7	chr1	7783782	7784282	7954290	+	170258	immune	method2b_glasso	0.08580217510461807	6.10483912169002e-05	0.0020172083750367165
chr1:7784597-7785097	ENSG00000049246	PER3	chr1	7784597	7785097	7784290	+	557	immune	method2b_glasso	1.0	0.0	0.0
chr1:7785426-7785926	ENSG00000049246	PER3	chr1	7785426	7785926	7784290	+	1386	immune	method2b_glasso	1.0	0.0	0.0
chr1:7786762-7787262	ENSG00000049245	VAMP3	chr1	7786762	7787262	7771295	+	15717	immune	method2b_glasso	0.1776442676782608	6.058325863479946e-16	8.687106210162471e-14
chr1:7786762-7787262	ENSG00000049246	PER3	chr1	7786762	7787262	7784290	+	2722	immune	method2b_glasso	0.15795563161373138	6.05038697094884e-13	6.47971676315251e-11
chr1:7810346-7810846	ENSG00000049246	PER3	chr1	7810346	7810846	7784290	+	26306	immune	method2b_glasso	0.08362193405628204	9.05903143575415e-05	0.0028785145841538906
chr1:7826976-7827476	ENSG00000049246	PER3	chr1	7826976	7827476	7784290	+	42936	immune	method2b_glasso	0.06527925282716751	0.0017464130651205778	0.04011950269341469
chr1:7829501-7830001	ENSG00000049246	PER3	chr1	7829501	7830001	7784290	+	45461	immune	method2b_glasso	0.10282279551029205	2.0355651031422894e-06	9.065805352292955e-05
chr1:7902710-7903210	ENSG00000049249	TNFRSF9	chr1	7902710	7903210	7943164	-	40204	immune	method2b_glasso	0.07588299363851547	0.00034143406082876027	0.009467344731092453
chr1:7902710-7903210	ENSG00000116288	PARK7	chr1	7902710	7903210	7954290	+	51330	immune	method2b_glasso	0.11681750416755676	8.076084867525424e-08	4.541779617284192e-06
chr1:7931381-7931881	ENSG00000049249	TNFRSF9	chr1	7931381	7931881	7943164	-	11533	immune	method2b_glasso	0.06494016945362091	0.001833544229157269	0.041877616196870804
chr1:7936815-7937315	ENSG00000049249	TNFRSF9	chr1	7936815	7937315	7943164	-	6099	immune	method2b_glasso	0.08739544451236725	4.548593278741464e-05	0.0015458239940926433
chr1:7941060-7941560	ENSG00000049249	TNFRSF9	chr1	7941060	7941560	7943164	-	1854	immune	method2b_glasso	1.0	0.0	0.0
chr1:7941598-7942098	ENSG00000049249	TNFRSF9	chr1	7941598	7942098	7943164	-	1316	immune	method2b_glasso	1.0	0.0	0.0
chr1:7942298-7942798	ENSG00000049245	VAMP3	chr1	7942298	7942798	7771295	+	171253	immune	method2b_glasso	0.07666147500276566	0.00030033435905352235	0.008446144871413708
chr1:7942298-7942798	ENSG00000049249	TNFRSF9	chr1	7942298	7942798	7943164	-	616	immune	method2b_glasso	1.0	0.0	0.0
chr1:7942298-7942798	ENSG00000116288	PARK7	chr1	7942298	7942798	7954290	+	11742	immune	method2b_glasso	0.1440746784210205	4.804266359736964e-11	4.16605283604099e-09
chr1:7943045-7943545	ENSG00000049249	TNFRSF9	chr1	7943045	7943545	7943164	-	131	immune	method2b_glasso	1.0	0.0	0.0
chr1:7943045-7943545	ENSG00000116288	PARK7	chr1	7943045	7943545	7954290	+	10995	immune	method2b_glasso	0.09976790100336075	3.908727649104549e-06	0.00016515844617970288
chr1:7945100-7945600	ENSG00000049249	TNFRSF9	chr1	7945100	7945600	7943164	-	2186	immune	method2b_glasso	1.0	0.0	0.0
chr1:7945100-7945600	ENSG00000116288	PARK7	chr1	7945100	7945600	7954290	+	8940	immune	method2b_glasso	0.07994752377271652	0.00017255065904464573	0.00513451686128974
chr1:7949015-7949515	ENSG00000049249	TNFRSF9	chr1	7949015	7949515	7943164	-	6101	immune	method2b_glasso	0.13264693319797516	1.30216182281373e-09	9.42747249155218e-08
chr1:7952742-7953242	ENSG00000116288	PARK7	chr1	7952742	7953242	7954290	+	1298	immune	method2b_glasso	1.0	0.0	0.0
chr1:7953990-7954490	ENSG00000049246	PER3	chr1	7953990	7954490	7784290	+	169950	immune	method2b_glasso	0.08580217510461807	6.10483912169002e-05	0.0020172083750367165
chr1:7953990-7954490	ENSG00000049249	TNFRSF9	chr1	7953990	7954490	7943164	-	11076	immune	method2b_glasso	0.1440746784210205	4.804266359736964e-11	4.16605283604099e-09
chr1:7953990-7954490	ENSG00000116288	PARK7	chr1	7953990	7954490	7954290	+	50	immune	method2b_glasso	1.0	0.0	0.0
chr1:7954855-7955355	ENSG00000049249	TNFRSF9	chr1	7954855	7955355	7943164	-	11941	immune	method2b_glasso	0.09976790100336075	3.908727649104549e-06	0.00016515844617970288
chr1:7954855-7955355	ENSG00000116288	PARK7	chr1	7954855	7955355	7954290	+	815	immune	method2b_glasso	1.0	0.0	0.0
chr1:7960085-7960585	ENSG00000049249	TNFRSF9	chr1	7960085	7960585	7943164	-	17171	immune	method2b_glasso	0.16621655225753784	3.6913848307272915e-14	4.4659224235354955e-12
chr1:7960802-7961302	ENSG00000116288	PARK7	chr1	7960802	7961302	7954290	+	6762	immune	method2b_glasso	0.07434763014316559	0.00043821686995215714	0.01181638240814209
chr1:7961332-7961832	ENSG00000049246	PER3	chr1	7961332	7961832	7784290	+	177292	immune	method2b_glasso	0.1250539869070053	1.0050651866322369e-08	6.460490453719103e-07
chr1:7961332-7961832	ENSG00000116288	PARK7	chr1	7961332	7961832	7954290	+	7292	immune	method2b_glasso	0.2193087786436081	1.6584746614102398e-23	4.3584707891948056e-21
chr1:7961913-7962413	ENSG00000049249	TNFRSF9	chr1	7961913	7962413	7943164	-	18999	immune	method2b_glasso	0.11744844168424606	6.918121897570018e-08	3.932689196517458e-06
chr1:7961913-7962413	ENSG00000116288	PARK7	chr1	7961913	7962413	7954290	+	7873	immune	method2b_glasso	0.1297040581703186	2.915706343031843e-09	2.0154173796527175e-07
chr1:7968327-7968827	ENSG00000116288	PARK7	chr1	7968327	7968827	7954290	+	14287	immune	method2b_glasso	0.09301827102899551	1.547656938782893e-05	0.0005816668272018433
chr1:8025332-8025832	ENSG00000116285	ERRFI1	chr1	8025332	8025832	8026308	-	726	immune	method2b_glasso	1.0	0.0	0.0
chr1:8026120-8026620	ENSG00000116285	ERRFI1	chr1	8026120	8026620	8026308	-	62	immune	method2b_glasso	1.0	0.0	0.0
chr1:8026712-8027212	ENSG00000116285	ERRFI1	chr1	8026712	8027212	8026308	-	654	immune	method2b_glasso	1.0	0.0	0.0
chr1:8315757-8316257	ENSG00000162426	SLC45A1	chr1	8315757	8316257	8318113	+	2106	immune	method2b_glasso	1.0	0.0	0.0
chr1:8317819-8318319	ENSG00000162426	SLC45A1	chr1	8317819	8318319	8318113	+	44	immune	method2b_glasso	1.0	0.0	0.0
chr1:8318500-8319000	ENSG00000162426	SLC45A1	chr1	8318500	8319000	8318113	+	637	immune	method2b_glasso	1.0	0.0	0.0
chr1:8847946-8848446	ENSG00000142599	RERE	chr1	8847946	8848446	8848920	-	724	immune	method2b_glasso	1.0	0.0	0.0
chr1:8848792-8849292	ENSG00000142599	RERE	chr1	8848792	8849292	8848920	-	122	immune	method2b_glasso	1.0	0.0	0.0
chr1:8849356-8849856	ENSG00000142599	RERE	chr1	8849356	8849856	8848920	-	686	immune	method2b_glasso	1.0	0.0	0.0
chr1:8877275-8877775	ENSG00000074800	ENO1	chr1	8877275	8877775	8879189	-	1664	immune	method2b_glasso	1.0	0.0	0.0
chr1:8877845-8878345	ENSG00000074800	ENO1	chr1	8877845	8878345	8879189	-	1094	immune	method2b_glasso	1.0	0.0	0.0
chr1:8878547-8879047	ENSG00000074800	ENO1	chr1	8878547	8879047	8879189	-	392	immune	method2b_glasso	1.0	0.0	0.0
chr1:8879054-8879554	ENSG00000074800	ENO1	chr1	8879054	8879554	8879189	-	115	immune	method2b_glasso	1.0	0.0	0.0
chr1:8879942-8880442	ENSG00000074800	ENO1	chr1	8879942	8880442	8879189	-	1003	immune	method2b_glasso	1.0	0.0	0.0
chr1:8880678-8881178	ENSG00000074800	ENO1	chr1	8880678	8881178	8879189	-	1739	immune	method2b_glasso	1.0	0.0	0.0
chr1:8946420-8946920	ENSG00000131686	CA6	chr1	8946420	8946920	8945866	+	804	immune	method2b_glasso	1.0	0.0	0.0
chr1:8947147-8947647	ENSG00000131686	CA6	chr1	8947147	8947647	8945866	+	1531	immune	method2b_glasso	1.0	0.0	0.0
chr1:9127462-9127962	ENSG00000180758	GPR157	chr1	9127462	9127962	9129101	-	1389	immune	method2b_glasso	1.0	0.0	0.0
chr1:9128232-9128732	ENSG00000180758	GPR157	chr1	9128232	9128732	9129101	-	619	immune	method2b_glasso	1.0	0.0	0.0
chr1:9128997-9129497	ENSG00000180758	GPR157	chr1	9128997	9129497	9129101	-	146	immune	method2b_glasso	1.0	0.0	0.0
chr1:9130153-9130653	ENSG00000180758	GPR157	chr1	9130153	9130653	9129101	-	1302	immune	method2b_glasso	1.0	0.0	0.0
chr1:9232340-9232840	ENSG00000049239	H6PD	chr1	9232340	9232840	9234773	+	2183	immune	method2b_glasso	1.0	0.0	0.0
chr1:9233272-9233772	ENSG00000049239	H6PD	chr1	9233272	9233772	9234773	+	1251	immune	method2b_glasso	1.0	0.0	0.0
chr1:9233847-9234347	ENSG00000049239	H6PD	chr1	9233847	9234347	9234773	+	676	immune	method2b_glasso	1.0	0.0	0.0
chr1:9234363-9234863	ENSG00000049239	H6PD	chr1	9234363	9234863	9234773	+	160	immune	method2b_glasso	1.0	0.0	0.0
chr1:9235019-9235519	ENSG00000049239	H6PD	chr1	9235019	9235519	9234773	+	496	immune	method2b_glasso	1.0	0.0	0.0
chr1:9236020-9236520	ENSG00000049239	H6PD	chr1	9236020	9236520	9234773	+	1497	immune	method2b_glasso	1.0	0.0	0.0
chr1:9290627-9291127	ENSG00000171621	SPSB1	chr1	9290627	9291127	9292893	+	2016	immune	method2b_glasso	1.0	0.0	0.0
chr1:9291725-9292225	ENSG00000171621	SPSB1	chr1	9291725	9292225	9292893	+	918	immune	method2b_glasso	1.0	0.0	0.0
chr1:9292516-9293016	ENSG00000171621	SPSB1	chr1	9292516	9293016	9292893	+	127	immune	method2b_glasso	1.0	0.0	0.0
chr1:9293338-9293838	ENSG00000171621	SPSB1	chr1	9293338	9293838	9292893	+	695	immune	method2b_glasso	1.0	0.0	0.0
chr1:9294291-9294791	ENSG00000171621	SPSB1	chr1	9294291	9294791	9292893	+	1648	immune	method2b_glasso	1.0	0.0	0.0
chr1:9294793-9295293	ENSG00000171621	SPSB1	chr1	9294793	9295293	9292893	+	2150	immune	method2b_glasso	1.0	0.0	0.0
chr1:9538392-9538892	ENSG00000171612	SLC25A33	chr1	9538392	9538892	9539464	+	822	immune	method2b_glasso	1.0	0.0	0.0
chr1:9539174-9539674	ENSG00000171612	SLC25A33	chr1	9539174	9539674	9539464	+	40	immune	method2b_glasso	1.0	0.0	0.0
chr1:9539785-9540285	ENSG00000171612	SLC25A33	chr1	9539785	9540285	9539464	+	571	immune	method2b_glasso	1.0	0.0	0.0
chr1:9540861-9541361	ENSG00000171612	SLC25A33	chr1	9540861	9541361	9539464	+	1647	immune	method2b_glasso	1.0	0.0	0.0
chr1:9588409-9588909	ENSG00000188807	TMEM201	chr1	9588409	9588909	9588910	+	251	immune	method2b_glasso	1.0	0.0	0.0
chr1:9589176-9589676	ENSG00000188807	TMEM201	chr1	9589176	9589676	9588910	+	516	immune	method2b_glasso	1.0	0.0	0.0
chr1:9589894-9590394	ENSG00000188807	TMEM201	chr1	9589894	9590394	9588910	+	1234	immune	method2b_glasso	1.0	0.0	0.0
chr1:9590429-9590929	ENSG00000188807	TMEM201	chr1	9590429	9590929	9588910	+	1769	immune	method2b_glasso	1.0	0.0	0.0
chr1:9627717-9628217	ENSG00000171608	PIK3CD	chr1	9627717	9628217	9629888	+	1921	immune	method2b_glasso	1.0	0.0	0.0
chr1:9628439-9628939	ENSG00000171608	PIK3CD	chr1	9628439	9628939	9629888	+	1199	immune	method2b_glasso	1.0	0.0	0.0
chr1:9628942-9629442	ENSG00000171608	PIK3CD	chr1	9628942	9629442	9629888	+	696	immune	method2b_glasso	1.0	0.0	0.0
chr1:9629628-9630128	ENSG00000171608	PIK3CD	chr1	9629628	9630128	9629888	+	10	immune	method2b_glasso	1.0	0.0	0.0
chr1:9630198-9630698	ENSG00000171608	PIK3CD	chr1	9630198	9630698	9629888	+	560	immune	method2b_glasso	1.0	0.0	0.0
chr1:9630956-9631456	ENSG00000171608	PIK3CD	chr1	9630956	9631456	9629888	+	1318	immune	method2b_glasso	1.0	0.0	0.0
chr1:9822772-9823272	ENSG00000171603	CLSTN1	chr1	9822772	9823272	9823983	-	961	immune	method2b_glasso	1.0	0.0	0.0
chr1:9823832-9824332	ENSG00000171603	CLSTN1	chr1	9823832	9824332	9823983	-	99	immune	method2b_glasso	1.0	0.0	0.0
chr1:9824358-9824858	ENSG00000171603	CLSTN1	chr1	9824358	9824858	9823983	-	625	immune	method2b_glasso	1.0	0.0	0.0
chr1:9824871-9825371	ENSG00000171603	CLSTN1	chr1	9824871	9825371	9823983	-	1138	immune	method2b_glasso	1.0	0.0	0.0
chr1:9825501-9826001	ENSG00000171603	CLSTN1	chr1	9825501	9826001	9823983	-	1768	immune	method2b_glasso	1.0	0.0	0.0
chr1:9908997-9909497	ENSG00000178585	CTNNBIP1	chr1	9908997	9909497	9910335	-	1088	immune	method2b_glasso	1.0	0.0	0.0
chr1:9909606-9910106	ENSG00000178585	CTNNBIP1	chr1	9909606	9910106	9910335	-	479	immune	method2b_glasso	1.0	0.0	0.0
chr1:9910265-9910765	ENSG00000178585	CTNNBIP1	chr1	9910265	9910765	9910335	-	180	immune	method2b_glasso	1.0	0.0	0.0
chr1:9910898-9911398	ENSG00000178585	CTNNBIP1	chr1	9910898	9911398	9910335	-	813	immune	method2b_glasso	1.0	0.0	0.0
chr1:9911460-9911960	ENSG00000178585	CTNNBIP1	chr1	9911460	9911960	9910335	-	1375	immune	method2b_glasso	1.0	0.0	0.0
chr1:9942324-9942824	ENSG00000162441	LZIC	chr1	9942324	9942824	9943406	-	832	immune	method2b_glasso	1.0	0.0	0.0
chr1:9942324-9942824	ENSG00000173614	NMNAT1	chr1	9942324	9942824	9943427	+	853	immune	method2b_glasso	1.0	0.0	0.0
chr1:9943146-9943646	ENSG00000162441	LZIC	chr1	9943146	9943646	9943406	-	10	immune	method2b_glasso	1.0	0.0	0.0
chr1:9943146-9943646	ENSG00000173614	NMNAT1	chr1	9943146	9943646	9943427	+	31	immune	method2b_glasso	1.0	0.0	0.0
chr1:9943729-9944229	ENSG00000162441	LZIC	chr1	9943729	9944229	9943406	-	573	immune	method2b_glasso	1.0	0.0	0.0
chr1:9943729-9944229	ENSG00000173614	NMNAT1	chr1	9943729	9944229	9943427	+	552	immune	method2b_glasso	1.0	0.0	0.0
chr1:9996862-9997362	ENSG00000162444	RBP7	chr1	9996862	9997362	9997205	+	93	immune	method2b_glasso	1.0	0.0	0.0
chr1:9997543-9998043	ENSG00000162444	RBP7	chr1	9997543	9998043	9997205	+	588	immune	method2b_glasso	1.0	0.0	0.0
chr1:10031175-10031675	ENSG00000130939	UBE4B	chr1	10031175	10031675	10032831	+	1406	immune	method2b_glasso	1.0	0.0	0.0
chr1:10032577-10033077	ENSG00000130939	UBE4B	chr1	10032577	10033077	10032831	+	4	immune	method2b_glasso	1.0	0.0	0.0
chr1:10033136-10033636	ENSG00000130939	UBE4B	chr1	10033136	10033636	10032831	+	555	immune	method2b_glasso	1.0	0.0	0.0
chr1:10208510-10209010	ENSG00000054523	KIF1B	chr1	10208510	10209010	10210569	+	1809	immune	method2b_glasso	1.0	0.0	0.0
chr1:10209649-10210149	ENSG00000054523	KIF1B	chr1	10209649	10210149	10210569	+	670	immune	method2b_glasso	1.0	0.0	0.0
chr1:10210244-10210744	ENSG00000054523	KIF1B	chr1	10210244	10210744	10210569	+	75	immune	method2b_glasso	1.0	0.0	0.0
chr1:10210761-10211261	ENSG00000054523	KIF1B	chr1	10210761	10211261	10210569	+	442	immune	method2b_glasso	1.0	0.0	0.0
chr1:10211298-10211798	ENSG00000054523	KIF1B	chr1	10211298	10211798	10210569	+	979	immune	method2b_glasso	1.0	0.0	0.0
chr1:10397627-10398127	ENSG00000142657	PGD	chr1	10397627	10398127	10398591	+	714	immune	method2b_glasso	1.0	0.0	0.0
chr1:10398640-10399140	ENSG00000142657	PGD	chr1	10398640	10399140	10398591	+	299	immune	method2b_glasso	1.0	0.0	0.0
chr1:10399177-10399677	ENSG00000142657	PGD	chr1	10399177	10399677	10398591	+	836	immune	method2b_glasso	1.0	0.0	0.0
chr1:10400399-10400899	ENSG00000142657	PGD	chr1	10400399	10400899	10398591	+	2058	immune	method2b_glasso	1.0	0.0	0.0
chr1:10427974-10428474	ENSG00000175279	CENPS	chr1	10427974	10428474	10430432	+	2208	immune	method2b_glasso	1.0	0.0	0.0
chr1:10427974-10428474	ENSG00000251503	CENPS-CORT	chr1	10427974	10428474	10430101	+	1877	immune	method2b_glasso	1.0	0.0	0.0
chr1:10428815-10429315	ENSG00000175279	CENPS	chr1	10428815	10429315	10430432	+	1367	immune	method2b_glasso	1.0	0.0	0.0
chr1:10428815-10429315	ENSG00000251503	CENPS-CORT	chr1	10428815	10429315	10430101	+	1036	immune	method2b_glasso	1.0	0.0	0.0
chr1:10429933-10430433	ENSG00000175279	CENPS	chr1	10429933	10430433	10430432	+	249	immune	method2b_glasso	1.0	0.0	0.0
chr1:10429933-10430433	ENSG00000251503	CENPS-CORT	chr1	10429933	10430433	10430101	+	82	immune	method2b_glasso	1.0	0.0	0.0
chr1:10430470-10430970	ENSG00000175279	CENPS	chr1	10430470	10430970	10430432	+	288	immune	method2b_glasso	1.0	0.0	0.0
chr1:10430470-10430970	ENSG00000251503	CENPS-CORT	chr1	10430470	10430970	10430101	+	619	immune	method2b_glasso	1.0	0.0	0.0
chr1:10431185-10431685	ENSG00000175279	CENPS	chr1	10431185	10431685	10430432	+	1003	immune	method2b_glasso	1.0	0.0	0.0
chr1:10431185-10431685	ENSG00000251503	CENPS-CORT	chr1	10431185	10431685	10430101	+	1334	immune	method2b_glasso	1.0	0.0	0.0
chr1:10471597-10472097	ENSG00000142655	PEX14	chr1	10471597	10472097	10472287	+	440	immune	method2b_glasso	1.0	0.0	0.0
chr1:10471597-10472097	ENSG00000160049	DFFA	chr1	10471597	10472097	10472528	-	681	immune	method2b_glasso	1.0	0.0	0.0
chr1:10472339-10472839	ENSG00000142655	PEX14	chr1	10472339	10472839	10472287	+	302	immune	method2b_glasso	1.0	0.0	0.0
chr1:10472339-10472839	ENSG00000160049	DFFA	chr1	10472339	10472839	10472528	-	61	immune	method2b_glasso	1.0	0.0	0.0
chr1:10796491-10796991	ENSG00000130940	CASZ1	chr1	10796491	10796991	10796649	-	92	immune	method2b_glasso	1.0	0.0	0.0
chr1:10980027-10980527	ENSG00000175262	C1orf127	chr1	10980027	10980527	10982075	-	1798	immune	method2b_glasso	1.0	0.0	0.0
chr1:10980821-10981321	ENSG00000175262	C1orf127	chr1	10980821	10981321	10982075	-	1004	immune	method2b_glasso	1.0	0.0	0.0
chr1:11010896-11011396	ENSG00000120948	TARDBP	chr1	11010896	11011396	11012343	+	1197	immune	method2b_glasso	1.0	0.0	0.0
chr1:11011417-11011917	ENSG00000120948	TARDBP	chr1	11011417	11011917	11012343	+	676	immune	method2b_glasso	1.0	0.0	0.0
chr1:11012114-11012614	ENSG00000120948	TARDBP	chr1	11012114	11012614	11012343	+	21	immune	method2b_glasso	1.0	0.0	0.0
chr1:11012820-11013320	ENSG00000120948	TARDBP	chr1	11012820	11013320	11012343	+	727	immune	method2b_glasso	1.0	0.0	0.0
chr1:11013644-11014144	ENSG00000120948	TARDBP	chr1	11013644	11014144	11012343	+	1551	immune	method2b_glasso	1.0	0.0	0.0
chr1:11058700-11059200	ENSG00000116649	SRM	chr1	11058700	11059200	11060019	-	1069	immune	method2b_glasso	1.0	0.0	0.0
chr1:11059365-11059865	ENSG00000116649	SRM	chr1	11059365	11059865	11060019	-	404	immune	method2b_glasso	1.0	0.0	0.0
chr1:11059882-11060382	ENSG00000116649	SRM	chr1	11059882	11060382	11060019	-	113	immune	method2b_glasso	1.0	0.0	0.0
chr1:11060807-11061307	ENSG00000116649	SRM	chr1	11060807	11061307	11060019	-	1038	immune	method2b_glasso	1.0	0.0	0.0
chr1:11061996-11062496	ENSG00000116649	SRM	chr1	11061996	11062496	11060019	-	2227	immune	method2b_glasso	1.0	0.0	0.0
chr1:11099119-11099619	ENSG00000171824	EXOSC10	chr1	11099119	11099619	11099868	-	499	immune	method2b_glasso	1.0	0.0	0.0
chr1:11099633-11100133	ENSG00000171824	EXOSC10	chr1	11099633	11100133	11099868	-	15	immune	method2b_glasso	1.0	0.0	0.0
chr1:11261904-11262404	ENSG00000198793	MTOR	chr1	11261904	11262404	11262555	-	401	immune	method2b_glasso	1.0	0.0	0.0
chr1:11262442-11262942	ENSG00000198793	MTOR	chr1	11262442	11262942	11262555	-	137	immune	method2b_glasso	1.0	0.0	0.0
chr1:11263289-11263789	ENSG00000198793	MTOR	chr1	11263289	11263789	11262555	-	984	immune	method2b_glasso	1.0	0.0	0.0
chr1:11264123-11264623	ENSG00000198793	MTOR	chr1	11264123	11264623	11262555	-	1818	immune	method2b_glasso	1.0	0.0	0.0
chr1:11271805-11272305	ENSG00000120942	UBIAD1	chr1	11271805	11272305	11273197	+	1142	immune	method2b_glasso	1.0	0.0	0.0
chr1:11272346-11272846	ENSG00000120942	UBIAD1	chr1	11272346	11272846	11273197	+	601	immune	method2b_glasso	1.0	0.0	0.0
chr1:11272877-11273377	ENSG00000120942	UBIAD1	chr1	11272877	11273377	11273197	+	70	immune	method2b_glasso	1.0	0.0	0.0
chr1:11273764-11274264	ENSG00000120942	UBIAD1	chr1	11273764	11274264	11273197	+	817	immune	method2b_glasso	1.0	0.0	0.0
chr1:11478629-11479129	ENSG00000204624	DISP3	chr1	11478629	11479129	11479154	+	275	immune	method2b_glasso	1.0	0.0	0.0
chr1:11652478-11652978	ENSG00000132879	FBXO44	chr1	11652478	11652978	11654374	+	1646	immune	method2b_glasso	1.0	0.0	0.0
chr1:11653568-11654068	ENSG00000116661	FBXO2	chr1	11653568	11654068	11655784	-	1966	immune	method2b_glasso	1.0	0.0	0.0
chr1:11653568-11654068	ENSG00000132879	FBXO44	chr1	11653568	11654068	11654374	+	556	immune	method2b_glasso	1.0	0.0	0.0
chr1:11654585-11655085	ENSG00000116661	FBXO2	chr1	11654585	11655085	11655784	-	949	immune	method2b_glasso	1.0	0.0	0.0
chr1:11654585-11655085	ENSG00000132879	FBXO44	chr1	11654585	11655085	11654374	+	461	immune	method2b_glasso	1.0	0.0	0.0
chr1:11655131-11655631	ENSG00000116661	FBXO2	chr1	11655131	11655631	11655784	-	403	immune	method2b_glasso	1.0	0.0	0.0
chr1:11655131-11655631	ENSG00000132879	FBXO44	chr1	11655131	11655631	11654374	+	1007	immune	method2b_glasso	1.0	0.0	0.0
chr1:11661742-11662242	ENSG00000116663	FBXO6	chr1	11661742	11662242	11664199	+	2207	immune	method2b_glasso	1.0	0.0	0.0
chr1:11663960-11664460	ENSG00000116663	FBXO6	chr1	11663960	11664460	11664199	+	11	immune	method2b_glasso	1.0	0.0	0.0
chr1:11664747-11665247	ENSG00000116663	FBXO6	chr1	11664747	11665247	11664199	+	798	immune	method2b_glasso	1.0	0.0	0.0
chr1:11690809-11691309	ENSG00000116670	MAD2L2	chr1	11690809	11691309	11691810	-	751	immune	method2b_glasso	1.0	0.0	0.0
chr1:11690809-11691309	ENSG00000162490	DRAXIN	chr1	11690809	11691309	11691709	+	650	immune	method2b_glasso	1.0	0.0	0.0
chr1:11691388-11691888	ENSG00000116670	MAD2L2	chr1	11691388	11691888	11691810	-	172	immune	method2b_glasso	1.0	0.0	0.0
chr1:11691388-11691888	ENSG00000162490	DRAXIN	chr1	11691388	11691888	11691709	+	71	immune	method2b_glasso	1.0	0.0	0.0
chr1:11691961-11692461	ENSG00000116670	MAD2L2	chr1	11691961	11692461	11691810	-	401	immune	method2b_glasso	1.0	0.0	0.0
chr1:11691961-11692461	ENSG00000162490	DRAXIN	chr1	11691961	11692461	11691709	+	502	immune	method2b_glasso	1.0	0.0	0.0
chr1:11693031-11693531	ENSG00000116670	MAD2L2	chr1	11693031	11693531	11691810	-	1471	immune	method2b_glasso	1.0	0.0	0.0
chr1:11693031-11693531	ENSG00000162490	DRAXIN	chr1	11693031	11693531	11691709	+	1572	immune	method2b_glasso	1.0	0.0	0.0
chr1:11693643-11694143	ENSG00000116670	MAD2L2	chr1	11693643	11694143	11691810	-	2083	immune	method2b_glasso	1.0	0.0	0.0
chr1:11693643-11694143	ENSG00000162490	DRAXIN	chr1	11693643	11694143	11691709	+	2184	immune	method2b_glasso	1.0	0.0	0.0
chr1:11734836-11735336	ENSG00000177674	AGTRAP	chr1	11734836	11735336	11736083	+	997	immune	method2b_glasso	1.0	0.0	0.0
chr1:11735812-11736312	ENSG00000177674	AGTRAP	chr1	11735812	11736312	11736083	+	21	immune	method2b_glasso	1.0	0.0	0.0
chr1:11736633-11737133	ENSG00000177674	AGTRAP	chr1	11736633	11737133	11736083	+	800	immune	method2b_glasso	1.0	0.0	0.0
chr1:11737225-11737725	ENSG00000177674	AGTRAP	chr1	11737225	11737725	11736083	+	1392	immune	method2b_glasso	1.0	0.0	0.0
chr1:11761310-11761810	ENSG00000215910	C1orf167	chr1	11761310	11761810	11761786	+	226	immune	method2b_glasso	1.0	0.0	0.0
chr1:11761895-11762395	ENSG00000215910	C1orf167	chr1	11761895	11762395	11761786	+	359	immune	method2b_glasso	1.0	0.0	0.0
chr1:11762427-11762927	ENSG00000215910	C1orf167	chr1	11762427	11762927	11761786	+	891	immune	method2b_glasso	1.0	0.0	0.0
chr1:11804550-11805050	ENSG00000011021	CLCN6	chr1	11804550	11805050	11806095	+	1295	immune	method2b_glasso	1.0	0.0	0.0
chr1:11804550-11805050	ENSG00000177000	MTHFR	chr1	11804550	11805050	11806454	-	1654	immune	method2b_glasso	1.0	0.0	0.0
chr1:11805217-11805717	ENSG00000011021	CLCN6	chr1	11805217	11805717	11806095	+	628	immune	method2b_glasso	1.0	0.0	0.0
chr1:11805217-11805717	ENSG00000177000	MTHFR	chr1	11805217	11805717	11806454	-	987	immune	method2b_glasso	1.0	0.0	0.0
chr1:11805735-11806235	ENSG00000011021	CLCN6	chr1	11805735	11806235	11806095	+	110	immune	method2b_glasso	1.0	0.0	0.0
chr1:11805735-11806235	ENSG00000177000	MTHFR	chr1	11805735	11806235	11806454	-	469	immune	method2b_glasso	1.0	0.0	0.0
chr1:11806532-11807032	ENSG00000011021	CLCN6	chr1	11806532	11807032	11806095	+	687	immune	method2b_glasso	1.0	0.0	0.0
chr1:11806532-11807032	ENSG00000177000	MTHFR	chr1	11806532	11807032	11806454	-	328	immune	method2b_glasso	1.0	0.0	0.0
chr1:11807033-11807533	ENSG00000011021	CLCN6	chr1	11807033	11807533	11806095	+	1188	immune	method2b_glasso	1.0	0.0	0.0
chr1:11807033-11807533	ENSG00000177000	MTHFR	chr1	11807033	11807533	11806454	-	829	immune	method2b_glasso	1.0	0.0	0.0
chr1:11859275-11859775	ENSG00000120937	NPPB	chr1	11859275	11859775	11858944	-	581	immune	method2b_glasso	1.0	0.0	0.0
chr1:11924884-11925384	ENSG00000116685	KIAA2013	chr1	11924884	11925384	11926427	-	1293	immune	method2b_glasso	1.0	0.0	0.0
chr1:11926222-11926722	ENSG00000116685	KIAA2013	chr1	11926222	11926722	11926427	-	45	immune	method2b_glasso	1.0	0.0	0.0
chr1:11927031-11927531	ENSG00000116685	KIAA2013	chr1	11927031	11927531	11926427	-	854	immune	method2b_glasso	1.0	0.0	0.0
chr1:11927727-11928227	ENSG00000116685	KIAA2013	chr1	11927727	11928227	11926427	-	1550	immune	method2b_glasso	1.0	0.0	0.0
chr1:11933738-11934238	ENSG00000083444	PLOD1	chr1	11933738	11934238	11934204	+	216	immune	method2b_glasso	1.0	0.0	0.0
chr1:11934390-11934890	ENSG00000083444	PLOD1	chr1	11934390	11934890	11934204	+	436	immune	method2b_glasso	1.0	0.0	0.0
chr1:11935261-11935761	ENSG00000083444	PLOD1	chr1	11935261	11935761	11934204	+	1307	immune	method2b_glasso	1.0	0.0	0.0
chr1:11978199-11978699	ENSG00000116688	MFN2	chr1	11978199	11978699	11980180	+	1731	immune	method2b_glasso	1.0	0.0	0.0
chr1:11979355-11979855	ENSG00000116688	MFN2	chr1	11979355	11979855	11980180	+	575	immune	method2b_glasso	1.0	0.0	0.0
chr1:11979928-11980428	ENSG00000116688	MFN2	chr1	11979928	11980428	11980180	+	2	immune	method2b_glasso	1.0	0.0	0.0
chr1:11980588-11981088	ENSG00000116688	MFN2	chr1	11980588	11981088	11980180	+	658	immune	method2b_glasso	1.0	0.0	0.0
chr1:12019071-12019571	ENSG00000116691	MIIP	chr1	12019071	12019571	12019465	+	144	immune	method2b_glasso	1.0	0.0	0.0
chr1:12020044-12020544	ENSG00000116691	MIIP	chr1	12020044	12020544	12019465	+	829	immune	method2b_glasso	1.0	0.0	0.0
chr1:12061396-12061896	ENSG00000120949	TNFRSF8	chr1	12061396	12061896	12063302	+	1656	immune	method2b_glasso	1.0	0.0	0.0
chr1:12063316-12063816	ENSG00000120949	TNFRSF8	chr1	12063316	12063816	12063302	+	264	immune	method2b_glasso	1.0	0.0	0.0
chr1:12164794-12165294	ENSG00000028137	TNFRSF1B	chr1	12164794	12165294	12166990	+	1946	immune	method2b_glasso	1.0	0.0	0.0
chr1:12165691-12166191	ENSG00000028137	TNFRSF1B	chr1	12165691	12166191	12166990	+	1049	immune	method2b_glasso	1.0	0.0	0.0
chr1:12166718-12167218	ENSG00000028137	TNFRSF1B	chr1	12166718	12167218	12166990	+	22	immune	method2b_glasso	1.0	0.0	0.0
chr1:12167289-12167789	ENSG00000028137	TNFRSF1B	chr1	12167289	12167789	12166990	+	549	immune	method2b_glasso	1.0	0.0	0.0
chr1:12168410-12168910	ENSG00000028137	TNFRSF1B	chr1	12168410	12168910	12166990	+	1670	immune	method2b_glasso	1.0	0.0	0.0
chr1:12229772-12230272	ENSG00000048707	VPS13D	chr1	12229772	12230272	12230029	+	7	immune	method2b_glasso	1.0	0.0	0.0
chr1:12230854-12231354	ENSG00000048707	VPS13D	chr1	12230854	12231354	12230029	+	1075	immune	method2b_glasso	1.0	0.0	0.0
chr1:12616537-12617037	ENSG00000162496	DHRS3	chr1	12616537	12617037	12618209	-	1422	immune	method2b_glasso	1.0	0.0	0.0
chr1:12617509-12618009	ENSG00000162496	DHRS3	chr1	12617509	12618009	12618209	-	450	immune	method2b_glasso	1.0	0.0	0.0
chr1:12618125-12618625	ENSG00000162496	DHRS3	chr1	12618125	12618625	12618209	-	166	immune	method2b_glasso	1.0	0.0	0.0
chr1:12618946-12619446	ENSG00000162496	DHRS3	chr1	12618946	12619446	12618209	-	987	immune	method2b_glasso	1.0	0.0	0.0
chr1:12619775-12620275	ENSG00000162496	DHRS3	chr1	12619775	12620275	12618209	-	1816	immune	method2b_glasso	1.0	0.0	0.0
chr1:13584262-13584762	ENSG00000162493	PDPN	chr1	13584262	13584762	13583464	+	1048	immune	method2b_glasso	1.0	0.0	0.0
chr1:13593659-13594159	ENSG00000162493	PDPN	chr1	13593659	13594159	13583464	+	10445	immune	method2b_glasso	0.19043435156345367	4.3529862747720236e-18	7.509790404587483e-16
chr1:13622343-13622843	ENSG00000162493	PDPN	chr1	13622343	13622843	13583464	+	39129	immune	method2b_glasso	0.07765135169029236	0.00025471177650615573	0.007283137645572424
chr1:13623192-13623692	ENSG00000162493	PDPN	chr1	13623192	13623692	13583464	+	39978	immune	method2b_glasso	0.08436885476112366	7.921558426460251e-05	0.002551935613155365
chr1:13667732-13668232	ENSG00000116731	PRDM2	chr1	13667732	13668232	13700187	+	32205	immune	method2b_glasso	0.07051220536231995	0.0008015057537704706	0.020198464393615723
chr1:13699504-13700004	ENSG00000116731	PRDM2	chr1	13699504	13700004	13700187	+	433	immune	method2b_glasso	1.0	0.0	0.0
chr1:13700135-13700635	ENSG00000116731	PRDM2	chr1	13700135	13700635	13700187	+	198	immune	method2b_glasso	1.0	0.0	0.0
chr1:13700845-13701345	ENSG00000116731	PRDM2	chr1	13700845	13701345	13700187	+	908	immune	method2b_glasso	1.0	0.0	0.0
chr1:13701372-13701872	ENSG00000116731	PRDM2	chr1	13701372	13701872	13700187	+	1435	immune	method2b_glasso	1.0	0.0	0.0
chr1:13702709-13703209	ENSG00000116731	PRDM2	chr1	13702709	13703209	13700187	+	2772	immune	method2b_glasso	0.1644882708787918	6.70685634308367e-14	7.920192279797789e-12
chr1:13703534-13704034	ENSG00000116731	PRDM2	chr1	13703534	13704034	13700187	+	3597	immune	method2b_glasso	0.06890048831701279	0.001024414668790996	0.025084178894758224
chr1:13712873-13713373	ENSG00000116731	PRDM2	chr1	13712873	13713373	13700187	+	12936	immune	method2b_glasso	0.0667940303683281	0.0014013388426974416	0.03307801112532616
chr1:13723702-13724202	ENSG00000116731	PRDM2	chr1	13723702	13724202	13700187	+	23765	immune	method2b_glasso	0.07643885910511017	0.00031159096397459507	0.00872798077762127
chr1:13730302-13730802	ENSG00000116731	PRDM2	chr1	13730302	13730802	13700187	+	30365	immune	method2b_glasso	0.08505445718765259	6.996967567829415e-05	0.0022823456674814224
chr1:13748537-13749037	ENSG00000116731	PRDM2	chr1	13748537	13749037	13700187	+	48600	immune	method2b_glasso	0.0744660347700119	0.000429932726547122	0.011617408134043217
chr1:13749096-13749596	ENSG00000116731	PRDM2	chr1	13749096	13749596	13700187	+	49159	immune	method2b_glasso	0.09852956235408783	5.065323421149515e-06	0.0002095569798257202
chr1:13749644-13750144	ENSG00000116731	PRDM2	chr1	13749644	13750144	13700187	+	49707	immune	method2b_glasso	0.06733932346105576	0.0012932081008329988	0.03081592172384262
chr1:15112177-15112677	ENSG00000171729	TMEM51	chr1	15112177	15112677	15152531	+	40104	immune	method2b_glasso	0.06602748483419418	0.0015673182206228375	0.03649041801691055
chr1:15128435-15128935	ENSG00000171729	TMEM51	chr1	15128435	15128935	15152531	+	23846	immune	method2b_glasso	0.11929648369550705	4.376286000251639e-08	2.564243686720147e-06
chr1:15137503-15138003	ENSG00000171729	TMEM51	chr1	15137503	15138003	15152531	+	14778	immune	method2b_glasso	0.0937085747718811	1.3500225577445235e-05	0.0005139536806382239
chr1:15142836-15143336	ENSG00000171729	TMEM51	chr1	15142836	15143336	15152531	+	9445	immune	method2b_glasso	0.07868817448616028	0.0002139060670742765	0.006226032506674528
chr1:15145270-15145770	ENSG00000171729	TMEM51	chr1	15145270	15145770	15152531	+	7011	immune	method2b_glasso	0.09671491384506226	7.36531728762202e-06	0.0002954853407572955
chr1:15146877-15147377	ENSG00000171729	TMEM51	chr1	15146877	15147377	15152531	+	5404	immune	method2b_glasso	0.17633262276649475	9.84983168263859e-16	1.3842876497860424e-13
chr1:15152510-15153010	ENSG00000171729	TMEM51	chr1	15152510	15153010	15152531	+	229	immune	method2b_glasso	1.0	0.0	0.0
chr1:15153440-15153940	ENSG00000171729	TMEM51	chr1	15153440	15153940	15152531	+	1159	immune	method2b_glasso	1.0	0.0	0.0
chr1:15153963-15154463	ENSG00000171729	TMEM51	chr1	15153963	15154463	15152531	+	1682	immune	method2b_glasso	1.0	0.0	0.0
chr1:15154564-15155064	ENSG00000171729	TMEM51	chr1	15154564	15155064	15152531	+	2283	immune	method2b_glasso	0.23192328214645386	3.924194119700163e-26	1.2350148374624154e-23
chr1:15156283-15156783	ENSG00000171729	TMEM51	chr1	15156283	15156783	15152531	+	4002	immune	method2b_glasso	0.09743816405534744	6.349358500301605e-06	0.0002577983250375837
chr1:15168332-15168832	ENSG00000171729	TMEM51	chr1	15168332	15168832	15152531	+	16051	immune	method2b_glasso	0.12633246183395386	7.183615924333253e-09	4.709752090548136e-07
chr1:15172337-15172837	ENSG00000171729	TMEM51	chr1	15172337	15172837	15152531	+	20056	immune	method2b_glasso	0.08692784607410431	4.961420563631691e-05	0.001672582351602614
chr1:15173885-15174385	ENSG00000171729	TMEM51	chr1	15173885	15174385	15152531	+	21604	immune	method2b_glasso	0.11276441067457199	2.141174917369426e-07	1.1273824384261388e-05
chr1:15179102-15179602	ENSG00000171729	TMEM51	chr1	15179102	15179602	15152531	+	26821	immune	method2b_glasso	0.09283728897571564	1.6038480680435896e-05	0.0006008644122630358
chr1:15231612-15232112	ENSG00000171729	TMEM51	chr1	15231612	15232112	15152531	+	79331	immune	method2b_glasso	0.0735461413860321	0.0004982990212738514	0.013245644979178905
chr1:15408871-15409371	ENSG00000142634	EFHD2	chr1	15408871	15409371	15409887	+	766	immune	method2b_glasso	1.0	0.0	0.0
chr1:15409622-15410122	ENSG00000142634	EFHD2	chr1	15409622	15410122	15409887	+	15	immune	method2b_glasso	1.0	0.0	0.0
chr1:15410184-15410684	ENSG00000142634	EFHD2	chr1	15410184	15410684	15409887	+	547	immune	method2b_glasso	1.0	0.0	0.0
chr1:15410789-15411289	ENSG00000142634	EFHD2	chr1	15410789	15411289	15409887	+	1152	immune	method2b_glasso	1.0	0.0	0.0
chr1:15411592-15412092	ENSG00000142634	EFHD2	chr1	15411592	15412092	15409887	+	1955	immune	method2b_glasso	1.0	0.0	0.0
chr1:15436188-15436688	ENSG00000162438	CTRC	chr1	15436188	15436688	15438441	+	2003	immune	method2b_glasso	1.0	0.0	0.0
chr1:15455500-15456000	ENSG00000142615	CELA2A	chr1	15455500	15456000	15456727	+	977	immune	method2b_glasso	1.0	0.0	0.0
chr1:15524086-15524586	ENSG00000132906	CASP9	chr1	15524086	15524586	15526533	-	2197	immune	method2b_glasso	1.0	0.0	0.0
chr1:15524699-15525199	ENSG00000116138	DNAJC16	chr1	15524699	15525199	15526812	+	1863	immune	method2b_glasso	1.0	0.0	0.0
chr1:15524699-15525199	ENSG00000132906	CASP9	chr1	15524699	15525199	15526533	-	1584	immune	method2b_glasso	1.0	0.0	0.0
chr1:15525478-15525978	ENSG00000116138	DNAJC16	chr1	15525478	15525978	15526812	+	1084	immune	method2b_glasso	1.0	0.0	0.0
chr1:15525478-15525978	ENSG00000132906	CASP9	chr1	15525478	15525978	15526533	-	805	immune	method2b_glasso	1.0	0.0	0.0
chr1:15526481-15526981	ENSG00000116138	DNAJC16	chr1	15526481	15526981	15526812	+	81	immune	method2b_glasso	1.0	0.0	0.0
chr1:15526481-15526981	ENSG00000132906	CASP9	chr1	15526481	15526981	15526533	-	198	immune	method2b_glasso	1.0	0.0	0.0
chr1:15527148-15527648	ENSG00000116138	DNAJC16	chr1	15527148	15527648	15526812	+	586	immune	method2b_glasso	1.0	0.0	0.0
chr1:15527148-15527648	ENSG00000132906	CASP9	chr1	15527148	15527648	15526533	-	865	immune	method2b_glasso	1.0	0.0	0.0
chr1:15584286-15584786	ENSG00000116771	AGMAT	chr1	15584286	15584786	15585050	-	514	immune	method2b_glasso	1.0	0.0	0.0
chr1:15584837-15585337	ENSG00000116771	AGMAT	chr1	15584837	15585337	15585050	-	37	immune	method2b_glasso	1.0	0.0	0.0
chr1:15586718-15587218	ENSG00000116771	AGMAT	chr1	15586718	15587218	15585050	-	1918	immune	method2b_glasso	1.0	0.0	0.0
chr1:15616639-15617139	ENSG00000197312	DDI2	chr1	15616639	15617139	15617457	+	568	immune	method2b_glasso	1.0	0.0	0.0
chr1:15617207-15617707	ENSG00000197312	DDI2	chr1	15617207	15617707	15617457	+	0	immune	method2b_glasso	1.0	0.0	0.0
chr1:15617820-15618320	ENSG00000197312	DDI2	chr1	15617820	15618320	15617457	+	613	immune	method2b_glasso	1.0	0.0	0.0
chr1:15618665-15619165	ENSG00000197312	DDI2	chr1	15618665	15619165	15617457	+	1458	immune	method2b_glasso	1.0	0.0	0.0
chr1:15682226-15682726	ENSG00000116786	PLEKHM2	chr1	15682226	15682726	15684319	+	1843	immune	method2b_glasso	1.0	0.0	0.0
chr1:15683308-15683808	ENSG00000116786	PLEKHM2	chr1	15683308	15683808	15684319	+	761	immune	method2b_glasso	1.0	0.0	0.0
chr1:15684041-15684541	ENSG00000116786	PLEKHM2	chr1	15684041	15684541	15684319	+	28	immune	method2b_glasso	1.0	0.0	0.0
chr1:15684551-15685051	ENSG00000116786	PLEKHM2	chr1	15684551	15685051	15684319	+	482	immune	method2b_glasso	1.0	0.0	0.0
chr1:15734780-15735280	ENSG00000162461	SLC25A34	chr1	15734780	15735280	15736257	+	1227	immune	method2b_glasso	1.0	0.0	0.0
chr1:15735674-15736174	ENSG00000162461	SLC25A34	chr1	15735674	15736174	15736257	+	333	immune	method2b_glasso	1.0	0.0	0.0
chr1:15736484-15736984	ENSG00000162461	SLC25A34	chr1	15736484	15736984	15736257	+	477	immune	method2b_glasso	1.0	0.0	0.0
chr1:15741303-15741803	ENSG00000162460	TMEM82	chr1	15741303	15741803	15742498	+	945	immune	method2b_glasso	1.0	0.0	0.0
chr1:15756315-15756815	ENSG00000162458	FBLIM1	chr1	15756315	15756815	15756606	+	41	immune	method2b_glasso	1.0	0.0	0.0
chr1:15757302-15757802	ENSG00000162458	FBLIM1	chr1	15757302	15757802	15756606	+	946	immune	method2b_glasso	1.0	0.0	0.0
chr1:15834155-15834655	ENSG00000065526	SPEN	chr1	15834155	15834655	15836094	+	1689	immune	method2b_glasso	1.0	0.0	0.0
chr1:15834685-15835185	ENSG00000065526	SPEN	chr1	15834685	15835185	15836094	+	1159	immune	method2b_glasso	1.0	0.0	0.0
chr1:15835679-15836179	ENSG00000065526	SPEN	chr1	15835679	15836179	15836094	+	165	immune	method2b_glasso	1.0	0.0	0.0
chr1:15836272-15836772	ENSG00000065526	SPEN	chr1	15836272	15836772	15836094	+	428	immune	method2b_glasso	1.0	0.0	0.0
chr1:15836804-15837304	ENSG00000065526	SPEN	chr1	15836804	15837304	15836094	+	960	immune	method2b_glasso	1.0	0.0	0.0
chr1:15837321-15837821	ENSG00000065526	SPEN	chr1	15837321	15837821	15836094	+	1477	immune	method2b_glasso	1.0	0.0	0.0
chr1:15838042-15838542	ENSG00000065526	SPEN	chr1	15838042	15838542	15836094	+	2198	immune	method2b_glasso	1.0	0.0	0.0
chr1:15974452-15974952	ENSG00000116809	ZBTB17	chr1	15974452	15974952	15976131	-	1429	immune	method2b_glasso	1.0	0.0	0.0
chr1:15975339-15975839	ENSG00000116809	ZBTB17	chr1	15975339	15975839	15976131	-	542	immune	method2b_glasso	1.0	0.0	0.0
chr1:15975876-15976376	ENSG00000116809	ZBTB17	chr1	15975876	15976376	15976131	-	5	immune	method2b_glasso	1.0	0.0	0.0
chr1:16017738-16018238	ENSG00000173641	HSPB7	chr1	16017738	16018238	16019593	-	1605	immune	method2b_glasso	1.0	0.0	0.0
chr1:16017738-16018238	ENSG00000186510	CLCNKA	chr1	16017738	16018238	16018874	+	886	immune	method2b_glasso	1.0	0.0	0.0
chr1:16071809-16072309	ENSG00000185519	FAM131C	chr1	16071809	16072309	16073650	-	1591	immune	method2b_glasso	1.0	0.0	0.0
chr1:16072666-16073166	ENSG00000185519	FAM131C	chr1	16072666	16073166	16073650	-	734	immune	method2b_glasso	1.0	0.0	0.0
chr1:16073438-16073938	ENSG00000185519	FAM131C	chr1	16073438	16073938	16073650	-	38	immune	method2b_glasso	1.0	0.0	0.0
chr1:16154568-16155068	ENSG00000142627	EPHA2	chr1	16154568	16155068	16156068	-	1250	immune	method2b_glasso	1.0	0.0	0.0
chr1:16155639-16156139	ENSG00000142627	EPHA2	chr1	16155639	16156139	16156068	-	179	immune	method2b_glasso	1.0	0.0	0.0
chr1:16156701-16157201	ENSG00000142627	EPHA2	chr1	16156701	16157201	16156068	-	883	immune	method2b_glasso	1.0	0.0	0.0
chr1:16158001-16158501	ENSG00000142627	EPHA2	chr1	16158001	16158501	16156068	-	2183	immune	method2b_glasso	1.0	0.0	0.0
chr1:16211031-16211531	ENSG00000142632	ARHGEF19	chr1	16211031	16211531	16212651	-	1370	immune	method2b_glasso	1.0	0.0	0.0
chr1:16212165-16212665	ENSG00000142632	ARHGEF19	chr1	16212165	16212665	16212651	-	236	immune	method2b_glasso	1.0	0.0	0.0
chr1:16236322-16236822	ENSG00000132881	CPLANE2	chr1	16236322	16236822	16237182	-	610	immune	method2b_glasso	1.0	0.0	0.0
chr1:16236952-16237452	ENSG00000132881	CPLANE2	chr1	16236952	16237452	16237182	-	20	immune	method2b_glasso	1.0	0.0	0.0
chr1:16237900-16238400	ENSG00000132881	CPLANE2	chr1	16237900	16238400	16237182	-	968	immune	method2b_glasso	1.0	0.0	0.0
chr1:16350940-16351440	ENSG00000037637	FBXO42	chr1	16350940	16351440	16352479	-	1289	immune	method2b_glasso	1.0	0.0	0.0
chr1:16350940-16351440	ENSG00000055070	SZRD1	chr1	16350940	16351440	16352574	+	1384	immune	method2b_glasso	1.0	0.0	0.0
chr1:16351739-16352239	ENSG00000037637	FBXO42	chr1	16351739	16352239	16352479	-	490	immune	method2b_glasso	1.0	0.0	0.0
chr1:16351739-16352239	ENSG00000055070	SZRD1	chr1	16351739	16352239	16352574	+	585	immune	method2b_glasso	1.0	0.0	0.0
chr1:16352288-16352788	ENSG00000037637	FBXO42	chr1	16352288	16352788	16352479	-	59	immune	method2b_glasso	1.0	0.0	0.0
chr1:16352288-16352788	ENSG00000055070	SZRD1	chr1	16352288	16352788	16352574	+	36	immune	method2b_glasso	1.0	0.0	0.0
chr1:16352844-16353344	ENSG00000037637	FBXO42	chr1	16352844	16353344	16352479	-	615	immune	method2b_glasso	1.0	0.0	0.0
chr1:16352844-16353344	ENSG00000055070	SZRD1	chr1	16352844	16353344	16352574	+	520	immune	method2b_glasso	1.0	0.0	0.0
chr1:16438843-16439343	ENSG00000157191	NECAP2	chr1	16438843	16439343	16440720	+	1627	immune	method2b_glasso	1.0	0.0	0.0
chr1:16438843-16439343	ENSG00000187144	SPATA21	chr1	16438843	16439343	16437423	-	1670	immune	method2b_glasso	1.0	0.0	0.0
chr1:16440416-16440916	ENSG00000157191	NECAP2	chr1	16440416	16440916	16440720	+	54	immune	method2b_glasso	1.0	0.0	0.0
chr1:16441013-16441513	ENSG00000157191	NECAP2	chr1	16441013	16441513	16440720	+	543	immune	method2b_glasso	1.0	0.0	0.0
chr1:16442150-16442650	ENSG00000157191	NECAP2	chr1	16442150	16442650	16440720	+	1680	immune	method2b_glasso	1.0	0.0	0.0
chr1:16611829-16612329	ENSG00000219481	NBPF1	chr1	16611829	16612329	16613561	-	1482	immune	method2b_glasso	1.0	0.0	0.0
chr1:16612442-16612942	ENSG00000219481	NBPF1	chr1	16612442	16612942	16613561	-	869	immune	method2b_glasso	1.0	0.0	0.0
chr1:16613370-16613870	ENSG00000219481	NBPF1	chr1	16613370	16613870	16613561	-	59	immune	method2b_glasso	1.0	0.0	0.0
chr1:16613919-16614419	ENSG00000219481	NBPF1	chr1	16613919	16614419	16613561	-	608	immune	method2b_glasso	1.0	0.0	0.0
chr1:16614570-16615070	ENSG00000219481	NBPF1	chr1	16614570	16615070	16613561	-	1259	immune	method2b_glasso	1.0	0.0	0.0
chr1:16615252-16615752	ENSG00000219481	NBPF1	chr1	16615252	16615752	16613561	-	1941	immune	method2b_glasso	1.0	0.0	0.0
chr1:16978624-16979124	ENSG00000117122	MFAP2	chr1	16978624	16979124	16980631	-	1757	immune	method2b_glasso	1.0	0.0	0.0
chr1:16979647-16980147	ENSG00000117122	MFAP2	chr1	16979647	16980147	16980631	-	734	immune	method2b_glasso	1.0	0.0	0.0
chr1:16980437-16980937	ENSG00000117122	MFAP2	chr1	16980437	16980937	16980631	-	56	immune	method2b_glasso	1.0	0.0	0.0
chr1:17009639-17010139	ENSG00000159363	ATP13A2	chr1	17009639	17010139	17011927	-	2038	immune	method2b_glasso	1.0	0.0	0.0
chr1:17009639-17010139	ENSG00000288636	ENSG00000288636	chr1	17009639	17010139	17011756	-	1867	immune	method2b_glasso	1.0	0.0	0.0
chr1:17010604-17011104	ENSG00000159363	ATP13A2	chr1	17010604	17011104	17011927	-	1073	immune	method2b_glasso	1.0	0.0	0.0
chr1:17010604-17011104	ENSG00000288636	ENSG00000288636	chr1	17010604	17011104	17011756	-	902	immune	method2b_glasso	1.0	0.0	0.0
chr1:17011197-17011697	ENSG00000159363	ATP13A2	chr1	17011197	17011697	17011927	-	480	immune	method2b_glasso	1.0	0.0	0.0
chr1:17011197-17011697	ENSG00000288636	ENSG00000288636	chr1	17011197	17011697	17011756	-	309	immune	method2b_glasso	1.0	0.0	0.0
chr1:17011715-17012215	ENSG00000159363	ATP13A2	chr1	17011715	17012215	17011927	-	38	immune	method2b_glasso	1.0	0.0	0.0
chr1:17011715-17012215	ENSG00000288636	ENSG00000288636	chr1	17011715	17012215	17011756	-	209	immune	method2b_glasso	1.0	0.0	0.0
chr1:17012512-17013012	ENSG00000159363	ATP13A2	chr1	17012512	17013012	17011927	-	835	immune	method2b_glasso	1.0	0.0	0.0
chr1:17012512-17013012	ENSG00000288636	ENSG00000288636	chr1	17012512	17013012	17011756	-	1006	immune	method2b_glasso	1.0	0.0	0.0
chr1:17013793-17014293	ENSG00000159363	ATP13A2	chr1	17013793	17014293	17011927	-	2116	immune	method2b_glasso	1.0	0.0	0.0
chr1:17051928-17052428	ENSG00000117118	SDHB	chr1	17051928	17052428	17054031	-	1853	immune	method2b_glasso	1.0	0.0	0.0
chr1:17052920-17053420	ENSG00000117118	SDHB	chr1	17052920	17053420	17054031	-	861	immune	method2b_glasso	1.0	0.0	0.0
chr1:17053901-17054401	ENSG00000117118	SDHB	chr1	17053901	17054401	17054031	-	120	immune	method2b_glasso	1.0	0.0	0.0
chr1:17054532-17055032	ENSG00000117118	SDHB	chr1	17054532	17055032	17054031	-	751	immune	method2b_glasso	1.0	0.0	0.0
chr1:17118541-17119041	ENSG00000117115	PADI2	chr1	17118541	17119041	17119450	-	659	immune	method2b_glasso	1.0	0.0	0.0
chr1:17119289-17119789	ENSG00000117115	PADI2	chr1	17119289	17119789	17119450	-	89	immune	method2b_glasso	1.0	0.0	0.0
chr1:17120047-17120547	ENSG00000117115	PADI2	chr1	17120047	17120547	17119450	-	847	immune	method2b_glasso	1.0	0.0	0.0
chr1:17120615-17121115	ENSG00000117115	PADI2	chr1	17120615	17121115	17119450	-	1415	immune	method2b_glasso	1.0	0.0	0.0
chr1:17121262-17121762	ENSG00000117115	PADI2	chr1	17121262	17121762	17119450	-	2062	immune	method2b_glasso	1.0	0.0	0.0
chr1:17205792-17206292	ENSG00000142623	PADI1	chr1	17205792	17206292	17205127	+	915	immune	method2b_glasso	1.0	0.0	0.0
chr1:17206973-17207473	ENSG00000142623	PADI1	chr1	17206973	17207473	17205127	+	2096	immune	method2b_glasso	1.0	0.0	0.0
chr1:17437446-17437946	ENSG00000179051	RCC2	chr1	17437446	17437946	17439676	-	1980	immune	method2b_glasso	1.0	0.0	0.0
chr1:17438180-17438680	ENSG00000179051	RCC2	chr1	17438180	17438680	17439676	-	1246	immune	method2b_glasso	1.0	0.0	0.0
chr1:17438914-17439414	ENSG00000179051	RCC2	chr1	17438914	17439414	17439676	-	512	immune	method2b_glasso	1.0	0.0	0.0
chr1:17439624-17440124	ENSG00000179051	RCC2	chr1	17439624	17440124	17439676	-	198	immune	method2b_glasso	1.0	0.0	0.0
chr1:17440533-17441033	ENSG00000179051	RCC2	chr1	17440533	17441033	17439676	-	1107	immune	method2b_glasso	1.0	0.0	0.0
chr1:17441345-17441845	ENSG00000179051	RCC2	chr1	17441345	17441845	17439676	-	1919	immune	method2b_glasso	1.0	0.0	0.0
chr1:17538973-17539473	ENSG00000074964	ARHGEF10L	chr1	17538973	17539473	17539697	+	474	immune	method2b_glasso	1.0	0.0	0.0
chr1:17539481-17539981	ENSG00000074964	ARHGEF10L	chr1	17539481	17539981	17539697	+	34	immune	method2b_glasso	1.0	0.0	0.0
chr1:17540415-17540915	ENSG00000074964	ARHGEF10L	chr1	17540415	17540915	17539697	+	968	immune	method2b_glasso	1.0	0.0	0.0
chr1:17541219-17541719	ENSG00000074964	ARHGEF10L	chr1	17541219	17541719	17539697	+	1772	immune	method2b_glasso	1.0	0.0	0.0
chr1:18100417-18100917	ENSG00000117154	IGSF21	chr1	18100417	18100917	18107797	+	7130	immune	method2b_glasso	0.12315868586301804	1.6434233529594167e-08	1.025089204631513e-06
chr1:18106667-18107167	ENSG00000117154	IGSF21	chr1	18106667	18107167	18107797	+	880	immune	method2b_glasso	1.0	0.0	0.0
chr1:18107334-18107834	ENSG00000117154	IGSF21	chr1	18107334	18107834	18107797	+	213	immune	method2b_glasso	1.0	0.0	0.0
chr1:18107992-18108492	ENSG00000117154	IGSF21	chr1	18107992	18108492	18107797	+	445	immune	method2b_glasso	1.0	0.0	0.0
chr1:18108501-18109001	ENSG00000117154	IGSF21	chr1	18108501	18109001	18107797	+	954	immune	method2b_glasso	1.0	0.0	0.0
chr1:18109025-18109525	ENSG00000117154	IGSF21	chr1	18109025	18109525	18107797	+	1478	immune	method2b_glasso	1.0	0.0	0.0
chr1:18109728-18110228	ENSG00000117154	IGSF21	chr1	18109728	18110228	18107797	+	2181	immune	method2b_glasso	1.0	0.0	0.0
chr1:18110363-18110863	ENSG00000117154	IGSF21	chr1	18110363	18110863	18107797	+	2816	immune	method2b_glasso	0.17294204235076904	3.4006693589442227e-15	4.5420541243054724e-13
chr1:18110975-18111475	ENSG00000117154	IGSF21	chr1	18110975	18111475	18107797	+	3428	immune	method2b_glasso	0.11129385977983475	3.0250859595071233e-07	1.5546671420452185e-05
chr1:18111715-18112215	ENSG00000117154	IGSF21	chr1	18111715	18112215	18107797	+	4168	immune	method2b_glasso	0.10180975496768951	2.5324395664938493e-06	0.00011086865561082959
chr1:18116327-18116827	ENSG00000117154	IGSF21	chr1	18116327	18116827	18107797	+	8780	immune	method2b_glasso	0.08156657963991165	0.00013031918206252158	0.0039909835904836655
chr1:18118052-18118552	ENSG00000117154	IGSF21	chr1	18118052	18118552	18107797	+	10505	immune	method2b_glasso	0.11284143477678299	2.102513292356889e-07	1.1083673598477617e-05
chr1:18119072-18119572	ENSG00000117154	IGSF21	chr1	18119072	18119572	18107797	+	11525	immune	method2b_glasso	0.13979880511760712	1.704442142980156e-10	1.3802702092391428e-08
chr1:18144001-18144501	ENSG00000117154	IGSF21	chr1	18144001	18144501	18107797	+	36454	immune	method2b_glasso	0.08178561180830002	0.0001254144444828853	0.0038547515869140625
chr1:18157254-18157754	ENSG00000117154	IGSF21	chr1	18157254	18157754	18107797	+	49707	immune	method2b_glasso	0.12244430184364319	1.974326657716574e-08	1.2176616337455926e-06
chr1:18160420-18160920	ENSG00000117154	IGSF21	chr1	18160420	18160920	18107797	+	52873	immune	method2b_glasso	0.06635291874408722	0.0014947790186852217	0.035000279545784
chr1:18385403-18385903	ENSG00000179023	KLHDC7A	chr1	18385403	18385903	18480929	+	95276	immune	method2b_glasso	0.18221570551395416	1.0814784321644898e-16	1.6484557113977984e-14
chr1:18429616-18430116	ENSG00000179023	KLHDC7A	chr1	18429616	18430116	18480929	+	51063	immune	method2b_glasso	0.13847975432872772	2.499812856715522e-10	1.9840346254795804e-08
chr1:18460598-18461098	ENSG00000179023	KLHDC7A	chr1	18460598	18461098	18480929	+	20081	immune	method2b_glasso	0.14553523063659668	3.090191644239404e-11	2.7438127325751793e-09
chr1:18478908-18479408	ENSG00000179023	KLHDC7A	chr1	18478908	18479408	18480929	+	1771	immune	method2b_glasso	1.0	0.0	0.0
chr1:18480731-18481231	ENSG00000179023	KLHDC7A	chr1	18480731	18481231	18480929	+	52	immune	method2b_glasso	1.0	0.0	0.0
chr1:18494322-18494822	ENSG00000179023	KLHDC7A	chr1	18494322	18494822	18480929	+	13643	immune	method2b_glasso	0.1383398026227951	2.602931203909975e-10	2.060069093090533e-08
chr1:18859920-18860420	ENSG00000179002	TAS1R2	chr1	18859920	18860420	18859659	-	511	immune	method2b_glasso	1.0	0.0	0.0
chr1:18877038-18877538	ENSG00000179002	TAS1R2	chr1	18877038	18877538	18859659	-	17629	immune	method2b_glasso	0.07983192056417465	0.00017600982391741127	0.005228023044764996
chr1:18884071-18884571	ENSG00000159423	ALDH4A1	chr1	18884071	18884571	18902723	-	18402	immune	method2b_glasso	0.10722775012254715	7.689948802180879e-07	3.6921432183589786e-05
chr1:18901812-18902312	ENSG00000159423	ALDH4A1	chr1	18901812	18902312	18902723	-	661	immune	method2b_glasso	1.0	0.0	0.0
chr1:18902643-18903143	ENSG00000159423	ALDH4A1	chr1	18902643	18903143	18902723	-	170	immune	method2b_glasso	1.0	0.0	0.0
chr1:18902643-18903143	ENSG00000169991	IFFO2	chr1	18902643	18903143	18956675	-	53782	immune	method2b_glasso	0.16933397948741913	1.2370773893113918e-14	1.5676607147824262e-12
chr1:18907152-18907652	ENSG00000159423	ALDH4A1	chr1	18907152	18907652	18902723	-	4679	immune	method2b_glasso	0.10102915018796921	2.9924403861514293e-06	0.0001292156521230936
chr1:18913005-18913505	ENSG00000159423	ALDH4A1	chr1	18913005	18913505	18902723	-	10532	immune	method2b_glasso	0.12584783136844635	8.1620958880535e-09	5.313521000971377e-07
chr1:18913005-18913505	ENSG00000169991	IFFO2	chr1	18913005	18913505	18956675	-	43420	immune	method2b_glasso	0.1015908420085907	2.654116087796865e-06	0.00011575086682569236
chr1:18921870-18922370	ENSG00000159423	ALDH4A1	chr1	18921870	18922370	18902723	-	19397	immune	method2b_glasso	0.11140837520360947	2.9452223770931596e-07	1.5169042853813153e-05
chr1:18923601-18924101	ENSG00000159423	ALDH4A1	chr1	18923601	18924101	18902723	-	21128	immune	method2b_glasso	0.08020904660224915	0.00016495806630700827	0.0049310121685266495
chr1:18926562-18927062	ENSG00000159423	ALDH4A1	chr1	18926562	18927062	18902723	-	24089	immune	method2b_glasso	0.09415376931428909	1.2355474609648809e-05	0.00047418451867997646
chr1:18926562-18927062	ENSG00000169991	IFFO2	chr1	18926562	18927062	18956675	-	29863	immune	method2b_glasso	0.1112498864531517	3.0563066388822335e-07	1.569412233948242e-05
chr1:18927386-18927886	ENSG00000159423	ALDH4A1	chr1	18927386	18927886	18902723	-	24913	immune	method2b_glasso	0.07238562405109406	0.0005988869816064835	0.015596219338476658
chr1:18927386-18927886	ENSG00000169991	IFFO2	chr1	18927386	18927886	18956675	-	29039	immune	method2b_glasso	0.09663929045200348	7.480068688892061e-06	0.00029962972621433437
chr1:18929444-18929944	ENSG00000159423	ALDH4A1	chr1	18929444	18929944	18902723	-	26971	immune	method2b_glasso	0.0701933354139328	0.0008417056524194777	0.021088743582367897
chr1:18930443-18930943	ENSG00000169991	IFFO2	chr1	18930443	18930943	18956675	-	25982	immune	method2b_glasso	0.07387253642082214	0.00047296611592173576	0.012649737298488617
chr1:18934114-18934614	ENSG00000169991	IFFO2	chr1	18934114	18934614	18956675	-	22311	immune	method2b_glasso	0.08145464956760406	0.0001328945072600618	0.004062223713845015
chr1:18936818-18937318	ENSG00000159423	ALDH4A1	chr1	18936818	18937318	18902723	-	34345	immune	method2b_glasso	0.09788801521062851	5.786419933428988e-06	0.0002366944681853056
chr1:18946155-18946655	ENSG00000169991	IFFO2	chr1	18946155	18946655	18956675	-	10270	immune	method2b_glasso	0.07984168827533722	0.0001757150748744607	0.005220009014010429
chr1:18946899-18947399	ENSG00000169991	IFFO2	chr1	18946899	18947399	18956675	-	9526	immune	method2b_glasso	0.07189837843179703	0.0006464577163569629	0.016692453995347023
chr1:18948316-18948816	ENSG00000159423	ALDH4A1	chr1	18948316	18948816	18902723	-	45843	immune	method2b_glasso	0.09209522604942322	1.85514672921272e-05	0.0006862242589704692
chr1:18948316-18948816	ENSG00000169991	IFFO2	chr1	18948316	18948816	18956675	-	8109	immune	method2b_glasso	0.09781599044799805	5.873227109987056e-06	0.00023996697564143687
chr1:18949423-18949923	ENSG00000169991	IFFO2	chr1	18949423	18949923	18956675	-	7002	immune	method2b_glasso	0.07447322458028793	0.0004294344107620418	0.011605440638959408
chr1:18950584-18951084	ENSG00000169991	IFFO2	chr1	18950584	18951084	18956675	-	5841	immune	method2b_glasso	0.09360214322805405	1.3788456271868199e-05	0.0005239819874987006
chr1:18952012-18952512	ENSG00000169991	IFFO2	chr1	18952012	18952512	18956675	-	4413	immune	method2b_glasso	0.1650943011045456	5.44375674637991e-14	6.4833030437305705e-12
chr1:18953856-18954356	ENSG00000169991	IFFO2	chr1	18953856	18954356	18956675	-	2569	immune	method2b_glasso	0.09800082445144653	5.652899289998459e-06	0.00023168823099695146
chr1:18954471-18954971	ENSG00000169991	IFFO2	chr1	18954471	18954971	18956675	-	1954	immune	method2b_glasso	1.0	0.0	0.0
chr1:18955065-18955565	ENSG00000169991	IFFO2	chr1	18955065	18955565	18956675	-	1360	immune	method2b_glasso	1.0	0.0	0.0
chr1:18955912-18956412	ENSG00000169991	IFFO2	chr1	18955912	18956412	18956675	-	513	immune	method2b_glasso	1.0	0.0	0.0
chr1:18956560-18957060	ENSG00000159423	ALDH4A1	chr1	18956560	18957060	18902723	-	54087	immune	method2b_glasso	0.16933397948741913	1.2370773893113918e-14	1.5676607147824262e-12
chr1:18956560-18957060	ENSG00000169991	IFFO2	chr1	18956560	18957060	18956675	-	135	immune	method2b_glasso	1.0	0.0	0.0
chr1:18957096-18957596	ENSG00000169991	IFFO2	chr1	18957096	18957596	18956675	-	671	immune	method2b_glasso	1.0	0.0	0.0
chr1:18958066-18958566	ENSG00000169991	IFFO2	chr1	18958066	18958566	18956675	-	1641	immune	method2b_glasso	1.0	0.0	0.0
chr1:19209542-19210042	ENSG00000127481	UBR4	chr1	19209542	19210042	19210265	-	473	immune	method2b_glasso	1.0	0.0	0.0
chr1:19210094-19210594	ENSG00000127481	UBR4	chr1	19210094	19210594	19210265	-	79	immune	method2b_glasso	1.0	0.0	0.0
chr1:19210818-19211318	ENSG00000127481	UBR4	chr1	19210818	19211318	19210265	-	803	immune	method2b_glasso	1.0	0.0	0.0
chr1:19211377-19211877	ENSG00000127481	UBR4	chr1	19211377	19211877	19210265	-	1362	immune	method2b_glasso	1.0	0.0	0.0
chr1:19251291-19251791	ENSG00000053372	MRTO4	chr1	19251291	19251791	19251804	+	263	immune	method2b_glasso	1.0	0.0	0.0
chr1:19251291-19251791	ENSG00000127463	EMC1	chr1	19251291	19251791	19251551	-	10	immune	method2b_glasso	1.0	0.0	0.0
chr1:19252167-19252667	ENSG00000053372	MRTO4	chr1	19252167	19252667	19251804	+	613	immune	method2b_glasso	1.0	0.0	0.0
chr1:19252167-19252667	ENSG00000127463	EMC1	chr1	19252167	19252667	19251551	-	866	immune	method2b_glasso	1.0	0.0	0.0
chr1:19287669-19288169	ENSG00000162482	AKR7A3	chr1	19287669	19288169	19288769	-	850	immune	method2b_glasso	1.0	0.0	0.0
chr1:19288527-19289027	ENSG00000162482	AKR7A3	chr1	19288527	19289027	19288769	-	8	immune	method2b_glasso	1.0	0.0	0.0
chr1:19311159-19311659	ENSG00000040487	SLC66A1	chr1	19311159	19311659	19312325	+	916	immune	method2b_glasso	1.0	0.0	0.0
chr1:19311159-19311659	ENSG00000053371	AKR7A2	chr1	19311159	19311659	19312143	-	734	immune	method2b_glasso	1.0	0.0	0.0
chr1:19311923-19312423	ENSG00000040487	SLC66A1	chr1	19311923	19312423	19312325	+	152	immune	method2b_glasso	1.0	0.0	0.0
chr1:19311923-19312423	ENSG00000053371	AKR7A2	chr1	19311923	19312423	19312143	-	30	immune	method2b_glasso	1.0	0.0	0.0
chr1:19312560-19313060	ENSG00000040487	SLC66A1	chr1	19312560	19313060	19312325	+	485	immune	method2b_glasso	1.0	0.0	0.0
chr1:19312560-19313060	ENSG00000053371	AKR7A2	chr1	19312560	19313060	19312143	-	667	immune	method2b_glasso	1.0	0.0	0.0
chr1:19313452-19313952	ENSG00000040487	SLC66A1	chr1	19313452	19313952	19312325	+	1377	immune	method2b_glasso	1.0	0.0	0.0
chr1:19313452-19313952	ENSG00000053371	AKR7A2	chr1	19313452	19313952	19312143	-	1559	immune	method2b_glasso	1.0	0.0	0.0
chr1:19313972-19314472	ENSG00000040487	SLC66A1	chr1	19313972	19314472	19312325	+	1897	immune	method2b_glasso	1.0	0.0	0.0
chr1:19313972-19314472	ENSG00000053371	AKR7A2	chr1	19313972	19314472	19312143	-	2079	immune	method2b_glasso	1.0	0.0	0.0
chr1:19482287-19482787	ENSG00000173436	MICOS10	chr1	19482287	19482787	19484402	+	1865	immune	method2b_glasso	1.0	0.0	0.0
chr1:19483207-19483707	ENSG00000077549	CAPZB	chr1	19483207	19483707	19485538	-	2081	immune	method2b_glasso	1.0	0.0	0.0
chr1:19483207-19483707	ENSG00000173436	MICOS10	chr1	19483207	19483707	19484402	+	945	immune	method2b_glasso	1.0	0.0	0.0
chr1:19484003-19484503	ENSG00000077549	CAPZB	chr1	19484003	19484503	19485538	-	1285	immune	method2b_glasso	1.0	0.0	0.0
chr1:19484003-19484503	ENSG00000173436	MICOS10	chr1	19484003	19484503	19484402	+	149	immune	method2b_glasso	1.0	0.0	0.0
chr1:19484745-19485245	ENSG00000077549	CAPZB	chr1	19484745	19485245	19485538	-	543	immune	method2b_glasso	1.0	0.0	0.0
chr1:19484745-19485245	ENSG00000173436	MICOS10	chr1	19484745	19485245	19484402	+	593	immune	method2b_glasso	1.0	0.0	0.0
chr1:19485391-19485891	ENSG00000077549	CAPZB	chr1	19485391	19485891	19485538	-	103	immune	method2b_glasso	1.0	0.0	0.0
chr1:19485391-19485891	ENSG00000173436	MICOS10	chr1	19485391	19485891	19484402	+	1239	immune	method2b_glasso	1.0	0.0	0.0
chr1:19485936-19486436	ENSG00000077549	CAPZB	chr1	19485936	19486436	19485538	-	648	immune	method2b_glasso	1.0	0.0	0.0
chr1:19485936-19486436	ENSG00000173436	MICOS10	chr1	19485936	19486436	19484402	+	1784	immune	method2b_glasso	1.0	0.0	0.0
chr1:19486890-19487390	ENSG00000077549	CAPZB	chr1	19486890	19487390	19485538	-	1602	immune	method2b_glasso	1.0	0.0	0.0
chr1:19595226-19595726	ENSG00000158747	NBL1	chr1	19595226	19595726	19596978	+	1502	immune	method2b_glasso	1.0	0.0	0.0
chr1:19595226-19595726	ENSG00000270136	MICOS10-NBL1	chr1	19595226	19595726	19597066	+	1590	immune	method2b_glasso	1.0	0.0	0.0
chr1:19595965-19596465	ENSG00000158747	NBL1	chr1	19595965	19596465	19596978	+	763	immune	method2b_glasso	1.0	0.0	0.0
chr1:19595965-19596465	ENSG00000270136	MICOS10-NBL1	chr1	19595965	19596465	19597066	+	851	immune	method2b_glasso	1.0	0.0	0.0
chr1:19596690-19597190	ENSG00000158747	NBL1	chr1	19596690	19597190	19596978	+	38	immune	method2b_glasso	1.0	0.0	0.0
chr1:19596690-19597190	ENSG00000270136	MICOS10-NBL1	chr1	19596690	19597190	19597066	+	126	immune	method2b_glasso	1.0	0.0	0.0
chr1:19597487-19597987	ENSG00000158747	NBL1	chr1	19597487	19597987	19596978	+	759	immune	method2b_glasso	1.0	0.0	0.0
chr1:19597487-19597987	ENSG00000270136	MICOS10-NBL1	chr1	19597487	19597987	19597066	+	671	immune	method2b_glasso	1.0	0.0	0.0
chr1:19598932-19599432	ENSG00000158747	NBL1	chr1	19598932	19599432	19596978	+	2204	immune	method2b_glasso	1.0	0.0	0.0
chr1:19598932-19599432	ENSG00000270136	MICOS10-NBL1	chr1	19598932	19599432	19597066	+	2116	immune	method2b_glasso	1.0	0.0	0.0
chr1:19663175-19663675	ENSG00000158748	HTR6	chr1	19663175	19663675	19664874	+	1449	immune	method2b_glasso	1.0	0.0	0.0
chr1:19664554-19665054	ENSG00000158748	HTR6	chr1	19664554	19665054	19664874	+	70	immune	method2b_glasso	1.0	0.0	0.0
chr1:19665566-19666066	ENSG00000158748	HTR6	chr1	19665566	19666066	19664874	+	942	immune	method2b_glasso	1.0	0.0	0.0
chr1:19799467-19799967	ENSG00000162542	TMCO4	chr1	19799467	19799967	19799944	-	227	immune	method2b_glasso	1.0	0.0	0.0
chr1:19800203-19800703	ENSG00000162542	TMCO4	chr1	19800203	19800703	19799944	-	509	immune	method2b_glasso	1.0	0.0	0.0
chr1:19801147-19801647	ENSG00000162542	TMCO4	chr1	19801147	19801647	19799944	-	1453	immune	method2b_glasso	1.0	0.0	0.0
chr1:19814951-19815451	ENSG00000178828	RNF186	chr1	19814951	19815451	19815282	-	81	immune	method2b_glasso	1.0	0.0	0.0
chr1:19815650-19816150	ENSG00000178828	RNF186	chr1	19815650	19816150	19815282	-	618	immune	method2b_glasso	1.0	0.0	0.0
chr1:19882042-19882542	ENSG00000169914	OTUD3	chr1	19882042	19882542	19882394	+	102	immune	method2b_glasso	1.0	0.0	0.0
chr1:19882736-19883236	ENSG00000169914	OTUD3	chr1	19882736	19883236	19882394	+	592	immune	method2b_glasso	1.0	0.0	0.0
chr1:19981705-19982205	ENSG00000188257	PLA2G2A	chr1	19981705	19982205	19980415	-	1540	immune	method2b_glasso	1.0	0.0	0.0
chr1:20119276-20119776	ENSG00000117215	PLA2G2D	chr1	20119276	20119776	20119565	-	39	immune	method2b_glasso	1.0	0.0	0.0
chr1:20185225-20185725	ENSG00000162543	UBXN10	chr1	20185225	20185725	20186095	+	620	immune	method2b_glasso	1.0	0.0	0.0
chr1:20185225-20185725	ENSG00000187980	PLA2G2C	chr1	20185225	20185725	20186517	-	1042	immune	method2b_glasso	1.0	0.0	0.0
chr1:20185729-20186229	ENSG00000162543	UBXN10	chr1	20185729	20186229	20186095	+	116	immune	method2b_glasso	1.0	0.0	0.0
chr1:20185729-20186229	ENSG00000187980	PLA2G2C	chr1	20185729	20186229	20186517	-	538	immune	method2b_glasso	1.0	0.0	0.0
chr1:20186510-20187010	ENSG00000162543	UBXN10	chr1	20186510	20187010	20186095	+	665	immune	method2b_glasso	1.0	0.0	0.0
chr1:20186510-20187010	ENSG00000187980	PLA2G2C	chr1	20186510	20187010	20186517	-	243	immune	method2b_glasso	1.0	0.0	0.0
chr1:20187079-20187579	ENSG00000162543	UBXN10	chr1	20187079	20187579	20186095	+	1234	immune	method2b_glasso	1.0	0.0	0.0
chr1:20187079-20187579	ENSG00000187980	PLA2G2C	chr1	20187079	20187579	20186517	-	812	immune	method2b_glasso	1.0	0.0	0.0
chr1:20187913-20188413	ENSG00000162543	UBXN10	chr1	20187913	20188413	20186095	+	2068	immune	method2b_glasso	1.0	0.0	0.0
chr1:20187913-20188413	ENSG00000187980	PLA2G2C	chr1	20187913	20188413	20186517	-	1646	immune	method2b_glasso	1.0	0.0	0.0
chr1:20291574-20292074	ENSG00000158816	VWA5B1	chr1	20291574	20292074	20290874	+	950	immune	method2b_glasso	1.0	0.0	0.0
chr1:20484487-20484987	ENSG00000162545	CAMK2N1	chr1	20484487	20484987	20486209	-	1472	immune	method2b_glasso	1.0	0.0	0.0
chr1:20485387-20485887	ENSG00000162545	CAMK2N1	chr1	20485387	20485887	20486209	-	572	immune	method2b_glasso	1.0	0.0	0.0
chr1:20486104-20486604	ENSG00000162545	CAMK2N1	chr1	20486104	20486604	20486209	-	145	immune	method2b_glasso	1.0	0.0	0.0
chr1:20486849-20487349	ENSG00000162545	CAMK2N1	chr1	20486849	20487349	20486209	-	890	immune	method2b_glasso	1.0	0.0	0.0
chr1:20507278-20507778	ENSG00000090432	MUL1	chr1	20507278	20507778	20508150	-	622	immune	method2b_glasso	1.0	0.0	0.0
chr1:20507887-20508387	ENSG00000090432	MUL1	chr1	20507887	20508387	20508150	-	13	immune	method2b_glasso	1.0	0.0	0.0
chr1:20552287-20552787	ENSG00000183114	FAM43B	chr1	20552287	20552787	20552572	+	35	immune	method2b_glasso	1.0	0.0	0.0
chr1:20587531-20588031	ENSG00000158825	CDA	chr1	20587531	20588031	20589085	+	1304	immune	method2b_glasso	1.0	0.0	0.0
chr1:20588535-20589035	ENSG00000158825	CDA	chr1	20588535	20589035	20589085	+	300	immune	method2b_glasso	1.0	0.0	0.0
chr1:20589110-20589610	ENSG00000158825	CDA	chr1	20589110	20589610	20589085	+	275	immune	method2b_glasso	1.0	0.0	0.0
chr1:20590021-20590521	ENSG00000158825	CDA	chr1	20590021	20590521	20589085	+	1186	immune	method2b_glasso	1.0	0.0	0.0
chr1:20590618-20591118	ENSG00000158825	CDA	chr1	20590618	20591118	20589085	+	1783	immune	method2b_glasso	1.0	0.0	0.0
chr1:20633192-20633692	ENSG00000158828	PINK1	chr1	20633192	20633692	20633457	+	15	immune	method2b_glasso	1.0	0.0	0.0
chr1:20633758-20634258	ENSG00000158828	PINK1	chr1	20633758	20634258	20633457	+	551	immune	method2b_glasso	1.0	0.0	0.0
chr1:20634394-20634894	ENSG00000158828	PINK1	chr1	20634394	20634894	20633457	+	1187	immune	method2b_glasso	1.0	0.0	0.0
chr1:20661251-20661751	ENSG00000244038	DDOST	chr1	20661251	20661751	20661543	-	42	immune	method2b_glasso	1.0	0.0	0.0
chr1:20661821-20662321	ENSG00000244038	DDOST	chr1	20661821	20662321	20661543	-	528	immune	method2b_glasso	1.0	0.0	0.0
chr1:20662323-20662823	ENSG00000244038	DDOST	chr1	20662323	20662823	20661543	-	1030	immune	method2b_glasso	1.0	0.0	0.0
chr1:20717082-20717582	ENSG00000117245	KIF17	chr1	20717082	20717582	20718016	-	684	immune	method2b_glasso	1.0	0.0	0.0
chr1:20717849-20718349	ENSG00000117245	KIF17	chr1	20717849	20718349	20718016	-	83	immune	method2b_glasso	1.0	0.0	0.0
chr1:20731409-20731909	ENSG00000189410	SH2D5	chr1	20731409	20731909	20732836	-	1177	immune	method2b_glasso	1.0	0.0	0.0
chr1:20731991-20732491	ENSG00000189410	SH2D5	chr1	20731991	20732491	20732836	-	595	immune	method2b_glasso	1.0	0.0	0.0
chr1:20732496-20732996	ENSG00000189410	SH2D5	chr1	20732496	20732996	20732836	-	90	immune	method2b_glasso	1.0	0.0	0.0
chr1:20733031-20733531	ENSG00000189410	SH2D5	chr1	20733031	20733531	20732836	-	445	immune	method2b_glasso	1.0	0.0	0.0
chr1:20733556-20734056	ENSG00000189410	SH2D5	chr1	20733556	20734056	20732836	-	970	immune	method2b_glasso	1.0	0.0	0.0
chr1:20784853-20785353	ENSG00000127483	HP1BP3	chr1	20784853	20785353	20787322	-	2219	immune	method2b_glasso	1.0	0.0	0.0
chr1:20785905-20786405	ENSG00000127483	HP1BP3	chr1	20785905	20786405	20787322	-	1167	immune	method2b_glasso	1.0	0.0	0.0
chr1:20786536-20787036	ENSG00000127483	HP1BP3	chr1	20786536	20787036	20787322	-	536	immune	method2b_glasso	1.0	0.0	0.0
chr1:20787151-20787651	ENSG00000127483	HP1BP3	chr1	20787151	20787651	20787322	-	79	immune	method2b_glasso	1.0	0.0	0.0
chr1:20787841-20788341	ENSG00000127483	HP1BP3	chr1	20787841	20788341	20787322	-	769	immune	method2b_glasso	1.0	0.0	0.0
chr1:20789084-20789584	ENSG00000127483	HP1BP3	chr1	20789084	20789584	20787322	-	2012	immune	method2b_glasso	1.0	0.0	0.0
chr1:21175273-21175773	ENSG00000075151	EIF4G3	chr1	21175273	21175773	21177284	-	1761	immune	method2b_glasso	1.0	0.0	0.0
chr1:21175955-21176455	ENSG00000075151	EIF4G3	chr1	21175955	21176455	21177284	-	1079	immune	method2b_glasso	1.0	0.0	0.0
chr1:21176734-21177234	ENSG00000075151	EIF4G3	chr1	21176734	21177234	21177284	-	300	immune	method2b_glasso	1.0	0.0	0.0
chr1:21177276-21177776	ENSG00000075151	EIF4G3	chr1	21177276	21177776	21177284	-	242	immune	method2b_glasso	1.0	0.0	0.0
chr1:21177947-21178447	ENSG00000075151	EIF4G3	chr1	21177947	21178447	21177284	-	913	immune	method2b_glasso	1.0	0.0	0.0
chr1:21343410-21343910	ENSG00000117298	ECE1	chr1	21343410	21343910	21345571	-	1911	immune	method2b_glasso	1.0	0.0	0.0
chr1:21343995-21344495	ENSG00000117298	ECE1	chr1	21343995	21344495	21345571	-	1326	immune	method2b_glasso	1.0	0.0	0.0
chr1:21344739-21345239	ENSG00000117298	ECE1	chr1	21344739	21345239	21345571	-	582	immune	method2b_glasso	1.0	0.0	0.0
chr1:21345326-21345826	ENSG00000117298	ECE1	chr1	21345326	21345826	21345571	-	5	immune	method2b_glasso	1.0	0.0	0.0
chr1:21345964-21346464	ENSG00000117298	ECE1	chr1	21345964	21346464	21345571	-	643	immune	method2b_glasso	1.0	0.0	0.0
chr1:21346929-21347429	ENSG00000117298	ECE1	chr1	21346929	21347429	21345571	-	1608	immune	method2b_glasso	1.0	0.0	0.0
chr1:21439850-21440350	ENSG00000142794	NBPF3	chr1	21439850	21440350	21440127	+	27	immune	method2b_glasso	1.0	0.0	0.0
chr1:21440457-21440957	ENSG00000142794	NBPF3	chr1	21440457	21440957	21440127	+	580	immune	method2b_glasso	1.0	0.0	0.0
chr1:21508956-21509456	ENSG00000162551	ALPL	chr1	21508956	21509456	21509396	+	190	immune	method2b_glasso	1.0	0.0	0.0
chr1:21668565-21669065	ENSG00000076864	RAP1GAP	chr1	21668565	21669065	21669356	-	541	immune	method2b_glasso	1.0	0.0	0.0
chr1:21669071-21669571	ENSG00000076864	RAP1GAP	chr1	21669071	21669571	21669356	-	35	immune	method2b_glasso	1.0	0.0	0.0
chr1:21669730-21670230	ENSG00000076864	RAP1GAP	chr1	21669730	21670230	21669356	-	624	immune	method2b_glasso	1.0	0.0	0.0
chr1:21671142-21671642	ENSG00000076864	RAP1GAP	chr1	21671142	21671642	21669356	-	2036	immune	method2b_glasso	1.0	0.0	0.0
chr1:21781435-21781935	ENSG00000090686	USP48	chr1	21781435	21781935	21783605	-	1920	immune	method2b_glasso	1.0	0.0	0.0
chr1:21782320-21782820	ENSG00000090686	USP48	chr1	21782320	21782820	21783605	-	1035	immune	method2b_glasso	1.0	0.0	0.0
chr1:21782957-21783457	ENSG00000090686	USP48	chr1	21782957	21783457	21783605	-	398	immune	method2b_glasso	1.0	0.0	0.0
chr1:21783660-21784160	ENSG00000090686	USP48	chr1	21783660	21784160	21783605	-	305	immune	method2b_glasso	1.0	0.0	0.0
chr1:21785043-21785543	ENSG00000090686	USP48	chr1	21785043	21785543	21783605	-	1688	immune	method2b_glasso	1.0	0.0	0.0
chr1:21935915-21936415	ENSG00000142798	HSPG2	chr1	21935915	21936415	21937309	-	1144	immune	method2b_glasso	1.0	0.0	0.0
chr1:21936600-21937100	ENSG00000142798	HSPG2	chr1	21936600	21937100	21937309	-	459	immune	method2b_glasso	1.0	0.0	0.0
chr1:21937215-21937715	ENSG00000142798	HSPG2	chr1	21937215	21937715	21937309	-	156	immune	method2b_glasso	1.0	0.0	0.0
chr1:21939131-21939631	ENSG00000142798	HSPG2	chr1	21939131	21939631	21937309	-	2072	immune	method2b_glasso	1.0	0.0	0.0
chr1:22022752-22023252	ENSG00000289694	ENSG00000289694	chr1	22022752	22023252	22025141	+	2139	immune	method2b_glasso	1.0	0.0	0.0
chr1:22024344-22024844	ENSG00000289694	ENSG00000289694	chr1	22024344	22024844	22025141	+	547	immune	method2b_glasso	1.0	0.0	0.0
chr1:22025178-22025678	ENSG00000289694	ENSG00000289694	chr1	22025178	22025678	22025141	+	287	immune	method2b_glasso	1.0	0.0	0.0
chr1:22025688-22026188	ENSG00000289694	ENSG00000289694	chr1	22025688	22026188	22025141	+	797	immune	method2b_glasso	1.0	0.0	0.0
chr1:22026744-22027244	ENSG00000289694	ENSG00000289694	chr1	22026744	22027244	22025141	+	1853	immune	method2b_glasso	1.0	0.0	0.0
chr1:22051744-22052244	ENSG00000070831	CDC42	chr1	22051744	22052244	22052626	+	632	immune	method2b_glasso	1.0	0.0	0.0
chr1:22052400-22052900	ENSG00000070831	CDC42	chr1	22052400	22052900	22052626	+	24	immune	method2b_glasso	1.0	0.0	0.0
chr1:22053092-22053592	ENSG00000070831	CDC42	chr1	22053092	22053592	22052626	+	716	immune	method2b_glasso	1.0	0.0	0.0
chr1:22053712-22054212	ENSG00000070831	CDC42	chr1	22053712	22054212	22052626	+	1336	immune	method2b_glasso	1.0	0.0	0.0
chr1:22141700-22142200	ENSG00000162552	WNT4	chr1	22141700	22142200	22143968	-	2018	immune	method2b_glasso	1.0	0.0	0.0
