peak_id	gene_id	gene_name	chrom	peak_start	peak_end	tss_pos	strand	distance_bp	compartment	method	score	pvalue	fdr
chr1:921661-922161	ENSG00000187634	SAMD11	chr1	921661	922161	923922	+	2011	stromal	method2b_glasso	1.0	0.0	0.0
chr1:922392-922892	ENSG00000187634	SAMD11	chr1	922392	922892	923922	+	1280	stromal	method2b_glasso	1.0	0.0	0.0
chr1:922928-923428	ENSG00000187634	SAMD11	chr1	922928	923428	923922	+	744	stromal	method2b_glasso	1.0	0.0	0.0
chr1:923583-924083	ENSG00000187634	SAMD11	chr1	923583	924083	923922	+	89	stromal	method2b_glasso	1.0	0.0	0.0
chr1:924573-925073	ENSG00000187634	SAMD11	chr1	924573	925073	923922	+	901	stromal	method2b_glasso	1.0	0.0	0.0
chr1:925433-925933	ENSG00000187634	SAMD11	chr1	925433	925933	923922	+	1761	stromal	method2b_glasso	1.0	0.0	0.0
chr1:957152-957652	ENSG00000188976	NOC2L	chr1	957152	957652	959308	-	1906	stromal	method2b_glasso	1.0	0.0	0.0
chr1:958327-958827	ENSG00000187961	KLHL17	chr1	958327	958827	960583	+	2006	stromal	method2b_glasso	1.0	0.0	0.0
chr1:958327-958827	ENSG00000188976	NOC2L	chr1	958327	958827	959308	-	731	stromal	method2b_glasso	1.0	0.0	0.0
chr1:959068-959568	ENSG00000187961	KLHL17	chr1	959068	959568	960583	+	1265	stromal	method2b_glasso	1.0	0.0	0.0
chr1:959068-959568	ENSG00000188976	NOC2L	chr1	959068	959568	959308	-	10	stromal	method2b_glasso	1.0	0.0	0.0
chr1:959625-960125	ENSG00000187961	KLHL17	chr1	959625	960125	960583	+	708	stromal	method2b_glasso	1.0	0.0	0.0
chr1:959625-960125	ENSG00000188976	NOC2L	chr1	959625	960125	959308	-	567	stromal	method2b_glasso	1.0	0.0	0.0
chr1:960313-960813	ENSG00000187961	KLHL17	chr1	960313	960813	960583	+	20	stromal	method2b_glasso	1.0	0.0	0.0
chr1:960313-960813	ENSG00000188976	NOC2L	chr1	960313	960813	959308	-	1255	stromal	method2b_glasso	1.0	0.0	0.0
chr1:960833-961333	ENSG00000187961	KLHL17	chr1	960833	961333	960583	+	500	stromal	method2b_glasso	1.0	0.0	0.0
chr1:960833-961333	ENSG00000188976	NOC2L	chr1	960833	961333	959308	-	1775	stromal	method2b_glasso	1.0	0.0	0.0
chr1:961514-962014	ENSG00000187961	KLHL17	chr1	961514	962014	960583	+	1181	stromal	method2b_glasso	1.0	0.0	0.0
chr1:964288-964788	ENSG00000187583	PLEKHN1	chr1	964288	964788	966481	+	1943	stromal	method2b_glasso	1.0	0.0	0.0
chr1:965369-965869	ENSG00000187583	PLEKHN1	chr1	965369	965869	966481	+	862	stromal	method2b_glasso	1.0	0.0	0.0
chr1:965957-966457	ENSG00000187583	PLEKHN1	chr1	965957	966457	966481	+	274	stromal	method2b_glasso	1.0	0.0	0.0
chr1:966773-967273	ENSG00000187583	PLEKHN1	chr1	966773	967273	966481	+	542	stromal	method2b_glasso	1.0	0.0	0.0
chr1:967322-967822	ENSG00000187583	PLEKHN1	chr1	967322	967822	966481	+	1091	stromal	method2b_glasso	1.0	0.0	0.0
chr1:968135-968635	ENSG00000187583	PLEKHN1	chr1	968135	968635	966481	+	1904	stromal	method2b_glasso	1.0	0.0	0.0
chr1:979981-980481	ENSG00000187642	PERM1	chr1	979981	980481	982116	-	1885	stromal	method2b_glasso	1.0	0.0	0.0
chr1:980520-981020	ENSG00000187642	PERM1	chr1	980520	981020	982116	-	1346	stromal	method2b_glasso	1.0	0.0	0.0
chr1:981938-982438	ENSG00000187642	PERM1	chr1	981938	982438	982116	-	72	stromal	method2b_glasso	1.0	0.0	0.0
chr1:984068-984568	ENSG00000187642	PERM1	chr1	984068	984568	982116	-	2202	stromal	method2b_glasso	1.0	0.0	0.0
chr1:997835-998335	ENSG00000188290	HES4	chr1	997835	998335	1000171	-	2086	stromal	method2b_glasso	1.0	0.0	0.0
chr1:998362-998862	ENSG00000188290	HES4	chr1	998362	998862	1000171	-	1559	stromal	method2b_glasso	1.0	0.0	0.0
chr1:998929-999429	ENSG00000187608	ISG15	chr1	998929	999429	1001137	+	1958	stromal	method2b_glasso	1.0	0.0	0.0
chr1:998929-999429	ENSG00000188290	HES4	chr1	998929	999429	1000171	-	992	stromal	method2b_glasso	1.0	0.0	0.0
chr1:999900-1000400	ENSG00000187608	ISG15	chr1	999900	1000400	1001137	+	987	stromal	method2b_glasso	1.0	0.0	0.0
chr1:999900-1000400	ENSG00000188290	HES4	chr1	999900	1000400	1000171	-	21	stromal	method2b_glasso	1.0	0.0	0.0
chr1:1000604-1001104	ENSG00000187608	ISG15	chr1	1000604	1001104	1001137	+	283	stromal	method2b_glasso	1.0	0.0	0.0
chr1:1000604-1001104	ENSG00000188290	HES4	chr1	1000604	1001104	1000171	-	683	stromal	method2b_glasso	1.0	0.0	0.0
chr1:1001159-1001659	ENSG00000187608	ISG15	chr1	1001159	1001659	1001137	+	272	stromal	method2b_glasso	1.0	0.0	0.0
chr1:1001159-1001659	ENSG00000188290	HES4	chr1	1001159	1001659	1000171	-	1238	stromal	method2b_glasso	1.0	0.0	0.0
chr1:1001721-1002221	ENSG00000187608	ISG15	chr1	1001721	1002221	1001137	+	834	stromal	method2b_glasso	1.0	0.0	0.0
chr1:1001721-1002221	ENSG00000188290	HES4	chr1	1001721	1002221	1000171	-	1800	stromal	method2b_glasso	1.0	0.0	0.0
chr1:1002991-1003491	ENSG00000187608	ISG15	chr1	1002991	1003491	1001137	+	2104	stromal	method2b_glasso	1.0	0.0	0.0
chr1:1018183-1018683	ENSG00000188157	AGRN	chr1	1018183	1018683	1020119	+	1686	stromal	method2b_glasso	1.0	0.0	0.0
chr1:1018761-1019261	ENSG00000188157	AGRN	chr1	1018761	1019261	1020119	+	1108	stromal	method2b_glasso	1.0	0.0	0.0
chr1:1019275-1019775	ENSG00000188157	AGRN	chr1	1019275	1019775	1020119	+	594	stromal	method2b_glasso	1.0	0.0	0.0
chr1:1019849-1020349	ENSG00000188157	AGRN	chr1	1019849	1020349	1020119	+	20	stromal	method2b_glasso	1.0	0.0	0.0
chr1:1020427-1020927	ENSG00000188157	AGRN	chr1	1020427	1020927	1020119	+	558	stromal	method2b_glasso	1.0	0.0	0.0
chr1:1020998-1021498	ENSG00000188157	AGRN	chr1	1020998	1021498	1020119	+	1129	stromal	method2b_glasso	1.0	0.0	0.0
chr1:1021601-1022101	ENSG00000188157	AGRN	chr1	1021601	1022101	1020119	+	1732	stromal	method2b_glasso	1.0	0.0	0.0
chr1:1072283-1072783	ENSG00000237330	RNF223	chr1	1072283	1072783	1074305	-	1772	stromal	method2b_glasso	1.0	0.0	0.0
chr1:1073741-1074241	ENSG00000237330	RNF223	chr1	1073741	1074241	1074305	-	314	stromal	method2b_glasso	1.0	0.0	0.0
chr1:1074733-1075233	ENSG00000237330	RNF223	chr1	1074733	1075233	1074305	-	678	stromal	method2b_glasso	1.0	0.0	0.0
chr1:1075288-1075788	ENSG00000237330	RNF223	chr1	1075288	1075788	1074305	-	1233	stromal	method2b_glasso	1.0	0.0	0.0
chr1:1114745-1115245	ENSG00000131591	C1orf159	chr1	1114745	1115245	1116360	-	1365	stromal	method2b_glasso	1.0	0.0	0.0
chr1:1115391-1115891	ENSG00000131591	C1orf159	chr1	1115391	1115891	1116360	-	719	stromal	method2b_glasso	1.0	0.0	0.0
chr1:1115962-1116462	ENSG00000131591	C1orf159	chr1	1115962	1116462	1116360	-	148	stromal	method2b_glasso	1.0	0.0	0.0
chr1:1116545-1117045	ENSG00000131591	C1orf159	chr1	1116545	1117045	1116360	-	435	stromal	method2b_glasso	1.0	0.0	0.0
chr1:1117321-1117821	ENSG00000131591	C1orf159	chr1	1117321	1117821	1116360	-	1211	stromal	method2b_glasso	1.0	0.0	0.0
chr1:1171831-1172331	ENSG00000162571	TTLL10	chr1	1171831	1172331	1173879	+	1798	stromal	method2b_glasso	1.0	0.0	0.0
chr1:1173618-1174118	ENSG00000162571	TTLL10	chr1	1173618	1174118	1173879	+	11	stromal	method2b_glasso	1.0	0.0	0.0
chr1:1174271-1174771	ENSG00000162571	TTLL10	chr1	1174271	1174771	1173879	+	642	stromal	method2b_glasso	1.0	0.0	0.0
chr1:1204982-1205482	ENSG00000186891	TNFRSF18	chr1	1204982	1205482	1206591	-	1359	stromal	method2b_glasso	1.0	0.0	0.0
chr1:1205732-1206232	ENSG00000186891	TNFRSF18	chr1	1205732	1206232	1206591	-	609	stromal	method2b_glasso	1.0	0.0	0.0
chr1:1206355-1206855	ENSG00000186891	TNFRSF18	chr1	1206355	1206855	1206591	-	14	stromal	method2b_glasso	1.0	0.0	0.0
chr1:1207380-1207880	ENSG00000186891	TNFRSF18	chr1	1207380	1207880	1206591	-	1039	stromal	method2b_glasso	1.0	0.0	0.0
chr1:1207935-1208435	ENSG00000186891	TNFRSF18	chr1	1207935	1208435	1206591	-	1594	stromal	method2b_glasso	1.0	0.0	0.0
chr1:1211731-1212231	ENSG00000186827	TNFRSF4	chr1	1211731	1212231	1214152	-	2171	stromal	method2b_glasso	1.0	0.0	0.0
chr1:1212239-1212739	ENSG00000186827	TNFRSF4	chr1	1212239	1212739	1214152	-	1663	stromal	method2b_glasso	1.0	0.0	0.0
chr1:1212837-1213337	ENSG00000186827	TNFRSF4	chr1	1212837	1213337	1214152	-	1065	stromal	method2b_glasso	1.0	0.0	0.0
chr1:1213511-1214011	ENSG00000186827	TNFRSF4	chr1	1213511	1214011	1214152	-	391	stromal	method2b_glasso	1.0	0.0	0.0
chr1:1214175-1214675	ENSG00000186827	TNFRSF4	chr1	1214175	1214675	1214152	-	273	stromal	method2b_glasso	1.0	0.0	0.0
chr1:1215052-1215552	ENSG00000186827	TNFRSF4	chr1	1215052	1215552	1214152	-	1150	stromal	method2b_glasso	1.0	0.0	0.0
chr1:1215794-1216294	ENSG00000186827	TNFRSF4	chr1	1215794	1216294	1214152	-	1892	stromal	method2b_glasso	1.0	0.0	0.0
chr1:1230068-1230568	ENSG00000078808	SDF4	chr1	1230068	1230568	1232030	-	1712	stromal	method2b_glasso	1.0	0.0	0.0
chr1:1230068-1230568	ENSG00000176022	B3GALT6	chr1	1230068	1230568	1232236	+	1918	stromal	method2b_glasso	1.0	0.0	0.0
chr1:1230734-1231234	ENSG00000078808	SDF4	chr1	1230734	1231234	1232030	-	1046	stromal	method2b_glasso	1.0	0.0	0.0
chr1:1230734-1231234	ENSG00000176022	B3GALT6	chr1	1230734	1231234	1232236	+	1252	stromal	method2b_glasso	1.0	0.0	0.0
chr1:1231296-1231796	ENSG00000078808	SDF4	chr1	1231296	1231796	1232030	-	484	stromal	method2b_glasso	1.0	0.0	0.0
chr1:1231296-1231796	ENSG00000176022	B3GALT6	chr1	1231296	1231796	1232236	+	690	stromal	method2b_glasso	1.0	0.0	0.0
chr1:1231837-1232337	ENSG00000078808	SDF4	chr1	1231837	1232337	1232030	-	57	stromal	method2b_glasso	1.0	0.0	0.0
chr1:1231837-1232337	ENSG00000176022	B3GALT6	chr1	1231837	1232337	1232236	+	149	stromal	method2b_glasso	1.0	0.0	0.0
chr1:1232500-1233000	ENSG00000078808	SDF4	chr1	1232500	1233000	1232030	-	720	stromal	method2b_glasso	1.0	0.0	0.0
chr1:1232500-1233000	ENSG00000176022	B3GALT6	chr1	1232500	1233000	1232236	+	514	stromal	method2b_glasso	1.0	0.0	0.0
chr1:1233056-1233556	ENSG00000078808	SDF4	chr1	1233056	1233556	1232030	-	1276	stromal	method2b_glasso	1.0	0.0	0.0
chr1:1233056-1233556	ENSG00000176022	B3GALT6	chr1	1233056	1233556	1232236	+	1070	stromal	method2b_glasso	1.0	0.0	0.0
chr1:1246480-1246980	ENSG00000184163	C1QTNF12	chr1	1246480	1246980	1246721	-	9	stromal	method2b_glasso	1.0	0.0	0.0
chr1:1247219-1247719	ENSG00000184163	C1QTNF12	chr1	1247219	1247719	1246721	-	748	stromal	method2b_glasso	1.0	0.0	0.0
chr1:1247934-1248434	ENSG00000184163	C1QTNF12	chr1	1247934	1248434	1246721	-	1463	stromal	method2b_glasso	1.0	0.0	0.0
chr1:1272036-1272536	ENSG00000160087	UBE2J2	chr1	1272036	1272536	1273863	-	1577	stromal	method2b_glasso	1.0	0.0	0.0
chr1:1272977-1273477	ENSG00000160087	UBE2J2	chr1	1272977	1273477	1273863	-	636	stromal	method2b_glasso	1.0	0.0	0.0
chr1:1273693-1274193	ENSG00000160087	UBE2J2	chr1	1273693	1274193	1273863	-	80	stromal	method2b_glasso	1.0	0.0	0.0
chr1:1274493-1274993	ENSG00000160087	UBE2J2	chr1	1274493	1274993	1273863	-	880	stromal	method2b_glasso	1.0	0.0	0.0
chr1:1275111-1275611	ENSG00000160087	UBE2J2	chr1	1275111	1275611	1273863	-	1498	stromal	method2b_glasso	1.0	0.0	0.0
chr1:1280748-1281248	ENSG00000162572	SCNN1D	chr1	1280748	1281248	1280435	+	563	stromal	method2b_glasso	1.0	0.0	0.0
chr1:1281475-1281975	ENSG00000162572	SCNN1D	chr1	1281475	1281975	1280435	+	1290	stromal	method2b_glasso	1.0	0.0	0.0
chr1:1306199-1306699	ENSG00000169972	PUSL1	chr1	1306199	1306699	1308596	+	2147	stromal	method2b_glasso	1.0	0.0	0.0
chr1:1307155-1307655	ENSG00000131584	ACAP3	chr1	1307155	1307655	1309608	-	2203	stromal	method2b_glasso	1.0	0.0	0.0
chr1:1307155-1307655	ENSG00000169972	PUSL1	chr1	1307155	1307655	1308596	+	1191	stromal	method2b_glasso	1.0	0.0	0.0
chr1:1307724-1308224	ENSG00000131584	ACAP3	chr1	1307724	1308224	1309608	-	1634	stromal	method2b_glasso	1.0	0.0	0.0
chr1:1307724-1308224	ENSG00000169972	PUSL1	chr1	1307724	1308224	1308596	+	622	stromal	method2b_glasso	1.0	0.0	0.0
chr1:1308268-1308768	ENSG00000131584	ACAP3	chr1	1308268	1308768	1309608	-	1090	stromal	method2b_glasso	1.0	0.0	0.0
chr1:1308268-1308768	ENSG00000169972	PUSL1	chr1	1308268	1308768	1308596	+	78	stromal	method2b_glasso	1.0	0.0	0.0
chr1:1308773-1309273	ENSG00000131584	ACAP3	chr1	1308773	1309273	1309608	-	585	stromal	method2b_glasso	1.0	0.0	0.0
chr1:1308773-1309273	ENSG00000169972	PUSL1	chr1	1308773	1309273	1308596	+	427	stromal	method2b_glasso	1.0	0.0	0.0
chr1:1309532-1310032	ENSG00000131584	ACAP3	chr1	1309532	1310032	1309608	-	174	stromal	method2b_glasso	1.0	0.0	0.0
chr1:1309532-1310032	ENSG00000169972	PUSL1	chr1	1309532	1310032	1308596	+	1186	stromal	method2b_glasso	1.0	0.0	0.0
chr1:1310248-1310748	ENSG00000131584	ACAP3	chr1	1310248	1310748	1309608	-	890	stromal	method2b_glasso	1.0	0.0	0.0
chr1:1310248-1310748	ENSG00000169972	PUSL1	chr1	1310248	1310748	1308596	+	1902	stromal	method2b_glasso	1.0	0.0	0.0
chr1:1311201-1311701	ENSG00000131584	ACAP3	chr1	1311201	1311701	1309608	-	1843	stromal	method2b_glasso	1.0	0.0	0.0
chr1:1322616-1323116	ENSG00000127054	INTS11	chr1	1322616	1323116	1324686	-	1820	stromal	method2b_glasso	1.0	0.0	0.0
chr1:1322616-1323116	ENSG00000224051	CPTP	chr1	1322616	1323116	1324755	+	1889	stromal	method2b_glasso	1.0	0.0	0.0
chr1:1324442-1324942	ENSG00000127054	INTS11	chr1	1324442	1324942	1324686	-	6	stromal	method2b_glasso	1.0	0.0	0.0
chr1:1324442-1324942	ENSG00000224051	CPTP	chr1	1324442	1324942	1324755	+	63	stromal	method2b_glasso	1.0	0.0	0.0
chr1:1325054-1325554	ENSG00000127054	INTS11	chr1	1325054	1325554	1324686	-	618	stromal	method2b_glasso	1.0	0.0	0.0
chr1:1325054-1325554	ENSG00000224051	CPTP	chr1	1325054	1325554	1324755	+	549	stromal	method2b_glasso	1.0	0.0	0.0
chr1:1325568-1326068	ENSG00000127054	INTS11	chr1	1325568	1326068	1324686	-	1132	stromal	method2b_glasso	1.0	0.0	0.0
chr1:1325568-1326068	ENSG00000224051	CPTP	chr1	1325568	1326068	1324755	+	1063	stromal	method2b_glasso	1.0	0.0	0.0
chr1:1326080-1326580	ENSG00000127054	INTS11	chr1	1326080	1326580	1324686	-	1644	stromal	method2b_glasso	1.0	0.0	0.0
chr1:1326080-1326580	ENSG00000224051	CPTP	chr1	1326080	1326580	1324755	+	1575	stromal	method2b_glasso	1.0	0.0	0.0
chr1:1329964-1330464	ENSG00000169962	TAS1R3	chr1	1329964	1330464	1331279	+	1065	stromal	method2b_glasso	1.0	0.0	0.0
chr1:1330549-1331049	ENSG00000169962	TAS1R3	chr1	1330549	1331049	1331279	+	480	stromal	method2b_glasso	1.0	0.0	0.0
chr1:1331225-1331725	ENSG00000169962	TAS1R3	chr1	1331225	1331725	1331279	+	196	stromal	method2b_glasso	1.0	0.0	0.0
chr1:1332278-1332778	ENSG00000169962	TAS1R3	chr1	1332278	1332778	1331279	+	1249	stromal	method2b_glasso	1.0	0.0	0.0
chr1:1332982-1333482	ENSG00000169962	TAS1R3	chr1	1332982	1333482	1331279	+	1953	stromal	method2b_glasso	1.0	0.0	0.0
chr1:1347218-1347718	ENSG00000107404	DVL1	chr1	1347218	1347718	1349417	-	1949	stromal	method2b_glasso	1.0	0.0	0.0
chr1:1347900-1348400	ENSG00000107404	DVL1	chr1	1347900	1348400	1349417	-	1267	stromal	method2b_glasso	1.0	0.0	0.0
chr1:1348447-1348947	ENSG00000107404	DVL1	chr1	1348447	1348947	1349417	-	720	stromal	method2b_glasso	1.0	0.0	0.0
chr1:1349265-1349765	ENSG00000107404	DVL1	chr1	1349265	1349765	1349417	-	98	stromal	method2b_glasso	1.0	0.0	0.0
chr1:1351363-1351863	ENSG00000107404	DVL1	chr1	1351363	1351863	1349417	-	2196	stromal	method2b_glasso	1.0	0.0	0.0
chr1:1359639-1360139	ENSG00000162576	MXRA8	chr1	1359639	1360139	1361776	-	1887	stromal	method2b_glasso	1.0	0.0	0.0
chr1:1360476-1360976	ENSG00000162576	MXRA8	chr1	1360476	1360976	1361776	-	1050	stromal	method2b_glasso	1.0	0.0	0.0
chr1:1361036-1361536	ENSG00000162576	MXRA8	chr1	1361036	1361536	1361776	-	490	stromal	method2b_glasso	1.0	0.0	0.0
chr1:1361916-1362416	ENSG00000162576	MXRA8	chr1	1361916	1362416	1361776	-	390	stromal	method2b_glasso	1.0	0.0	0.0
chr1:1363218-1363718	ENSG00000162576	MXRA8	chr1	1363218	1363718	1361776	-	1692	stromal	method2b_glasso	1.0	0.0	0.0
chr1:1372975-1373475	ENSG00000175756	AURKAIP1	chr1	1372975	1373475	1375206	-	1981	stromal	method2b_glasso	1.0	0.0	0.0
chr1:1373609-1374109	ENSG00000175756	AURKAIP1	chr1	1373609	1374109	1375206	-	1347	stromal	method2b_glasso	1.0	0.0	0.0
chr1:1374253-1374753	ENSG00000175756	AURKAIP1	chr1	1374253	1374753	1375206	-	703	stromal	method2b_glasso	1.0	0.0	0.0
chr1:1375127-1375627	ENSG00000175756	AURKAIP1	chr1	1375127	1375627	1375206	-	171	stromal	method2b_glasso	1.0	0.0	0.0
chr1:1375961-1376461	ENSG00000175756	AURKAIP1	chr1	1375961	1376461	1375206	-	1005	stromal	method2b_glasso	1.0	0.0	0.0
chr1:1376598-1377098	ENSG00000175756	AURKAIP1	chr1	1376598	1377098	1375206	-	1642	stromal	method2b_glasso	1.0	0.0	0.0
chr1:1397894-1398394	ENSG00000221978	CCNL2	chr1	1397894	1398394	1399334	-	1190	stromal	method2b_glasso	1.0	0.0	0.0
chr1:1398685-1399185	ENSG00000221978	CCNL2	chr1	1398685	1399185	1399334	-	399	stromal	method2b_glasso	1.0	0.0	0.0
chr1:1399252-1399752	ENSG00000221978	CCNL2	chr1	1399252	1399752	1399334	-	168	stromal	method2b_glasso	1.0	0.0	0.0
chr1:1400127-1400627	ENSG00000221978	CCNL2	chr1	1400127	1400627	1399334	-	1043	stromal	method2b_glasso	1.0	0.0	0.0
chr1:1400959-1401459	ENSG00000221978	CCNL2	chr1	1400959	1401459	1399334	-	1875	stromal	method2b_glasso	1.0	0.0	0.0
chr1:1405241-1405741	ENSG00000242485	MRPL20	chr1	1405241	1405741	1407292	-	1801	stromal	method2b_glasso	1.0	0.0	0.0
chr1:1405823-1406323	ENSG00000242485	MRPL20	chr1	1405823	1406323	1407292	-	1219	stromal	method2b_glasso	1.0	0.0	0.0
chr1:1406412-1406912	ENSG00000242485	MRPL20	chr1	1406412	1406912	1407292	-	630	stromal	method2b_glasso	1.0	0.0	0.0
chr1:1407098-1407598	ENSG00000242485	MRPL20	chr1	1407098	1407598	1407292	-	56	stromal	method2b_glasso	1.0	0.0	0.0
chr1:1407643-1408143	ENSG00000242485	MRPL20	chr1	1407643	1408143	1407292	-	601	stromal	method2b_glasso	1.0	0.0	0.0
chr1:1419878-1420378	ENSG00000235098	ANKRD65	chr1	1419878	1420378	1421768	-	1640	stromal	method2b_glasso	1.0	0.0	0.0
chr1:1420710-1421210	ENSG00000235098	ANKRD65	chr1	1420710	1421210	1421768	-	808	stromal	method2b_glasso	1.0	0.0	0.0
chr1:1421328-1421828	ENSG00000235098	ANKRD65	chr1	1421328	1421828	1421768	-	190	stromal	method2b_glasso	1.0	0.0	0.0
chr1:1421830-1422330	ENSG00000235098	ANKRD65	chr1	1421830	1422330	1421768	-	312	stromal	method2b_glasso	1.0	0.0	0.0
chr1:1422397-1422897	ENSG00000235098	ANKRD65	chr1	1422397	1422897	1421768	-	879	stromal	method2b_glasso	1.0	0.0	0.0
chr1:1422904-1423404	ENSG00000235098	ANKRD65	chr1	1422904	1423404	1421768	-	1386	stromal	method2b_glasso	1.0	0.0	0.0
chr1:1423742-1424242	ENSG00000205116	TMEM88B	chr1	1423742	1424242	1425870	+	1878	stromal	method2b_glasso	1.0	0.0	0.0
chr1:1423742-1424242	ENSG00000235098	ANKRD65	chr1	1423742	1424242	1421768	-	2224	stromal	method2b_glasso	1.0	0.0	0.0
chr1:1425824-1426324	ENSG00000205116	TMEM88B	chr1	1425824	1426324	1425870	+	204	stromal	method2b_glasso	1.0	0.0	0.0
chr1:1426730-1427230	ENSG00000205116	TMEM88B	chr1	1426730	1427230	1425870	+	1110	stromal	method2b_glasso	1.0	0.0	0.0
chr1:1427362-1427862	ENSG00000205116	TMEM88B	chr1	1427362	1427862	1425870	+	1742	stromal	method2b_glasso	1.0	0.0	0.0
chr1:1432439-1432939	ENSG00000179403	VWA1	chr1	1432439	1432939	1434860	+	2171	stromal	method2b_glasso	1.0	0.0	0.0
chr1:1433122-1433622	ENSG00000179403	VWA1	chr1	1433122	1433622	1434860	+	1488	stromal	method2b_glasso	1.0	0.0	0.0
chr1:1433727-1434227	ENSG00000179403	VWA1	chr1	1433727	1434227	1434860	+	883	stromal	method2b_glasso	1.0	0.0	0.0
chr1:1434397-1434897	ENSG00000179403	VWA1	chr1	1434397	1434897	1434860	+	213	stromal	method2b_glasso	1.0	0.0	0.0
chr1:1435448-1435948	ENSG00000179403	VWA1	chr1	1435448	1435948	1434860	+	838	stromal	method2b_glasso	1.0	0.0	0.0
chr1:1435981-1436481	ENSG00000179403	VWA1	chr1	1435981	1436481	1434860	+	1371	stromal	method2b_glasso	1.0	0.0	0.0
chr1:1470896-1471396	ENSG00000160072	ATAD3B	chr1	1470896	1471396	1471764	+	618	stromal	method2b_glasso	1.0	0.0	0.0
chr1:1471425-1471925	ENSG00000160072	ATAD3B	chr1	1471425	1471925	1471764	+	89	stromal	method2b_glasso	1.0	0.0	0.0
chr1:1510648-1511148	ENSG00000197785	ATAD3A	chr1	1510648	1511148	1512161	+	1263	stromal	method2b_glasso	1.0	0.0	0.0
chr1:1511293-1511793	ENSG00000197785	ATAD3A	chr1	1511293	1511793	1512161	+	618	stromal	method2b_glasso	1.0	0.0	0.0
chr1:1511799-1512299	ENSG00000197785	ATAD3A	chr1	1511799	1512299	1512161	+	112	stromal	method2b_glasso	1.0	0.0	0.0
chr1:1512468-1512968	ENSG00000197785	ATAD3A	chr1	1512468	1512968	1512161	+	557	stromal	method2b_glasso	1.0	0.0	0.0
chr1:1539009-1539509	ENSG00000205090	TMEM240	chr1	1539009	1539509	1540623	-	1364	stromal	method2b_glasso	1.0	0.0	0.0
chr1:1539573-1540073	ENSG00000205090	TMEM240	chr1	1539573	1540073	1540623	-	800	stromal	method2b_glasso	1.0	0.0	0.0
chr1:1540366-1540866	ENSG00000205090	TMEM240	chr1	1540366	1540866	1540623	-	7	stromal	method2b_glasso	1.0	0.0	0.0
chr1:1540888-1541388	ENSG00000205090	TMEM240	chr1	1540888	1541388	1540623	-	515	stromal	method2b_glasso	1.0	0.0	0.0
chr1:1542216-1542716	ENSG00000205090	TMEM240	chr1	1542216	1542716	1540623	-	1843	stromal	method2b_glasso	1.0	0.0	0.0
chr1:1573974-1574474	ENSG00000160075	SSU72	chr1	1573974	1574474	1574862	-	638	stromal	method2b_glasso	1.0	0.0	0.0
chr1:1574658-1575158	ENSG00000160075	SSU72	chr1	1574658	1575158	1574862	-	46	stromal	method2b_glasso	1.0	0.0	0.0
chr1:1575176-1575676	ENSG00000160075	SSU72	chr1	1575176	1575676	1574862	-	564	stromal	method2b_glasso	1.0	0.0	0.0
chr1:1598593-1599093	ENSG00000228594	FNDC10	chr1	1598593	1599093	1600134	-	1291	stromal	method2b_glasso	1.0	0.0	0.0
chr1:1599504-1600004	ENSG00000228594	FNDC10	chr1	1599504	1600004	1600134	-	380	stromal	method2b_glasso	1.0	0.0	0.0
chr1:1600080-1600580	ENSG00000228594	FNDC10	chr1	1600080	1600580	1600134	-	196	stromal	method2b_glasso	1.0	0.0	0.0
chr1:1600735-1601235	ENSG00000228594	FNDC10	chr1	1600735	1601235	1600134	-	851	stromal	method2b_glasso	1.0	0.0	0.0
chr1:1613577-1614077	ENSG00000197530	MIB2	chr1	1613577	1614077	1615453	+	1626	stromal	method2b_glasso	1.0	0.0	0.0
chr1:1614122-1614622	ENSG00000197530	MIB2	chr1	1614122	1614622	1615453	+	1081	stromal	method2b_glasso	1.0	0.0	0.0
chr1:1614649-1615149	ENSG00000197530	MIB2	chr1	1614649	1615149	1615453	+	554	stromal	method2b_glasso	1.0	0.0	0.0
chr1:1615160-1615660	ENSG00000197530	MIB2	chr1	1615160	1615660	1615453	+	43	stromal	method2b_glasso	1.0	0.0	0.0
chr1:1615978-1616478	ENSG00000197530	MIB2	chr1	1615978	1616478	1615453	+	775	stromal	method2b_glasso	1.0	0.0	0.0
chr1:1616582-1617082	ENSG00000197530	MIB2	chr1	1616582	1617082	1615453	+	1379	stromal	method2b_glasso	1.0	0.0	0.0
chr1:1629706-1630206	ENSG00000189409	MMP23B	chr1	1629706	1630206	1632162	+	2206	stromal	method2b_glasso	1.0	0.0	0.0
chr1:1630221-1630721	ENSG00000189409	MMP23B	chr1	1630221	1630721	1632162	+	1691	stromal	method2b_glasso	1.0	0.0	0.0
chr1:1630909-1631409	ENSG00000189409	MMP23B	chr1	1630909	1631409	1632162	+	1003	stromal	method2b_glasso	1.0	0.0	0.0
chr1:1631422-1631922	ENSG00000189409	MMP23B	chr1	1631422	1631922	1632162	+	490	stromal	method2b_glasso	1.0	0.0	0.0
chr1:1631990-1632490	ENSG00000189409	MMP23B	chr1	1631990	1632490	1632162	+	78	stromal	method2b_glasso	1.0	0.0	0.0
chr1:1658946-1659446	ENSG00000248333	CDK11B	chr1	1658946	1659446	1659011	-	185	stromal	method2b_glasso	1.0	0.0	0.0
chr1:1692560-1693060	ENSG00000189339	SLC35E2B	chr1	1692560	1693060	1692794	-	16	stromal	method2b_glasso	1.0	0.0	0.0
chr1:1693153-1693653	ENSG00000189339	SLC35E2B	chr1	1693153	1693653	1692794	-	609	stromal	method2b_glasso	1.0	0.0	0.0
chr1:1693780-1694280	ENSG00000189339	SLC35E2B	chr1	1693780	1694280	1692794	-	1236	stromal	method2b_glasso	1.0	0.0	0.0
chr1:1694297-1694797	ENSG00000189339	SLC35E2B	chr1	1694297	1694797	1692794	-	1753	stromal	method2b_glasso	1.0	0.0	0.0
chr1:1724179-1724679	ENSG00000008128	CDK11A	chr1	1724179	1724679	1724356	-	73	stromal	method2b_glasso	1.0	0.0	0.0
chr1:1726059-1726559	ENSG00000008128	CDK11A	chr1	1726059	1726559	1724356	-	1953	stromal	method2b_glasso	1.0	0.0	0.0
chr1:1778220-1778720	ENSG00000008130	NADK	chr1	1778220	1778720	1780456	-	1986	stromal	method2b_glasso	1.0	0.0	0.0
chr1:1778767-1779267	ENSG00000008130	NADK	chr1	1778767	1779267	1780456	-	1439	stromal	method2b_glasso	1.0	0.0	0.0
chr1:1779690-1780190	ENSG00000008130	NADK	chr1	1779690	1780190	1780456	-	516	stromal	method2b_glasso	1.0	0.0	0.0
chr1:1780324-1780824	ENSG00000008130	NADK	chr1	1780324	1780824	1780456	-	118	stromal	method2b_glasso	1.0	0.0	0.0
chr1:1781141-1781641	ENSG00000008130	NADK	chr1	1781141	1781641	1780456	-	935	stromal	method2b_glasso	1.0	0.0	0.0
chr1:1781985-1782485	ENSG00000008130	NADK	chr1	1781985	1782485	1780456	-	1779	stromal	method2b_glasso	1.0	0.0	0.0
chr1:1890230-1890730	ENSG00000078369	GNB1	chr1	1890230	1890730	1892291	-	1811	stromal	method2b_glasso	1.0	0.0	0.0
chr1:1890883-1891383	ENSG00000078369	GNB1	chr1	1890883	1891383	1892291	-	1158	stromal	method2b_glasso	1.0	0.0	0.0
chr1:1891513-1892013	ENSG00000078369	GNB1	chr1	1891513	1892013	1892291	-	528	stromal	method2b_glasso	1.0	0.0	0.0
chr1:1892363-1892863	ENSG00000078369	GNB1	chr1	1892363	1892863	1892291	-	322	stromal	method2b_glasso	1.0	0.0	0.0
chr1:1893410-1893910	ENSG00000078369	GNB1	chr1	1893410	1893910	1892291	-	1369	stromal	method2b_glasso	1.0	0.0	0.0
chr1:1914070-1914570	ENSG00000169885	CALML6	chr1	1914070	1914570	1915107	+	787	stromal	method2b_glasso	1.0	0.0	0.0
chr1:1915700-1916200	ENSG00000169885	CALML6	chr1	1915700	1916200	1915107	+	843	stromal	method2b_glasso	1.0	0.0	0.0
chr1:1916229-1916729	ENSG00000169885	CALML6	chr1	1916229	1916729	1915107	+	1372	stromal	method2b_glasso	1.0	0.0	0.0
chr1:1917031-1917531	ENSG00000169885	CALML6	chr1	1917031	1917531	1915107	+	2174	stromal	method2b_glasso	1.0	0.0	0.0
chr1:1917031-1917531	ENSG00000178821	TMEM52	chr1	1917031	1917531	1919278	-	1997	stromal	method2b_glasso	1.0	0.0	0.0
chr1:1917875-1918375	ENSG00000178821	TMEM52	chr1	1917875	1918375	1919278	-	1153	stromal	method2b_glasso	1.0	0.0	0.0
chr1:1918417-1918917	ENSG00000178821	TMEM52	chr1	1918417	1918917	1919278	-	611	stromal	method2b_glasso	1.0	0.0	0.0
chr1:1919225-1919725	ENSG00000178821	TMEM52	chr1	1919225	1919725	1919278	-	197	stromal	method2b_glasso	1.0	0.0	0.0
chr1:1919739-1920239	ENSG00000178821	TMEM52	chr1	1919739	1920239	1919278	-	711	stromal	method2b_glasso	1.0	0.0	0.0
chr1:1920363-1920863	ENSG00000178821	TMEM52	chr1	1920363	1920863	1919278	-	1335	stromal	method2b_glasso	1.0	0.0	0.0
chr1:2003650-2004150	ENSG00000142609	CFAP74	chr1	2003650	2004150	2003836	-	64	stromal	method2b_glasso	1.0	0.0	0.0
chr1:2019054-2019554	ENSG00000187730	GABRD	chr1	2019054	2019554	2019328	+	24	stromal	method2b_glasso	1.0	0.0	0.0
chr1:2019840-2020340	ENSG00000187730	GABRD	chr1	2019840	2020340	2019328	+	762	stromal	method2b_glasso	1.0	0.0	0.0
chr1:2049454-2049954	ENSG00000067606	PRKCZ	chr1	2049454	2049954	2050410	+	706	stromal	method2b_glasso	1.0	0.0	0.0
chr1:2050116-2050616	ENSG00000067606	PRKCZ	chr1	2050116	2050616	2050410	+	44	stromal	method2b_glasso	1.0	0.0	0.0
chr1:2050656-2051156	ENSG00000067606	PRKCZ	chr1	2050656	2051156	2050410	+	496	stromal	method2b_glasso	1.0	0.0	0.0
chr1:2052068-2052568	ENSG00000067606	PRKCZ	chr1	2052068	2052568	2050410	+	1908	stromal	method2b_glasso	1.0	0.0	0.0
chr1:2210454-2210954	ENSG00000162585	FAAP20	chr1	2210454	2210954	2212719	-	2015	stromal	method2b_glasso	1.0	0.0	0.0
chr1:2211296-2211796	ENSG00000162585	FAAP20	chr1	2211296	2211796	2212719	-	1173	stromal	method2b_glasso	1.0	0.0	0.0
chr1:2212365-2212865	ENSG00000162585	FAAP20	chr1	2212365	2212865	2212719	-	104	stromal	method2b_glasso	1.0	0.0	0.0
chr1:2212957-2213457	ENSG00000162585	FAAP20	chr1	2212957	2213457	2212719	-	488	stromal	method2b_glasso	1.0	0.0	0.0
chr1:2214009-2214509	ENSG00000162585	FAAP20	chr1	2214009	2214509	2212719	-	1540	stromal	method2b_glasso	1.0	0.0	0.0
chr1:2214566-2215066	ENSG00000162585	FAAP20	chr1	2214566	2215066	2212719	-	2097	stromal	method2b_glasso	1.0	0.0	0.0
chr1:2225394-2225894	ENSG00000157933	SKI	chr1	2225394	2225894	2227387	+	1743	stromal	method2b_glasso	1.0	0.0	0.0
chr1:2226209-2226709	ENSG00000157933	SKI	chr1	2226209	2226709	2227387	+	928	stromal	method2b_glasso	1.0	0.0	0.0
chr1:2226779-2227279	ENSG00000157933	SKI	chr1	2226779	2227279	2227387	+	358	stromal	method2b_glasso	1.0	0.0	0.0
chr1:2227523-2228023	ENSG00000157933	SKI	chr1	2227523	2228023	2227387	+	386	stromal	method2b_glasso	1.0	0.0	0.0
chr1:2228367-2228867	ENSG00000157933	SKI	chr1	2228367	2228867	2227387	+	1230	stromal	method2b_glasso	1.0	0.0	0.0
chr1:2229030-2229530	ENSG00000157933	SKI	chr1	2229030	2229530	2227387	+	1893	stromal	method2b_glasso	1.0	0.0	0.0
chr1:2390155-2390655	ENSG00000116151	MORN1	chr1	2390155	2390655	2391706	-	1301	stromal	method2b_glasso	1.0	0.0	0.0
chr1:2390155-2390655	ENSG00000157916	RER1	chr1	2390155	2390655	2391774	+	1369	stromal	method2b_glasso	1.0	0.0	0.0
chr1:2390926-2391426	ENSG00000116151	MORN1	chr1	2390926	2391426	2391706	-	530	stromal	method2b_glasso	1.0	0.0	0.0
chr1:2390926-2391426	ENSG00000157916	RER1	chr1	2390926	2391426	2391774	+	598	stromal	method2b_glasso	1.0	0.0	0.0
chr1:2391485-2391985	ENSG00000116151	MORN1	chr1	2391485	2391985	2391706	-	29	stromal	method2b_glasso	1.0	0.0	0.0
chr1:2391485-2391985	ENSG00000157916	RER1	chr1	2391485	2391985	2391774	+	39	stromal	method2b_glasso	1.0	0.0	0.0
chr1:2391987-2392487	ENSG00000116151	MORN1	chr1	2391987	2392487	2391706	-	531	stromal	method2b_glasso	1.0	0.0	0.0
chr1:2391987-2392487	ENSG00000157916	RER1	chr1	2391987	2392487	2391774	+	463	stromal	method2b_glasso	1.0	0.0	0.0
chr1:2392974-2393474	ENSG00000116151	MORN1	chr1	2392974	2393474	2391706	-	1518	stromal	method2b_glasso	1.0	0.0	0.0
chr1:2392974-2393474	ENSG00000157916	RER1	chr1	2392974	2393474	2391774	+	1450	stromal	method2b_glasso	1.0	0.0	0.0
chr1:2411595-2412095	ENSG00000157911	PEX10	chr1	2411595	2412095	2413796	-	1951	stromal	method2b_glasso	1.0	0.0	0.0
chr1:2412424-2412924	ENSG00000157911	PEX10	chr1	2412424	2412924	2413796	-	1122	stromal	method2b_glasso	1.0	0.0	0.0
chr1:2412968-2413468	ENSG00000157911	PEX10	chr1	2412968	2413468	2413796	-	578	stromal	method2b_glasso	1.0	0.0	0.0
chr1:2413650-2414150	ENSG00000157911	PEX10	chr1	2413650	2414150	2413796	-	104	stromal	method2b_glasso	1.0	0.0	0.0
chr1:2414299-2414799	ENSG00000157911	PEX10	chr1	2414299	2414799	2413796	-	753	stromal	method2b_glasso	1.0	0.0	0.0
chr1:2415297-2415797	ENSG00000157911	PEX10	chr1	2415297	2415797	2413796	-	1751	stromal	method2b_glasso	1.0	0.0	0.0
chr1:2524416-2524916	ENSG00000157881	PANK4	chr1	2524416	2524916	2526596	-	1930	stromal	method2b_glasso	1.0	0.0	0.0
chr1:2525469-2525969	ENSG00000157881	PANK4	chr1	2525469	2525969	2526596	-	877	stromal	method2b_glasso	1.0	0.0	0.0
chr1:2526053-2526553	ENSG00000157881	PANK4	chr1	2526053	2526553	2526596	-	293	stromal	method2b_glasso	1.0	0.0	0.0
chr1:2526598-2527098	ENSG00000157881	PANK4	chr1	2526598	2527098	2526596	-	252	stromal	method2b_glasso	1.0	0.0	0.0
chr1:2527200-2527700	ENSG00000157881	PANK4	chr1	2527200	2527700	2526596	-	854	stromal	method2b_glasso	1.0	0.0	0.0
chr1:2527929-2528429	ENSG00000157881	PANK4	chr1	2527929	2528429	2526596	-	1583	stromal	method2b_glasso	1.0	0.0	0.0
chr1:2527929-2528429	ENSG00000197921	HES5	chr1	2527929	2528429	2530262	-	2083	stromal	method2b_glasso	1.0	0.0	0.0
chr1:2528539-2529039	ENSG00000157881	PANK4	chr1	2528539	2529039	2526596	-	2193	stromal	method2b_glasso	1.0	0.0	0.0
chr1:2528539-2529039	ENSG00000197921	HES5	chr1	2528539	2529039	2530262	-	1473	stromal	method2b_glasso	1.0	0.0	0.0
chr1:2529257-2529757	ENSG00000197921	HES5	chr1	2529257	2529757	2530262	-	755	stromal	method2b_glasso	1.0	0.0	0.0
chr1:2530080-2530580	ENSG00000197921	HES5	chr1	2530080	2530580	2530262	-	68	stromal	method2b_glasso	1.0	0.0	0.0
chr1:2530703-2531203	ENSG00000197921	HES5	chr1	2530703	2531203	2530262	-	691	stromal	method2b_glasso	1.0	0.0	0.0
chr1:2532076-2532576	ENSG00000197921	HES5	chr1	2532076	2532576	2530262	-	2064	stromal	method2b_glasso	1.0	0.0	0.0
chr1:2554149-2554649	ENSG00000157873	TNFRSF14	chr1	2554149	2554649	2555638	+	1239	stromal	method2b_glasso	1.0	0.0	0.0
chr1:2554810-2555310	ENSG00000157873	TNFRSF14	chr1	2554810	2555310	2555638	+	578	stromal	method2b_glasso	1.0	0.0	0.0
chr1:2555690-2556190	ENSG00000157873	TNFRSF14	chr1	2555690	2556190	2555638	+	302	stromal	method2b_glasso	1.0	0.0	0.0
chr1:2556244-2556744	ENSG00000157873	TNFRSF14	chr1	2556244	2556744	2555638	+	856	stromal	method2b_glasso	1.0	0.0	0.0
chr1:2556772-2557272	ENSG00000157873	TNFRSF14	chr1	2556772	2557272	2555638	+	1384	stromal	method2b_glasso	1.0	0.0	0.0
chr1:2557360-2557860	ENSG00000157873	TNFRSF14	chr1	2557360	2557860	2555638	+	1972	stromal	method2b_glasso	1.0	0.0	0.0
chr1:2584140-2584640	ENSG00000157870	PRXL2B	chr1	2584140	2584640	2586490	+	2100	stromal	method2b_glasso	1.0	0.0	0.0
chr1:2584768-2585268	ENSG00000157870	PRXL2B	chr1	2584768	2585268	2586490	+	1472	stromal	method2b_glasso	1.0	0.0	0.0
chr1:2585366-2585866	ENSG00000157870	PRXL2B	chr1	2585366	2585866	2586490	+	874	stromal	method2b_glasso	1.0	0.0	0.0
chr1:2586170-2586670	ENSG00000157870	PRXL2B	chr1	2586170	2586670	2586490	+	70	stromal	method2b_glasso	1.0	0.0	0.0
chr1:2586795-2587295	ENSG00000157870	PRXL2B	chr1	2586795	2587295	2586490	+	555	stromal	method2b_glasso	1.0	0.0	0.0
chr1:2587692-2588192	ENSG00000157870	PRXL2B	chr1	2587692	2588192	2586490	+	1452	stromal	method2b_glasso	1.0	0.0	0.0
chr1:2633906-2634406	ENSG00000142606	MMEL1	chr1	2633906	2634406	2633015	-	1141	stromal	method2b_glasso	1.0	0.0	0.0
chr1:2801650-2802150	ENSG00000215912	TTC34	chr1	2801650	2802150	2801692	-	208	stromal	method2b_glasso	1.0	0.0	0.0
chr1:3066978-3067478	ENSG00000142611	PRDM16	chr1	3066978	3067478	3069167	+	1939	stromal	method2b_glasso	1.0	0.0	0.0
chr1:3067905-3068405	ENSG00000142611	PRDM16	chr1	3067905	3068405	3069167	+	1012	stromal	method2b_glasso	1.0	0.0	0.0
chr1:3068533-3069033	ENSG00000142611	PRDM16	chr1	3068533	3069033	3069167	+	384	stromal	method2b_glasso	1.0	0.0	0.0
chr1:3069333-3069833	ENSG00000142611	PRDM16	chr1	3069333	3069833	3069167	+	416	stromal	method2b_glasso	1.0	0.0	0.0
chr1:3069953-3070453	ENSG00000142611	PRDM16	chr1	3069953	3070453	3069167	+	1036	stromal	method2b_glasso	1.0	0.0	0.0
chr1:3070488-3070988	ENSG00000142611	PRDM16	chr1	3070488	3070988	3069167	+	1571	stromal	method2b_glasso	1.0	0.0	0.0
chr1:3453049-3453549	ENSG00000130762	ARHGEF16	chr1	3453049	3453549	3454664	+	1365	stromal	method2b_glasso	1.0	0.0	0.0
chr1:3454131-3454631	ENSG00000130762	ARHGEF16	chr1	3454131	3454631	3454664	+	283	stromal	method2b_glasso	1.0	0.0	0.0
chr1:3454811-3455311	ENSG00000130762	ARHGEF16	chr1	3454811	3455311	3454664	+	397	stromal	method2b_glasso	1.0	0.0	0.0
chr1:3455321-3455821	ENSG00000130762	ARHGEF16	chr1	3455321	3455821	3454664	+	907	stromal	method2b_glasso	1.0	0.0	0.0
chr1:3609812-3610312	ENSG00000162591	MEGF6	chr1	3609812	3610312	3611507	-	1445	stromal	method2b_glasso	1.0	0.0	0.0
chr1:3610453-3610953	ENSG00000162591	MEGF6	chr1	3610453	3610953	3611507	-	804	stromal	method2b_glasso	1.0	0.0	0.0
chr1:3611445-3611945	ENSG00000162591	MEGF6	chr1	3611445	3611945	3611507	-	188	stromal	method2b_glasso	1.0	0.0	0.0
chr1:3612137-3612637	ENSG00000162591	MEGF6	chr1	3612137	3612637	3611507	-	880	stromal	method2b_glasso	1.0	0.0	0.0
chr1:3623505-3624005	ENSG00000158109	TPRG1L	chr1	3623505	3624005	3625014	+	1259	stromal	method2b_glasso	1.0	0.0	0.0
chr1:3624085-3624585	ENSG00000158109	TPRG1L	chr1	3624085	3624585	3625014	+	679	stromal	method2b_glasso	1.0	0.0	0.0
chr1:3624685-3625185	ENSG00000158109	TPRG1L	chr1	3624685	3625185	3625014	+	79	stromal	method2b_glasso	1.0	0.0	0.0
chr1:3625460-3625960	ENSG00000158109	TPRG1L	chr1	3625460	3625960	3625014	+	696	stromal	method2b_glasso	1.0	0.0	0.0
chr1:3650855-3651355	ENSG00000078900	TP73	chr1	3650855	3651355	3652515	+	1410	stromal	method2b_glasso	1.0	0.0	0.0
chr1:3650855-3651355	ENSG00000116213	WRAP73	chr1	3650855	3651355	3652760	-	1655	stromal	method2b_glasso	1.0	0.0	0.0
chr1:3651471-3651971	ENSG00000078900	TP73	chr1	3651471	3651971	3652515	+	794	stromal	method2b_glasso	1.0	0.0	0.0
chr1:3651471-3651971	ENSG00000116213	WRAP73	chr1	3651471	3651971	3652760	-	1039	stromal	method2b_glasso	1.0	0.0	0.0
chr1:3652032-3652532	ENSG00000078900	TP73	chr1	3652032	3652532	3652515	+	233	stromal	method2b_glasso	1.0	0.0	0.0
chr1:3652032-3652532	ENSG00000116213	WRAP73	chr1	3652032	3652532	3652760	-	478	stromal	method2b_glasso	1.0	0.0	0.0
chr1:3652587-3653087	ENSG00000078900	TP73	chr1	3652587	3653087	3652515	+	322	stromal	method2b_glasso	1.0	0.0	0.0
chr1:3652587-3653087	ENSG00000116213	WRAP73	chr1	3652587	3653087	3652760	-	77	stromal	method2b_glasso	1.0	0.0	0.0
chr1:3653179-3653679	ENSG00000078900	TP73	chr1	3653179	3653679	3652515	+	914	stromal	method2b_glasso	1.0	0.0	0.0
chr1:3653179-3653679	ENSG00000116213	WRAP73	chr1	3653179	3653679	3652760	-	669	stromal	method2b_glasso	1.0	0.0	0.0
chr1:3745691-3746191	ENSG00000162592	CCDC27	chr1	3745691	3746191	3746459	+	518	stromal	method2b_glasso	1.0	0.0	0.0
chr1:3746605-3747105	ENSG00000162592	CCDC27	chr1	3746605	3747105	3746459	+	396	stromal	method2b_glasso	1.0	0.0	0.0
chr1:3747142-3747642	ENSG00000162592	CCDC27	chr1	3747142	3747642	3746459	+	933	stromal	method2b_glasso	1.0	0.0	0.0
chr1:3771560-3772060	ENSG00000235169	SMIM1	chr1	3771560	3772060	3772748	+	938	stromal	method2b_glasso	1.0	0.0	0.0
chr1:3772286-3772786	ENSG00000235169	SMIM1	chr1	3772286	3772786	3772748	+	212	stromal	method2b_glasso	1.0	0.0	0.0
chr1:3773180-3773680	ENSG00000235169	SMIM1	chr1	3773180	3773680	3772748	+	682	stromal	method2b_glasso	1.0	0.0	0.0
chr1:3773858-3774358	ENSG00000235169	SMIM1	chr1	3773858	3774358	3772748	+	1360	stromal	method2b_glasso	1.0	0.0	0.0
chr1:3774482-3774982	ENSG00000235169	SMIM1	chr1	3774482	3774982	3772748	+	1984	stromal	method2b_glasso	1.0	0.0	0.0
chr1:3795460-3795960	ENSG00000130764	LRRC47	chr1	3795460	3795960	3796497	-	787	stromal	method2b_glasso	1.0	0.0	0.0
chr1:3796289-3796789	ENSG00000130764	LRRC47	chr1	3796289	3796789	3796497	-	42	stromal	method2b_glasso	1.0	0.0	0.0
chr1:3856442-3856942	ENSG00000116198	CEP104	chr1	3856442	3856942	3857395	-	703	stromal	method2b_glasso	1.0	0.0	0.0
chr1:3856442-3856942	ENSG00000169598	DFFB	chr1	3856442	3856942	3857266	+	574	stromal	method2b_glasso	1.0	0.0	0.0
chr1:3856992-3857492	ENSG00000116198	CEP104	chr1	3856992	3857492	3857395	-	153	stromal	method2b_glasso	1.0	0.0	0.0
chr1:3856992-3857492	ENSG00000169598	DFFB	chr1	3856992	3857492	3857266	+	24	stromal	method2b_glasso	1.0	0.0	0.0
chr1:3857658-3858158	ENSG00000116198	CEP104	chr1	3857658	3858158	3857395	-	513	stromal	method2b_glasso	1.0	0.0	0.0
chr1:3857658-3858158	ENSG00000169598	DFFB	chr1	3857658	3858158	3857266	+	642	stromal	method2b_glasso	1.0	0.0	0.0
chr1:3858179-3858679	ENSG00000116198	CEP104	chr1	3858179	3858679	3857395	-	1034	stromal	method2b_glasso	1.0	0.0	0.0
chr1:3858179-3858679	ENSG00000169598	DFFB	chr1	3858179	3858679	3857266	+	1163	stromal	method2b_glasso	1.0	0.0	0.0
chr1:3899569-3900069	ENSG00000198912	C1orf174	chr1	3899569	3900069	3900292	-	473	stromal	method2b_glasso	1.0	0.0	0.0
chr1:3900079-3900579	ENSG00000198912	C1orf174	chr1	3900079	3900579	3900292	-	37	stromal	method2b_glasso	1.0	0.0	0.0
chr1:3900586-3901086	ENSG00000198912	C1orf174	chr1	3900586	3901086	3900292	-	544	stromal	method2b_glasso	1.0	0.0	0.0
chr1:3901166-3901666	ENSG00000198912	C1orf174	chr1	3901166	3901666	3900292	-	1124	stromal	method2b_glasso	1.0	0.0	0.0
chr1:3901796-3902296	ENSG00000198912	C1orf174	chr1	3901796	3902296	3900292	-	1754	stromal	method2b_glasso	1.0	0.0	0.0
chr1:4652473-4652973	ENSG00000196581	AJAP1	chr1	4652473	4652973	4654608	+	1885	stromal	method2b_glasso	1.0	0.0	0.0
chr1:4653428-4653928	ENSG00000196581	AJAP1	chr1	4653428	4653928	4654608	+	930	stromal	method2b_glasso	1.0	0.0	0.0
chr1:4654337-4654837	ENSG00000196581	AJAP1	chr1	4654337	4654837	4654608	+	21	stromal	method2b_glasso	1.0	0.0	0.0
chr1:4655071-4655571	ENSG00000196581	AJAP1	chr1	4655071	4655571	4654608	+	713	stromal	method2b_glasso	1.0	0.0	0.0
chr1:4655616-4656116	ENSG00000196581	AJAP1	chr1	4655616	4656116	4654608	+	1258	stromal	method2b_glasso	1.0	0.0	0.0
chr1:4656222-4656722	ENSG00000196581	AJAP1	chr1	4656222	4656722	4654608	+	1864	stromal	method2b_glasso	1.0	0.0	0.0
chr1:4657998-4658498	ENSG00000196581	AJAP1	chr1	4657998	4658498	4654608	+	3640	stromal	method2b_glasso	0.1576995700597763	6.583031103742087e-13	9.834708741829346e-11
chr1:4668858-4669358	ENSG00000196581	AJAP1	chr1	4668858	4669358	4654608	+	14500	stromal	method2b_glasso	0.09424711018800735	1.2127462468924932e-05	0.000652155140414834
chr1:4673329-4673829	ENSG00000196581	AJAP1	chr1	4673329	4673829	4654608	+	18971	stromal	method2b_glasso	0.07587428390979767	0.0003419220738578588	0.012912146747112274
chr1:4676254-4676754	ENSG00000196581	AJAP1	chr1	4676254	4676754	4654608	+	21896	stromal	method2b_glasso	0.0756269171833992	0.00035605684388428926	0.013382097706198692
chr1:4710861-4711361	ENSG00000196581	AJAP1	chr1	4710861	4711361	4654608	+	56503	stromal	method2b_glasso	0.08174681663513184	0.00012627043179236352	0.005350892432034016
chr1:4729734-4730234	ENSG00000196581	AJAP1	chr1	4729734	4730234	4654608	+	75376	stromal	method2b_glasso	0.08145194500684738	0.00013295735698193312	0.005603927653282881
chr1:4736207-4736707	ENSG00000196581	AJAP1	chr1	4736207	4736707	4654608	+	81849	stromal	method2b_glasso	0.0710548534989357	0.0007371314568445086	0.025244859978556633
chr1:5989767-5990267	ENSG00000069424	KCNAB2	chr1	5989767	5990267	5990926	+	909	stromal	method2b_glasso	1.0	0.0	0.0
chr1:5989767-5990267	ENSG00000131697	NPHP4	chr1	5989767	5990267	5992472	-	2455	stromal	method2b_glasso	0.10126132518053055	2.8478737021941924e-06	0.00017427031707484275
chr1:5991141-5991641	ENSG00000069424	KCNAB2	chr1	5991141	5991641	5990926	+	465	stromal	method2b_glasso	1.0	0.0	0.0
chr1:5991141-5991641	ENSG00000131697	NPHP4	chr1	5991141	5991641	5992472	-	1081	stromal	method2b_glasso	1.0	0.0	0.0
chr1:5991765-5992265	ENSG00000069424	KCNAB2	chr1	5991765	5992265	5990926	+	1089	stromal	method2b_glasso	1.0	0.0	0.0
chr1:5991765-5992265	ENSG00000131697	NPHP4	chr1	5991765	5992265	5992472	-	457	stromal	method2b_glasso	1.0	0.0	0.0
chr1:5992330-5992830	ENSG00000069424	KCNAB2	chr1	5992330	5992830	5990926	+	1654	stromal	method2b_glasso	1.0	0.0	0.0
chr1:5992330-5992830	ENSG00000131697	NPHP4	chr1	5992330	5992830	5992472	-	108	stromal	method2b_glasso	1.0	0.0	0.0
chr1:5992965-5993465	ENSG00000069424	KCNAB2	chr1	5992965	5993465	5990926	+	2289	stromal	method2b_glasso	0.13961286842823029	1.799379117928268e-10	2.0608935002996986e-08
chr1:5992965-5993465	ENSG00000131697	NPHP4	chr1	5992965	5993465	5992472	-	743	stromal	method2b_glasso	1.0	0.0	0.0
chr1:5994604-5995104	ENSG00000069424	KCNAB2	chr1	5994604	5995104	5990926	+	3928	stromal	method2b_glasso	0.08496911078691483	7.10626773070544e-05	0.003209691261872649
chr1:5994604-5995104	ENSG00000131697	NPHP4	chr1	5994604	5995104	5992472	-	2382	stromal	method2b_glasso	0.08496911078691483	7.10626773070544e-05	0.003209691261872649
chr1:5995650-5996150	ENSG00000069424	KCNAB2	chr1	5995650	5996150	5990926	+	4974	stromal	method2b_glasso	0.0727657899260521	0.0005640382296405733	0.019997097551822662
chr1:5995650-5996150	ENSG00000131697	NPHP4	chr1	5995650	5996150	5992472	-	3428	stromal	method2b_glasso	0.0727657899260521	0.0005640382296405733	0.019997097551822662
chr1:6002170-6002670	ENSG00000069424	KCNAB2	chr1	6002170	6002670	5990926	+	11494	stromal	method2b_glasso	0.07708272337913513	0.0002800616202875972	0.010838057845830917
chr1:6002170-6002670	ENSG00000131697	NPHP4	chr1	6002170	6002670	5992472	-	9948	stromal	method2b_glasso	0.07708272337913513	0.0002800616202875972	0.010838057845830917
chr1:6178852-6179352	ENSG00000116254	CHD5	chr1	6178852	6179352	6180320	-	1218	stromal	method2b_glasso	1.0	0.0	0.0
chr1:6179657-6180157	ENSG00000116254	CHD5	chr1	6179657	6180157	6180320	-	413	stromal	method2b_glasso	1.0	0.0	0.0
chr1:6180275-6180775	ENSG00000116254	CHD5	chr1	6180275	6180775	6180320	-	205	stromal	method2b_glasso	1.0	0.0	0.0
chr1:6180781-6181281	ENSG00000116254	CHD5	chr1	6180781	6181281	6180320	-	711	stromal	method2b_glasso	1.0	0.0	0.0
chr1:6181285-6181785	ENSG00000116254	CHD5	chr1	6181285	6181785	6180320	-	1215	stromal	method2b_glasso	1.0	0.0	0.0
chr1:6198930-6199430	ENSG00000285629	ENSG00000285629	chr1	6198930	6199430	6197756	-	1424	stromal	method2b_glasso	1.0	0.0	0.0
chr1:6199452-6199952	ENSG00000285629	ENSG00000285629	chr1	6199452	6199952	6197756	-	1946	stromal	method2b_glasso	1.0	0.0	0.0
chr1:6204504-6205004	ENSG00000158286	RNF207	chr1	6204504	6205004	6205474	+	720	stromal	method2b_glasso	1.0	0.0	0.0
chr1:6205108-6205608	ENSG00000158286	RNF207	chr1	6205108	6205608	6205474	+	116	stromal	method2b_glasso	1.0	0.0	0.0
chr1:6205799-6206299	ENSG00000158286	RNF207	chr1	6205799	6206299	6205474	+	575	stromal	method2b_glasso	1.0	0.0	0.0
chr1:6206362-6206862	ENSG00000158286	RNF207	chr1	6206362	6206862	6205474	+	1138	stromal	method2b_glasso	1.0	0.0	0.0
chr1:6207247-6207747	ENSG00000116251	RPL22	chr1	6207247	6207747	6209388	-	1891	stromal	method2b_glasso	1.0	0.0	0.0
chr1:6207247-6207747	ENSG00000158286	RNF207	chr1	6207247	6207747	6205474	+	2023	stromal	method2b_glasso	1.0	0.0	0.0
chr1:6208029-6208529	ENSG00000116251	RPL22	chr1	6208029	6208529	6209388	-	1109	stromal	method2b_glasso	1.0	0.0	0.0
chr1:6208595-6209095	ENSG00000116251	RPL22	chr1	6208595	6209095	6209388	-	543	stromal	method2b_glasso	1.0	0.0	0.0
chr1:6209117-6209617	ENSG00000116251	RPL22	chr1	6209117	6209617	6209388	-	21	stromal	method2b_glasso	1.0	0.0	0.0
chr1:6209667-6210167	ENSG00000116251	RPL22	chr1	6209667	6210167	6209388	-	529	stromal	method2b_glasso	1.0	0.0	0.0
chr1:6234495-6234995	ENSG00000116237	ICMT	chr1	6234495	6234995	6235971	-	1226	stromal	method2b_glasso	1.0	0.0	0.0
chr1:6235163-6235663	ENSG00000116237	ICMT	chr1	6235163	6235663	6235971	-	558	stromal	method2b_glasso	1.0	0.0	0.0
chr1:6235761-6236261	ENSG00000116237	ICMT	chr1	6235761	6236261	6235971	-	40	stromal	method2b_glasso	1.0	0.0	0.0
chr1:6236281-6236781	ENSG00000116237	ICMT	chr1	6236281	6236781	6235971	-	560	stromal	method2b_glasso	1.0	0.0	0.0
chr1:6236997-6237497	ENSG00000116237	ICMT	chr1	6236997	6237497	6235971	-	1276	stromal	method2b_glasso	1.0	0.0	0.0
chr1:6242155-6242655	ENSG00000173673	HES3	chr1	6242155	6242655	6244178	+	1773	stromal	method2b_glasso	1.0	0.0	0.0
chr1:6244962-6245462	ENSG00000173673	HES3	chr1	6244962	6245462	6244178	+	1034	stromal	method2b_glasso	1.0	0.0	0.0
chr1:6245748-6246248	ENSG00000173673	HES3	chr1	6245748	6246248	6244178	+	1820	stromal	method2b_glasso	1.0	0.0	0.0
chr1:6259327-6259827	ENSG00000158292	GPR153	chr1	6259327	6259827	6261097	-	1520	stromal	method2b_glasso	1.0	0.0	0.0
chr1:6259912-6260412	ENSG00000158292	GPR153	chr1	6259912	6260412	6261097	-	935	stromal	method2b_glasso	1.0	0.0	0.0
chr1:6260881-6261381	ENSG00000158292	GPR153	chr1	6260881	6261381	6261097	-	34	stromal	method2b_glasso	1.0	0.0	0.0
chr1:6261499-6261999	ENSG00000158292	GPR153	chr1	6261499	6261999	6261097	-	652	stromal	method2b_glasso	1.0	0.0	0.0
chr1:6262253-6262753	ENSG00000158292	GPR153	chr1	6262253	6262753	6261097	-	1406	stromal	method2b_glasso	1.0	0.0	0.0
chr1:6263011-6263511	ENSG00000158292	GPR153	chr1	6263011	6263511	6261097	-	2164	stromal	method2b_glasso	1.0	0.0	0.0
chr1:6392980-6393480	ENSG00000097021	ACOT7	chr1	6392980	6393480	6393766	-	536	stromal	method2b_glasso	1.0	0.0	0.0
chr1:6393555-6394055	ENSG00000097021	ACOT7	chr1	6393555	6394055	6393766	-	39	stromal	method2b_glasso	1.0	0.0	0.0
chr1:6394619-6395119	ENSG00000097021	ACOT7	chr1	6394619	6395119	6393766	-	1103	stromal	method2b_glasso	1.0	0.0	0.0
chr1:6423177-6423677	ENSG00000069812	HES2	chr1	6423177	6423677	6424669	-	1242	stromal	method2b_glasso	1.0	0.0	0.0
chr1:6423177-6423677	ENSG00000187017	ESPN	chr1	6423177	6423677	6424775	+	1348	stromal	method2b_glasso	1.0	0.0	0.0
chr1:6423719-6424219	ENSG00000069812	HES2	chr1	6423719	6424219	6424669	-	700	stromal	method2b_glasso	1.0	0.0	0.0
chr1:6423719-6424219	ENSG00000187017	ESPN	chr1	6423719	6424219	6424775	+	806	stromal	method2b_glasso	1.0	0.0	0.0
chr1:6424520-6425020	ENSG00000069812	HES2	chr1	6424520	6425020	6424669	-	101	stromal	method2b_glasso	1.0	0.0	0.0
chr1:6424520-6425020	ENSG00000187017	ESPN	chr1	6424520	6425020	6424775	+	5	stromal	method2b_glasso	1.0	0.0	0.0
chr1:6425068-6425568	ENSG00000069812	HES2	chr1	6425068	6425568	6424669	-	649	stromal	method2b_glasso	1.0	0.0	0.0
chr1:6425068-6425568	ENSG00000187017	ESPN	chr1	6425068	6425568	6424775	+	543	stromal	method2b_glasso	1.0	0.0	0.0
chr1:6465313-6465813	ENSG00000215788	TNFRSF25	chr1	6465313	6465813	6466174	-	611	stromal	method2b_glasso	1.0	0.0	0.0
chr1:6466055-6466555	ENSG00000215788	TNFRSF25	chr1	6466055	6466555	6466174	-	131	stromal	method2b_glasso	1.0	0.0	0.0
chr1:6467713-6468213	ENSG00000215788	TNFRSF25	chr1	6467713	6468213	6466174	-	1789	stromal	method2b_glasso	1.0	0.0	0.0
chr1:6519943-6520443	ENSG00000171680	PLEKHG5	chr1	6519943	6520443	6520073	-	120	stromal	method2b_glasso	1.0	0.0	0.0
chr1:6553803-6554303	ENSG00000162408	NOL9	chr1	6553803	6554303	6554512	-	459	stromal	method2b_glasso	1.0	0.0	0.0
chr1:6553803-6554303	ENSG00000173662	TAS1R1	chr1	6553803	6554303	6555306	+	1253	stromal	method2b_glasso	1.0	0.0	0.0
chr1:6554326-6554826	ENSG00000162408	NOL9	chr1	6554326	6554826	6554512	-	64	stromal	method2b_glasso	1.0	0.0	0.0
chr1:6554326-6554826	ENSG00000173662	TAS1R1	chr1	6554326	6554826	6555306	+	730	stromal	method2b_glasso	1.0	0.0	0.0
chr1:6555134-6555634	ENSG00000162408	NOL9	chr1	6555134	6555634	6554512	-	872	stromal	method2b_glasso	1.0	0.0	0.0
chr1:6555134-6555634	ENSG00000173662	TAS1R1	chr1	6555134	6555634	6555306	+	78	stromal	method2b_glasso	1.0	0.0	0.0
chr1:6556599-6557099	ENSG00000173662	TAS1R1	chr1	6556599	6557099	6555306	+	1543	stromal	method2b_glasso	1.0	0.0	0.0
chr1:6577766-6578266	ENSG00000204859	ZBTB48	chr1	6577766	6578266	6579993	+	1977	stromal	method2b_glasso	1.0	0.0	0.0
chr1:6578282-6578782	ENSG00000204859	ZBTB48	chr1	6578282	6578782	6579993	+	1461	stromal	method2b_glasso	1.0	0.0	0.0
chr1:6579064-6579564	ENSG00000204859	ZBTB48	chr1	6579064	6579564	6579993	+	679	stromal	method2b_glasso	1.0	0.0	0.0
chr1:6579659-6580159	ENSG00000204859	ZBTB48	chr1	6579659	6580159	6579993	+	84	stromal	method2b_glasso	1.0	0.0	0.0
chr1:6580261-6580761	ENSG00000204859	ZBTB48	chr1	6580261	6580761	6579993	+	518	stromal	method2b_glasso	1.0	0.0	0.0
chr1:6580950-6581450	ENSG00000204859	ZBTB48	chr1	6580950	6581450	6579993	+	1207	stromal	method2b_glasso	1.0	0.0	0.0
chr1:6611247-6611747	ENSG00000116273	PHF13	chr1	6611247	6611747	6613730	+	2233	stromal	method2b_glasso	1.0	0.0	0.0
chr1:6612566-6613066	ENSG00000116273	PHF13	chr1	6612566	6613066	6613730	+	914	stromal	method2b_glasso	1.0	0.0	0.0
chr1:6612566-6613066	ENSG00000162413	KLHL21	chr1	6612566	6613066	6614606	-	1790	stromal	method2b_glasso	1.0	0.0	0.0
chr1:6613277-6613777	ENSG00000116273	PHF13	chr1	6613277	6613777	6613730	+	203	stromal	method2b_glasso	1.0	0.0	0.0
chr1:6613277-6613777	ENSG00000162413	KLHL21	chr1	6613277	6613777	6614606	-	1079	stromal	method2b_glasso	1.0	0.0	0.0
chr1:6614021-6614521	ENSG00000116273	PHF13	chr1	6614021	6614521	6613730	+	541	stromal	method2b_glasso	1.0	0.0	0.0
chr1:6614021-6614521	ENSG00000162413	KLHL21	chr1	6614021	6614521	6614606	-	335	stromal	method2b_glasso	1.0	0.0	0.0
chr1:6614532-6615032	ENSG00000116273	PHF13	chr1	6614532	6615032	6613730	+	1052	stromal	method2b_glasso	1.0	0.0	0.0
chr1:6614532-6615032	ENSG00000162413	KLHL21	chr1	6614532	6615032	6614606	-	176	stromal	method2b_glasso	1.0	0.0	0.0
chr1:6615082-6615582	ENSG00000116273	PHF13	chr1	6615082	6615582	6613730	+	1602	stromal	method2b_glasso	1.0	0.0	0.0
chr1:6615082-6615582	ENSG00000162413	KLHL21	chr1	6615082	6615582	6614606	-	726	stromal	method2b_glasso	1.0	0.0	0.0
chr1:6615673-6616173	ENSG00000116273	PHF13	chr1	6615673	6616173	6613730	+	2193	stromal	method2b_glasso	1.0	0.0	0.0
chr1:6615673-6616173	ENSG00000162413	KLHL21	chr1	6615673	6616173	6614606	-	1317	stromal	method2b_glasso	1.0	0.0	0.0
chr1:6616569-6617069	ENSG00000162413	KLHL21	chr1	6616569	6617069	6614606	-	2213	stromal	method2b_glasso	1.0	0.0	0.0
chr1:6623571-6624071	ENSG00000041988	THAP3	chr1	6623571	6624071	6624867	+	1046	stromal	method2b_glasso	1.0	0.0	0.0
chr1:6624358-6624858	ENSG00000041988	THAP3	chr1	6624358	6624858	6624867	+	259	stromal	method2b_glasso	1.0	0.0	0.0
chr1:6624917-6625417	ENSG00000041988	THAP3	chr1	6624917	6625417	6624867	+	300	stromal	method2b_glasso	1.0	0.0	0.0
chr1:6625555-6626055	ENSG00000041988	THAP3	chr1	6625555	6626055	6624867	+	938	stromal	method2b_glasso	1.0	0.0	0.0
chr1:6626108-6626608	ENSG00000041988	THAP3	chr1	6626108	6626608	6624867	+	1491	stromal	method2b_glasso	1.0	0.0	0.0
chr1:6701072-6701572	ENSG00000007923	DNAJC11	chr1	6701072	6701572	6701923	-	601	stromal	method2b_glasso	1.0	0.0	0.0
chr1:6701659-6702159	ENSG00000007923	DNAJC11	chr1	6701659	6702159	6701923	-	14	stromal	method2b_glasso	1.0	0.0	0.0
chr1:6702959-6703459	ENSG00000007923	DNAJC11	chr1	6702959	6703459	6701923	-	1286	stromal	method2b_glasso	1.0	0.0	0.0
chr1:6784057-6784557	ENSG00000171735	CAMTA1	chr1	6784057	6784557	6785453	+	1146	stromal	method2b_glasso	1.0	0.0	0.0
chr1:6784804-6785304	ENSG00000171735	CAMTA1	chr1	6784804	6785304	6785453	+	399	stromal	method2b_glasso	1.0	0.0	0.0
chr1:6785623-6786123	ENSG00000171735	CAMTA1	chr1	6785623	6786123	6785453	+	420	stromal	method2b_glasso	1.0	0.0	0.0
chr1:6786336-6786836	ENSG00000171735	CAMTA1	chr1	6786336	6786836	6785453	+	1133	stromal	method2b_glasso	1.0	0.0	0.0
chr1:7770472-7770972	ENSG00000049245	VAMP3	chr1	7770472	7770972	7771295	+	573	stromal	method2b_glasso	1.0	0.0	0.0
chr1:7770989-7771489	ENSG00000049245	VAMP3	chr1	7770989	7771489	7771295	+	56	stromal	method2b_glasso	1.0	0.0	0.0
chr1:7771611-7772111	ENSG00000049245	VAMP3	chr1	7771611	7772111	7771295	+	566	stromal	method2b_glasso	1.0	0.0	0.0
chr1:7782170-7782670	ENSG00000049246	PER3	chr1	7782170	7782670	7784290	+	1870	stromal	method2b_glasso	1.0	0.0	0.0
chr1:7783019-7783519	ENSG00000049246	PER3	chr1	7783019	7783519	7784290	+	1021	stromal	method2b_glasso	1.0	0.0	0.0
chr1:7783717-7784217	ENSG00000049246	PER3	chr1	7783717	7784217	7784290	+	323	stromal	method2b_glasso	1.0	0.0	0.0
chr1:7784273-7784773	ENSG00000049246	PER3	chr1	7784273	7784773	7784290	+	233	stromal	method2b_glasso	1.0	0.0	0.0
chr1:7785135-7785635	ENSG00000049246	PER3	chr1	7785135	7785635	7784290	+	1095	stromal	method2b_glasso	1.0	0.0	0.0
chr1:7853510-7854010	ENSG00000049247	UTS2	chr1	7853510	7854010	7853511	-	249	stromal	method2b_glasso	1.0	0.0	0.0
chr1:7941438-7941938	ENSG00000049249	TNFRSF9	chr1	7941438	7941938	7943164	-	1476	stromal	method2b_glasso	1.0	0.0	0.0
chr1:7942240-7942740	ENSG00000049249	TNFRSF9	chr1	7942240	7942740	7943164	-	674	stromal	method2b_glasso	1.0	0.0	0.0
chr1:7942766-7943266	ENSG00000049249	TNFRSF9	chr1	7942766	7943266	7943164	-	148	stromal	method2b_glasso	1.0	0.0	0.0
chr1:7945158-7945658	ENSG00000049249	TNFRSF9	chr1	7945158	7945658	7943164	-	2244	stromal	method2b_glasso	1.0	0.0	0.0
chr1:7954038-7954538	ENSG00000116288	PARK7	chr1	7954038	7954538	7954290	+	2	stromal	method2b_glasso	1.0	0.0	0.0
chr1:7954840-7955340	ENSG00000116288	PARK7	chr1	7954840	7955340	7954290	+	800	stromal	method2b_glasso	1.0	0.0	0.0
chr1:8025006-8025506	ENSG00000116285	ERRFI1	chr1	8025006	8025506	8026308	-	1052	stromal	method2b_glasso	1.0	0.0	0.0
chr1:8025590-8026090	ENSG00000116285	ERRFI1	chr1	8025590	8026090	8026308	-	468	stromal	method2b_glasso	1.0	0.0	0.0
chr1:8026138-8026638	ENSG00000116285	ERRFI1	chr1	8026138	8026638	8026308	-	80	stromal	method2b_glasso	1.0	0.0	0.0
chr1:8027089-8027589	ENSG00000116285	ERRFI1	chr1	8027089	8027589	8026308	-	1031	stromal	method2b_glasso	1.0	0.0	0.0
chr1:8027873-8028373	ENSG00000116285	ERRFI1	chr1	8027873	8028373	8026308	-	1815	stromal	method2b_glasso	1.0	0.0	0.0
chr1:8316169-8316669	ENSG00000162426	SLC45A1	chr1	8316169	8316669	8318113	+	1694	stromal	method2b_glasso	1.0	0.0	0.0
chr1:8316921-8317421	ENSG00000162426	SLC45A1	chr1	8316921	8317421	8318113	+	942	stromal	method2b_glasso	1.0	0.0	0.0
chr1:8317816-8318316	ENSG00000162426	SLC45A1	chr1	8317816	8318316	8318113	+	47	stromal	method2b_glasso	1.0	0.0	0.0
chr1:8318407-8318907	ENSG00000162426	SLC45A1	chr1	8318407	8318907	8318113	+	544	stromal	method2b_glasso	1.0	0.0	0.0
chr1:8847978-8848478	ENSG00000142599	RERE	chr1	8847978	8848478	8848920	-	692	stromal	method2b_glasso	1.0	0.0	0.0
chr1:8848752-8849252	ENSG00000142599	RERE	chr1	8848752	8849252	8848920	-	82	stromal	method2b_glasso	1.0	0.0	0.0
chr1:8849275-8849775	ENSG00000142599	RERE	chr1	8849275	8849775	8848920	-	605	stromal	method2b_glasso	1.0	0.0	0.0
chr1:8876743-8877243	ENSG00000074800	ENO1	chr1	8876743	8877243	8879189	-	2196	stromal	method2b_glasso	1.0	0.0	0.0
chr1:8877293-8877793	ENSG00000074800	ENO1	chr1	8877293	8877793	8879189	-	1646	stromal	method2b_glasso	1.0	0.0	0.0
chr1:8877844-8878344	ENSG00000074800	ENO1	chr1	8877844	8878344	8879189	-	1095	stromal	method2b_glasso	1.0	0.0	0.0
chr1:8878524-8879024	ENSG00000074800	ENO1	chr1	8878524	8879024	8879189	-	415	stromal	method2b_glasso	1.0	0.0	0.0
chr1:8879032-8879532	ENSG00000074800	ENO1	chr1	8879032	8879532	8879189	-	93	stromal	method2b_glasso	1.0	0.0	0.0
chr1:8879960-8880460	ENSG00000074800	ENO1	chr1	8879960	8880460	8879189	-	1021	stromal	method2b_glasso	1.0	0.0	0.0
chr1:8880605-8881105	ENSG00000074800	ENO1	chr1	8880605	8881105	8879189	-	1666	stromal	method2b_glasso	1.0	0.0	0.0
chr1:8943394-8943894	ENSG00000131686	CA6	chr1	8943394	8943894	8945866	+	2222	stromal	method2b_glasso	1.0	0.0	0.0
chr1:8947105-8947605	ENSG00000131686	CA6	chr1	8947105	8947605	8945866	+	1489	stromal	method2b_glasso	1.0	0.0	0.0
chr1:9086051-9086551	ENSG00000142583	SLC2A5	chr1	9086051	9086551	9088477	-	2176	stromal	method2b_glasso	1.0	0.0	0.0
chr1:9127621-9128121	ENSG00000180758	GPR157	chr1	9127621	9128121	9129101	-	1230	stromal	method2b_glasso	1.0	0.0	0.0
chr1:9128470-9128970	ENSG00000180758	GPR157	chr1	9128470	9128970	9129101	-	381	stromal	method2b_glasso	1.0	0.0	0.0
chr1:9129001-9129501	ENSG00000180758	GPR157	chr1	9129001	9129501	9129101	-	150	stromal	method2b_glasso	1.0	0.0	0.0
chr1:9130052-9130552	ENSG00000180758	GPR157	chr1	9130052	9130552	9129101	-	1201	stromal	method2b_glasso	1.0	0.0	0.0
chr1:9232698-9233198	ENSG00000049239	H6PD	chr1	9232698	9233198	9234773	+	1825	stromal	method2b_glasso	1.0	0.0	0.0
chr1:9233255-9233755	ENSG00000049239	H6PD	chr1	9233255	9233755	9234773	+	1268	stromal	method2b_glasso	1.0	0.0	0.0
chr1:9233851-9234351	ENSG00000049239	H6PD	chr1	9233851	9234351	9234773	+	672	stromal	method2b_glasso	1.0	0.0	0.0
chr1:9234396-9234896	ENSG00000049239	H6PD	chr1	9234396	9234896	9234773	+	127	stromal	method2b_glasso	1.0	0.0	0.0
chr1:9234996-9235496	ENSG00000049239	H6PD	chr1	9234996	9235496	9234773	+	473	stromal	method2b_glasso	1.0	0.0	0.0
chr1:9235558-9236058	ENSG00000049239	H6PD	chr1	9235558	9236058	9234773	+	1035	stromal	method2b_glasso	1.0	0.0	0.0
chr1:9290863-9291363	ENSG00000171621	SPSB1	chr1	9290863	9291363	9292893	+	1780	stromal	method2b_glasso	1.0	0.0	0.0
chr1:9291785-9292285	ENSG00000171621	SPSB1	chr1	9291785	9292285	9292893	+	858	stromal	method2b_glasso	1.0	0.0	0.0
chr1:9292558-9293058	ENSG00000171621	SPSB1	chr1	9292558	9293058	9292893	+	85	stromal	method2b_glasso	1.0	0.0	0.0
chr1:9293524-9294024	ENSG00000171621	SPSB1	chr1	9293524	9294024	9292893	+	881	stromal	method2b_glasso	1.0	0.0	0.0
chr1:9294432-9294932	ENSG00000171621	SPSB1	chr1	9294432	9294932	9292893	+	1789	stromal	method2b_glasso	1.0	0.0	0.0
chr1:9538044-9538544	ENSG00000171612	SLC25A33	chr1	9538044	9538544	9539464	+	1170	stromal	method2b_glasso	1.0	0.0	0.0
chr1:9539156-9539656	ENSG00000171612	SLC25A33	chr1	9539156	9539656	9539464	+	58	stromal	method2b_glasso	1.0	0.0	0.0
chr1:9539826-9540326	ENSG00000171612	SLC25A33	chr1	9539826	9540326	9539464	+	612	stromal	method2b_glasso	1.0	0.0	0.0
chr1:9540476-9540976	ENSG00000171612	SLC25A33	chr1	9540476	9540976	9539464	+	1262	stromal	method2b_glasso	1.0	0.0	0.0
chr1:9587461-9587961	ENSG00000188807	TMEM201	chr1	9587461	9587961	9588910	+	1199	stromal	method2b_glasso	1.0	0.0	0.0
chr1:9588464-9588964	ENSG00000188807	TMEM201	chr1	9588464	9588964	9588910	+	196	stromal	method2b_glasso	1.0	0.0	0.0
chr1:9589117-9589617	ENSG00000188807	TMEM201	chr1	9589117	9589617	9588910	+	457	stromal	method2b_glasso	1.0	0.0	0.0
chr1:9589639-9590139	ENSG00000188807	TMEM201	chr1	9589639	9590139	9588910	+	979	stromal	method2b_glasso	1.0	0.0	0.0
chr1:9590659-9591159	ENSG00000188807	TMEM201	chr1	9590659	9591159	9588910	+	1999	stromal	method2b_glasso	1.0	0.0	0.0
chr1:9628490-9628990	ENSG00000171608	PIK3CD	chr1	9628490	9628990	9629888	+	1148	stromal	method2b_glasso	1.0	0.0	0.0
chr1:9629556-9630056	ENSG00000171608	PIK3CD	chr1	9629556	9630056	9629888	+	82	stromal	method2b_glasso	1.0	0.0	0.0
chr1:9630064-9630564	ENSG00000171608	PIK3CD	chr1	9630064	9630564	9629888	+	426	stromal	method2b_glasso	1.0	0.0	0.0
chr1:9630807-9631307	ENSG00000171608	PIK3CD	chr1	9630807	9631307	9629888	+	1169	stromal	method2b_glasso	1.0	0.0	0.0
chr1:9822433-9822933	ENSG00000171603	CLSTN1	chr1	9822433	9822933	9823983	-	1300	stromal	method2b_glasso	1.0	0.0	0.0
chr1:9823143-9823643	ENSG00000171603	CLSTN1	chr1	9823143	9823643	9823983	-	590	stromal	method2b_glasso	1.0	0.0	0.0
chr1:9823832-9824332	ENSG00000171603	CLSTN1	chr1	9823832	9824332	9823983	-	99	stromal	method2b_glasso	1.0	0.0	0.0
chr1:9824351-9824851	ENSG00000171603	CLSTN1	chr1	9824351	9824851	9823983	-	618	stromal	method2b_glasso	1.0	0.0	0.0
chr1:9825314-9825814	ENSG00000171603	CLSTN1	chr1	9825314	9825814	9823983	-	1581	stromal	method2b_glasso	1.0	0.0	0.0
chr1:9909469-9909969	ENSG00000178585	CTNNBIP1	chr1	9909469	9909969	9910335	-	616	stromal	method2b_glasso	1.0	0.0	0.0
chr1:9910082-9910582	ENSG00000178585	CTNNBIP1	chr1	9910082	9910582	9910335	-	3	stromal	method2b_glasso	1.0	0.0	0.0
chr1:9910635-9911135	ENSG00000178585	CTNNBIP1	chr1	9910635	9911135	9910335	-	550	stromal	method2b_glasso	1.0	0.0	0.0
chr1:9911730-9912230	ENSG00000178585	CTNNBIP1	chr1	9911730	9912230	9910335	-	1645	stromal	method2b_glasso	1.0	0.0	0.0
chr1:9942306-9942806	ENSG00000162441	LZIC	chr1	9942306	9942806	9943406	-	850	stromal	method2b_glasso	1.0	0.0	0.0
chr1:9942306-9942806	ENSG00000173614	NMNAT1	chr1	9942306	9942806	9943427	+	871	stromal	method2b_glasso	1.0	0.0	0.0
chr1:9943168-9943668	ENSG00000162441	LZIC	chr1	9943168	9943668	9943406	-	12	stromal	method2b_glasso	1.0	0.0	0.0
chr1:9943168-9943668	ENSG00000173614	NMNAT1	chr1	9943168	9943668	9943427	+	9	stromal	method2b_glasso	1.0	0.0	0.0
chr1:9944383-9944883	ENSG00000162441	LZIC	chr1	9944383	9944883	9943406	-	1227	stromal	method2b_glasso	1.0	0.0	0.0
chr1:9944383-9944883	ENSG00000173614	NMNAT1	chr1	9944383	9944883	9943427	+	1206	stromal	method2b_glasso	1.0	0.0	0.0
chr1:9996902-9997402	ENSG00000162444	RBP7	chr1	9996902	9997402	9997205	+	53	stromal	method2b_glasso	1.0	0.0	0.0
chr1:9997566-9998066	ENSG00000162444	RBP7	chr1	9997566	9998066	9997205	+	611	stromal	method2b_glasso	1.0	0.0	0.0
chr1:10032009-10032509	ENSG00000130939	UBE4B	chr1	10032009	10032509	10032831	+	572	stromal	method2b_glasso	1.0	0.0	0.0
chr1:10032575-10033075	ENSG00000130939	UBE4B	chr1	10032575	10033075	10032831	+	6	stromal	method2b_glasso	1.0	0.0	0.0
chr1:10033138-10033638	ENSG00000130939	UBE4B	chr1	10033138	10033638	10032831	+	557	stromal	method2b_glasso	1.0	0.0	0.0
chr1:10034429-10034929	ENSG00000130939	UBE4B	chr1	10034429	10034929	10032831	+	1848	stromal	method2b_glasso	1.0	0.0	0.0
chr1:10208188-10208688	ENSG00000054523	KIF1B	chr1	10208188	10208688	10210569	+	2131	stromal	method2b_glasso	1.0	0.0	0.0
chr1:10209646-10210146	ENSG00000054523	KIF1B	chr1	10209646	10210146	10210569	+	673	stromal	method2b_glasso	1.0	0.0	0.0
chr1:10210175-10210675	ENSG00000054523	KIF1B	chr1	10210175	10210675	10210569	+	144	stromal	method2b_glasso	1.0	0.0	0.0
chr1:10210873-10211373	ENSG00000054523	KIF1B	chr1	10210873	10211373	10210569	+	554	stromal	method2b_glasso	1.0	0.0	0.0
chr1:10211887-10212387	ENSG00000054523	KIF1B	chr1	10211887	10212387	10210569	+	1568	stromal	method2b_glasso	1.0	0.0	0.0
chr1:10398054-10398554	ENSG00000142657	PGD	chr1	10398054	10398554	10398591	+	287	stromal	method2b_glasso	1.0	0.0	0.0
chr1:10398678-10399178	ENSG00000142657	PGD	chr1	10398678	10399178	10398591	+	337	stromal	method2b_glasso	1.0	0.0	0.0
chr1:10399195-10399695	ENSG00000142657	PGD	chr1	10399195	10399695	10398591	+	854	stromal	method2b_glasso	1.0	0.0	0.0
chr1:10400351-10400851	ENSG00000142657	PGD	chr1	10400351	10400851	10398591	+	2010	stromal	method2b_glasso	1.0	0.0	0.0
chr1:10427992-10428492	ENSG00000175279	CENPS	chr1	10427992	10428492	10430432	+	2190	stromal	method2b_glasso	1.0	0.0	0.0
chr1:10427992-10428492	ENSG00000251503	CENPS-CORT	chr1	10427992	10428492	10430101	+	1859	stromal	method2b_glasso	1.0	0.0	0.0
chr1:10428905-10429405	ENSG00000175279	CENPS	chr1	10428905	10429405	10430432	+	1277	stromal	method2b_glasso	1.0	0.0	0.0
chr1:10428905-10429405	ENSG00000251503	CENPS-CORT	chr1	10428905	10429405	10430101	+	946	stromal	method2b_glasso	1.0	0.0	0.0
chr1:10429909-10430409	ENSG00000175279	CENPS	chr1	10429909	10430409	10430432	+	273	stromal	method2b_glasso	1.0	0.0	0.0
chr1:10429909-10430409	ENSG00000251503	CENPS-CORT	chr1	10429909	10430409	10430101	+	58	stromal	method2b_glasso	1.0	0.0	0.0
chr1:10430472-10430972	ENSG00000175279	CENPS	chr1	10430472	10430972	10430432	+	290	stromal	method2b_glasso	1.0	0.0	0.0
chr1:10430472-10430972	ENSG00000251503	CENPS-CORT	chr1	10430472	10430972	10430101	+	621	stromal	method2b_glasso	1.0	0.0	0.0
chr1:10431071-10431571	ENSG00000175279	CENPS	chr1	10431071	10431571	10430432	+	889	stromal	method2b_glasso	1.0	0.0	0.0
chr1:10431071-10431571	ENSG00000251503	CENPS-CORT	chr1	10431071	10431571	10430101	+	1220	stromal	method2b_glasso	1.0	0.0	0.0
chr1:10449665-10450165	ENSG00000241563	CORT	chr1	10449665	10450165	10450030	+	115	stromal	method2b_glasso	1.0	0.0	0.0
chr1:10451233-10451733	ENSG00000241563	CORT	chr1	10451233	10451733	10450030	+	1453	stromal	method2b_glasso	1.0	0.0	0.0
chr1:10470981-10471481	ENSG00000142655	PEX14	chr1	10470981	10471481	10472287	+	1056	stromal	method2b_glasso	1.0	0.0	0.0
chr1:10470981-10471481	ENSG00000160049	DFFA	chr1	10470981	10471481	10472528	-	1297	stromal	method2b_glasso	1.0	0.0	0.0
chr1:10471816-10472316	ENSG00000142655	PEX14	chr1	10471816	10472316	10472287	+	221	stromal	method2b_glasso	1.0	0.0	0.0
chr1:10471816-10472316	ENSG00000160049	DFFA	chr1	10471816	10472316	10472528	-	462	stromal	method2b_glasso	1.0	0.0	0.0
chr1:10472349-10472849	ENSG00000142655	PEX14	chr1	10472349	10472849	10472287	+	312	stromal	method2b_glasso	1.0	0.0	0.0
chr1:10472349-10472849	ENSG00000160049	DFFA	chr1	10472349	10472849	10472528	-	71	stromal	method2b_glasso	1.0	0.0	0.0
chr1:10473308-10473808	ENSG00000142655	PEX14	chr1	10473308	10473808	10472287	+	1271	stromal	method2b_glasso	1.0	0.0	0.0
chr1:10473308-10473808	ENSG00000160049	DFFA	chr1	10473308	10473808	10472528	-	1030	stromal	method2b_glasso	1.0	0.0	0.0
chr1:10794652-10795152	ENSG00000130940	CASZ1	chr1	10794652	10795152	10796649	-	1747	stromal	method2b_glasso	1.0	0.0	0.0
chr1:10795512-10796012	ENSG00000130940	CASZ1	chr1	10795512	10796012	10796649	-	887	stromal	method2b_glasso	1.0	0.0	0.0
chr1:10796466-10796966	ENSG00000130940	CASZ1	chr1	10796466	10796966	10796649	-	67	stromal	method2b_glasso	1.0	0.0	0.0
chr1:10980073-10980573	ENSG00000175262	C1orf127	chr1	10980073	10980573	10982075	-	1752	stromal	method2b_glasso	1.0	0.0	0.0
chr1:10980743-10981243	ENSG00000175262	C1orf127	chr1	10980743	10981243	10982075	-	1082	stromal	method2b_glasso	1.0	0.0	0.0
chr1:11012112-11012612	ENSG00000120948	TARDBP	chr1	11012112	11012612	11012343	+	19	stromal	method2b_glasso	1.0	0.0	0.0
chr1:11012876-11013376	ENSG00000120948	TARDBP	chr1	11012876	11013376	11012343	+	783	stromal	method2b_glasso	1.0	0.0	0.0
chr1:11058731-11059231	ENSG00000116649	SRM	chr1	11058731	11059231	11060019	-	1038	stromal	method2b_glasso	1.0	0.0	0.0
chr1:11059373-11059873	ENSG00000116649	SRM	chr1	11059373	11059873	11060019	-	396	stromal	method2b_glasso	1.0	0.0	0.0
chr1:11059918-11060418	ENSG00000116649	SRM	chr1	11059918	11060418	11060019	-	149	stromal	method2b_glasso	1.0	0.0	0.0
chr1:11060438-11060938	ENSG00000116649	SRM	chr1	11060438	11060938	11060019	-	669	stromal	method2b_glasso	1.0	0.0	0.0
chr1:11099643-11100143	ENSG00000171824	EXOSC10	chr1	11099643	11100143	11099868	-	25	stromal	method2b_glasso	1.0	0.0	0.0
chr1:11186970-11187470	ENSG00000171819	ANGPTL7	chr1	11186970	11187470	11189354	+	2134	stromal	method2b_glasso	1.0	0.0	0.0
chr1:11188337-11188837	ENSG00000171819	ANGPTL7	chr1	11188337	11188837	11189354	+	767	stromal	method2b_glasso	1.0	0.0	0.0
chr1:11188986-11189486	ENSG00000171819	ANGPTL7	chr1	11188986	11189486	11189354	+	118	stromal	method2b_glasso	1.0	0.0	0.0
chr1:11262378-11262878	ENSG00000198793	MTOR	chr1	11262378	11262878	11262555	-	73	stromal	method2b_glasso	1.0	0.0	0.0
chr1:11263110-11263610	ENSG00000198793	MTOR	chr1	11263110	11263610	11262555	-	805	stromal	method2b_glasso	1.0	0.0	0.0
chr1:11271000-11271500	ENSG00000120942	UBIAD1	chr1	11271000	11271500	11273197	+	1947	stromal	method2b_glasso	1.0	0.0	0.0
chr1:11272280-11272780	ENSG00000120942	UBIAD1	chr1	11272280	11272780	11273197	+	667	stromal	method2b_glasso	1.0	0.0	0.0
chr1:11272940-11273440	ENSG00000120942	UBIAD1	chr1	11272940	11273440	11273197	+	7	stromal	method2b_glasso	1.0	0.0	0.0
chr1:11273454-11273954	ENSG00000120942	UBIAD1	chr1	11273454	11273954	11273197	+	507	stromal	method2b_glasso	1.0	0.0	0.0
chr1:11478622-11479122	ENSG00000204624	DISP3	chr1	11478622	11479122	11479154	+	282	stromal	method2b_glasso	1.0	0.0	0.0
chr1:11480005-11480505	ENSG00000204624	DISP3	chr1	11480005	11480505	11479154	+	1101	stromal	method2b_glasso	1.0	0.0	0.0
chr1:11480518-11481018	ENSG00000204624	DISP3	chr1	11480518	11481018	11479154	+	1614	stromal	method2b_glasso	1.0	0.0	0.0
chr1:11651966-11652466	ENSG00000132879	FBXO44	chr1	11651966	11652466	11654374	+	2158	stromal	method2b_glasso	1.0	0.0	0.0
chr1:11652559-11653059	ENSG00000132879	FBXO44	chr1	11652559	11653059	11654374	+	1565	stromal	method2b_glasso	1.0	0.0	0.0
chr1:11653499-11653999	ENSG00000116661	FBXO2	chr1	11653499	11653999	11655784	-	2035	stromal	method2b_glasso	1.0	0.0	0.0
chr1:11653499-11653999	ENSG00000132879	FBXO44	chr1	11653499	11653999	11654374	+	625	stromal	method2b_glasso	1.0	0.0	0.0
chr1:11654091-11654591	ENSG00000116661	FBXO2	chr1	11654091	11654591	11655784	-	1443	stromal	method2b_glasso	1.0	0.0	0.0
chr1:11654091-11654591	ENSG00000132879	FBXO44	chr1	11654091	11654591	11654374	+	33	stromal	method2b_glasso	1.0	0.0	0.0
chr1:11654626-11655126	ENSG00000116661	FBXO2	chr1	11654626	11655126	11655784	-	908	stromal	method2b_glasso	1.0	0.0	0.0
chr1:11654626-11655126	ENSG00000132879	FBXO44	chr1	11654626	11655126	11654374	+	502	stromal	method2b_glasso	1.0	0.0	0.0
chr1:11655179-11655679	ENSG00000116661	FBXO2	chr1	11655179	11655679	11655784	-	355	stromal	method2b_glasso	1.0	0.0	0.0
chr1:11655179-11655679	ENSG00000132879	FBXO44	chr1	11655179	11655679	11654374	+	1055	stromal	method2b_glasso	1.0	0.0	0.0
chr1:11657277-11657777	ENSG00000116661	FBXO2	chr1	11657277	11657777	11655784	-	1743	stromal	method2b_glasso	1.0	0.0	0.0
chr1:11661781-11662281	ENSG00000116663	FBXO6	chr1	11661781	11662281	11664199	+	2168	stromal	method2b_glasso	1.0	0.0	0.0
chr1:11663943-11664443	ENSG00000116663	FBXO6	chr1	11663943	11664443	11664199	+	6	stromal	method2b_glasso	1.0	0.0	0.0
chr1:11664698-11665198	ENSG00000116663	FBXO6	chr1	11664698	11665198	11664199	+	749	stromal	method2b_glasso	1.0	0.0	0.0
chr1:11665664-11666164	ENSG00000116663	FBXO6	chr1	11665664	11666164	11664199	+	1715	stromal	method2b_glasso	1.0	0.0	0.0
chr1:11691165-11691665	ENSG00000116670	MAD2L2	chr1	11691165	11691665	11691810	-	395	stromal	method2b_glasso	1.0	0.0	0.0
chr1:11691165-11691665	ENSG00000162490	DRAXIN	chr1	11691165	11691665	11691709	+	294	stromal	method2b_glasso	1.0	0.0	0.0
chr1:11691695-11692195	ENSG00000116670	MAD2L2	chr1	11691695	11692195	11691810	-	135	stromal	method2b_glasso	1.0	0.0	0.0
chr1:11691695-11692195	ENSG00000162490	DRAXIN	chr1	11691695	11692195	11691709	+	236	stromal	method2b_glasso	1.0	0.0	0.0
chr1:11693075-11693575	ENSG00000116670	MAD2L2	chr1	11693075	11693575	11691810	-	1515	stromal	method2b_glasso	1.0	0.0	0.0
chr1:11693075-11693575	ENSG00000162490	DRAXIN	chr1	11693075	11693575	11691709	+	1616	stromal	method2b_glasso	1.0	0.0	0.0
chr1:11734454-11734954	ENSG00000177674	AGTRAP	chr1	11734454	11734954	11736083	+	1379	stromal	method2b_glasso	1.0	0.0	0.0
chr1:11735145-11735645	ENSG00000177674	AGTRAP	chr1	11735145	11735645	11736083	+	688	stromal	method2b_glasso	1.0	0.0	0.0
chr1:11735834-11736334	ENSG00000177674	AGTRAP	chr1	11735834	11736334	11736083	+	1	stromal	method2b_glasso	1.0	0.0	0.0
chr1:11736689-11737189	ENSG00000177674	AGTRAP	chr1	11736689	11737189	11736083	+	856	stromal	method2b_glasso	1.0	0.0	0.0
chr1:11737219-11737719	ENSG00000177674	AGTRAP	chr1	11737219	11737719	11736083	+	1386	stromal	method2b_glasso	1.0	0.0	0.0
chr1:11737896-11738396	ENSG00000177674	AGTRAP	chr1	11737896	11738396	11736083	+	2063	stromal	method2b_glasso	1.0	0.0	0.0
chr1:11761899-11762399	ENSG00000215910	C1orf167	chr1	11761899	11762399	11761786	+	363	stromal	method2b_glasso	1.0	0.0	0.0
chr1:11804032-11804532	ENSG00000011021	CLCN6	chr1	11804032	11804532	11806095	+	1813	stromal	method2b_glasso	1.0	0.0	0.0
chr1:11804032-11804532	ENSG00000177000	MTHFR	chr1	11804032	11804532	11806454	-	2172	stromal	method2b_glasso	1.0	0.0	0.0
chr1:11804725-11805225	ENSG00000011021	CLCN6	chr1	11804725	11805225	11806095	+	1120	stromal	method2b_glasso	1.0	0.0	0.0
chr1:11804725-11805225	ENSG00000177000	MTHFR	chr1	11804725	11805225	11806454	-	1479	stromal	method2b_glasso	1.0	0.0	0.0
chr1:11805226-11805726	ENSG00000011021	CLCN6	chr1	11805226	11805726	11806095	+	619	stromal	method2b_glasso	1.0	0.0	0.0
chr1:11805226-11805726	ENSG00000177000	MTHFR	chr1	11805226	11805726	11806454	-	978	stromal	method2b_glasso	1.0	0.0	0.0
chr1:11805769-11806269	ENSG00000011021	CLCN6	chr1	11805769	11806269	11806095	+	76	stromal	method2b_glasso	1.0	0.0	0.0
chr1:11805769-11806269	ENSG00000177000	MTHFR	chr1	11805769	11806269	11806454	-	435	stromal	method2b_glasso	1.0	0.0	0.0
chr1:11806467-11806967	ENSG00000011021	CLCN6	chr1	11806467	11806967	11806095	+	622	stromal	method2b_glasso	1.0	0.0	0.0
chr1:11806467-11806967	ENSG00000177000	MTHFR	chr1	11806467	11806967	11806454	-	263	stromal	method2b_glasso	1.0	0.0	0.0
chr1:11807010-11807510	ENSG00000011021	CLCN6	chr1	11807010	11807510	11806095	+	1165	stromal	method2b_glasso	1.0	0.0	0.0
chr1:11807010-11807510	ENSG00000177000	MTHFR	chr1	11807010	11807510	11806454	-	806	stromal	method2b_glasso	1.0	0.0	0.0
chr1:11846965-11847465	ENSG00000175206	NPPA	chr1	11846965	11847465	11848344	-	1129	stromal	method2b_glasso	1.0	0.0	0.0
chr1:11859204-11859704	ENSG00000120937	NPPB	chr1	11859204	11859704	11858944	-	510	stromal	method2b_glasso	1.0	0.0	0.0
chr1:11924015-11924515	ENSG00000116685	KIAA2013	chr1	11924015	11924515	11926427	-	2162	stromal	method2b_glasso	1.0	0.0	0.0
chr1:11924992-11925492	ENSG00000116685	KIAA2013	chr1	11924992	11925492	11926427	-	1185	stromal	method2b_glasso	1.0	0.0	0.0
chr1:11925741-11926241	ENSG00000116685	KIAA2013	chr1	11925741	11926241	11926427	-	436	stromal	method2b_glasso	1.0	0.0	0.0
chr1:11926250-11926750	ENSG00000116685	KIAA2013	chr1	11926250	11926750	11926427	-	73	stromal	method2b_glasso	1.0	0.0	0.0
chr1:11927014-11927514	ENSG00000116685	KIAA2013	chr1	11927014	11927514	11926427	-	837	stromal	method2b_glasso	1.0	0.0	0.0
chr1:11928158-11928658	ENSG00000116685	KIAA2013	chr1	11928158	11928658	11926427	-	1981	stromal	method2b_glasso	1.0	0.0	0.0
chr1:11933712-11934212	ENSG00000083444	PLOD1	chr1	11933712	11934212	11934204	+	242	stromal	method2b_glasso	1.0	0.0	0.0
chr1:11934389-11934889	ENSG00000083444	PLOD1	chr1	11934389	11934889	11934204	+	435	stromal	method2b_glasso	1.0	0.0	0.0
chr1:11935064-11935564	ENSG00000083444	PLOD1	chr1	11935064	11935564	11934204	+	1110	stromal	method2b_glasso	1.0	0.0	0.0
chr1:11935674-11936174	ENSG00000083444	PLOD1	chr1	11935674	11936174	11934204	+	1720	stromal	method2b_glasso	1.0	0.0	0.0
chr1:11978406-11978906	ENSG00000116688	MFN2	chr1	11978406	11978906	11980180	+	1524	stromal	method2b_glasso	1.0	0.0	0.0
chr1:11979373-11979873	ENSG00000116688	MFN2	chr1	11979373	11979873	11980180	+	557	stromal	method2b_glasso	1.0	0.0	0.0
chr1:11979928-11980428	ENSG00000116688	MFN2	chr1	11979928	11980428	11980180	+	2	stromal	method2b_glasso	1.0	0.0	0.0
chr1:11980591-11981091	ENSG00000116688	MFN2	chr1	11980591	11981091	11980180	+	661	stromal	method2b_glasso	1.0	0.0	0.0
chr1:11981456-11981956	ENSG00000116688	MFN2	chr1	11981456	11981956	11980180	+	1526	stromal	method2b_glasso	1.0	0.0	0.0
chr1:11982154-11982654	ENSG00000116688	MFN2	chr1	11982154	11982654	11980180	+	2224	stromal	method2b_glasso	1.0	0.0	0.0
chr1:12018435-12018935	ENSG00000116691	MIIP	chr1	12018435	12018935	12019465	+	780	stromal	method2b_glasso	1.0	0.0	0.0
chr1:12019139-12019639	ENSG00000116691	MIIP	chr1	12019139	12019639	12019465	+	76	stromal	method2b_glasso	1.0	0.0	0.0
chr1:12019766-12020266	ENSG00000116691	MIIP	chr1	12019766	12020266	12019465	+	551	stromal	method2b_glasso	1.0	0.0	0.0
chr1:12020278-12020778	ENSG00000116691	MIIP	chr1	12020278	12020778	12019465	+	1063	stromal	method2b_glasso	1.0	0.0	0.0
chr1:12063104-12063604	ENSG00000120949	TNFRSF8	chr1	12063104	12063604	12063302	+	52	stromal	method2b_glasso	1.0	0.0	0.0
chr1:12165340-12165840	ENSG00000028137	TNFRSF1B	chr1	12165340	12165840	12166990	+	1400	stromal	method2b_glasso	1.0	0.0	0.0
chr1:12166711-12167211	ENSG00000028137	TNFRSF1B	chr1	12166711	12167211	12166990	+	29	stromal	method2b_glasso	1.0	0.0	0.0
chr1:12167321-12167821	ENSG00000028137	TNFRSF1B	chr1	12167321	12167821	12166990	+	581	stromal	method2b_glasso	1.0	0.0	0.0
chr1:12168375-12168875	ENSG00000028137	TNFRSF1B	chr1	12168375	12168875	12166990	+	1635	stromal	method2b_glasso	1.0	0.0	0.0
chr1:12229113-12229613	ENSG00000048707	VPS13D	chr1	12229113	12229613	12230029	+	666	stromal	method2b_glasso	1.0	0.0	0.0
chr1:12229735-12230235	ENSG00000048707	VPS13D	chr1	12229735	12230235	12230029	+	44	stromal	method2b_glasso	1.0	0.0	0.0
chr1:12230812-12231312	ENSG00000048707	VPS13D	chr1	12230812	12231312	12230029	+	1033	stromal	method2b_glasso	1.0	0.0	0.0
chr1:12616045-12616545	ENSG00000162496	DHRS3	chr1	12616045	12616545	12618209	-	1914	stromal	method2b_glasso	1.0	0.0	0.0
chr1:12616870-12617370	ENSG00000162496	DHRS3	chr1	12616870	12617370	12618209	-	1089	stromal	method2b_glasso	1.0	0.0	0.0
chr1:12617532-12618032	ENSG00000162496	DHRS3	chr1	12617532	12618032	12618209	-	427	stromal	method2b_glasso	1.0	0.0	0.0
chr1:12618170-12618670	ENSG00000162496	DHRS3	chr1	12618170	12618670	12618209	-	211	stromal	method2b_glasso	1.0	0.0	0.0
chr1:12618858-12619358	ENSG00000162496	DHRS3	chr1	12618858	12619358	12618209	-	899	stromal	method2b_glasso	1.0	0.0	0.0
chr1:12619777-12620277	ENSG00000162496	DHRS3	chr1	12619777	12620277	12618209	-	1818	stromal	method2b_glasso	1.0	0.0	0.0
chr1:13513885-13514385	ENSG00000162494	LRRC38	chr1	13513885	13514385	13514002	-	133	stromal	method2b_glasso	1.0	0.0	0.0
chr1:13582368-13582868	ENSG00000162493	PDPN	chr1	13582368	13582868	13583464	+	846	stromal	method2b_glasso	1.0	0.0	0.0
chr1:13582954-13583454	ENSG00000162493	PDPN	chr1	13582954	13583454	13583464	+	260	stromal	method2b_glasso	1.0	0.0	0.0
chr1:13583473-13583973	ENSG00000162493	PDPN	chr1	13583473	13583973	13583464	+	259	stromal	method2b_glasso	1.0	0.0	0.0
chr1:13584407-13584907	ENSG00000162493	PDPN	chr1	13584407	13584907	13583464	+	1193	stromal	method2b_glasso	1.0	0.0	0.0
chr1:13585003-13585503	ENSG00000162493	PDPN	chr1	13585003	13585503	13583464	+	1789	stromal	method2b_glasso	1.0	0.0	0.0
chr1:13585882-13586382	ENSG00000162493	PDPN	chr1	13585882	13586382	13583464	+	2668	stromal	method2b_glasso	0.12606938183307648	7.699714643649713e-09	7.166224804677768e-07
chr1:13587542-13588042	ENSG00000162493	PDPN	chr1	13587542	13588042	13583464	+	4328	stromal	method2b_glasso	0.07196542620658875	0.0006397111574187875	0.022313974797725677
chr1:13593379-13593879	ENSG00000162493	PDPN	chr1	13593379	13593879	13583464	+	10165	stromal	method2b_glasso	0.16295059025287628	1.1348048694313773e-13	1.8208774765771096e-11
chr1:13602635-13603135	ENSG00000162493	PDPN	chr1	13602635	13603135	13583464	+	19421	stromal	method2b_glasso	0.07135665416717529	0.0007034232839941978	0.024237263947725296
chr1:13606962-13607462	ENSG00000162493	PDPN	chr1	13606962	13607462	13583464	+	23748	stromal	method2b_glasso	0.0896807461977005	2.956799289677292e-05	0.0014594347449019551
chr1:13614365-13614865	ENSG00000162493	PDPN	chr1	13614365	13614865	13583464	+	31151	stromal	method2b_glasso	0.07914671301841736	0.0001978804066311568	0.007978353649377823
chr1:13617018-13617518	ENSG00000162493	PDPN	chr1	13617018	13617518	13583464	+	33804	stromal	method2b_glasso	0.11940790712833405	4.256163421700876e-08	3.5690600270754658e-06
chr1:13697507-13698007	ENSG00000116731	PRDM2	chr1	13697507	13698007	13700187	+	2430	stromal	method2b_glasso	0.08451641350984573	7.713359809713438e-05	0.0034532637801021338
chr1:13699074-13699574	ENSG00000116731	PRDM2	chr1	13699074	13699574	13700187	+	863	stromal	method2b_glasso	1.0	0.0	0.0
chr1:13699984-13700484	ENSG00000116731	PRDM2	chr1	13699984	13700484	13700187	+	47	stromal	method2b_glasso	1.0	0.0	0.0
chr1:13700631-13701131	ENSG00000116731	PRDM2	chr1	13700631	13701131	13700187	+	694	stromal	method2b_glasso	1.0	0.0	0.0
chr1:13702702-13703202	ENSG00000116731	PRDM2	chr1	13702702	13703202	13700187	+	2765	stromal	method2b_glasso	0.11533481627702713	1.1581772696445114e-07	9.08069978322601e-06
chr1:13725775-13726275	ENSG00000116731	PRDM2	chr1	13725775	13726275	13700187	+	25838	stromal	method2b_glasso	0.07937224954366684	0.00019041616178583354	0.007710229139775038
chr1:13749036-13749536	ENSG00000116731	PRDM2	chr1	13749036	13749536	13700187	+	49099	stromal	method2b_glasso	0.13756205141544342	3.256126202000331e-10	3.6201207365138544e-08
chr1:13749615-13750115	ENSG00000116731	PRDM2	chr1	13749615	13750115	13700187	+	49678	stromal	method2b_glasso	0.07598327845335007	0.00033586076460778713	0.012711095623672009
chr1:13813539-13814039	ENSG00000189337	KAZN	chr1	13813539	13814039	13892791	+	79002	stromal	method2b_glasso	0.07783759385347366	0.00024688494158908725	0.009700474329292774
chr1:13828818-13829318	ENSG00000189337	KAZN	chr1	13828818	13829318	13892791	+	63723	stromal	method2b_glasso	0.08096174895763397	0.000144812700455077	0.006046877708286047
chr1:13892800-13893300	ENSG00000189337	KAZN	chr1	13892800	13893300	13892791	+	259	stromal	method2b_glasso	1.0	0.0	0.0
chr1:13893334-13893834	ENSG00000189337	KAZN	chr1	13893334	13893834	13892791	+	793	stromal	method2b_glasso	1.0	0.0	0.0
chr1:13913317-13913817	ENSG00000189337	KAZN	chr1	13913317	13913817	13892791	+	20776	stromal	method2b_glasso	0.08773057907819748	4.272899604984559e-05	0.0020338022150099277
chr1:15151259-15151759	ENSG00000171729	TMEM51	chr1	15151259	15151759	15152531	+	1022	stromal	method2b_glasso	1.0	0.0	0.0
chr1:15151788-15152288	ENSG00000171729	TMEM51	chr1	15151788	15152288	15152531	+	493	stromal	method2b_glasso	1.0	0.0	0.0
chr1:15152300-15152800	ENSG00000171729	TMEM51	chr1	15152300	15152800	15152531	+	19	stromal	method2b_glasso	1.0	0.0	0.0
chr1:15152835-15153335	ENSG00000171729	TMEM51	chr1	15152835	15153335	15152531	+	554	stromal	method2b_glasso	1.0	0.0	0.0
chr1:15153449-15153949	ENSG00000171729	TMEM51	chr1	15153449	15153949	15152531	+	1168	stromal	method2b_glasso	1.0	0.0	0.0
chr1:15153952-15154452	ENSG00000171729	TMEM51	chr1	15153952	15154452	15152531	+	1671	stromal	method2b_glasso	1.0	0.0	0.0
chr1:15407659-15408159	ENSG00000142634	EFHD2	chr1	15407659	15408159	15409887	+	1978	stromal	method2b_glasso	1.0	0.0	0.0
chr1:15408886-15409386	ENSG00000142634	EFHD2	chr1	15408886	15409386	15409887	+	751	stromal	method2b_glasso	1.0	0.0	0.0
chr1:15409627-15410127	ENSG00000142634	EFHD2	chr1	15409627	15410127	15409887	+	10	stromal	method2b_glasso	1.0	0.0	0.0
chr1:15410405-15410905	ENSG00000142634	EFHD2	chr1	15410405	15410905	15409887	+	768	stromal	method2b_glasso	1.0	0.0	0.0
chr1:15411403-15411903	ENSG00000142634	EFHD2	chr1	15411403	15411903	15409887	+	1766	stromal	method2b_glasso	1.0	0.0	0.0
chr1:15454415-15454915	ENSG00000142615	CELA2A	chr1	15454415	15454915	15456727	+	2062	stromal	method2b_glasso	1.0	0.0	0.0
chr1:15524096-15524596	ENSG00000132906	CASP9	chr1	15524096	15524596	15526533	-	2187	stromal	method2b_glasso	1.0	0.0	0.0
chr1:15524697-15525197	ENSG00000116138	DNAJC16	chr1	15524697	15525197	15526812	+	1865	stromal	method2b_glasso	1.0	0.0	0.0
chr1:15524697-15525197	ENSG00000132906	CASP9	chr1	15524697	15525197	15526533	-	1586	stromal	method2b_glasso	1.0	0.0	0.0
chr1:15525291-15525791	ENSG00000116138	DNAJC16	chr1	15525291	15525791	15526812	+	1271	stromal	method2b_glasso	1.0	0.0	0.0
chr1:15525291-15525791	ENSG00000132906	CASP9	chr1	15525291	15525791	15526533	-	992	stromal	method2b_glasso	1.0	0.0	0.0
chr1:15525943-15526443	ENSG00000116138	DNAJC16	chr1	15525943	15526443	15526812	+	619	stromal	method2b_glasso	1.0	0.0	0.0
chr1:15525943-15526443	ENSG00000132906	CASP9	chr1	15525943	15526443	15526533	-	340	stromal	method2b_glasso	1.0	0.0	0.0
chr1:15526489-15526989	ENSG00000116138	DNAJC16	chr1	15526489	15526989	15526812	+	73	stromal	method2b_glasso	1.0	0.0	0.0
chr1:15526489-15526989	ENSG00000132906	CASP9	chr1	15526489	15526989	15526533	-	206	stromal	method2b_glasso	1.0	0.0	0.0
chr1:15527031-15527531	ENSG00000116138	DNAJC16	chr1	15527031	15527531	15526812	+	469	stromal	method2b_glasso	1.0	0.0	0.0
chr1:15527031-15527531	ENSG00000132906	CASP9	chr1	15527031	15527531	15526533	-	748	stromal	method2b_glasso	1.0	0.0	0.0
chr1:15584109-15584609	ENSG00000116771	AGMAT	chr1	15584109	15584609	15585050	-	691	stromal	method2b_glasso	1.0	0.0	0.0
chr1:15584662-15585162	ENSG00000116771	AGMAT	chr1	15584662	15585162	15585050	-	138	stromal	method2b_glasso	1.0	0.0	0.0
chr1:15615588-15616088	ENSG00000197312	DDI2	chr1	15615588	15616088	15617457	+	1619	stromal	method2b_glasso	1.0	0.0	0.0
chr1:15616594-15617094	ENSG00000197312	DDI2	chr1	15616594	15617094	15617457	+	613	stromal	method2b_glasso	1.0	0.0	0.0
chr1:15617128-15617628	ENSG00000197312	DDI2	chr1	15617128	15617628	15617457	+	79	stromal	method2b_glasso	1.0	0.0	0.0
chr1:15617818-15618318	ENSG00000197312	DDI2	chr1	15617818	15618318	15617457	+	611	stromal	method2b_glasso	1.0	0.0	0.0
chr1:15618573-15619073	ENSG00000197312	DDI2	chr1	15618573	15619073	15617457	+	1366	stromal	method2b_glasso	1.0	0.0	0.0
chr1:15682794-15683294	ENSG00000116786	PLEKHM2	chr1	15682794	15683294	15684319	+	1275	stromal	method2b_glasso	1.0	0.0	0.0
chr1:15683463-15683963	ENSG00000116786	PLEKHM2	chr1	15683463	15683963	15684319	+	606	stromal	method2b_glasso	1.0	0.0	0.0
chr1:15684058-15684558	ENSG00000116786	PLEKHM2	chr1	15684058	15684558	15684319	+	11	stromal	method2b_glasso	1.0	0.0	0.0
chr1:15684814-15685314	ENSG00000116786	PLEKHM2	chr1	15684814	15685314	15684319	+	745	stromal	method2b_glasso	1.0	0.0	0.0
chr1:15685635-15686135	ENSG00000116786	PLEKHM2	chr1	15685635	15686135	15684319	+	1566	stromal	method2b_glasso	1.0	0.0	0.0
chr1:15734246-15734746	ENSG00000162461	SLC25A34	chr1	15734246	15734746	15736257	+	1761	stromal	method2b_glasso	1.0	0.0	0.0
chr1:15735388-15735888	ENSG00000162461	SLC25A34	chr1	15735388	15735888	15736257	+	619	stromal	method2b_glasso	1.0	0.0	0.0
chr1:15735913-15736413	ENSG00000162461	SLC25A34	chr1	15735913	15736413	15736257	+	94	stromal	method2b_glasso	1.0	0.0	0.0
chr1:15736448-15736948	ENSG00000162461	SLC25A34	chr1	15736448	15736948	15736257	+	441	stromal	method2b_glasso	1.0	0.0	0.0
chr1:15737769-15738269	ENSG00000162461	SLC25A34	chr1	15737769	15738269	15736257	+	1762	stromal	method2b_glasso	1.0	0.0	0.0
chr1:15740058-15740558	ENSG00000162460	TMEM82	chr1	15740058	15740558	15742498	+	2190	stromal	method2b_glasso	1.0	0.0	0.0
chr1:15740626-15741126	ENSG00000162460	TMEM82	chr1	15740626	15741126	15742498	+	1622	stromal	method2b_glasso	1.0	0.0	0.0
chr1:15741239-15741739	ENSG00000162460	TMEM82	chr1	15741239	15741739	15742498	+	1009	stromal	method2b_glasso	1.0	0.0	0.0
chr1:15742282-15742782	ENSG00000162460	TMEM82	chr1	15742282	15742782	15742498	+	34	stromal	method2b_glasso	1.0	0.0	0.0
chr1:15743003-15743503	ENSG00000162460	TMEM82	chr1	15743003	15743503	15742498	+	755	stromal	method2b_glasso	1.0	0.0	0.0
chr1:15744196-15744696	ENSG00000162460	TMEM82	chr1	15744196	15744696	15742498	+	1948	stromal	method2b_glasso	1.0	0.0	0.0
chr1:15755000-15755500	ENSG00000162458	FBLIM1	chr1	15755000	15755500	15756606	+	1356	stromal	method2b_glasso	1.0	0.0	0.0
chr1:15755600-15756100	ENSG00000162458	FBLIM1	chr1	15755600	15756100	15756606	+	756	stromal	method2b_glasso	1.0	0.0	0.0
chr1:15756294-15756794	ENSG00000162458	FBLIM1	chr1	15756294	15756794	15756606	+	62	stromal	method2b_glasso	1.0	0.0	0.0
chr1:15757073-15757573	ENSG00000162458	FBLIM1	chr1	15757073	15757573	15756606	+	717	stromal	method2b_glasso	1.0	0.0	0.0
chr1:15757610-15758110	ENSG00000162458	FBLIM1	chr1	15757610	15758110	15756606	+	1254	stromal	method2b_glasso	1.0	0.0	0.0
chr1:15758454-15758954	ENSG00000162458	FBLIM1	chr1	15758454	15758954	15756606	+	2098	stromal	method2b_glasso	1.0	0.0	0.0
chr1:15808436-15808936	ENSG00000233954	UQCRHL	chr1	15808436	15808936	15809347	-	661	stromal	method2b_glasso	1.0	0.0	0.0
chr1:15810090-15810590	ENSG00000233954	UQCRHL	chr1	15810090	15810590	15809347	-	993	stromal	method2b_glasso	1.0	0.0	0.0
chr1:15834163-15834663	ENSG00000065526	SPEN	chr1	15834163	15834663	15836094	+	1681	stromal	method2b_glasso	1.0	0.0	0.0
chr1:15834711-15835211	ENSG00000065526	SPEN	chr1	15834711	15835211	15836094	+	1133	stromal	method2b_glasso	1.0	0.0	0.0
chr1:15835691-15836191	ENSG00000065526	SPEN	chr1	15835691	15836191	15836094	+	153	stromal	method2b_glasso	1.0	0.0	0.0
chr1:15836667-15837167	ENSG00000065526	SPEN	chr1	15836667	15837167	15836094	+	823	stromal	method2b_glasso	1.0	0.0	0.0
chr1:15837334-15837834	ENSG00000065526	SPEN	chr1	15837334	15837834	15836094	+	1490	stromal	method2b_glasso	1.0	0.0	0.0
chr1:15974129-15974629	ENSG00000116809	ZBTB17	chr1	15974129	15974629	15976131	-	1752	stromal	method2b_glasso	1.0	0.0	0.0
chr1:15975340-15975840	ENSG00000116809	ZBTB17	chr1	15975340	15975840	15976131	-	541	stromal	method2b_glasso	1.0	0.0	0.0
chr1:15975859-15976359	ENSG00000116809	ZBTB17	chr1	15975859	15976359	15976131	-	22	stromal	method2b_glasso	1.0	0.0	0.0
chr1:16016537-16017037	ENSG00000186510	CLCNKA	chr1	16016537	16017037	16018874	+	2087	stromal	method2b_glasso	1.0	0.0	0.0
chr1:16017149-16017649	ENSG00000173641	HSPB7	chr1	16017149	16017649	16019593	-	2194	stromal	method2b_glasso	1.0	0.0	0.0
chr1:16017149-16017649	ENSG00000186510	CLCNKA	chr1	16017149	16017649	16018874	+	1475	stromal	method2b_glasso	1.0	0.0	0.0
chr1:16017832-16018332	ENSG00000173641	HSPB7	chr1	16017832	16018332	16019593	-	1511	stromal	method2b_glasso	1.0	0.0	0.0
chr1:16017832-16018332	ENSG00000186510	CLCNKA	chr1	16017832	16018332	16018874	+	792	stromal	method2b_glasso	1.0	0.0	0.0
chr1:16018681-16019181	ENSG00000173641	HSPB7	chr1	16018681	16019181	16019593	-	662	stromal	method2b_glasso	1.0	0.0	0.0
chr1:16018681-16019181	ENSG00000186510	CLCNKA	chr1	16018681	16019181	16018874	+	57	stromal	method2b_glasso	1.0	0.0	0.0
chr1:16019606-16020106	ENSG00000173641	HSPB7	chr1	16019606	16020106	16019593	-	263	stromal	method2b_glasso	1.0	0.0	0.0
chr1:16019606-16020106	ENSG00000186510	CLCNKA	chr1	16019606	16020106	16018874	+	982	stromal	method2b_glasso	1.0	0.0	0.0
chr1:16020195-16020695	ENSG00000173641	HSPB7	chr1	16020195	16020695	16019593	-	852	stromal	method2b_glasso	1.0	0.0	0.0
chr1:16020195-16020695	ENSG00000186510	CLCNKA	chr1	16020195	16020695	16018874	+	1571	stromal	method2b_glasso	1.0	0.0	0.0
chr1:16020819-16021319	ENSG00000173641	HSPB7	chr1	16020819	16021319	16019593	-	1476	stromal	method2b_glasso	1.0	0.0	0.0
chr1:16020819-16021319	ENSG00000186510	CLCNKA	chr1	16020819	16021319	16018874	+	2195	stromal	method2b_glasso	1.0	0.0	0.0
chr1:16021533-16022033	ENSG00000173641	HSPB7	chr1	16021533	16022033	16019593	-	2190	stromal	method2b_glasso	1.0	0.0	0.0
chr1:16041727-16042227	ENSG00000184908	CLCNKB	chr1	16041727	16042227	16040251	+	1726	stromal	method2b_glasso	1.0	0.0	0.0
chr1:16071246-16071746	ENSG00000185519	FAM131C	chr1	16071246	16071746	16073650	-	2154	stromal	method2b_glasso	1.0	0.0	0.0
chr1:16071950-16072450	ENSG00000185519	FAM131C	chr1	16071950	16072450	16073650	-	1450	stromal	method2b_glasso	1.0	0.0	0.0
chr1:16072720-16073220	ENSG00000185519	FAM131C	chr1	16072720	16073220	16073650	-	680	stromal	method2b_glasso	1.0	0.0	0.0
chr1:16073407-16073907	ENSG00000185519	FAM131C	chr1	16073407	16073907	16073650	-	7	stromal	method2b_glasso	1.0	0.0	0.0
chr1:16074212-16074712	ENSG00000185519	FAM131C	chr1	16074212	16074712	16073650	-	812	stromal	method2b_glasso	1.0	0.0	0.0
chr1:16075156-16075656	ENSG00000185519	FAM131C	chr1	16075156	16075656	16073650	-	1756	stromal	method2b_glasso	1.0	0.0	0.0
chr1:16153796-16154296	ENSG00000142627	EPHA2	chr1	16153796	16154296	16156068	-	2022	stromal	method2b_glasso	1.0	0.0	0.0
chr1:16154557-16155057	ENSG00000142627	EPHA2	chr1	16154557	16155057	16156068	-	1261	stromal	method2b_glasso	1.0	0.0	0.0
chr1:16155301-16155801	ENSG00000142627	EPHA2	chr1	16155301	16155801	16156068	-	517	stromal	method2b_glasso	1.0	0.0	0.0
chr1:16155849-16156349	ENSG00000142627	EPHA2	chr1	16155849	16156349	16156068	-	31	stromal	method2b_glasso	1.0	0.0	0.0
chr1:16156792-16157292	ENSG00000142627	EPHA2	chr1	16156792	16157292	16156068	-	974	stromal	method2b_glasso	1.0	0.0	0.0
chr1:16157495-16157995	ENSG00000142627	EPHA2	chr1	16157495	16157995	16156068	-	1677	stromal	method2b_glasso	1.0	0.0	0.0
chr1:16158011-16158511	ENSG00000142627	EPHA2	chr1	16158011	16158511	16156068	-	2193	stromal	method2b_glasso	1.0	0.0	0.0
chr1:16211367-16211867	ENSG00000142632	ARHGEF19	chr1	16211367	16211867	16212651	-	1034	stromal	method2b_glasso	1.0	0.0	0.0
chr1:16212326-16212826	ENSG00000142632	ARHGEF19	chr1	16212326	16212826	16212651	-	75	stromal	method2b_glasso	1.0	0.0	0.0
chr1:16236321-16236821	ENSG00000132881	CPLANE2	chr1	16236321	16236821	16237182	-	611	stromal	method2b_glasso	1.0	0.0	0.0
chr1:16236956-16237456	ENSG00000132881	CPLANE2	chr1	16236956	16237456	16237182	-	24	stromal	method2b_glasso	1.0	0.0	0.0
chr1:16237617-16238117	ENSG00000132881	CPLANE2	chr1	16237617	16238117	16237182	-	685	stromal	method2b_glasso	1.0	0.0	0.0
chr1:16350326-16350826	ENSG00000037637	FBXO42	chr1	16350326	16350826	16352479	-	1903	stromal	method2b_glasso	1.0	0.0	0.0
chr1:16350326-16350826	ENSG00000055070	SZRD1	chr1	16350326	16350826	16352574	+	1998	stromal	method2b_glasso	1.0	0.0	0.0
chr1:16350878-16351378	ENSG00000037637	FBXO42	chr1	16350878	16351378	16352479	-	1351	stromal	method2b_glasso	1.0	0.0	0.0
chr1:16350878-16351378	ENSG00000055070	SZRD1	chr1	16350878	16351378	16352574	+	1446	stromal	method2b_glasso	1.0	0.0	0.0
chr1:16351433-16351933	ENSG00000037637	FBXO42	chr1	16351433	16351933	16352479	-	796	stromal	method2b_glasso	1.0	0.0	0.0
chr1:16351433-16351933	ENSG00000055070	SZRD1	chr1	16351433	16351933	16352574	+	891	stromal	method2b_glasso	1.0	0.0	0.0
chr1:16352256-16352756	ENSG00000037637	FBXO42	chr1	16352256	16352756	16352479	-	27	stromal	method2b_glasso	1.0	0.0	0.0
chr1:16352256-16352756	ENSG00000055070	SZRD1	chr1	16352256	16352756	16352574	+	68	stromal	method2b_glasso	1.0	0.0	0.0
chr1:16352848-16353348	ENSG00000037637	FBXO42	chr1	16352848	16353348	16352479	-	619	stromal	method2b_glasso	1.0	0.0	0.0
chr1:16352848-16353348	ENSG00000055070	SZRD1	chr1	16352848	16353348	16352574	+	524	stromal	method2b_glasso	1.0	0.0	0.0
chr1:16354479-16354979	ENSG00000055070	SZRD1	chr1	16354479	16354979	16352574	+	2155	stromal	method2b_glasso	1.0	0.0	0.0
chr1:16440392-16440892	ENSG00000157191	NECAP2	chr1	16440392	16440892	16440720	+	78	stromal	method2b_glasso	1.0	0.0	0.0
chr1:16440936-16441436	ENSG00000157191	NECAP2	chr1	16440936	16441436	16440720	+	466	stromal	method2b_glasso	1.0	0.0	0.0
chr1:16441472-16441972	ENSG00000157191	NECAP2	chr1	16441472	16441972	16440720	+	1002	stromal	method2b_glasso	1.0	0.0	0.0
chr1:16611066-16611566	ENSG00000219481	NBPF1	chr1	16611066	16611566	16613561	-	2245	stromal	method2b_glasso	1.0	0.0	0.0
chr1:16611865-16612365	ENSG00000219481	NBPF1	chr1	16611865	16612365	16613561	-	1446	stromal	method2b_glasso	1.0	0.0	0.0
chr1:16612446-16612946	ENSG00000219481	NBPF1	chr1	16612446	16612946	16613561	-	865	stromal	method2b_glasso	1.0	0.0	0.0
chr1:16613317-16613817	ENSG00000219481	NBPF1	chr1	16613317	16613817	16613561	-	6	stromal	method2b_glasso	1.0	0.0	0.0
chr1:16614082-16614582	ENSG00000219481	NBPF1	chr1	16614082	16614582	16613561	-	771	stromal	method2b_glasso	1.0	0.0	0.0
chr1:16614673-16615173	ENSG00000219481	NBPF1	chr1	16614673	16615173	16613561	-	1362	stromal	method2b_glasso	1.0	0.0	0.0
chr1:16615326-16615826	ENSG00000219481	NBPF1	chr1	16615326	16615826	16613561	-	2015	stromal	method2b_glasso	1.0	0.0	0.0
chr1:16978614-16979114	ENSG00000117122	MFAP2	chr1	16978614	16979114	16980631	-	1767	stromal	method2b_glasso	1.0	0.0	0.0
chr1:16979306-16979806	ENSG00000117122	MFAP2	chr1	16979306	16979806	16980631	-	1075	stromal	method2b_glasso	1.0	0.0	0.0
chr1:16979885-16980385	ENSG00000117122	MFAP2	chr1	16979885	16980385	16980631	-	496	stromal	method2b_glasso	1.0	0.0	0.0
chr1:16980433-16980933	ENSG00000117122	MFAP2	chr1	16980433	16980933	16980631	-	52	stromal	method2b_glasso	1.0	0.0	0.0
chr1:16981511-16982011	ENSG00000117122	MFAP2	chr1	16981511	16982011	16980631	-	1130	stromal	method2b_glasso	1.0	0.0	0.0
chr1:17009557-17010057	ENSG00000159363	ATP13A2	chr1	17009557	17010057	17011927	-	2120	stromal	method2b_glasso	1.0	0.0	0.0
chr1:17009557-17010057	ENSG00000288636	ENSG00000288636	chr1	17009557	17010057	17011756	-	1949	stromal	method2b_glasso	1.0	0.0	0.0
chr1:17010589-17011089	ENSG00000159363	ATP13A2	chr1	17010589	17011089	17011927	-	1088	stromal	method2b_glasso	1.0	0.0	0.0
chr1:17010589-17011089	ENSG00000288636	ENSG00000288636	chr1	17010589	17011089	17011756	-	917	stromal	method2b_glasso	1.0	0.0	0.0
chr1:17011184-17011684	ENSG00000159363	ATP13A2	chr1	17011184	17011684	17011927	-	493	stromal	method2b_glasso	1.0	0.0	0.0
chr1:17011184-17011684	ENSG00000288636	ENSG00000288636	chr1	17011184	17011684	17011756	-	322	stromal	method2b_glasso	1.0	0.0	0.0
chr1:17011731-17012231	ENSG00000159363	ATP13A2	chr1	17011731	17012231	17011927	-	54	stromal	method2b_glasso	1.0	0.0	0.0
chr1:17011731-17012231	ENSG00000288636	ENSG00000288636	chr1	17011731	17012231	17011756	-	225	stromal	method2b_glasso	1.0	0.0	0.0
chr1:17053278-17053778	ENSG00000117118	SDHB	chr1	17053278	17053778	17054031	-	503	stromal	method2b_glasso	1.0	0.0	0.0
chr1:17053895-17054395	ENSG00000117118	SDHB	chr1	17053895	17054395	17054031	-	114	stromal	method2b_glasso	1.0	0.0	0.0
chr1:17054467-17054967	ENSG00000117118	SDHB	chr1	17054467	17054967	17054031	-	686	stromal	method2b_glasso	1.0	0.0	0.0
chr1:17055063-17055563	ENSG00000117118	SDHB	chr1	17055063	17055563	17054031	-	1282	stromal	method2b_glasso	1.0	0.0	0.0
chr1:17055690-17056190	ENSG00000117118	SDHB	chr1	17055690	17056190	17054031	-	1909	stromal	method2b_glasso	1.0	0.0	0.0
chr1:17118723-17119223	ENSG00000117115	PADI2	chr1	17118723	17119223	17119450	-	477	stromal	method2b_glasso	1.0	0.0	0.0
chr1:17119245-17119745	ENSG00000117115	PADI2	chr1	17119245	17119745	17119450	-	45	stromal	method2b_glasso	1.0	0.0	0.0
chr1:17250506-17251006	ENSG00000142619	PADI3	chr1	17250506	17251006	17249097	+	1659	stromal	method2b_glasso	1.0	0.0	0.0
chr1:17437447-17437947	ENSG00000179051	RCC2	chr1	17437447	17437947	17439676	-	1979	stromal	method2b_glasso	1.0	0.0	0.0
chr1:17438482-17438982	ENSG00000179051	RCC2	chr1	17438482	17438982	17439676	-	944	stromal	method2b_glasso	1.0	0.0	0.0
chr1:17439023-17439523	ENSG00000179051	RCC2	chr1	17439023	17439523	17439676	-	403	stromal	method2b_glasso	1.0	0.0	0.0
chr1:17439572-17440072	ENSG00000179051	RCC2	chr1	17439572	17440072	17439676	-	146	stromal	method2b_glasso	1.0	0.0	0.0
chr1:17440345-17440845	ENSG00000179051	RCC2	chr1	17440345	17440845	17439676	-	919	stromal	method2b_glasso	1.0	0.0	0.0
chr1:17440886-17441386	ENSG00000179051	RCC2	chr1	17440886	17441386	17439676	-	1460	stromal	method2b_glasso	1.0	0.0	0.0
chr1:17537339-17537839	ENSG00000074964	ARHGEF10L	chr1	17537339	17537839	17539697	+	2108	stromal	method2b_glasso	1.0	0.0	0.0
chr1:17537938-17538438	ENSG00000074964	ARHGEF10L	chr1	17537938	17538438	17539697	+	1509	stromal	method2b_glasso	1.0	0.0	0.0
chr1:17538916-17539416	ENSG00000074964	ARHGEF10L	chr1	17538916	17539416	17539697	+	531	stromal	method2b_glasso	1.0	0.0	0.0
chr1:17539463-17539963	ENSG00000074964	ARHGEF10L	chr1	17539463	17539963	17539697	+	16	stromal	method2b_glasso	1.0	0.0	0.0
chr1:17540183-17540683	ENSG00000074964	ARHGEF10L	chr1	17540183	17540683	17539697	+	736	stromal	method2b_glasso	1.0	0.0	0.0
chr1:17540953-17541453	ENSG00000074964	ARHGEF10L	chr1	17540953	17541453	17539697	+	1506	stromal	method2b_glasso	1.0	0.0	0.0
chr1:18100463-18100963	ENSG00000117154	IGSF21	chr1	18100463	18100963	18107797	+	7084	stromal	method2b_glasso	0.08186537772417068	0.00012367161980364472	0.005252402741461992
chr1:18104703-18105203	ENSG00000117154	IGSF21	chr1	18104703	18105203	18107797	+	2844	stromal	method2b_glasso	0.0834307074546814	9.373997454531491e-05	0.0041090999729931355
chr1:18107601-18108101	ENSG00000117154	IGSF21	chr1	18107601	18108101	18107797	+	54	stromal	method2b_glasso	1.0	0.0	0.0
chr1:18109009-18109509	ENSG00000117154	IGSF21	chr1	18109009	18109509	18107797	+	1462	stromal	method2b_glasso	1.0	0.0	0.0
chr1:18109907-18110407	ENSG00000117154	IGSF21	chr1	18109907	18110407	18107797	+	2360	stromal	method2b_glasso	0.19038376212120056	4.441927215775563e-18	1.0274871756779614e-15
chr1:18131956-18132456	ENSG00000117154	IGSF21	chr1	18131956	18132456	18107797	+	24409	stromal	method2b_glasso	0.06616998463869095	0.0015351694310083985	0.04763898625969887
chr1:18132612-18133112	ENSG00000117154	IGSF21	chr1	18132612	18133112	18107797	+	25065	stromal	method2b_glasso	0.07547719031572342	0.0003648739366326481	0.013671488501131535
chr1:18464507-18465007	ENSG00000179023	KLHDC7A	chr1	18464507	18465007	18480929	+	16172	stromal	method2b_glasso	0.08130073547363281	0.00013651368499267846	0.005737719591706991
chr1:18480279-18480779	ENSG00000179023	KLHDC7A	chr1	18480279	18480779	18480929	+	400	stromal	method2b_glasso	1.0	0.0	0.0
chr1:18867834-18868334	ENSG00000159423	ALDH4A1	chr1	18867834	18868334	18902723	-	34639	stromal	method2b_glasso	0.07816144824028015	0.00023380617494694889	0.009247013367712498
chr1:18875158-18875658	ENSG00000159423	ALDH4A1	chr1	18875158	18875658	18902723	-	27315	stromal	method2b_glasso	0.08308017253875732	9.97822789940983e-05	0.004346308298408985
chr1:18884069-18884569	ENSG00000159423	ALDH4A1	chr1	18884069	18884569	18902723	-	18404	stromal	method2b_glasso	0.07196419686079025	0.0006398340919986367	0.022316928952932358
chr1:18894438-18894938	ENSG00000159423	ALDH4A1	chr1	18894438	18894938	18902723	-	8035	stromal	method2b_glasso	0.13328443467617035	1.0909649850177061e-09	1.1358778806425107e-07
chr1:18900442-18900942	ENSG00000159423	ALDH4A1	chr1	18900442	18900942	18902723	-	2031	stromal	method2b_glasso	1.0	0.0	0.0
chr1:18901918-18902418	ENSG00000159423	ALDH4A1	chr1	18901918	18902418	18902723	-	555	stromal	method2b_glasso	1.0	0.0	0.0
chr1:18902609-18903109	ENSG00000159423	ALDH4A1	chr1	18902609	18903109	18902723	-	136	stromal	method2b_glasso	1.0	0.0	0.0
chr1:18903164-18903664	ENSG00000159423	ALDH4A1	chr1	18903164	18903664	18902723	-	691	stromal	method2b_glasso	1.0	0.0	0.0
chr1:18904440-18904940	ENSG00000159423	ALDH4A1	chr1	18904440	18904940	18902723	-	1967	stromal	method2b_glasso	1.0	0.0	0.0
chr1:18906234-18906734	ENSG00000159423	ALDH4A1	chr1	18906234	18906734	18902723	-	3761	stromal	method2b_glasso	0.08413828164339066	8.257511944975704e-05	0.003669978119432926
chr1:18906882-18907382	ENSG00000159423	ALDH4A1	chr1	18906882	18907382	18902723	-	4409	stromal	method2b_glasso	0.09781569987535477	5.873583631910151e-06	0.00033692922443151474
chr1:18908405-18908905	ENSG00000159423	ALDH4A1	chr1	18908405	18908905	18902723	-	5932	stromal	method2b_glasso	0.07778653502464294	0.00024900789139792323	0.009773792698979378
chr1:18913038-18913538	ENSG00000159423	ALDH4A1	chr1	18913038	18913538	18902723	-	10565	stromal	method2b_glasso	0.20021069049835205	7.850028669894049e-20	2.072870774485422e-17
chr1:18954491-18954991	ENSG00000169991	IFFO2	chr1	18954491	18954991	18956675	-	1934	stromal	method2b_glasso	1.0	0.0	0.0
chr1:18955409-18955909	ENSG00000169991	IFFO2	chr1	18955409	18955909	18956675	-	1016	stromal	method2b_glasso	1.0	0.0	0.0
chr1:18955921-18956421	ENSG00000169991	IFFO2	chr1	18955921	18956421	18956675	-	504	stromal	method2b_glasso	1.0	0.0	0.0
chr1:18956592-18957092	ENSG00000169991	IFFO2	chr1	18956592	18957092	18956675	-	167	stromal	method2b_glasso	1.0	0.0	0.0
chr1:18957221-18957721	ENSG00000169991	IFFO2	chr1	18957221	18957721	18956675	-	796	stromal	method2b_glasso	1.0	0.0	0.0
chr1:18958229-18958729	ENSG00000169991	IFFO2	chr1	18958229	18958729	18956675	-	1804	stromal	method2b_glasso	1.0	0.0	0.0
chr1:19208533-19209033	ENSG00000127481	UBR4	chr1	19208533	19209033	19210265	-	1482	stromal	method2b_glasso	1.0	0.0	0.0
chr1:19209524-19210024	ENSG00000127481	UBR4	chr1	19209524	19210024	19210265	-	491	stromal	method2b_glasso	1.0	0.0	0.0
chr1:19210081-19210581	ENSG00000127481	UBR4	chr1	19210081	19210581	19210265	-	66	stromal	method2b_glasso	1.0	0.0	0.0
chr1:19211101-19211601	ENSG00000127481	UBR4	chr1	19211101	19211601	19210265	-	1086	stromal	method2b_glasso	1.0	0.0	0.0
chr1:19251301-19251801	ENSG00000053372	MRTO4	chr1	19251301	19251801	19251804	+	253	stromal	method2b_glasso	1.0	0.0	0.0
chr1:19251301-19251801	ENSG00000127463	EMC1	chr1	19251301	19251801	19251551	-	0	stromal	method2b_glasso	1.0	0.0	0.0
chr1:19251877-19252377	ENSG00000053372	MRTO4	chr1	19251877	19252377	19251804	+	323	stromal	method2b_glasso	1.0	0.0	0.0
chr1:19251877-19252377	ENSG00000127463	EMC1	chr1	19251877	19252377	19251551	-	576	stromal	method2b_glasso	1.0	0.0	0.0
chr1:19273264-19273764	ENSG00000211454	AKR7L	chr1	19273264	19273764	19274193	-	679	stromal	method2b_glasso	1.0	0.0	0.0
chr1:19273931-19274431	ENSG00000211454	AKR7L	chr1	19273931	19274431	19274193	-	12	stromal	method2b_glasso	1.0	0.0	0.0
chr1:19287143-19287643	ENSG00000162482	AKR7A3	chr1	19287143	19287643	19288769	-	1376	stromal	method2b_glasso	1.0	0.0	0.0
chr1:19287717-19288217	ENSG00000162482	AKR7A3	chr1	19287717	19288217	19288769	-	802	stromal	method2b_glasso	1.0	0.0	0.0
chr1:19288255-19288755	ENSG00000162482	AKR7A3	chr1	19288255	19288755	19288769	-	264	stromal	method2b_glasso	1.0	0.0	0.0
chr1:19288829-19289329	ENSG00000162482	AKR7A3	chr1	19288829	19289329	19288769	-	310	stromal	method2b_glasso	1.0	0.0	0.0
chr1:19310062-19310562	ENSG00000040487	SLC66A1	chr1	19310062	19310562	19312325	+	2013	stromal	method2b_glasso	1.0	0.0	0.0
chr1:19310062-19310562	ENSG00000053371	AKR7A2	chr1	19310062	19310562	19312143	-	1831	stromal	method2b_glasso	1.0	0.0	0.0
chr1:19311058-19311558	ENSG00000040487	SLC66A1	chr1	19311058	19311558	19312325	+	1017	stromal	method2b_glasso	1.0	0.0	0.0
chr1:19311058-19311558	ENSG00000053371	AKR7A2	chr1	19311058	19311558	19312143	-	835	stromal	method2b_glasso	1.0	0.0	0.0
chr1:19311899-19312399	ENSG00000040487	SLC66A1	chr1	19311899	19312399	19312325	+	176	stromal	method2b_glasso	1.0	0.0	0.0
chr1:19311899-19312399	ENSG00000053371	AKR7A2	chr1	19311899	19312399	19312143	-	6	stromal	method2b_glasso	1.0	0.0	0.0
chr1:19312509-19313009	ENSG00000040487	SLC66A1	chr1	19312509	19313009	19312325	+	434	stromal	method2b_glasso	1.0	0.0	0.0
chr1:19312509-19313009	ENSG00000053371	AKR7A2	chr1	19312509	19313009	19312143	-	616	stromal	method2b_glasso	1.0	0.0	0.0
chr1:19313262-19313762	ENSG00000040487	SLC66A1	chr1	19313262	19313762	19312325	+	1187	stromal	method2b_glasso	1.0	0.0	0.0
chr1:19313262-19313762	ENSG00000053371	AKR7A2	chr1	19313262	19313762	19312143	-	1369	stromal	method2b_glasso	1.0	0.0	0.0
chr1:19313833-19314333	ENSG00000040487	SLC66A1	chr1	19313833	19314333	19312325	+	1758	stromal	method2b_glasso	1.0	0.0	0.0
chr1:19313833-19314333	ENSG00000053371	AKR7A2	chr1	19313833	19314333	19312143	-	1940	stromal	method2b_glasso	1.0	0.0	0.0
chr1:19482237-19482737	ENSG00000173436	MICOS10	chr1	19482237	19482737	19484402	+	1915	stromal	method2b_glasso	1.0	0.0	0.0
chr1:19483156-19483656	ENSG00000077549	CAPZB	chr1	19483156	19483656	19485538	-	2132	stromal	method2b_glasso	1.0	0.0	0.0
chr1:19483156-19483656	ENSG00000173436	MICOS10	chr1	19483156	19483656	19484402	+	996	stromal	method2b_glasso	1.0	0.0	0.0
chr1:19484200-19484700	ENSG00000077549	CAPZB	chr1	19484200	19484700	19485538	-	1088	stromal	method2b_glasso	1.0	0.0	0.0
chr1:19484200-19484700	ENSG00000173436	MICOS10	chr1	19484200	19484700	19484402	+	48	stromal	method2b_glasso	1.0	0.0	0.0
chr1:19484737-19485237	ENSG00000077549	CAPZB	chr1	19484737	19485237	19485538	-	551	stromal	method2b_glasso	1.0	0.0	0.0
chr1:19484737-19485237	ENSG00000173436	MICOS10	chr1	19484737	19485237	19484402	+	585	stromal	method2b_glasso	1.0	0.0	0.0
chr1:19485368-19485868	ENSG00000077549	CAPZB	chr1	19485368	19485868	19485538	-	80	stromal	method2b_glasso	1.0	0.0	0.0
chr1:19485368-19485868	ENSG00000173436	MICOS10	chr1	19485368	19485868	19484402	+	1216	stromal	method2b_glasso	1.0	0.0	0.0
chr1:19486155-19486655	ENSG00000077549	CAPZB	chr1	19486155	19486655	19485538	-	867	stromal	method2b_glasso	1.0	0.0	0.0
chr1:19486155-19486655	ENSG00000173436	MICOS10	chr1	19486155	19486655	19484402	+	2003	stromal	method2b_glasso	1.0	0.0	0.0
chr1:19486679-19487179	ENSG00000077549	CAPZB	chr1	19486679	19487179	19485538	-	1391	stromal	method2b_glasso	1.0	0.0	0.0
chr1:19595619-19596119	ENSG00000158747	NBL1	chr1	19595619	19596119	19596978	+	1109	stromal	method2b_glasso	1.0	0.0	0.0
chr1:19595619-19596119	ENSG00000270136	MICOS10-NBL1	chr1	19595619	19596119	19597066	+	1197	stromal	method2b_glasso	1.0	0.0	0.0
chr1:19596158-19596658	ENSG00000158747	NBL1	chr1	19596158	19596658	19596978	+	570	stromal	method2b_glasso	1.0	0.0	0.0
chr1:19596158-19596658	ENSG00000270136	MICOS10-NBL1	chr1	19596158	19596658	19597066	+	658	stromal	method2b_glasso	1.0	0.0	0.0
chr1:19596716-19597216	ENSG00000158747	NBL1	chr1	19596716	19597216	19596978	+	12	stromal	method2b_glasso	1.0	0.0	0.0
chr1:19596716-19597216	ENSG00000270136	MICOS10-NBL1	chr1	19596716	19597216	19597066	+	100	stromal	method2b_glasso	1.0	0.0	0.0
chr1:19597262-19597762	ENSG00000158747	NBL1	chr1	19597262	19597762	19596978	+	534	stromal	method2b_glasso	1.0	0.0	0.0
chr1:19597262-19597762	ENSG00000270136	MICOS10-NBL1	chr1	19597262	19597762	19597066	+	446	stromal	method2b_glasso	1.0	0.0	0.0
chr1:19598290-19598790	ENSG00000158747	NBL1	chr1	19598290	19598790	19596978	+	1562	stromal	method2b_glasso	1.0	0.0	0.0
chr1:19598290-19598790	ENSG00000270136	MICOS10-NBL1	chr1	19598290	19598790	19597066	+	1474	stromal	method2b_glasso	1.0	0.0	0.0
chr1:19663624-19664124	ENSG00000158748	HTR6	chr1	19663624	19664124	19664874	+	1000	stromal	method2b_glasso	1.0	0.0	0.0
chr1:19664580-19665080	ENSG00000158748	HTR6	chr1	19664580	19665080	19664874	+	44	stromal	method2b_glasso	1.0	0.0	0.0
chr1:19665667-19666167	ENSG00000158748	HTR6	chr1	19665667	19666167	19664874	+	1043	stromal	method2b_glasso	1.0	0.0	0.0
chr1:19666211-19666711	ENSG00000158748	HTR6	chr1	19666211	19666711	19664874	+	1587	stromal	method2b_glasso	1.0	0.0	0.0
chr1:19666743-19667243	ENSG00000158748	HTR6	chr1	19666743	19667243	19664874	+	2119	stromal	method2b_glasso	1.0	0.0	0.0
chr1:19798448-19798948	ENSG00000162542	TMCO4	chr1	19798448	19798948	19799944	-	1246	stromal	method2b_glasso	1.0	0.0	0.0
chr1:19799158-19799658	ENSG00000162542	TMCO4	chr1	19799158	19799658	19799944	-	536	stromal	method2b_glasso	1.0	0.0	0.0
chr1:19799729-19800229	ENSG00000162542	TMCO4	chr1	19799729	19800229	19799944	-	35	stromal	method2b_glasso	1.0	0.0	0.0
chr1:19800246-19800746	ENSG00000162542	TMCO4	chr1	19800246	19800746	19799944	-	552	stromal	method2b_glasso	1.0	0.0	0.0
chr1:19814586-19815086	ENSG00000178828	RNF186	chr1	19814586	19815086	19815282	-	446	stromal	method2b_glasso	1.0	0.0	0.0
chr1:19815932-19816432	ENSG00000178828	RNF186	chr1	19815932	19816432	19815282	-	900	stromal	method2b_glasso	1.0	0.0	0.0
chr1:19881548-19882048	ENSG00000169914	OTUD3	chr1	19881548	19882048	19882394	+	596	stromal	method2b_glasso	1.0	0.0	0.0
chr1:19882098-19882598	ENSG00000169914	OTUD3	chr1	19882098	19882598	19882394	+	46	stromal	method2b_glasso	1.0	0.0	0.0
chr1:19882744-19883244	ENSG00000169914	OTUD3	chr1	19882744	19883244	19882394	+	600	stromal	method2b_glasso	1.0	0.0	0.0
chr1:19922977-19923477	ENSG00000188784	PLA2G2E	chr1	19922977	19923477	19923616	-	389	stromal	method2b_glasso	1.0	0.0	0.0
chr1:19978918-19979418	ENSG00000188257	PLA2G2A	chr1	19978918	19979418	19980415	-	1247	stromal	method2b_glasso	1.0	0.0	0.0
chr1:19979433-19979933	ENSG00000188257	PLA2G2A	chr1	19979433	19979933	19980415	-	732	stromal	method2b_glasso	1.0	0.0	0.0
chr1:19980183-19980683	ENSG00000188257	PLA2G2A	chr1	19980183	19980683	19980415	-	18	stromal	method2b_glasso	1.0	0.0	0.0
chr1:19981323-19981823	ENSG00000188257	PLA2G2A	chr1	19981323	19981823	19980415	-	1158	stromal	method2b_glasso	1.0	0.0	0.0
chr1:19982317-19982817	ENSG00000188257	PLA2G2A	chr1	19982317	19982817	19980415	-	2152	stromal	method2b_glasso	1.0	0.0	0.0
chr1:20139908-20140408	ENSG00000158786	PLA2G2F	chr1	20139908	20140408	20139322	+	836	stromal	method2b_glasso	1.0	0.0	0.0
chr1:20183879-20184379	ENSG00000162543	UBXN10	chr1	20183879	20184379	20186095	+	1966	stromal	method2b_glasso	1.0	0.0	0.0
chr1:20184660-20185160	ENSG00000162543	UBXN10	chr1	20184660	20185160	20186095	+	1185	stromal	method2b_glasso	1.0	0.0	0.0
chr1:20184660-20185160	ENSG00000187980	PLA2G2C	chr1	20184660	20185160	20186517	-	1607	stromal	method2b_glasso	1.0	0.0	0.0
chr1:20185328-20185828	ENSG00000162543	UBXN10	chr1	20185328	20185828	20186095	+	517	stromal	method2b_glasso	1.0	0.0	0.0
chr1:20185328-20185828	ENSG00000187980	PLA2G2C	chr1	20185328	20185828	20186517	-	939	stromal	method2b_glasso	1.0	0.0	0.0
chr1:20185847-20186347	ENSG00000162543	UBXN10	chr1	20185847	20186347	20186095	+	2	stromal	method2b_glasso	1.0	0.0	0.0
chr1:20185847-20186347	ENSG00000187980	PLA2G2C	chr1	20185847	20186347	20186517	-	420	stromal	method2b_glasso	1.0	0.0	0.0
chr1:20186383-20186883	ENSG00000162543	UBXN10	chr1	20186383	20186883	20186095	+	538	stromal	method2b_glasso	1.0	0.0	0.0
chr1:20186383-20186883	ENSG00000187980	PLA2G2C	chr1	20186383	20186883	20186517	-	116	stromal	method2b_glasso	1.0	0.0	0.0
chr1:20187080-20187580	ENSG00000162543	UBXN10	chr1	20187080	20187580	20186095	+	1235	stromal	method2b_glasso	1.0	0.0	0.0
chr1:20187080-20187580	ENSG00000187980	PLA2G2C	chr1	20187080	20187580	20186517	-	813	stromal	method2b_glasso	1.0	0.0	0.0
chr1:20187720-20188220	ENSG00000162543	UBXN10	chr1	20187720	20188220	20186095	+	1875	stromal	method2b_glasso	1.0	0.0	0.0
chr1:20187720-20188220	ENSG00000187980	PLA2G2C	chr1	20187720	20188220	20186517	-	1453	stromal	method2b_glasso	1.0	0.0	0.0
chr1:20483989-20484489	ENSG00000162545	CAMK2N1	chr1	20483989	20484489	20486209	-	1970	stromal	method2b_glasso	1.0	0.0	0.0
chr1:20484514-20485014	ENSG00000162545	CAMK2N1	chr1	20484514	20485014	20486209	-	1445	stromal	method2b_glasso	1.0	0.0	0.0
chr1:20485457-20485957	ENSG00000162545	CAMK2N1	chr1	20485457	20485957	20486209	-	502	stromal	method2b_glasso	1.0	0.0	0.0
chr1:20486055-20486555	ENSG00000162545	CAMK2N1	chr1	20486055	20486555	20486209	-	96	stromal	method2b_glasso	1.0	0.0	0.0
chr1:20486564-20487064	ENSG00000162545	CAMK2N1	chr1	20486564	20487064	20486209	-	605	stromal	method2b_glasso	1.0	0.0	0.0
chr1:20487414-20487914	ENSG00000162545	CAMK2N1	chr1	20487414	20487914	20486209	-	1455	stromal	method2b_glasso	1.0	0.0	0.0
chr1:20507139-20507639	ENSG00000090432	MUL1	chr1	20507139	20507639	20508150	-	761	stromal	method2b_glasso	1.0	0.0	0.0
chr1:20507906-20508406	ENSG00000090432	MUL1	chr1	20507906	20508406	20508150	-	6	stromal	method2b_glasso	1.0	0.0	0.0
chr1:20550496-20550996	ENSG00000183114	FAM43B	chr1	20550496	20550996	20552572	+	1826	stromal	method2b_glasso	1.0	0.0	0.0
chr1:20551120-20551620	ENSG00000183114	FAM43B	chr1	20551120	20551620	20552572	+	1202	stromal	method2b_glasso	1.0	0.0	0.0
chr1:20552234-20552734	ENSG00000183114	FAM43B	chr1	20552234	20552734	20552572	+	88	stromal	method2b_glasso	1.0	0.0	0.0
chr1:20553303-20553803	ENSG00000183114	FAM43B	chr1	20553303	20553803	20552572	+	981	stromal	method2b_glasso	1.0	0.0	0.0
chr1:20554222-20554722	ENSG00000183114	FAM43B	chr1	20554222	20554722	20552572	+	1900	stromal	method2b_glasso	1.0	0.0	0.0
chr1:20587022-20587522	ENSG00000158825	CDA	chr1	20587022	20587522	20589085	+	1813	stromal	method2b_glasso	1.0	0.0	0.0
chr1:20587525-20588025	ENSG00000158825	CDA	chr1	20587525	20588025	20589085	+	1310	stromal	method2b_glasso	1.0	0.0	0.0
chr1:20588071-20588571	ENSG00000158825	CDA	chr1	20588071	20588571	20589085	+	764	stromal	method2b_glasso	1.0	0.0	0.0
chr1:20588803-20589303	ENSG00000158825	CDA	chr1	20588803	20589303	20589085	+	32	stromal	method2b_glasso	1.0	0.0	0.0
chr1:20589565-20590065	ENSG00000158825	CDA	chr1	20589565	20590065	20589085	+	730	stromal	method2b_glasso	1.0	0.0	0.0
chr1:20590312-20590812	ENSG00000158825	CDA	chr1	20590312	20590812	20589085	+	1477	stromal	method2b_glasso	1.0	0.0	0.0
chr1:20632580-20633080	ENSG00000158828	PINK1	chr1	20632580	20633080	20633457	+	627	stromal	method2b_glasso	1.0	0.0	0.0
chr1:20633195-20633695	ENSG00000158828	PINK1	chr1	20633195	20633695	20633457	+	12	stromal	method2b_glasso	1.0	0.0	0.0
chr1:20633732-20634232	ENSG00000158828	PINK1	chr1	20633732	20634232	20633457	+	525	stromal	method2b_glasso	1.0	0.0	0.0
chr1:20634389-20634889	ENSG00000158828	PINK1	chr1	20634389	20634889	20633457	+	1182	stromal	method2b_glasso	1.0	0.0	0.0
chr1:20660800-20661300	ENSG00000244038	DDOST	chr1	20660800	20661300	20661543	-	493	stromal	method2b_glasso	1.0	0.0	0.0
chr1:20661365-20661865	ENSG00000244038	DDOST	chr1	20661365	20661865	20661543	-	72	stromal	method2b_glasso	1.0	0.0	0.0
chr1:20661969-20662469	ENSG00000244038	DDOST	chr1	20661969	20662469	20661543	-	676	stromal	method2b_glasso	1.0	0.0	0.0
chr1:20717190-20717690	ENSG00000117245	KIF17	chr1	20717190	20717690	20718016	-	576	stromal	method2b_glasso	1.0	0.0	0.0
chr1:20717817-20718317	ENSG00000117245	KIF17	chr1	20717817	20718317	20718016	-	51	stromal	method2b_glasso	1.0	0.0	0.0
chr1:20730765-20731265	ENSG00000189410	SH2D5	chr1	20730765	20731265	20732836	-	1821	stromal	method2b_glasso	1.0	0.0	0.0
chr1:20731436-20731936	ENSG00000189410	SH2D5	chr1	20731436	20731936	20732836	-	1150	stromal	method2b_glasso	1.0	0.0	0.0
chr1:20731991-20732491	ENSG00000189410	SH2D5	chr1	20731991	20732491	20732836	-	595	stromal	method2b_glasso	1.0	0.0	0.0
chr1:20732945-20733445	ENSG00000189410	SH2D5	chr1	20732945	20733445	20732836	-	359	stromal	method2b_glasso	1.0	0.0	0.0
chr1:20733566-20734066	ENSG00000189410	SH2D5	chr1	20733566	20734066	20732836	-	980	stromal	method2b_glasso	1.0	0.0	0.0
chr1:20785246-20785746	ENSG00000127483	HP1BP3	chr1	20785246	20785746	20787322	-	1826	stromal	method2b_glasso	1.0	0.0	0.0
chr1:20785854-20786354	ENSG00000127483	HP1BP3	chr1	20785854	20786354	20787322	-	1218	stromal	method2b_glasso	1.0	0.0	0.0
chr1:20786553-20787053	ENSG00000127483	HP1BP3	chr1	20786553	20787053	20787322	-	519	stromal	method2b_glasso	1.0	0.0	0.0
chr1:20787103-20787603	ENSG00000127483	HP1BP3	chr1	20787103	20787603	20787322	-	31	stromal	method2b_glasso	1.0	0.0	0.0
chr1:20787803-20788303	ENSG00000127483	HP1BP3	chr1	20787803	20788303	20787322	-	731	stromal	method2b_glasso	1.0	0.0	0.0
chr1:21175266-21175766	ENSG00000075151	EIF4G3	chr1	21175266	21175766	21177284	-	1768	stromal	method2b_glasso	1.0	0.0	0.0
chr1:21176026-21176526	ENSG00000075151	EIF4G3	chr1	21176026	21176526	21177284	-	1008	stromal	method2b_glasso	1.0	0.0	0.0
chr1:21176739-21177239	ENSG00000075151	EIF4G3	chr1	21176739	21177239	21177284	-	295	stromal	method2b_glasso	1.0	0.0	0.0
chr1:21177610-21178110	ENSG00000075151	EIF4G3	chr1	21177610	21178110	21177284	-	576	stromal	method2b_glasso	1.0	0.0	0.0
chr1:21343742-21344242	ENSG00000117298	ECE1	chr1	21343742	21344242	21345571	-	1579	stromal	method2b_glasso	1.0	0.0	0.0
chr1:21344610-21345110	ENSG00000117298	ECE1	chr1	21344610	21345110	21345571	-	711	stromal	method2b_glasso	1.0	0.0	0.0
chr1:21345326-21345826	ENSG00000117298	ECE1	chr1	21345326	21345826	21345571	-	5	stromal	method2b_glasso	1.0	0.0	0.0
chr1:21345983-21346483	ENSG00000117298	ECE1	chr1	21345983	21346483	21345571	-	662	stromal	method2b_glasso	1.0	0.0	0.0
chr1:21346948-21347448	ENSG00000117298	ECE1	chr1	21346948	21347448	21345571	-	1627	stromal	method2b_glasso	1.0	0.0	0.0
chr1:21438170-21438670	ENSG00000142794	NBPF3	chr1	21438170	21438670	21440127	+	1707	stromal	method2b_glasso	1.0	0.0	0.0
chr1:21439846-21440346	ENSG00000142794	NBPF3	chr1	21439846	21440346	21440127	+	31	stromal	method2b_glasso	1.0	0.0	0.0
chr1:21440427-21440927	ENSG00000142794	NBPF3	chr1	21440427	21440927	21440127	+	550	stromal	method2b_glasso	1.0	0.0	0.0
