peak_id	gene_id	gene_name	chrom	peak_start	peak_end	tss_pos	strand	distance_bp	compartment	method	score	rE2G_probability	rE2G_binary
chr1:819819-820319	ENSG00000187583	PLEKHN1	chr1	819819	820319	966481	+	146412	epithelial	method5_re2g	0.23033462819236783	0.23033462819236783	1
chr1:819819-820319	ENSG00000187634	SAMD11	chr1	819819	820319	923922	+	103853	epithelial	method5_re2g	0.9917451731957545	0.9917451731957545	1
chr1:819819-820319	ENSG00000187961	KLHL17	chr1	819819	820319	960583	+	140514	epithelial	method5_re2g	0.38556866636689807	0.38556866636689807	1
chr1:819819-820319	ENSG00000188976	NOC2L	chr1	819819	820319	959308	-	139239	epithelial	method5_re2g	0.9936047464937163	0.9936047464937163	1
chr1:819819-820319	ENSG00000284662	OR4F16	chr1	819819	820319	686653	-	133416	epithelial	method5_re2g	0.8995701082044666	0.8995701082044666	1
chr1:819819-820319	ENSG00000284733	OR4F29	chr1	819819	820319	451677	-	368392	epithelial	method5_re2g	0.8708657630710627	0.8708657630710627	1
chr1:820554-821054	ENSG00000187583	PLEKHN1	chr1	820554	821054	966481	+	145677	epithelial	method5_re2g	0.22859015183564527	0.22859015183564527	1
chr1:820554-821054	ENSG00000187634	SAMD11	chr1	820554	821054	923922	+	103118	epithelial	method5_re2g	0.9915546286869541	0.9915546286869541	1
chr1:820554-821054	ENSG00000187961	KLHL17	chr1	820554	821054	960583	+	139779	epithelial	method5_re2g	0.3830466678412609	0.3830466678412609	1
chr1:820554-821054	ENSG00000188976	NOC2L	chr1	820554	821054	959308	-	138504	epithelial	method5_re2g	0.9935343297646057	0.9935343297646057	1
chr1:820554-821054	ENSG00000284662	OR4F16	chr1	820554	821054	686653	-	134151	epithelial	method5_re2g	0.9984655155241228	0.9984655155241228	1
chr1:820554-821054	ENSG00000284733	OR4F29	chr1	820554	821054	451677	-	369127	epithelial	method5_re2g	0.9978504348681757	0.9978504348681757	1
chr1:821133-821633	ENSG00000187583	PLEKHN1	chr1	821133	821633	966481	+	145098	epithelial	method5_re2g	0.22970045452097212	0.22970045452097212	1
chr1:821133-821633	ENSG00000187634	SAMD11	chr1	821133	821633	923922	+	102539	epithelial	method5_re2g	0.9915788847328728	0.9915788847328728	1
chr1:821133-821633	ENSG00000187961	KLHL17	chr1	821133	821633	960583	+	139200	epithelial	method5_re2g	0.3844228142517537	0.3844228142517537	1
chr1:821133-821633	ENSG00000188976	NOC2L	chr1	821133	821633	959308	-	137925	epithelial	method5_re2g	0.9935698808671167	0.9935698808671167	1
chr1:821133-821633	ENSG00000284662	OR4F16	chr1	821133	821633	686653	-	134730	epithelial	method5_re2g	0.9992359292713925	0.9992359292713925	1
chr1:821133-821633	ENSG00000284733	OR4F29	chr1	821133	821633	451677	-	369706	epithelial	method5_re2g	0.9990593309562418	0.9990593309562418	1
chr1:821860-822360	ENSG00000187583	PLEKHN1	chr1	821860	822360	966481	+	144371	epithelial	method5_re2g	0.22961297958855764	0.22961297958855764	1
chr1:821860-822360	ENSG00000187634	SAMD11	chr1	821860	822360	923922	+	101812	epithelial	method5_re2g	0.9914427015700952	0.9914427015700952	1
chr1:821860-822360	ENSG00000187961	KLHL17	chr1	821860	822360	960583	+	138473	epithelial	method5_re2g	0.3840943596889097	0.3840943596889097	1
chr1:821860-822360	ENSG00000188976	NOC2L	chr1	821860	822360	959308	-	137198	epithelial	method5_re2g	0.9935584551185461	0.9935584551185461	1
chr1:821860-822360	ENSG00000284662	OR4F16	chr1	821860	822360	686653	-	135457	epithelial	method5_re2g	0.9994587732460601	0.9994587732460601	1
chr1:821860-822360	ENSG00000284733	OR4F29	chr1	821860	822360	451677	-	370433	epithelial	method5_re2g	0.9992792967927981	0.9992792967927981	1
chr1:822571-823071	ENSG00000187583	PLEKHN1	chr1	822571	823071	966481	+	143660	epithelial	method5_re2g	0.2387252998307792	0.2387252998307792	1
chr1:822571-823071	ENSG00000187634	SAMD11	chr1	822571	823071	923922	+	101101	epithelial	method5_re2g	0.9917707164007684	0.9917707164007684	1
chr1:822571-823071	ENSG00000187961	KLHL17	chr1	822571	823071	960583	+	137762	epithelial	method5_re2g	0.39600714023656003	0.39600714023656003	1
chr1:822571-823071	ENSG00000188976	NOC2L	chr1	822571	823071	959308	-	136487	epithelial	method5_re2g	0.9938689634998333	0.9938689634998333	1
chr1:822571-823071	ENSG00000284662	OR4F16	chr1	822571	823071	686653	-	136168	epithelial	method5_re2g	0.9996059047683756	0.9996059047683756	1
chr1:822571-823071	ENSG00000284733	OR4F29	chr1	822571	823071	451677	-	371144	epithelial	method5_re2g	0.9994757683242521	0.9994757683242521	1
chr1:826595-827095	ENSG00000187583	PLEKHN1	chr1	826595	827095	966481	+	139636	epithelial	method5_re2g	0.24740458425824546	0.24740458425824546	1
chr1:826595-827095	ENSG00000187634	SAMD11	chr1	826595	827095	923922	+	97077	epithelial	method5_re2g	0.9922992461657416	0.9922992461657416	1
chr1:826595-827095	ENSG00000187642	PERM1	chr1	826595	827095	982116	-	155271	epithelial	method5_re2g	0.18340661880013792	0.18340661880013792	1
chr1:826595-827095	ENSG00000187961	KLHL17	chr1	826595	827095	960583	+	133738	epithelial	method5_re2g	0.40760594188040455	0.40760594188040455	1
chr1:826595-827095	ENSG00000188976	NOC2L	chr1	826595	827095	959308	-	132463	epithelial	method5_re2g	0.9941566909371969	0.9941566909371969	1
chr1:826595-827095	ENSG00000284662	OR4F16	chr1	826595	827095	686653	-	140192	epithelial	method5_re2g	0.9997124052692498	0.9997124052692498	1
chr1:826595-827095	ENSG00000284733	OR4F29	chr1	826595	827095	451677	-	375168	epithelial	method5_re2g	0.9997178366822104	0.9997178366822104	1
chr1:827296-827796	ENSG00000187583	PLEKHN1	chr1	827296	827796	966481	+	138935	epithelial	method5_re2g	0.3807257477973712	0.3807257477973712	1
chr1:827296-827796	ENSG00000187634	SAMD11	chr1	827296	827796	923922	+	96376	epithelial	method5_re2g	0.9968922351562949	0.9968922351562949	1
chr1:827296-827796	ENSG00000187642	PERM1	chr1	827296	827796	982116	-	154570	epithelial	method5_re2g	0.28768363190174484	0.28768363190174484	1
chr1:827296-827796	ENSG00000187961	KLHL17	chr1	827296	827796	960583	+	133037	epithelial	method5_re2g	0.5655770498867158	0.5655770498867158	1
chr1:827296-827796	ENSG00000188976	NOC2L	chr1	827296	827796	959308	-	131762	epithelial	method5_re2g	0.996912903037211	0.996912903037211	1
chr1:827296-827796	ENSG00000284662	OR4F16	chr1	827296	827796	686653	-	140893	epithelial	method5_re2g	0.999960536377645	0.999960536377645	1
chr1:827296-827796	ENSG00000284733	OR4F29	chr1	827296	827796	451677	-	375869	epithelial	method5_re2g	0.99998942435531	0.99998942435531	1
chr1:829414-829914	ENSG00000187583	PLEKHN1	chr1	829414	829914	966481	+	136817	epithelial	method5_re2g	0.23928097258893624	0.23928097258893624	1
chr1:829414-829914	ENSG00000187634	SAMD11	chr1	829414	829914	923922	+	94258	epithelial	method5_re2g	0.991581639580849	0.991581639580849	1
chr1:829414-829914	ENSG00000187961	KLHL17	chr1	829414	829914	960583	+	130919	epithelial	method5_re2g	0.39650330788641597	0.39650330788641597	1
chr1:829414-829914	ENSG00000188976	NOC2L	chr1	829414	829914	959308	-	129644	epithelial	method5_re2g	0.9938765345390573	0.9938765345390573	1
chr1:829414-829914	ENSG00000284662	OR4F16	chr1	829414	829914	686653	-	143011	epithelial	method5_re2g	0.9997407487655318	0.9997407487655318	1
chr1:829414-829914	ENSG00000284733	OR4F29	chr1	829414	829914	451677	-	377987	epithelial	method5_re2g	0.9996321464691564	0.9996321464691564	1
chr1:832063-832563	ENSG00000187583	PLEKHN1	chr1	832063	832563	966481	+	134168	epithelial	method5_re2g	0.23682918599799746	0.23682918599799746	1
chr1:832063-832563	ENSG00000187634	SAMD11	chr1	832063	832563	923922	+	91609	epithelial	method5_re2g	0.9913064465604006	0.9913064465604006	1
chr1:832063-832563	ENSG00000187961	KLHL17	chr1	832063	832563	960583	+	128270	epithelial	method5_re2g	0.39312494247119484	0.39312494247119484	1
chr1:832063-832563	ENSG00000188976	NOC2L	chr1	832063	832563	959308	-	126995	epithelial	method5_re2g	0.9937875513451817	0.9937875513451817	1
chr1:832063-832563	ENSG00000284662	OR4F16	chr1	832063	832563	686653	-	145660	epithelial	method5_re2g	0.9997442110657377	0.9997442110657377	1
chr1:832063-832563	ENSG00000284733	OR4F29	chr1	832063	832563	451677	-	380636	epithelial	method5_re2g	0.9995432763161073	0.9995432763161073	1
chr1:857894-858394	ENSG00000187583	PLEKHN1	chr1	857894	858394	966481	+	108337	epithelial	method5_re2g	0.26021718078820927	0.26021718078820927	1
chr1:857894-858394	ENSG00000187634	SAMD11	chr1	857894	858394	923922	+	65778	epithelial	method5_re2g	0.9931145305562908	0.9931145305562908	1
chr1:857894-858394	ENSG00000187642	PERM1	chr1	857894	858394	982116	-	123972	epithelial	method5_re2g	0.19086686820434978	0.19086686820434978	1
chr1:857894-858394	ENSG00000187961	KLHL17	chr1	857894	858394	960583	+	102439	epithelial	method5_re2g	0.4258925973927328	0.4258925973927328	1
chr1:857894-858394	ENSG00000188976	NOC2L	chr1	857894	858394	959308	-	101164	epithelial	method5_re2g	0.9945825309782482	0.9945825309782482	1
chr1:857894-858394	ENSG00000284662	OR4F16	chr1	857894	858394	686653	-	171491	epithelial	method5_re2g	0.999708053521036	0.999708053521036	1
chr1:857894-858394	ENSG00000284733	OR4F29	chr1	857894	858394	451677	-	406467	epithelial	method5_re2g	0.9995451202352202	0.9995451202352202	1
chr1:858581-859081	ENSG00000187583	PLEKHN1	chr1	858581	859081	966481	+	107650	epithelial	method5_re2g	0.2697077018049549	0.2697077018049549	1
chr1:858581-859081	ENSG00000187634	SAMD11	chr1	858581	859081	923922	+	65091	epithelial	method5_re2g	0.9936337021597195	0.9936337021597195	1
chr1:858581-859081	ENSG00000187642	PERM1	chr1	858581	859081	982116	-	123285	epithelial	method5_re2g	0.1978239059756777	0.1978239059756777	1
chr1:858581-859081	ENSG00000187961	KLHL17	chr1	858581	859081	960583	+	101752	epithelial	method5_re2g	0.4381194932255568	0.4381194932255568	1
chr1:858581-859081	ENSG00000188976	NOC2L	chr1	858581	859081	959308	-	100477	epithelial	method5_re2g	0.9948450660586435	0.9948450660586435	1
chr1:858581-859081	ENSG00000284662	OR4F16	chr1	858581	859081	686653	-	172178	epithelial	method5_re2g	0.9997761371236037	0.9997761371236037	1
chr1:858581-859081	ENSG00000284733	OR4F29	chr1	858581	859081	451677	-	407154	epithelial	method5_re2g	0.9997816579861913	0.9997816579861913	1
chr1:860785-861285	ENSG00000187583	PLEKHN1	chr1	860785	861285	966481	+	105446	epithelial	method5_re2g	0.26586764806737917	0.26586764806737917	1
chr1:860785-861285	ENSG00000187634	SAMD11	chr1	860785	861285	923922	+	62887	epithelial	method5_re2g	0.9933360517760648	0.9933360517760648	1
chr1:860785-861285	ENSG00000187642	PERM1	chr1	860785	861285	982116	-	121081	epithelial	method5_re2g	0.19501978920371743	0.19501978920371743	1
chr1:860785-861285	ENSG00000187961	KLHL17	chr1	860785	861285	960583	+	99548	epithelial	method5_re2g	0.43309007444062575	0.43309007444062575	1
chr1:860785-861285	ENSG00000188976	NOC2L	chr1	860785	861285	959308	-	98273	epithelial	method5_re2g	0.9947366573149276	0.9947366573149276	1
chr1:860785-861285	ENSG00000284662	OR4F16	chr1	860785	861285	686653	-	174382	epithelial	method5_re2g	0.9997715265837354	0.9997715265837354	1
chr1:860785-861285	ENSG00000284733	OR4F29	chr1	860785	861285	451677	-	409358	epithelial	method5_re2g	0.9997193268971081	0.9997193268971081	1
chr1:868761-869261	ENSG00000187583	PLEKHN1	chr1	868761	869261	966481	+	97470	epithelial	method5_re2g	0.28017347501204515	0.28017347501204515	1
chr1:868761-869261	ENSG00000187634	SAMD11	chr1	868761	869261	923922	+	54911	epithelial	method5_re2g	0.9938366751025329	0.9938366751025329	1
chr1:868761-869261	ENSG00000187642	PERM1	chr1	868761	869261	982116	-	113105	epithelial	method5_re2g	0.2057872842143062	0.2057872842143062	1
chr1:868761-869261	ENSG00000187961	KLHL17	chr1	868761	869261	960583	+	91572	epithelial	method5_re2g	0.45144299679832783	0.45144299679832783	1
chr1:868761-869261	ENSG00000188976	NOC2L	chr1	868761	869261	959308	-	90297	epithelial	method5_re2g	0.9951135242053991	0.9951135242053991	1
chr1:868761-869261	ENSG00000284662	OR4F16	chr1	868761	869261	686653	-	182358	epithelial	method5_re2g	0.9997603723003072	0.9997603723003072	1
chr1:868761-869261	ENSG00000284733	OR4F29	chr1	868761	869261	451677	-	417334	epithelial	method5_re2g	0.9995654748459784	0.9995654748459784	1
chr1:869661-870161	ENSG00000187583	PLEKHN1	chr1	869661	870161	966481	+	96570	epithelial	method5_re2g	0.37200509538182464	0.37200509538182464	1
chr1:869661-870161	ENSG00000187634	SAMD11	chr1	869661	870161	923922	+	54011	epithelial	method5_re2g	0.9970237197082156	0.9970237197082156	1
chr1:869661-870161	ENSG00000187642	PERM1	chr1	869661	870161	982116	-	112205	epithelial	method5_re2g	0.27460517952457647	0.27460517952457647	1
chr1:869661-870161	ENSG00000187961	KLHL17	chr1	869661	870161	960583	+	90672	epithelial	method5_re2g	0.5596230322795882	0.5596230322795882	1
chr1:869661-870161	ENSG00000188976	NOC2L	chr1	869661	870161	959308	-	89397	epithelial	method5_re2g	0.9968414864393541	0.9968414864393541	1
chr1:869661-870161	ENSG00000284662	OR4F16	chr1	869661	870161	686653	-	183258	epithelial	method5_re2g	0.9999203388525996	0.9999203388525996	1
chr1:869661-870161	ENSG00000284733	OR4F29	chr1	869661	870161	451677	-	418234	epithelial	method5_re2g	0.9999746525914559	0.9999746525914559	1
chr1:875158-875658	ENSG00000187583	PLEKHN1	chr1	875158	875658	966481	+	91073	epithelial	method5_re2g	0.269016893986472	0.269016893986472	1
chr1:875158-875658	ENSG00000187634	SAMD11	chr1	875158	875658	923922	+	48514	epithelial	method5_re2g	0.993706189067706	0.993706189067706	1
chr1:875158-875658	ENSG00000187642	PERM1	chr1	875158	875658	982116	-	106708	epithelial	method5_re2g	0.19551411037221378	0.19551411037221378	1
chr1:875158-875658	ENSG00000187961	KLHL17	chr1	875158	875658	960583	+	85175	epithelial	method5_re2g	0.4383268167055759	0.4383268167055759	1
chr1:875158-875658	ENSG00000188976	NOC2L	chr1	875158	875658	959308	-	83900	epithelial	method5_re2g	0.9948495104194902	0.9948495104194902	1
chr1:875158-875658	ENSG00000284662	OR4F16	chr1	875158	875658	686653	-	188755	epithelial	method5_re2g	0.9997691257246707	0.9997691257246707	1
chr1:875158-875658	ENSG00000284733	OR4F29	chr1	875158	875658	451677	-	423731	epithelial	method5_re2g	0.9996550663401725	0.9996550663401725	1
chr1:898602-899102	ENSG00000187583	PLEKHN1	chr1	898602	899102	966481	+	67629	epithelial	method5_re2g	0.3438577374292637	0.3438577374292637	1
chr1:898602-899102	ENSG00000187634	SAMD11	chr1	898602	899102	923922	+	25070	epithelial	method5_re2g	0.9969269167318989	0.9969269167318989	1
chr1:898602-899102	ENSG00000187642	PERM1	chr1	898602	899102	982116	-	83264	epithelial	method5_re2g	0.2478343720690647	0.2478343720690647	1
chr1:898602-899102	ENSG00000187961	KLHL17	chr1	898602	899102	960583	+	61731	epithelial	method5_re2g	0.532276173632208	0.532276173632208	1
chr1:898602-899102	ENSG00000188976	NOC2L	chr1	898602	899102	959308	-	60456	epithelial	method5_re2g	0.9964814418885746	0.9964814418885746	1
chr1:898602-899102	ENSG00000284662	OR4F16	chr1	898602	899102	686653	-	212199	epithelial	method5_re2g	0.9997693780031549	0.9997693780031549	1
chr1:898602-899102	ENSG00000284733	OR4F29	chr1	898602	899102	451677	-	447175	epithelial	method5_re2g	0.9996685853621928	0.9996685853621928	1
chr1:899647-900147	ENSG00000187583	PLEKHN1	chr1	899647	900147	966481	+	66584	epithelial	method5_re2g	0.3639642210030271	0.3639642210030271	1
chr1:899647-900147	ENSG00000187634	SAMD11	chr1	899647	900147	923922	+	24025	epithelial	method5_re2g	0.9971909193670017	0.9971909193670017	1
chr1:899647-900147	ENSG00000187642	PERM1	chr1	899647	900147	982116	-	82219	epithelial	method5_re2g	0.26445781268576446	0.26445781268576446	1
chr1:899647-900147	ENSG00000187961	KLHL17	chr1	899647	900147	960583	+	60686	epithelial	method5_re2g	0.5541174201515839	0.5541174201515839	1
chr1:899647-900147	ENSG00000188976	NOC2L	chr1	899647	900147	959308	-	59411	epithelial	method5_re2g	0.9967762718653257	0.9967762718653257	1
chr1:899647-900147	ENSG00000284662	OR4F16	chr1	899647	900147	686653	-	213244	epithelial	method5_re2g	0.9997987231849901	0.9997987231849901	1
chr1:899647-900147	ENSG00000284733	OR4F29	chr1	899647	900147	451677	-	448220	epithelial	method5_re2g	0.9997048690227615	0.9997048690227615	1
chr1:901655-902155	ENSG00000187583	PLEKHN1	chr1	901655	902155	966481	+	64576	epithelial	method5_re2g	0.3720020357118388	0.3720020357118388	1
chr1:901655-902155	ENSG00000187634	SAMD11	chr1	901655	902155	923922	+	22017	epithelial	method5_re2g	0.9974141499914997	0.9974141499914997	1
chr1:901655-902155	ENSG00000187642	PERM1	chr1	901655	902155	982116	-	80211	epithelial	method5_re2g	0.2702273385056958	0.2702273385056958	1
chr1:901655-902155	ENSG00000187961	KLHL17	chr1	901655	902155	960583	+	58678	epithelial	method5_re2g	0.5631907983498028	0.5631907983498028	1
chr1:901655-902155	ENSG00000188976	NOC2L	chr1	901655	902155	959308	-	57403	epithelial	method5_re2g	0.9968933213925718	0.9968933213925718	1
chr1:901655-902155	ENSG00000284662	OR4F16	chr1	901655	902155	686653	-	215252	epithelial	method5_re2g	0.9998118773531955	0.9998118773531955	1
chr1:901655-902155	ENSG00000284733	OR4F29	chr1	901655	902155	451677	-	450228	epithelial	method5_re2g	0.9997377226171433	0.9997377226171433	1
chr1:902423-902923	ENSG00000187583	PLEKHN1	chr1	902423	902923	966481	+	63808	epithelial	method5_re2g	0.37968966360981093	0.37968966360981093	1
chr1:902423-902923	ENSG00000187634	SAMD11	chr1	902423	902923	923922	+	21249	epithelial	method5_re2g	0.9975891995171058	0.9975891995171058	1
chr1:902423-902923	ENSG00000187642	PERM1	chr1	902423	902923	982116	-	79443	epithelial	method5_re2g	0.27599084596594364	0.27599084596594364	1
chr1:902423-902923	ENSG00000187961	KLHL17	chr1	902423	902923	960583	+	57910	epithelial	method5_re2g	0.571564803674202	0.571564803674202	1
chr1:902423-902923	ENSG00000188290	HES4	chr1	902423	902923	1000171	-	97498	epithelial	method5_re2g	0.18051293987655656	0.18051293987655656	1
chr1:902423-902923	ENSG00000188976	NOC2L	chr1	902423	902923	959308	-	56635	epithelial	method5_re2g	0.996997488236902	0.996997488236902	1
chr1:902423-902923	ENSG00000284662	OR4F16	chr1	902423	902923	686653	-	216020	epithelial	method5_re2g	0.9998297843070669	0.9998297843070669	1
chr1:902423-902923	ENSG00000284733	OR4F29	chr1	902423	902923	451677	-	450996	epithelial	method5_re2g	0.9997946081018337	0.9997946081018337	1
chr1:903755-904255	ENSG00000187583	PLEKHN1	chr1	903755	904255	966481	+	62476	epithelial	method5_re2g	0.4129823784160064	0.4129823784160064	1
chr1:903755-904255	ENSG00000187634	SAMD11	chr1	903755	904255	923922	+	19917	epithelial	method5_re2g	0.9983197301875446	0.9983197301875446	1
chr1:903755-904255	ENSG00000187642	PERM1	chr1	903755	904255	982116	-	78111	epithelial	method5_re2g	0.3001232785496557	0.3001232785496557	1
chr1:903755-904255	ENSG00000187961	KLHL17	chr1	903755	904255	960583	+	56578	epithelial	method5_re2g	0.6074554936064553	0.6074554936064553	1
chr1:903755-904255	ENSG00000188290	HES4	chr1	903755	904255	1000171	-	96166	epithelial	method5_re2g	0.19233085853728452	0.19233085853728452	1
chr1:903755-904255	ENSG00000188976	NOC2L	chr1	903755	904255	959308	-	55303	epithelial	method5_re2g	0.997415911288061	0.997415911288061	1
chr1:903755-904255	ENSG00000284662	OR4F16	chr1	903755	904255	686653	-	217352	epithelial	method5_re2g	0.9998695529904481	0.9998695529904481	1
chr1:903755-904255	ENSG00000284733	OR4F29	chr1	903755	904255	451677	-	452328	epithelial	method5_re2g	0.9999131449535965	0.9999131449535965	1
chr1:904517-905017	ENSG00000187583	PLEKHN1	chr1	904517	905017	966481	+	61714	epithelial	method5_re2g	0.5814537981513369	0.5814537981513369	1
chr1:904517-905017	ENSG00000187608	ISG15	chr1	904517	905017	1001137	+	96370	epithelial	method5_re2g	0.21699677623258296	0.21699677623258296	1
chr1:904517-905017	ENSG00000187634	SAMD11	chr1	904517	905017	923922	+	19155	epithelial	method5_re2g	0.9995617435434997	0.9995617435434997	1
chr1:904517-905017	ENSG00000187642	PERM1	chr1	904517	905017	982116	-	77349	epithelial	method5_re2g	0.4376905342775918	0.4376905342775918	1
chr1:904517-905017	ENSG00000187961	KLHL17	chr1	904517	905017	960583	+	55816	epithelial	method5_re2g	0.7598326582781887	0.7598326582781887	1
chr1:904517-905017	ENSG00000188290	HES4	chr1	904517	905017	1000171	-	95404	epithelial	method5_re2g	0.26524088760687714	0.26524088760687714	1
chr1:904517-905017	ENSG00000188976	NOC2L	chr1	904517	905017	959308	-	54541	epithelial	method5_re2g	0.998745223912283	0.998745223912283	1
chr1:904517-905017	ENSG00000284662	OR4F16	chr1	904517	905017	686653	-	218114	epithelial	method5_re2g	0.9999546257046035	0.9999546257046035	1
chr1:904517-905017	ENSG00000284733	OR4F29	chr1	904517	905017	451677	-	453090	epithelial	method5_re2g	0.9999902655436069	0.9999902655436069	1
chr1:905597-906097	ENSG00000187583	PLEKHN1	chr1	905597	906097	966481	+	60634	epithelial	method5_re2g	0.40489562813890034	0.40489562813890034	1
chr1:905597-906097	ENSG00000187634	SAMD11	chr1	905597	906097	923922	+	18075	epithelial	method5_re2g	0.9982010340770253	0.9982010340770253	1
chr1:905597-906097	ENSG00000187642	PERM1	chr1	905597	906097	982116	-	76269	epithelial	method5_re2g	0.2939284549188166	0.2939284549188166	1
chr1:905597-906097	ENSG00000187961	KLHL17	chr1	905597	906097	960583	+	54736	epithelial	method5_re2g	0.5989682573449213	0.5989682573449213	1
chr1:905597-906097	ENSG00000188290	HES4	chr1	905597	906097	1000171	-	94324	epithelial	method5_re2g	0.18932501677370053	0.18932501677370053	1
chr1:905597-906097	ENSG00000188976	NOC2L	chr1	905597	906097	959308	-	53461	epithelial	method5_re2g	0.997319988332453	0.997319988332453	1
chr1:905597-906097	ENSG00000284662	OR4F16	chr1	905597	906097	686653	-	219194	epithelial	method5_re2g	0.9998708872791778	0.9998708872791778	1
chr1:905597-906097	ENSG00000284733	OR4F29	chr1	905597	906097	451677	-	454170	epithelial	method5_re2g	0.9998980181112109	0.9998980181112109	1
chr1:906112-906612	ENSG00000187583	PLEKHN1	chr1	906112	906612	966481	+	60119	epithelial	method5_re2g	0.4101501394520282	0.4101501394520282	1
chr1:906112-906612	ENSG00000187634	SAMD11	chr1	906112	906612	923922	+	17560	epithelial	method5_re2g	0.9982998309209722	0.9982998309209722	1
chr1:906112-906612	ENSG00000187642	PERM1	chr1	906112	906612	982116	-	75754	epithelial	method5_re2g	0.29771458824754443	0.29771458824754443	1
chr1:906112-906612	ENSG00000187961	KLHL17	chr1	906112	906612	960583	+	54221	epithelial	method5_re2g	0.6044737447622665	0.6044737447622665	1
chr1:906112-906612	ENSG00000188290	HES4	chr1	906112	906612	1000171	-	93809	epithelial	method5_re2g	0.19096945842724158	0.19096945842724158	1
chr1:906112-906612	ENSG00000188976	NOC2L	chr1	906112	906612	959308	-	52946	epithelial	method5_re2g	0.9973807709996992	0.9973807709996992	1
chr1:906112-906612	ENSG00000284662	OR4F16	chr1	906112	906612	686653	-	219709	epithelial	method5_re2g	0.9998810028261682	0.9998810028261682	1
chr1:906112-906612	ENSG00000284733	OR4F29	chr1	906112	906612	451677	-	454685	epithelial	method5_re2g	0.9999147773567526	0.9999147773567526	1
chr1:906663-907163	ENSG00000187583	PLEKHN1	chr1	906663	907163	966481	+	59568	epithelial	method5_re2g	0.4828703301619611	0.4828703301619611	1
chr1:906663-907163	ENSG00000187634	SAMD11	chr1	906663	907163	923922	+	17009	epithelial	method5_re2g	0.999131053279868	0.999131053279868	1
chr1:906663-907163	ENSG00000187642	PERM1	chr1	906663	907163	982116	-	75203	epithelial	method5_re2g	0.3532093572439952	0.3532093572439952	1
chr1:906663-907163	ENSG00000187961	KLHL17	chr1	906663	907163	960583	+	53670	epithelial	method5_re2g	0.6762093613917423	0.6762093613917423	1
chr1:906663-907163	ENSG00000188290	HES4	chr1	906663	907163	1000171	-	93258	epithelial	method5_re2g	0.21856202084878487	0.21856202084878487	1
chr1:906663-907163	ENSG00000188976	NOC2L	chr1	906663	907163	959308	-	52395	epithelial	method5_re2g	0.9980899635092781	0.9980899635092781	1
chr1:906663-907163	ENSG00000284662	OR4F16	chr1	906663	907163	686653	-	220260	epithelial	method5_re2g	0.9999275793966906	0.9999275793966906	1
chr1:906663-907163	ENSG00000284733	OR4F29	chr1	906663	907163	451677	-	455236	epithelial	method5_re2g	0.999975032914755	0.999975032914755	1
chr1:907974-908474	ENSG00000187583	PLEKHN1	chr1	907974	908474	966481	+	58257	epithelial	method5_re2g	0.39897712529421386	0.39897712529421386	1
chr1:907974-908474	ENSG00000187634	SAMD11	chr1	907974	908474	923922	+	15698	epithelial	method5_re2g	0.9981032974987419	0.9981032974987419	1
chr1:907974-908474	ENSG00000187642	PERM1	chr1	907974	908474	982116	-	73892	epithelial	method5_re2g	0.2893847768716472	0.2893847768716472	1
chr1:907974-908474	ENSG00000187961	KLHL17	chr1	907974	908474	960583	+	52359	epithelial	method5_re2g	0.5925729736794237	0.5925729736794237	1
chr1:907974-908474	ENSG00000188290	HES4	chr1	907974	908474	1000171	-	91947	epithelial	method5_re2g	0.18704351164657046	0.18704351164657046	1
chr1:907974-908474	ENSG00000188976	NOC2L	chr1	907974	908474	959308	-	51084	epithelial	method5_re2g	0.9972441996881731	0.9972441996881731	1
chr1:907974-908474	ENSG00000284662	OR4F16	chr1	907974	908474	686653	-	221571	epithelial	method5_re2g	0.9998783574760164	0.9998783574760164	1
chr1:907974-908474	ENSG00000284733	OR4F29	chr1	907974	908474	451677	-	456547	epithelial	method5_re2g	0.9998887084449162	0.9998887084449162	1
chr1:909902-910402	ENSG00000187583	PLEKHN1	chr1	909902	910402	966481	+	56329	epithelial	method5_re2g	0.39282164565250116	0.39282164565250116	1
chr1:909902-910402	ENSG00000187634	SAMD11	chr1	909902	910402	923922	+	13770	epithelial	method5_re2g	0.9981134965782638	0.9981134965782638	1
chr1:909902-910402	ENSG00000187642	PERM1	chr1	909902	910402	982116	-	71964	epithelial	method5_re2g	0.28384948228274404	0.28384948228274404	1
chr1:909902-910402	ENSG00000187961	KLHL17	chr1	909902	910402	960583	+	50431	epithelial	method5_re2g	0.5865271889231509	0.5865271889231509	1
chr1:909902-910402	ENSG00000188290	HES4	chr1	909902	910402	1000171	-	90019	epithelial	method5_re2g	0.18346525748311743	0.18346525748311743	1
chr1:909902-910402	ENSG00000188976	NOC2L	chr1	909902	910402	959308	-	49156	epithelial	method5_re2g	0.997174242498517	0.997174242498517	1
chr1:909902-910402	ENSG00000284662	OR4F16	chr1	909902	910402	686653	-	223499	epithelial	method5_re2g	0.9998737999838386	0.9998737999838386	1
chr1:909902-910402	ENSG00000284733	OR4F29	chr1	909902	910402	451677	-	458475	epithelial	method5_re2g	0.999869098374073	0.999869098374073	1
chr1:910415-910915	ENSG00000187583	PLEKHN1	chr1	910415	910915	966481	+	55816	epithelial	method5_re2g	0.4016165605621214	0.4016165605621214	1
chr1:910415-910915	ENSG00000187634	SAMD11	chr1	910415	910915	923922	+	13257	epithelial	method5_re2g	0.9983112021056656	0.9983112021056656	1
chr1:910415-910915	ENSG00000187642	PERM1	chr1	910415	910915	982116	-	71451	epithelial	method5_re2g	0.2900656881223281	0.2900656881223281	1
chr1:910415-910915	ENSG00000187961	KLHL17	chr1	910415	910915	960583	+	49918	epithelial	method5_re2g	0.5960007868541208	0.5960007868541208	1
chr1:910415-910915	ENSG00000188290	HES4	chr1	910415	910915	1000171	-	89506	epithelial	method5_re2g	0.18621956989737626	0.18621956989737626	1
chr1:910415-910915	ENSG00000188976	NOC2L	chr1	910415	910915	959308	-	48643	epithelial	method5_re2g	0.997283440474153	0.997283440474153	1
chr1:910415-910915	ENSG00000284662	OR4F16	chr1	910415	910915	686653	-	224012	epithelial	method5_re2g	0.9998854792735298	0.9998854792735298	1
chr1:910415-910915	ENSG00000284733	OR4F29	chr1	910415	910915	451677	-	458988	epithelial	method5_re2g	0.9999012512144505	0.9999012512144505	1
chr1:911137-911637	ENSG00000187583	PLEKHN1	chr1	911137	911637	966481	+	55094	epithelial	method5_re2g	0.39083455018209295	0.39083455018209295	1
chr1:911137-911637	ENSG00000187634	SAMD11	chr1	911137	911637	923922	+	12535	epithelial	method5_re2g	0.9981118848599116	0.9981118848599116	1
chr1:911137-911637	ENSG00000187642	PERM1	chr1	911137	911637	982116	-	70729	epithelial	method5_re2g	0.2820102606730881	0.2820102606730881	1
chr1:911137-911637	ENSG00000187961	KLHL17	chr1	911137	911637	960583	+	49196	epithelial	method5_re2g	0.5844102887977011	0.5844102887977011	1
chr1:911137-911637	ENSG00000188290	HES4	chr1	911137	911637	1000171	-	88784	epithelial	method5_re2g	0.18188089029196097	0.18188089029196097	1
chr1:911137-911637	ENSG00000188976	NOC2L	chr1	911137	911637	959308	-	47921	epithelial	method5_re2g	0.997147378215855	0.997147378215855	1
chr1:911137-911637	ENSG00000284662	OR4F16	chr1	911137	911637	686653	-	224734	epithelial	method5_re2g	0.9998813497570508	0.9998813497570508	1
chr1:911137-911637	ENSG00000284733	OR4F29	chr1	911137	911637	451677	-	459710	epithelial	method5_re2g	0.999878349003764	0.999878349003764	1
chr1:911809-912309	ENSG00000187583	PLEKHN1	chr1	911809	912309	966481	+	54422	epithelial	method5_re2g	0.3763993192695222	0.3763993192695222	1
chr1:911809-912309	ENSG00000187634	SAMD11	chr1	911809	912309	923922	+	11863	epithelial	method5_re2g	0.9977859559391844	0.9977859559391844	1
chr1:911809-912309	ENSG00000187642	PERM1	chr1	911809	912309	982116	-	70057	epithelial	method5_re2g	0.2712781330125502	0.2712781330125502	1
chr1:911809-912309	ENSG00000187961	KLHL17	chr1	911809	912309	960583	+	48524	epithelial	method5_re2g	0.5685910314171772	0.5685910314171772	1
chr1:911809-912309	ENSG00000188976	NOC2L	chr1	911809	912309	959308	-	47249	epithelial	method5_re2g	0.9969529496475678	0.9969529496475678	1
chr1:911809-912309	ENSG00000284662	OR4F16	chr1	911809	912309	686653	-	225406	epithelial	method5_re2g	0.9998746262578857	0.9998746262578857	1
chr1:911809-912309	ENSG00000284733	OR4F29	chr1	911809	912309	451677	-	460382	epithelial	method5_re2g	0.999835872946128	0.999835872946128	1
chr1:912779-913279	ENSG00000187583	PLEKHN1	chr1	912779	913279	966481	+	53452	epithelial	method5_re2g	0.43179511056874	0.43179511056874	1
chr1:912779-913279	ENSG00000187634	SAMD11	chr1	912779	913279	923922	+	10893	epithelial	method5_re2g	0.9989015394651087	0.9989015394651087	1
chr1:912779-913279	ENSG00000187642	PERM1	chr1	912779	913279	982116	-	69087	epithelial	method5_re2g	0.3108523107386369	0.3108523107386369	1
chr1:912779-913279	ENSG00000187961	KLHL17	chr1	912779	913279	960583	+	47554	epithelial	method5_re2g	0.6279881356209234	0.6279881356209234	1
chr1:912779-913279	ENSG00000188290	HES4	chr1	912779	913279	1000171	-	87142	epithelial	method5_re2g	0.19482922959947938	0.19482922959947938	1
chr1:912779-913279	ENSG00000188976	NOC2L	chr1	912779	913279	959308	-	46279	epithelial	method5_re2g	0.9976290974172253	0.9976290974172253	1
chr1:912779-913279	ENSG00000284662	OR4F16	chr1	912779	913279	686653	-	226376	epithelial	method5_re2g	0.999912643247772	0.999912643247772	1
chr1:912779-913279	ENSG00000284733	OR4F29	chr1	912779	913279	451677	-	461352	epithelial	method5_re2g	0.9999520095597477	0.9999520095597477	1
chr1:913557-914057	ENSG00000187583	PLEKHN1	chr1	913557	914057	966481	+	52674	epithelial	method5_re2g	0.39181921692130034	0.39181921692130034	1
chr1:913557-914057	ENSG00000187634	SAMD11	chr1	913557	914057	923922	+	10115	epithelial	method5_re2g	0.998245182887399	0.998245182887399	1
chr1:913557-914057	ENSG00000187642	PERM1	chr1	913557	914057	982116	-	68309	epithelial	method5_re2g	0.28194919761814763	0.28194919761814763	1
chr1:913557-914057	ENSG00000187961	KLHL17	chr1	913557	914057	960583	+	46776	epithelial	method5_re2g	0.5856854835523011	0.5856854835523011	1
chr1:913557-914057	ENSG00000188290	HES4	chr1	913557	914057	1000171	-	86364	epithelial	method5_re2g	0.18102132104383997	0.18102132104383997	1
chr1:913557-914057	ENSG00000188976	NOC2L	chr1	913557	914057	959308	-	45501	epithelial	method5_re2g	0.997159978273731	0.997159978273731	1
chr1:913557-914057	ENSG00000284662	OR4F16	chr1	913557	914057	686653	-	227154	epithelial	method5_re2g	0.9998913083327093	0.9998913083327093	1
chr1:913557-914057	ENSG00000284733	OR4F29	chr1	913557	914057	451677	-	462130	epithelial	method5_re2g	0.9998924792029782	0.9998924792029782	1
chr1:914858-915358	ENSG00000187583	PLEKHN1	chr1	914858	915358	966481	+	51373	epithelial	method5_re2g	0.3806237864942396	0.3806237864942396	1
chr1:914858-915358	ENSG00000187634	SAMD11	chr1	914858	915358	923922	+	8814	epithelial	method5_re2g	0.9979949413566007	0.9979949413566007	1
chr1:914858-915358	ENSG00000187642	PERM1	chr1	914858	915358	982116	-	67008	epithelial	method5_re2g	0.27398577432533044	0.27398577432533044	1
chr1:914858-915358	ENSG00000187961	KLHL17	chr1	914858	915358	960583	+	45475	epithelial	method5_re2g	0.5732944606559548	0.5732944606559548	1
chr1:914858-915358	ENSG00000188976	NOC2L	chr1	914858	915358	959308	-	44200	epithelial	method5_re2g	0.9970082247425773	0.9970082247425773	1
chr1:914858-915358	ENSG00000284662	OR4F16	chr1	914858	915358	686653	-	228455	epithelial	method5_re2g	0.9998839981858834	0.9998839981858834	1
chr1:914858-915358	ENSG00000284733	OR4F29	chr1	914858	915358	451677	-	463431	epithelial	method5_re2g	0.9998419239736043	0.9998419239736043	1
chr1:915562-916062	ENSG00000187583	PLEKHN1	chr1	915562	916062	966481	+	50669	epithelial	method5_re2g	0.3854503591788468	0.3854503591788468	1
chr1:915562-916062	ENSG00000187634	SAMD11	chr1	915562	916062	923922	+	8110	epithelial	method5_re2g	0.9981794442765705	0.9981794442765705	1
chr1:915562-916062	ENSG00000187642	PERM1	chr1	915562	916062	982116	-	66304	epithelial	method5_re2g	0.2771111585103756	0.2771111585103756	1
chr1:915562-916062	ENSG00000187961	KLHL17	chr1	915562	916062	960583	+	44771	epithelial	method5_re2g	0.5787339050296973	0.5787339050296973	1
chr1:915562-916062	ENSG00000188976	NOC2L	chr1	915562	916062	959308	-	43496	epithelial	method5_re2g	0.9970741541159758	0.9970741541159758	1
chr1:915562-916062	ENSG00000284662	OR4F16	chr1	915562	916062	686653	-	229159	epithelial	method5_re2g	0.9998905228446964	0.9998905228446964	1
chr1:915562-916062	ENSG00000284733	OR4F29	chr1	915562	916062	451677	-	464135	epithelial	method5_re2g	0.9998689661867324	0.9998689661867324	1
chr1:916446-916946	ENSG00000187583	PLEKHN1	chr1	916446	916946	966481	+	49785	epithelial	method5_re2g	0.39639054067241314	0.39639054067241314	1
chr1:916446-916946	ENSG00000187634	SAMD11	chr1	916446	916946	923922	+	7226	epithelial	method5_re2g	0.9984599673357399	0.9984599673357399	1
chr1:916446-916946	ENSG00000187642	PERM1	chr1	916446	916946	982116	-	65420	epithelial	method5_re2g	0.2849922713502371	0.2849922713502371	1
chr1:916446-916946	ENSG00000187961	KLHL17	chr1	916446	916946	960583	+	43887	epithelial	method5_re2g	0.5906110456053043	0.5906110456053043	1
chr1:916446-916946	ENSG00000188290	HES4	chr1	916446	916946	1000171	-	83475	epithelial	method5_re2g	0.1829232494256993	0.1829232494256993	1
chr1:916446-916946	ENSG00000188976	NOC2L	chr1	916446	916946	959308	-	42612	epithelial	method5_re2g	0.9972144043279519	0.9972144043279519	1
chr1:916446-916946	ENSG00000284662	OR4F16	chr1	916446	916946	686653	-	230043	epithelial	method5_re2g	0.9998988883087453	0.9998988883087453	1
chr1:916446-916946	ENSG00000284733	OR4F29	chr1	916446	916946	451677	-	465019	epithelial	method5_re2g	0.9998953915254957	0.9998953915254957	1
chr1:916965-917465	ENSG00000187583	PLEKHN1	chr1	916965	917465	966481	+	49266	epithelial	method5_re2g	0.3978314116061989	0.3978314116061989	1
chr1:916965-917465	ENSG00000187634	SAMD11	chr1	916965	917465	923922	+	6707	epithelial	method5_re2g	0.9984923653300835	0.9984923653300835	1
chr1:916965-917465	ENSG00000187642	PERM1	chr1	916965	917465	982116	-	64901	epithelial	method5_re2g	0.28598003963564084	0.28598003963564084	1
chr1:916965-917465	ENSG00000187961	KLHL17	chr1	916965	917465	960583	+	43368	epithelial	method5_re2g	0.5920808779797543	0.5920808779797543	1
chr1:916965-917465	ENSG00000188290	HES4	chr1	916965	917465	1000171	-	82956	epithelial	method5_re2g	0.18326660265124253	0.18326660265124253	1
chr1:916965-917465	ENSG00000188976	NOC2L	chr1	916965	917465	959308	-	42093	epithelial	method5_re2g	0.9972300918516421	0.9972300918516421	1
chr1:916965-917465	ENSG00000284662	OR4F16	chr1	916965	917465	686653	-	230562	epithelial	method5_re2g	0.9999026949467078	0.9999026949467078	1
chr1:916965-917465	ENSG00000284733	OR4F29	chr1	916965	917465	451677	-	465538	epithelial	method5_re2g	0.9999028965018602	0.9999028965018602	1
chr1:917915-918415	ENSG00000187583	PLEKHN1	chr1	917915	918415	966481	+	48316	epithelial	method5_re2g	0.3918117008328652	0.3918117008328652	1
chr1:917915-918415	ENSG00000187634	SAMD11	chr1	917915	918415	923922	+	5757	epithelial	method5_re2g	0.9984315168740998	0.9984315168740998	1
chr1:917915-918415	ENSG00000187642	PERM1	chr1	917915	918415	982116	-	63951	epithelial	method5_re2g	0.28144359195405955	0.28144359195405955	1
chr1:917915-918415	ENSG00000187961	KLHL17	chr1	917915	918415	960583	+	42418	epithelial	method5_re2g	0.585582374044936	0.585582374044936	1
chr1:917915-918415	ENSG00000188290	HES4	chr1	917915	918415	1000171	-	82006	epithelial	method5_re2g	0.1808794505401832	0.1808794505401832	1
chr1:917915-918415	ENSG00000188976	NOC2L	chr1	917915	918415	959308	-	41143	epithelial	method5_re2g	0.9971524128196128	0.9971524128196128	1
chr1:917915-918415	ENSG00000284662	OR4F16	chr1	917915	918415	686653	-	231512	epithelial	method5_re2g	0.9999008433801918	0.9999008433801918	1
chr1:917915-918415	ENSG00000284733	OR4F29	chr1	917915	918415	451677	-	466488	epithelial	method5_re2g	0.9998881165068816	0.9998881165068816	1
chr1:918522-919022	ENSG00000187583	PLEKHN1	chr1	918522	919022	966481	+	47709	epithelial	method5_re2g	0.39381315046855664	0.39381315046855664	1
chr1:918522-919022	ENSG00000187634	SAMD11	chr1	918522	919022	923922	+	5150	epithelial	method5_re2g	0.9984846022467161	0.9984846022467161	1
chr1:918522-919022	ENSG00000187642	PERM1	chr1	918522	919022	982116	-	63344	epithelial	method5_re2g	0.2828678209669995	0.2828678209669995	1
chr1:918522-919022	ENSG00000187961	KLHL17	chr1	918522	919022	960583	+	41811	epithelial	method5_re2g	0.5876573871362799	0.5876573871362799	1
chr1:918522-919022	ENSG00000188290	HES4	chr1	918522	919022	1000171	-	81399	epithelial	method5_re2g	0.18156613475299624	0.18156613475299624	1
chr1:918522-919022	ENSG00000188976	NOC2L	chr1	918522	919022	959308	-	40536	epithelial	method5_re2g	0.9971753937620499	0.9971753937620499	1
chr1:918522-919022	ENSG00000284662	OR4F16	chr1	918522	919022	686653	-	232119	epithelial	method5_re2g	0.999904382991015	0.999904382991015	1
chr1:918522-919022	ENSG00000284733	OR4F29	chr1	918522	919022	451677	-	467095	epithelial	method5_re2g	0.9998954136601393	0.9998954136601393	1
chr1:919262-919762	ENSG00000187583	PLEKHN1	chr1	919262	919762	966481	+	46969	epithelial	method5_re2g	0.40056537841579626	0.40056537841579626	1
chr1:919262-919762	ENSG00000187634	SAMD11	chr1	919262	919762	923922	+	4410	epithelial	method5_re2g	0.9986429099680946	0.9986429099680946	1
chr1:919262-919762	ENSG00000187642	PERM1	chr1	919262	919762	982116	-	62604	epithelial	method5_re2g	0.2878637760796192	0.2878637760796192	1
chr1:919262-919762	ENSG00000187961	KLHL17	chr1	919262	919762	960583	+	41071	epithelial	method5_re2g	0.5947998280012464	0.5947998280012464	1
chr1:919262-919762	ENSG00000188290	HES4	chr1	919262	919762	1000171	-	80659	epithelial	method5_re2g	0.18441584249229837	0.18441584249229837	1
chr1:919262-919762	ENSG00000188976	NOC2L	chr1	919262	919762	959308	-	39796	epithelial	method5_re2g	0.9972570376943243	0.9972570376943243	1
chr1:919262-919762	ENSG00000284662	OR4F16	chr1	919262	919762	686653	-	232859	epithelial	method5_re2g	0.9999094588302286	0.9999094588302286	1
chr1:919262-919762	ENSG00000284733	OR4F29	chr1	919262	919762	451677	-	467835	epithelial	method5_re2g	0.9999073536430838	0.9999073536430838	1
chr1:920282-920782	ENSG00000187583	PLEKHN1	chr1	920282	920782	966481	+	45949	epithelial	method5_re2g	0.41931280213779254	0.41931280213779254	1
chr1:920282-920782	ENSG00000187634	SAMD11	chr1	920282	920782	923922	+	3390	epithelial	method5_re2g	0.9991020635181679	0.9991020635181679	1
chr1:920282-920782	ENSG00000187642	PERM1	chr1	920282	920782	982116	-	61584	epithelial	method5_re2g	0.3008304541326562	0.3008304541326562	1
chr1:920282-920782	ENSG00000187961	KLHL17	chr1	920282	920782	960583	+	40051	epithelial	method5_re2g	0.6149970798339789	0.6149970798339789	1
chr1:920282-920782	ENSG00000188290	HES4	chr1	920282	920782	1000171	-	79639	epithelial	method5_re2g	0.19058858730262937	0.19058858730262937	1
chr1:920282-920782	ENSG00000188976	NOC2L	chr1	920282	920782	959308	-	38776	epithelial	method5_re2g	0.9974820970974527	0.9974820970974527	1
chr1:920282-920782	ENSG00000284662	OR4F16	chr1	920282	920782	686653	-	233879	epithelial	method5_re2g	0.9999189294467614	0.9999189294467614	1
chr1:920282-920782	ENSG00000284733	OR4F29	chr1	920282	920782	451677	-	468855	epithelial	method5_re2g	0.9999356517124512	0.9999356517124512	1
chr1:921002-921502	ENSG00000187583	PLEKHN1	chr1	921002	921502	966481	+	45229	epithelial	method5_re2g	0.5154018220206218	0.5154018220206218	1
chr1:921002-921502	ENSG00000187608	ISG15	chr1	921002	921502	1001137	+	79885	epithelial	method5_re2g	0.18298101576358206	0.18298101576358206	1
chr1:921002-921502	ENSG00000187634	SAMD11	chr1	921002	921502	923922	+	2670	epithelial	method5_re2g	0.9997486390317841	0.9997486390317841	1
chr1:921002-921502	ENSG00000187642	PERM1	chr1	921002	921502	982116	-	60864	epithelial	method5_re2g	0.3723209008759263	0.3723209008759263	1
chr1:921002-921502	ENSG00000187961	KLHL17	chr1	921002	921502	960583	+	39331	epithelial	method5_re2g	0.708104223743837	0.708104223743837	1
chr1:921002-921502	ENSG00000188290	HES4	chr1	921002	921502	1000171	-	78919	epithelial	method5_re2g	0.22528946272150274	0.22528946272150274	1
chr1:921002-921502	ENSG00000188976	NOC2L	chr1	921002	921502	959308	-	38056	epithelial	method5_re2g	0.9983527779683199	0.9983527779683199	1
chr1:921002-921502	ENSG00000284662	OR4F16	chr1	921002	921502	686653	-	234599	epithelial	method5_re2g	0.9999508976927293	0.9999508976927293	1
chr1:921002-921502	ENSG00000284733	OR4F29	chr1	921002	921502	451677	-	469575	epithelial	method5_re2g	0.9999833119215142	0.9999833119215142	1
chr1:921699-922199	ENSG00000187583	PLEKHN1	chr1	921699	922199	966481	+	44532	epithelial	method5_re2g	0.41406998551140844	0.41406998551140844	1
chr1:921699-922199	ENSG00000187634	SAMD11	chr1	921699	922199	923922	+	1973	epithelial	method5_re2g	0.9991528328612657	0.9991528328612657	1
chr1:921699-922199	ENSG00000187642	PERM1	chr1	921699	922199	982116	-	60167	epithelial	method5_re2g	0.29687151908780385	0.29687151908780385	1
chr1:921699-922199	ENSG00000187961	KLHL17	chr1	921699	922199	960583	+	38634	epithelial	method5_re2g	0.6093597121425387	0.6093597121425387	1
chr1:921699-922199	ENSG00000188290	HES4	chr1	921699	922199	1000171	-	78222	epithelial	method5_re2g	0.18852092747405674	0.18852092747405674	1
chr1:921699-922199	ENSG00000188976	NOC2L	chr1	921699	922199	959308	-	37359	epithelial	method5_re2g	0.9974174535372816	0.9974174535372816	1
chr1:921699-922199	ENSG00000284662	OR4F16	chr1	921699	922199	686653	-	235296	epithelial	method5_re2g	0.9999197120614908	0.9999197120614908	1
chr1:921699-922199	ENSG00000284733	OR4F29	chr1	921699	922199	451677	-	470272	epithelial	method5_re2g	0.9999301810309467	0.9999301810309467	1
chr1:922442-922942	ENSG00000187583	PLEKHN1	chr1	922442	922942	966481	+	43789	epithelial	method5_re2g	0.41417388129071675	0.41417388129071675	1
chr1:922442-922942	ENSG00000187634	SAMD11	chr1	922442	922942	923922	+	1230	epithelial	method5_re2g	0.9992658141803673	0.9992658141803673	1
chr1:922442-922942	ENSG00000187642	PERM1	chr1	922442	922942	982116	-	59424	epithelial	method5_re2g	0.2967996626251225	0.2967996626251225	1
chr1:922442-922942	ENSG00000187961	KLHL17	chr1	922442	922942	960583	+	37891	epithelial	method5_re2g	0.6094439939324711	0.6094439939324711	1
chr1:922442-922942	ENSG00000188290	HES4	chr1	922442	922942	1000171	-	77479	epithelial	method5_re2g	0.1883999918773144	0.1883999918773144	1
chr1:922442-922942	ENSG00000188976	NOC2L	chr1	922442	922942	959308	-	36616	epithelial	method5_re2g	0.9974168007253517	0.9974168007253517	1
chr1:922442-922942	ENSG00000284662	OR4F16	chr1	922442	922942	686653	-	236039	epithelial	method5_re2g	0.9999210944420145	0.9999210944420145	1
chr1:922442-922942	ENSG00000284733	OR4F29	chr1	922442	922942	451677	-	471015	epithelial	method5_re2g	0.999930713679183	0.999930713679183	1
chr1:923054-923554	ENSG00000187583	PLEKHN1	chr1	923054	923554	966481	+	43177	epithelial	method5_re2g	0.4226308651023442	0.4226308651023442	1
chr1:923054-923554	ENSG00000187634	SAMD11	chr1	923054	923554	923922	+	618	epithelial	method5_re2g	0.9994405635799707	0.9994405635799707	1
chr1:923054-923554	ENSG00000187642	PERM1	chr1	923054	923554	982116	-	58812	epithelial	method5_re2g	0.30247833874884517	0.30247833874884517	1
chr1:923054-923554	ENSG00000187961	KLHL17	chr1	923054	923554	960583	+	37279	epithelial	method5_re2g	0.6184408696446316	0.6184408696446316	1
chr1:923054-923554	ENSG00000188290	HES4	chr1	923054	923554	1000171	-	76867	epithelial	method5_re2g	0.1907298756601003	0.1907298756601003	1
chr1:923054-923554	ENSG00000188976	NOC2L	chr1	923054	923554	959308	-	36004	epithelial	method5_re2g	0.9975133443891429	0.9975133443891429	1
chr1:923054-923554	ENSG00000284662	OR4F16	chr1	923054	923554	686653	-	236651	epithelial	method5_re2g	0.9999260537676677	0.9999260537676677	1
chr1:923054-923554	ENSG00000284733	OR4F29	chr1	923054	923554	451677	-	471627	epithelial	method5_re2g	0.9999429380712206	0.9999429380712206	1
chr1:923600-924100	ENSG00000187583	PLEKHN1	chr1	923600	924100	966481	+	42631	epithelial	method5_re2g	0.5604842803318583	0.5604842803318583	1
chr1:923600-924100	ENSG00000187608	ISG15	chr1	923600	924100	1001137	+	77287	epithelial	method5_re2g	0.1973475099798087	0.1973475099798087	1
chr1:923600-924100	ENSG00000187634	SAMD11	chr1	923600	924100	923922	+	72	epithelial	method5_re2g	0.9991796148525233	0.9991796148525233	1
chr1:923600-924100	ENSG00000187642	PERM1	chr1	923600	924100	982116	-	58266	epithelial	method5_re2g	0.4073605548363146	0.4073605548363146	1
chr1:923600-924100	ENSG00000187961	KLHL17	chr1	923600	924100	960583	+	36733	epithelial	method5_re2g	0.7468705936700485	0.7468705936700485	1
chr1:923600-924100	ENSG00000188290	HES4	chr1	923600	924100	1000171	-	76321	epithelial	method5_re2g	0.24209950199214975	0.24209950199214975	1
chr1:923600-924100	ENSG00000188976	NOC2L	chr1	923600	924100	959308	-	35458	epithelial	method5_re2g	0.9986469973423221	0.9986469973423221	1
chr1:923600-924100	ENSG00000284662	OR4F16	chr1	923600	924100	686653	-	237197	epithelial	method5_re2g	0.9999625468621991	0.9999625468621991	1
chr1:923600-924100	ENSG00000284733	OR4F29	chr1	923600	924100	451677	-	472173	epithelial	method5_re2g	0.9999897581523254	0.9999897581523254	1
chr1:924745-925245	ENSG00000187583	PLEKHN1	chr1	924745	925245	966481	+	41486	epithelial	method5_re2g	0.6624278877268198	0.6624278877268198	1
chr1:924745-925245	ENSG00000187608	ISG15	chr1	924745	925245	1001137	+	76142	epithelial	method5_re2g	0.20464069930235657	0.20464069930235657	1
chr1:924745-925245	ENSG00000187634	SAMD11	chr1	924745	925245	923922	+	1073	epithelial	method5_re2g	0.9578939184050133	0.9578939184050133	1
chr1:924745-925245	ENSG00000187642	PERM1	chr1	924745	925245	982116	-	57121	epithelial	method5_re2g	0.44434450975127127	0.44434450975127127	1
chr1:924745-925245	ENSG00000187961	KLHL17	chr1	924745	925245	960583	+	35588	epithelial	method5_re2g	0.9979627166486168	0.9979627166486168	1
chr1:924745-925245	ENSG00000188290	HES4	chr1	924745	925245	1000171	-	75176	epithelial	method5_re2g	0.2647743607596525	0.2647743607596525	1
chr1:924745-925245	ENSG00000188976	NOC2L	chr1	924745	925245	959308	-	34313	epithelial	method5_re2g	0.9979199858477695	0.9979199858477695	1
chr1:924745-925245	ENSG00000284662	OR4F16	chr1	924745	925245	686653	-	238342	epithelial	method5_re2g	0.9999402784172197	0.9999402784172197	1
chr1:924745-925245	ENSG00000284733	OR4F29	chr1	924745	925245	451677	-	473318	epithelial	method5_re2g	0.9921919210669803	0.9921919210669803	1
chr1:925445-925945	ENSG00000187583	PLEKHN1	chr1	925445	925945	966481	+	40786	epithelial	method5_re2g	0.638853321782394	0.638853321782394	1
chr1:925445-925945	ENSG00000187608	ISG15	chr1	925445	925945	1001137	+	75442	epithelial	method5_re2g	0.19557642102165002	0.19557642102165002	1
chr1:925445-925945	ENSG00000187634	SAMD11	chr1	925445	925945	923922	+	1773	epithelial	method5_re2g	0.9984929323851373	0.9984929323851373	1
chr1:925445-925945	ENSG00000187642	PERM1	chr1	925445	925945	982116	-	56421	epithelial	method5_re2g	0.4232427506447024	0.4232427506447024	1
chr1:925445-925945	ENSG00000187961	KLHL17	chr1	925445	925945	960583	+	34888	epithelial	method5_re2g	0.9977196865151053	0.9977196865151053	1
chr1:925445-925945	ENSG00000188290	HES4	chr1	925445	925945	1000171	-	74476	epithelial	method5_re2g	0.2537512879004793	0.2537512879004793	1
chr1:925445-925945	ENSG00000188976	NOC2L	chr1	925445	925945	959308	-	33613	epithelial	method5_re2g	0.9976646418677148	0.9976646418677148	1
chr1:925445-925945	ENSG00000284662	OR4F16	chr1	925445	925945	686653	-	239042	epithelial	method5_re2g	0.9999335411747626	0.9999335411747626	1
chr1:925445-925945	ENSG00000284733	OR4F29	chr1	925445	925945	451677	-	474018	epithelial	method5_re2g	0.9888277650858833	0.9888277650858833	1
chr1:925963-926463	ENSG00000187583	PLEKHN1	chr1	925963	926463	966481	+	40268	epithelial	method5_re2g	0.6195988606204823	0.6195988606204823	1
chr1:925963-926463	ENSG00000187608	ISG15	chr1	925963	926463	1001137	+	74924	epithelial	method5_re2g	0.18901133266196843	0.18901133266196843	1
chr1:925963-926463	ENSG00000187634	SAMD11	chr1	925963	926463	923922	+	2291	epithelial	method5_re2g	0.9985490748874423	0.9985490748874423	1
chr1:925963-926463	ENSG00000187642	PERM1	chr1	925963	926463	982116	-	55903	epithelial	method5_re2g	0.4071232571812153	0.4071232571812153	1
chr1:925963-926463	ENSG00000187961	KLHL17	chr1	925963	926463	960583	+	34370	epithelial	method5_re2g	0.9975020685697354	0.9975020685697354	1
chr1:925963-926463	ENSG00000188290	HES4	chr1	925963	926463	1000171	-	73958	epithelial	method5_re2g	0.2457051172571964	0.2457051172571964	1
chr1:925963-926463	ENSG00000188976	NOC2L	chr1	925963	926463	959308	-	33095	epithelial	method5_re2g	0.9974339413230626	0.9974339413230626	1
chr1:925963-926463	ENSG00000284662	OR4F16	chr1	925963	926463	686653	-	239560	epithelial	method5_re2g	0.9999283993085166	0.9999283993085166	1
chr1:925963-926463	ENSG00000284733	OR4F29	chr1	925963	926463	451677	-	474536	epithelial	method5_re2g	0.9846923673999955	0.9846923673999955	1
chr1:926723-927223	ENSG00000187583	PLEKHN1	chr1	926723	927223	966481	+	39508	epithelial	method5_re2g	0.6030930022738289	0.6030930022738289	1
chr1:926723-927223	ENSG00000187608	ISG15	chr1	926723	927223	1001137	+	74164	epithelial	method5_re2g	0.1829220532266146	0.1829220532266146	1
chr1:926723-927223	ENSG00000187634	SAMD11	chr1	926723	927223	923922	+	3051	epithelial	method5_re2g	0.9981988734769355	0.9981988734769355	1
chr1:926723-927223	ENSG00000187642	PERM1	chr1	926723	927223	982116	-	55143	epithelial	method5_re2g	0.39319558901233653	0.39319558901233653	1
chr1:926723-927223	ENSG00000187961	KLHL17	chr1	926723	927223	960583	+	33610	epithelial	method5_re2g	0.9973055969115059	0.9973055969115059	1
chr1:926723-927223	ENSG00000188290	HES4	chr1	926723	927223	1000171	-	73198	epithelial	method5_re2g	0.23823044836033302	0.23823044836033302	1
chr1:926723-927223	ENSG00000188976	NOC2L	chr1	926723	927223	959308	-	32335	epithelial	method5_re2g	0.9972252405913004	0.9972252405913004	1
chr1:926723-927223	ENSG00000284662	OR4F16	chr1	926723	927223	686653	-	240320	epithelial	method5_re2g	0.9999235750362501	0.9999235750362501	1
chr1:926723-927223	ENSG00000284733	OR4F29	chr1	926723	927223	451677	-	475296	epithelial	method5_re2g	0.979581925547304	0.979581925547304	1
chr1:927266-927766	ENSG00000187583	PLEKHN1	chr1	927266	927766	966481	+	38965	epithelial	method5_re2g	0.6148998040820411	0.6148998040820411	1
chr1:927266-927766	ENSG00000187608	ISG15	chr1	927266	927766	1001137	+	73621	epithelial	method5_re2g	0.186391313477829	0.186391313477829	1
chr1:927266-927766	ENSG00000187634	SAMD11	chr1	927266	927766	923922	+	3594	epithelial	method5_re2g	0.9986388946257271	0.9986388946257271	1
chr1:927266-927766	ENSG00000187642	PERM1	chr1	927266	927766	982116	-	54600	epithelial	method5_re2g	0.4025343267252241	0.4025343267252241	1
chr1:927266-927766	ENSG00000187961	KLHL17	chr1	927266	927766	960583	+	33067	epithelial	method5_re2g	0.9974473477872806	0.9974473477872806	1
chr1:927266-927766	ENSG00000188290	HES4	chr1	927266	927766	1000171	-	72655	epithelial	method5_re2g	0.2424611568494126	0.2424611568494126	1
chr1:927266-927766	ENSG00000188976	NOC2L	chr1	927266	927766	959308	-	31792	epithelial	method5_re2g	0.9973722245567729	0.9973722245567729	1
chr1:927266-927766	ENSG00000284662	OR4F16	chr1	927266	927766	686653	-	240863	epithelial	method5_re2g	0.9999293617691889	0.9999293617691889	1
chr1:927266-927766	ENSG00000284733	OR4F29	chr1	927266	927766	451677	-	475839	epithelial	method5_re2g	0.9843434536108961	0.9843434536108961	1
chr1:928242-928742	ENSG00000187583	PLEKHN1	chr1	928242	928742	966481	+	37989	epithelial	method5_re2g	0.6017872718846246	0.6017872718846246	1
chr1:928242-928742	ENSG00000187608	ISG15	chr1	928242	928742	1001137	+	72645	epithelial	method5_re2g	0.18232665626449307	0.18232665626449307	1
chr1:928242-928742	ENSG00000187634	SAMD11	chr1	928242	928742	923922	+	4570	epithelial	method5_re2g	0.9981451604319558	0.9981451604319558	1
chr1:928242-928742	ENSG00000187642	PERM1	chr1	928242	928742	982116	-	53624	epithelial	method5_re2g	0.39188365681478954	0.39188365681478954	1
chr1:928242-928742	ENSG00000187961	KLHL17	chr1	928242	928742	960583	+	32091	epithelial	method5_re2g	0.9972873103279715	0.9972873103279715	1
chr1:928242-928742	ENSG00000188290	HES4	chr1	928242	928742	1000171	-	71679	epithelial	method5_re2g	0.23743810546548147	0.23743810546548147	1
chr1:928242-928742	ENSG00000188976	NOC2L	chr1	928242	928742	959308	-	30816	epithelial	method5_re2g	0.9972006547729899	0.9972006547729899	1
chr1:928242-928742	ENSG00000284662	OR4F16	chr1	928242	928742	686653	-	241839	epithelial	method5_re2g	0.9999252367109263	0.9999252367109263	1
chr1:928242-928742	ENSG00000284733	OR4F29	chr1	928242	928742	451677	-	476815	epithelial	method5_re2g	0.979059888750119	0.979059888750119	1
chr1:928877-929377	ENSG00000187583	PLEKHN1	chr1	928877	929377	966481	+	37354	epithelial	method5_re2g	0.6154081811360858	0.6154081811360858	1
chr1:928877-929377	ENSG00000187608	ISG15	chr1	928877	929377	1001137	+	72010	epithelial	method5_re2g	0.18517272168058033	0.18517272168058033	1
chr1:928877-929377	ENSG00000187634	SAMD11	chr1	928877	929377	923922	+	5205	epithelial	method5_re2g	0.9985511445635018	0.9985511445635018	1
chr1:928877-929377	ENSG00000187642	PERM1	chr1	928877	929377	982116	-	52989	epithelial	method5_re2g	0.4017767906354131	0.4017767906354131	1
chr1:928877-929377	ENSG00000187961	KLHL17	chr1	928877	929377	960583	+	31456	epithelial	method5_re2g	0.9974566381917717	0.9974566381917717	1
chr1:928877-929377	ENSG00000188290	HES4	chr1	928877	929377	1000171	-	71044	epithelial	method5_re2g	0.24093804778399913	0.24093804778399913	1
chr1:928877-929377	ENSG00000188976	NOC2L	chr1	928877	929377	959308	-	30181	epithelial	method5_re2g	0.9973781298669102	0.9973781298669102	1
chr1:928877-929377	ENSG00000284662	OR4F16	chr1	928877	929377	686653	-	242474	epithelial	method5_re2g	0.999931184785909	0.999931184785909	1
chr1:928877-929377	ENSG00000284733	OR4F29	chr1	928877	929377	451677	-	477450	epithelial	method5_re2g	0.985022625911061	0.985022625911061	1
chr1:929503-930003	ENSG00000187583	PLEKHN1	chr1	929503	930003	966481	+	36728	epithelial	method5_re2g	0.5995237932381458	0.5995237932381458	1
chr1:929503-930003	ENSG00000187608	ISG15	chr1	929503	930003	1001137	+	71384	epithelial	method5_re2g	0.18015705658388528	0.18015705658388528	1
chr1:929503-930003	ENSG00000187634	SAMD11	chr1	929503	930003	923922	+	5831	epithelial	method5_re2g	0.9982300688614206	0.9982300688614206	1
chr1:929503-930003	ENSG00000187642	PERM1	chr1	929503	930003	982116	-	52363	epithelial	method5_re2g	0.38913815777311206	0.38913815777311206	1
chr1:929503-930003	ENSG00000187961	KLHL17	chr1	929503	930003	960583	+	30830	epithelial	method5_re2g	0.997259828894787	0.997259828894787	1
chr1:929503-930003	ENSG00000188290	HES4	chr1	929503	930003	1000171	-	70418	epithelial	method5_re2g	0.23474109386657457	0.23474109386657457	1
chr1:929503-930003	ENSG00000188976	NOC2L	chr1	929503	930003	959308	-	29555	epithelial	method5_re2g	0.9971663818945727	0.9971663818945727	1
chr1:929503-930003	ENSG00000284662	OR4F16	chr1	929503	930003	686653	-	243100	epithelial	method5_re2g	0.9999272796088537	0.9999272796088537	1
chr1:929503-930003	ENSG00000284733	OR4F29	chr1	929503	930003	451677	-	478076	epithelial	method5_re2g	0.9802133145175821	0.9802133145175821	1
chr1:930519-931019	ENSG00000187583	PLEKHN1	chr1	930519	931019	966481	+	35712	epithelial	method5_re2g	0.6104255130021508	0.6104255130021508	1
chr1:930519-931019	ENSG00000187608	ISG15	chr1	930519	931019	1001137	+	70368	epithelial	method5_re2g	0.18231267808816412	0.18231267808816412	1
chr1:930519-931019	ENSG00000187634	SAMD11	chr1	930519	931019	923922	+	6847	epithelial	method5_re2g	0.9983422733305662	0.9983422733305662	1
chr1:930519-931019	ENSG00000187642	PERM1	chr1	930519	931019	982116	-	51347	epithelial	method5_re2g	0.39662862359074114	0.39662862359074114	1
chr1:930519-931019	ENSG00000187961	KLHL17	chr1	930519	931019	960583	+	29814	epithelial	method5_re2g	0.9974000425047496	0.9974000425047496	1
chr1:930519-931019	ENSG00000188290	HES4	chr1	930519	931019	1000171	-	69402	epithelial	method5_re2g	0.23739155258969968	0.23739155258969968	1
chr1:930519-931019	ENSG00000188976	NOC2L	chr1	930519	931019	959308	-	28539	epithelial	method5_re2g	0.9973136406918186	0.9973136406918186	1
chr1:930519-931019	ENSG00000284662	OR4F16	chr1	930519	931019	686653	-	244116	epithelial	method5_re2g	0.999931047131419	0.999931047131419	1
chr1:930519-931019	ENSG00000284733	OR4F29	chr1	930519	931019	451677	-	479092	epithelial	method5_re2g	0.9840317592195459	0.9840317592195459	1
chr1:931145-931645	ENSG00000187583	PLEKHN1	chr1	931145	931645	966481	+	35086	epithelial	method5_re2g	0.6075950607555916	0.6075950607555916	1
chr1:931145-931645	ENSG00000187608	ISG15	chr1	931145	931645	1001137	+	69742	epithelial	method5_re2g	0.18117291618200979	0.18117291618200979	1
chr1:931145-931645	ENSG00000187634	SAMD11	chr1	931145	931645	923922	+	7473	epithelial	method5_re2g	0.9983027215357244	0.9983027215357244	1
chr1:931145-931645	ENSG00000187642	PERM1	chr1	931145	931645	982116	-	50721	epithelial	method5_re2g	0.3942090706824903	0.3942090706824903	1
chr1:931145-931645	ENSG00000187961	KLHL17	chr1	931145	931645	960583	+	29188	epithelial	method5_re2g	0.997364013162681	0.997364013162681	1
chr1:931145-931645	ENSG00000188290	HES4	chr1	931145	931645	1000171	-	68776	epithelial	method5_re2g	0.2359595680668136	0.2359595680668136	1
chr1:931145-931645	ENSG00000188976	NOC2L	chr1	931145	931645	959308	-	27913	epithelial	method5_re2g	0.9972720071021824	0.9972720071021824	1
chr1:931145-931645	ENSG00000284662	OR4F16	chr1	931145	931645	686653	-	244742	epithelial	method5_re2g	0.999931355699953	0.999931355699953	1
chr1:931145-931645	ENSG00000284733	OR4F29	chr1	931145	931645	451677	-	479718	epithelial	method5_re2g	0.9835857522691207	0.9835857522691207	1
chr1:932104-932604	ENSG00000187583	PLEKHN1	chr1	932104	932604	966481	+	34127	epithelial	method5_re2g	0.6133000271859752	0.6133000271859752	1
chr1:932104-932604	ENSG00000187608	ISG15	chr1	932104	932604	1001137	+	68783	epithelial	method5_re2g	0.18275162190152525	0.18275162190152525	1
chr1:932104-932604	ENSG00000187634	SAMD11	chr1	932104	932604	923922	+	8432	epithelial	method5_re2g	0.9982839475428675	0.9982839475428675	1
chr1:932104-932604	ENSG00000187642	PERM1	chr1	932104	932604	982116	-	49762	epithelial	method5_re2g	0.39832222352633795	0.39832222352633795	1
chr1:932104-932604	ENSG00000187961	KLHL17	chr1	932104	932604	960583	+	28229	epithelial	method5_re2g	0.9974342497119442	0.9974342497119442	1
chr1:932104-932604	ENSG00000188290	HES4	chr1	932104	932604	1000171	-	67817	epithelial	method5_re2g	0.23786732781572387	0.23786732781572387	1
chr1:932104-932604	ENSG00000188976	NOC2L	chr1	932104	932604	959308	-	26954	epithelial	method5_re2g	0.9973437906917377	0.9973437906917377	1
chr1:932104-932604	ENSG00000284662	OR4F16	chr1	932104	932604	686653	-	245701	epithelial	method5_re2g	0.9999333140730311	0.9999333140730311	1
chr1:932104-932604	ENSG00000284733	OR4F29	chr1	932104	932604	451677	-	480677	epithelial	method5_re2g	0.9846999093414158	0.9846999093414158	1
chr1:933034-933534	ENSG00000187583	PLEKHN1	chr1	933034	933534	966481	+	33197	epithelial	method5_re2g	0.7017692773805657	0.7017692773805657	1
chr1:933034-933534	ENSG00000187608	ISG15	chr1	933034	933534	1001137	+	67853	epithelial	method5_re2g	0.21374966875051332	0.21374966875051332	1
chr1:933034-933534	ENSG00000187634	SAMD11	chr1	933034	933534	923922	+	9362	epithelial	method5_re2g	0.9992045669440768	0.9992045669440768	1
chr1:933034-933534	ENSG00000187642	PERM1	chr1	933034	933534	982116	-	48832	epithelial	method5_re2g	0.47443928075299885	0.47443928075299885	1
chr1:933034-933534	ENSG00000187961	KLHL17	chr1	933034	933534	960583	+	27299	epithelial	method5_re2g	0.9983434159915693	0.9983434159915693	1
chr1:933034-933534	ENSG00000188290	HES4	chr1	933034	933534	1000171	-	66887	epithelial	method5_re2g	0.2755121616902391	0.2755121616902391	1
chr1:933034-933534	ENSG00000188976	NOC2L	chr1	933034	933534	959308	-	26024	epithelial	method5_re2g	0.9983026535666978	0.9983026535666978	1
chr1:933034-933534	ENSG00000284662	OR4F16	chr1	933034	933534	686653	-	246631	epithelial	method5_re2g	0.9999553398041104	0.9999553398041104	1
chr1:933034-933534	ENSG00000284733	OR4F29	chr1	933034	933534	451677	-	481607	epithelial	method5_re2g	0.9954555039299927	0.9954555039299927	1
chr1:933657-934157	ENSG00000187583	PLEKHN1	chr1	933657	934157	966481	+	32574	epithelial	method5_re2g	0.6083142045842701	0.6083142045842701	1
chr1:933657-934157	ENSG00000187608	ISG15	chr1	933657	934157	1001137	+	67230	epithelial	method5_re2g	0.18156934766498442	0.18156934766498442	1
chr1:933657-934157	ENSG00000187634	SAMD11	chr1	933657	934157	923922	+	9985	epithelial	method5_re2g	0.9980772612192853	0.9980772612192853	1
chr1:933657-934157	ENSG00000187642	PERM1	chr1	933657	934157	982116	-	48209	epithelial	method5_re2g	0.3944064919491296	0.3944064919491296	1
chr1:933657-934157	ENSG00000187961	KLHL17	chr1	933657	934157	960583	+	26676	epithelial	method5_re2g	0.9973687591665236	0.9973687591665236	1
chr1:933657-934157	ENSG00000188290	HES4	chr1	933657	934157	1000171	-	66264	epithelial	method5_re2g	0.23632345204172964	0.23632345204172964	1
chr1:933657-934157	ENSG00000188976	NOC2L	chr1	933657	934157	959308	-	25401	epithelial	method5_re2g	0.9972657848474827	0.9972657848474827	1
chr1:933657-934157	ENSG00000284662	OR4F16	chr1	933657	934157	686653	-	247254	epithelial	method5_re2g	0.999933325201443	0.999933325201443	1
chr1:933657-934157	ENSG00000284733	OR4F29	chr1	933657	934157	451677	-	482230	epithelial	method5_re2g	0.9827368072701759	0.9827368072701759	1
chr1:935054-935554	ENSG00000187583	PLEKHN1	chr1	935054	935554	966481	+	31177	epithelial	method5_re2g	0.6175383733161359	0.6175383733161359	1
chr1:935054-935554	ENSG00000187608	ISG15	chr1	935054	935554	1001137	+	65833	epithelial	method5_re2g	0.18376020743959603	0.18376020743959603	1
chr1:935054-935554	ENSG00000187634	SAMD11	chr1	935054	935554	923922	+	11382	epithelial	method5_re2g	0.997989468224554	0.997989468224554	1
chr1:935054-935554	ENSG00000187642	PERM1	chr1	935054	935554	982116	-	46812	epithelial	method5_re2g	0.4005055537514866	0.4005055537514866	1
chr1:935054-935554	ENSG00000187961	KLHL17	chr1	935054	935554	960583	+	25279	epithelial	method5_re2g	0.9974879135700326	0.9974879135700326	1
chr1:935054-935554	ENSG00000188290	HES4	chr1	935054	935554	1000171	-	64867	epithelial	method5_re2g	0.23899256886446374	0.23899256886446374	1
chr1:935054-935554	ENSG00000188976	NOC2L	chr1	935054	935554	959308	-	24004	epithelial	method5_re2g	0.997391351622792	0.997391351622792	1
chr1:935054-935554	ENSG00000284662	OR4F16	chr1	935054	935554	686653	-	248651	epithelial	method5_re2g	0.9999349401988894	0.9999349401988894	1
chr1:935054-935554	ENSG00000284733	OR4F29	chr1	935054	935554	451677	-	483627	epithelial	method5_re2g	0.9840183237448837	0.9840183237448837	1
chr1:935705-936205	ENSG00000187583	PLEKHN1	chr1	935705	936205	966481	+	30526	epithelial	method5_re2g	0.6311697561844704	0.6311697561844704	1
chr1:935705-936205	ENSG00000187608	ISG15	chr1	935705	936205	1001137	+	65182	epithelial	method5_re2g	0.1877584195525391	0.1877584195525391	1
chr1:935705-936205	ENSG00000187634	SAMD11	chr1	935705	936205	923922	+	12033	epithelial	method5_re2g	0.9982143221831987	0.9982143221831987	1
chr1:935705-936205	ENSG00000187642	PERM1	chr1	935705	936205	982116	-	46161	epithelial	method5_re2g	0.4110804183791507	0.4110804183791507	1
chr1:935705-936205	ENSG00000187961	KLHL17	chr1	935705	936205	960583	+	24628	epithelial	method5_re2g	0.9976456701436487	0.9976456701436487	1
chr1:935705-936205	ENSG00000188290	HES4	chr1	935705	936205	1000171	-	64216	epithelial	method5_re2g	0.24385489364024868	0.24385489364024868	1
chr1:935705-936205	ENSG00000188976	NOC2L	chr1	935705	936205	959308	-	23353	epithelial	method5_re2g	0.9975559620351687	0.9975559620351687	1
chr1:935705-936205	ENSG00000284662	OR4F16	chr1	935705	936205	686653	-	249302	epithelial	method5_re2g	0.9999393024393847	0.9999393024393847	1
chr1:935705-936205	ENSG00000284733	OR4F29	chr1	935705	936205	451677	-	484278	epithelial	method5_re2g	0.9872639983026021	0.9872639983026021	1
chr1:936324-936824	ENSG00000187583	PLEKHN1	chr1	936324	936824	966481	+	29907	epithelial	method5_re2g	0.6073425849412407	0.6073425849412407	1
chr1:936324-936824	ENSG00000187608	ISG15	chr1	936324	936824	1001137	+	64563	epithelial	method5_re2g	0.18081925652825556	0.18081925652825556	1
chr1:936324-936824	ENSG00000187634	SAMD11	chr1	936324	936824	923922	+	12652	epithelial	method5_re2g	0.9978254062567659	0.9978254062567659	1
chr1:936324-936824	ENSG00000187642	PERM1	chr1	936324	936824	982116	-	45542	epithelial	method5_re2g	0.3926823235857058	0.3926823235857058	1
chr1:936324-936824	ENSG00000187961	KLHL17	chr1	936324	936824	960583	+	24009	epithelial	method5_re2g	0.9973559428874662	0.9973559428874662	1
chr1:936324-936824	ENSG00000188290	HES4	chr1	936324	936824	1000171	-	63597	epithelial	method5_re2g	0.23528571912608268	0.23528571912608268	1
chr1:936324-936824	ENSG00000188976	NOC2L	chr1	936324	936824	959308	-	22734	epithelial	method5_re2g	0.9972392097616164	0.9972392097616164	1
chr1:936324-936824	ENSG00000284662	OR4F16	chr1	936324	936824	686653	-	249921	epithelial	method5_re2g	0.9999343225739042	0.9999343225739042	1
chr1:936324-936824	ENSG00000284733	OR4F29	chr1	936324	936824	451677	-	484897	epithelial	method5_re2g	0.9812730251824426	0.9812730251824426	1
chr1:936832-937332	ENSG00000187583	PLEKHN1	chr1	936832	937332	966481	+	29399	epithelial	method5_re2g	0.6260245315889696	0.6260245315889696	1
chr1:936832-937332	ENSG00000187608	ISG15	chr1	936832	937332	1001137	+	64055	epithelial	method5_re2g	0.18631078309585375	0.18631078309585375	1
chr1:936832-937332	ENSG00000187634	SAMD11	chr1	936832	937332	923922	+	13160	epithelial	method5_re2g	0.9981758136687414	0.9981758136687414	1
chr1:936832-937332	ENSG00000187642	PERM1	chr1	936832	937332	982116	-	45034	epithelial	method5_re2g	0.4071603296835112	0.4071603296835112	1
chr1:936832-937332	ENSG00000187961	KLHL17	chr1	936832	937332	960583	+	23501	epithelial	method5_re2g	0.997578448641062	0.997578448641062	1
chr1:936832-937332	ENSG00000188290	HES4	chr1	936832	937332	1000171	-	63089	epithelial	method5_re2g	0.2419817138165986	0.2419817138165986	1
chr1:936832-937332	ENSG00000188976	NOC2L	chr1	936832	937332	959308	-	22226	epithelial	method5_re2g	0.997473186972392	0.997473186972392	1
chr1:936832-937332	ENSG00000284662	OR4F16	chr1	936832	937332	686653	-	250429	epithelial	method5_re2g	0.9999401598989165	0.9999401598989165	1
chr1:936832-937332	ENSG00000284733	OR4F29	chr1	936832	937332	451677	-	485405	epithelial	method5_re2g	0.9865959798314928	0.9865959798314928	1
chr1:937355-937855	ENSG00000187583	PLEKHN1	chr1	937355	937855	966481	+	28876	epithelial	method5_re2g	0.6120831212675608	0.6120831212675608	1
chr1:937355-937855	ENSG00000187608	ISG15	chr1	937355	937855	1001137	+	63532	epithelial	method5_re2g	0.18219494208904413	0.18219494208904413	1
chr1:937355-937855	ENSG00000187634	SAMD11	chr1	937355	937855	923922	+	13683	epithelial	method5_re2g	0.9980026430233981	0.9980026430233981	1
chr1:937355-937855	ENSG00000187642	PERM1	chr1	937355	937855	982116	-	44511	epithelial	method5_re2g	0.396506491774422	0.396506491774422	1
chr1:937355-937855	ENSG00000187961	KLHL17	chr1	937355	937855	960583	+	22978	epithelial	method5_re2g	0.9974047256536986	0.9974047256536986	1
chr1:937355-937855	ENSG00000188290	HES4	chr1	937355	937855	1000171	-	62566	epithelial	method5_re2g	0.23688057667140247	0.23688057667140247	1
chr1:937355-937855	ENSG00000188976	NOC2L	chr1	937355	937855	959308	-	21703	epithelial	method5_re2g	0.9972788918642568	0.9972788918642568	1
chr1:937355-937855	ENSG00000284662	OR4F16	chr1	937355	937855	686653	-	250952	epithelial	method5_re2g	0.9999380589329641	0.9999380589329641	1
chr1:937355-937855	ENSG00000284733	OR4F29	chr1	937355	937855	451677	-	485928	epithelial	method5_re2g	0.9837021216677795	0.9837021216677795	1
chr1:938020-938520	ENSG00000187583	PLEKHN1	chr1	938020	938520	966481	+	28211	epithelial	method5_re2g	0.7264798690902534	0.7264798690902534	1
chr1:938020-938520	ENSG00000187608	ISG15	chr1	938020	938520	1001137	+	62867	epithelial	method5_re2g	0.22137320136702815	0.22137320136702815	1
chr1:938020-938520	ENSG00000187634	SAMD11	chr1	938020	938520	923922	+	14348	epithelial	method5_re2g	0.9991461711551742	0.9991461711551742	1
chr1:938020-938520	ENSG00000187642	PERM1	chr1	938020	938520	982116	-	43846	epithelial	method5_re2g	0.49469479375358016	0.49469479375358016	1
chr1:938020-938520	ENSG00000187961	KLHL17	chr1	938020	938520	960583	+	22313	epithelial	method5_re2g	0.9985554232198806	0.9985554232198806	1
chr1:938020-938520	ENSG00000188290	HES4	chr1	938020	938520	1000171	-	61901	epithelial	method5_re2g	0.2843571828781935	0.2843571828781935	1
chr1:938020-938520	ENSG00000188976	NOC2L	chr1	938020	938520	959308	-	21038	epithelial	method5_re2g	0.9985088494121476	0.9985088494121476	1
chr1:938020-938520	ENSG00000284662	OR4F16	chr1	938020	938520	686653	-	251617	epithelial	method5_re2g	0.9999617681524644	0.9999617681524644	1
chr1:938020-938520	ENSG00000284733	OR4F29	chr1	938020	938520	451677	-	486593	epithelial	method5_re2g	0.9964165804221152	0.9964165804221152	1
chr1:938644-939144	ENSG00000187583	PLEKHN1	chr1	938644	939144	966481	+	27587	epithelial	method5_re2g	0.6405005020537943	0.6405005020537943	1
chr1:938644-939144	ENSG00000187608	ISG15	chr1	938644	939144	1001137	+	62243	epithelial	method5_re2g	0.1894443034565266	0.1894443034565266	1
chr1:938644-939144	ENSG00000187634	SAMD11	chr1	938644	939144	923922	+	14972	epithelial	method5_re2g	0.9983903673385842	0.9983903673385842	1
chr1:938644-939144	ENSG00000187642	PERM1	chr1	938644	939144	982116	-	43222	epithelial	method5_re2g	0.4176995542243757	0.4176995542243757	1
chr1:938644-939144	ENSG00000187961	KLHL17	chr1	938644	939144	960583	+	21689	epithelial	method5_re2g	0.9977374954430339	0.9977374954430339	1
chr1:938644-939144	ENSG00000188290	HES4	chr1	938644	939144	1000171	-	61277	epithelial	method5_re2g	0.24570093970692627	0.24570093970692627	1
chr1:938644-939144	ENSG00000188976	NOC2L	chr1	938644	939144	959308	-	20414	epithelial	method5_re2g	0.9976275831593655	0.9976275831593655	1
chr1:938644-939144	ENSG00000284662	OR4F16	chr1	938644	939144	686653	-	252241	epithelial	method5_re2g	0.9999458930923406	0.9999458930923406	1
chr1:938644-939144	ENSG00000284733	OR4F29	chr1	938644	939144	451677	-	487217	epithelial	method5_re2g	0.9898703854074766	0.9898703854074766	1
chr1:939282-939782	ENSG00000187583	PLEKHN1	chr1	939282	939782	966481	+	26949	epithelial	method5_re2g	0.6366303015129648	0.6366303015129648	1
chr1:939282-939782	ENSG00000187608	ISG15	chr1	939282	939782	1001137	+	61605	epithelial	method5_re2g	0.18791756344406996	0.18791756344406996	1
chr1:939282-939782	ENSG00000187634	SAMD11	chr1	939282	939782	923922	+	15610	epithelial	method5_re2g	0.998341778033465	0.998341778033465	1
chr1:939282-939782	ENSG00000187642	PERM1	chr1	939282	939782	982116	-	42584	epithelial	method5_re2g	0.4143460590384926	0.4143460590384926	1
chr1:939282-939782	ENSG00000187961	KLHL17	chr1	939282	939782	960583	+	21051	epithelial	method5_re2g	0.9976909791229565	0.9976909791229565	1
chr1:939282-939782	ENSG00000188290	HES4	chr1	939282	939782	1000171	-	60639	epithelial	method5_re2g	0.2437877411430365	0.2437877411430365	1
chr1:939282-939782	ENSG00000188976	NOC2L	chr1	939282	939782	959308	-	19776	epithelial	method5_re2g	0.9975701764605707	0.9975701764605707	1
chr1:939282-939782	ENSG00000284662	OR4F16	chr1	939282	939782	686653	-	252879	epithelial	method5_re2g	0.9999458090839577	0.9999458090839577	1
chr1:939282-939782	ENSG00000284733	OR4F29	chr1	939282	939782	451677	-	487855	epithelial	method5_re2g	0.989473402451828	0.989473402451828	1
chr1:940079-940579	ENSG00000187583	PLEKHN1	chr1	940079	940579	966481	+	26152	epithelial	method5_re2g	0.7088043139616391	0.7088043139616391	1
chr1:940079-940579	ENSG00000187608	ISG15	chr1	940079	940579	1001137	+	60808	epithelial	method5_re2g	0.2115233524149885	0.2115233524149885	1
chr1:940079-940579	ENSG00000187634	SAMD11	chr1	940079	940579	923922	+	16407	epithelial	method5_re2g	0.9989520714060056	0.9989520714060056	1
chr1:940079-940579	ENSG00000187642	PERM1	chr1	940079	940579	982116	-	41787	epithelial	method5_re2g	0.47515971960883613	0.47515971960883613	1
chr1:940079-940579	ENSG00000187961	KLHL17	chr1	940079	940579	960583	+	20254	epithelial	method5_re2g	0.9984105462953613	0.9984105462953613	1
chr1:940079-940579	ENSG00000188290	HES4	chr1	940079	940579	1000171	-	59842	epithelial	method5_re2g	0.27242461651899086	0.27242461651899086	1
chr1:940079-940579	ENSG00000188976	NOC2L	chr1	940079	940579	959308	-	18979	epithelial	method5_re2g	0.9983431089490346	0.9983431089490346	1
chr1:940079-940579	ENSG00000284662	OR4F16	chr1	940079	940579	686653	-	253676	epithelial	method5_re2g	0.9999593635150428	0.9999593635150428	1
chr1:940079-940579	ENSG00000284733	OR4F29	chr1	940079	940579	451677	-	488652	epithelial	method5_re2g	0.9956411319914921	0.9956411319914921	1
chr1:941017-941517	ENSG00000187583	PLEKHN1	chr1	941017	941517	966481	+	25214	epithelial	method5_re2g	0.6721159423666604	0.6721159423666604	1
chr1:941017-941517	ENSG00000187608	ISG15	chr1	941017	941517	1001137	+	59870	epithelial	method5_re2g	0.19762750767111856	0.19762750767111856	1
chr1:941017-941517	ENSG00000187634	SAMD11	chr1	941017	941517	923922	+	17345	epithelial	method5_re2g	0.9985851609711259	0.9985851609711259	1
chr1:941017-941517	ENSG00000187642	PERM1	chr1	941017	941517	982116	-	40849	epithelial	method5_re2g	0.4414485812432846	0.4414485812432846	1
chr1:941017-941517	ENSG00000187961	KLHL17	chr1	941017	941517	960583	+	19316	epithelial	method5_re2g	0.9980736363740157	0.9980736363740157	1
chr1:941017-941517	ENSG00000188290	HES4	chr1	941017	941517	1000171	-	58904	epithelial	method5_re2g	0.25556208763404775	0.25556208763404775	1
chr1:941017-941517	ENSG00000188976	NOC2L	chr1	941017	941517	959308	-	18041	epithelial	method5_re2g	0.9979747021948736	0.9979747021948736	1
chr1:941017-941517	ENSG00000284662	OR4F16	chr1	941017	941517	686653	-	254614	epithelial	method5_re2g	0.9999527223298752	0.9999527223298752	1
chr1:941017-941517	ENSG00000284733	OR4F29	chr1	941017	941517	451677	-	489590	epithelial	method5_re2g	0.993116539518645	0.993116539518645	1
chr1:941558-942058	ENSG00000187583	PLEKHN1	chr1	941558	942058	966481	+	24673	epithelial	method5_re2g	0.7412965673177244	0.7412965673177244	1
chr1:941558-942058	ENSG00000187608	ISG15	chr1	941558	942058	1001137	+	59329	epithelial	method5_re2g	0.22361880410560428	0.22361880410560428	1
chr1:941558-942058	ENSG00000187634	SAMD11	chr1	941558	942058	923922	+	17886	epithelial	method5_re2g	0.9990985021555755	0.9990985021555755	1
chr1:941558-942058	ENSG00000187642	PERM1	chr1	941558	942058	982116	-	40308	epithelial	method5_re2g	0.5051030571458713	0.5051030571458713	1
chr1:941558-942058	ENSG00000187961	KLHL17	chr1	941558	942058	960583	+	18775	epithelial	method5_re2g	0.9986776569908382	0.9986776569908382	1
chr1:941558-942058	ENSG00000188290	HES4	chr1	941558	942058	1000171	-	58363	epithelial	method5_re2g	0.28683301393953153	0.28683301393953153	1
chr1:941558-942058	ENSG00000188976	NOC2L	chr1	941558	942058	959308	-	17500	epithelial	method5_re2g	0.9986203567971779	0.9986203567971779	1
chr1:941558-942058	ENSG00000284662	OR4F16	chr1	941558	942058	686653	-	255155	epithelial	method5_re2g	0.9999648328529277	0.9999648328529277	1
chr1:941558-942058	ENSG00000284733	OR4F29	chr1	941558	942058	451677	-	490131	epithelial	method5_re2g	0.99687797457084	0.99687797457084	1
chr1:942344-942844	ENSG00000187583	PLEKHN1	chr1	942344	942844	966481	+	23887	epithelial	method5_re2g	0.676886923390817	0.676886923390817	1
chr1:942344-942844	ENSG00000187608	ISG15	chr1	942344	942844	1001137	+	58543	epithelial	method5_re2g	0.1978753898496041	0.1978753898496041	1
chr1:942344-942844	ENSG00000187634	SAMD11	chr1	942344	942844	923922	+	18672	epithelial	method5_re2g	0.9985960547938585	0.9985960547938585	1
chr1:942344-942844	ENSG00000187642	PERM1	chr1	942344	942844	982116	-	39522	epithelial	method5_re2g	0.4442346165315301	0.4442346165315301	1
chr1:942344-942844	ENSG00000187961	KLHL17	chr1	942344	942844	960583	+	17989	epithelial	method5_re2g	0.9981180547580034	0.9981180547580034	1
chr1:942344-942844	ENSG00000188290	HES4	chr1	942344	942844	1000171	-	57577	epithelial	method5_re2g	0.25577326450969945	0.25577326450969945	1
chr1:942344-942844	ENSG00000188976	NOC2L	chr1	942344	942844	959308	-	16714	epithelial	method5_re2g	0.9980076896638288	0.9980076896638288	1
chr1:942344-942844	ENSG00000284662	OR4F16	chr1	942344	942844	686653	-	255941	epithelial	method5_re2g	0.9999543861506678	0.9999543861506678	1
chr1:942344-942844	ENSG00000284733	OR4F29	chr1	942344	942844	451677	-	490917	epithelial	method5_re2g	0.9935992643829793	0.9935992643829793	1
chr1:942896-943396	ENSG00000187583	PLEKHN1	chr1	942896	943396	966481	+	23335	epithelial	method5_re2g	0.6625860271626808	0.6625860271626808	1
chr1:942896-943396	ENSG00000187608	ISG15	chr1	942896	943396	1001137	+	57991	epithelial	method5_re2g	0.19286987339204328	0.19286987339204328	1
chr1:942896-943396	ENSG00000187634	SAMD11	chr1	942896	943396	923922	+	19224	epithelial	method5_re2g	0.9984811158029917	0.9984811158029917	1
chr1:942896-943396	ENSG00000187642	PERM1	chr1	942896	943396	982116	-	38970	epithelial	method5_re2g	0.43213655467711837	0.43213655467711837	1
chr1:942896-943396	ENSG00000187961	KLHL17	chr1	942896	943396	960583	+	17437	epithelial	method5_re2g	0.9979671367376775	0.9979671367376775	1
chr1:942896-943396	ENSG00000188290	HES4	chr1	942896	943396	1000171	-	57025	epithelial	method5_re2g	0.24962146383822806	0.24962146383822806	1
chr1:942896-943396	ENSG00000188976	NOC2L	chr1	942896	943396	959308	-	16162	epithelial	method5_re2g	0.9978307530415094	0.9978307530415094	1
chr1:942896-943396	ENSG00000284662	OR4F16	chr1	942896	943396	686653	-	256493	epithelial	method5_re2g	0.9999526609278447	0.9999526609278447	1
chr1:942896-943396	ENSG00000284733	OR4F29	chr1	942896	943396	451677	-	491469	epithelial	method5_re2g	0.992610603881361	0.992610603881361	1
chr1:943623-944123	ENSG00000187583	PLEKHN1	chr1	943623	944123	966481	+	22608	epithelial	method5_re2g	0.628904053097385	0.628904053097385	1
chr1:943623-944123	ENSG00000187608	ISG15	chr1	943623	944123	1001137	+	57264	epithelial	method5_re2g	0.18224979850331563	0.18224979850331563	1
chr1:943623-944123	ENSG00000187634	SAMD11	chr1	943623	944123	923922	+	19951	epithelial	method5_re2g	0.9981429716229151	0.9981429716229151	1
chr1:943623-944123	ENSG00000187642	PERM1	chr1	943623	944123	982116	-	38243	epithelial	method5_re2g	0.40515055624512386	0.40515055624512386	1
chr1:943623-944123	ENSG00000187961	KLHL17	chr1	943623	944123	960583	+	16710	epithelial	method5_re2g	0.9975844864850002	0.9975844864850002	1
chr1:943623-944123	ENSG00000188290	HES4	chr1	943623	944123	1000171	-	56298	epithelial	method5_re2g	0.23657105373196638	0.23657105373196638	1
chr1:943623-944123	ENSG00000188976	NOC2L	chr1	943623	944123	959308	-	15435	epithelial	method5_re2g	0.9973910621922293	0.9973910621922293	1
chr1:943623-944123	ENSG00000284662	OR4F16	chr1	943623	944123	686653	-	257220	epithelial	method5_re2g	0.9999472694670928	0.9999472694670928	1
chr1:943623-944123	ENSG00000284733	OR4F29	chr1	943623	944123	451677	-	492196	epithelial	method5_re2g	0.9889564351405518	0.9889564351405518	1
chr1:944195-944695	ENSG00000187583	PLEKHN1	chr1	944195	944695	966481	+	22036	epithelial	method5_re2g	0.6230670571180839	0.6230670571180839	1
chr1:944195-944695	ENSG00000187608	ISG15	chr1	944195	944695	1001137	+	56692	epithelial	method5_re2g	0.1800765952977974	0.1800765952977974	1
chr1:944195-944695	ENSG00000187634	SAMD11	chr1	944195	944695	923922	+	20523	epithelial	method5_re2g	0.9981050478713273	0.9981050478713273	1
chr1:944195-944695	ENSG00000187642	PERM1	chr1	944195	944695	982116	-	37671	epithelial	method5_re2g	0.4005132332609145	0.4005132332609145	1
chr1:944195-944695	ENSG00000187961	KLHL17	chr1	944195	944695	960583	+	16138	epithelial	method5_re2g	0.9975032467951602	0.9975032467951602	1
chr1:944195-944695	ENSG00000188290	HES4	chr1	944195	944695	1000171	-	55726	epithelial	method5_re2g	0.23384847615658277	0.23384847615658277	1
chr1:944195-944695	ENSG00000188976	NOC2L	chr1	944195	944695	959308	-	14863	epithelial	method5_re2g	0.9972811151048454	0.9972811151048454	1
chr1:944195-944695	ENSG00000284662	OR4F16	chr1	944195	944695	686653	-	257792	epithelial	method5_re2g	0.9999470868690454	0.9999470868690454	1
chr1:944195-944695	ENSG00000284733	OR4F29	chr1	944195	944695	451677	-	492768	epithelial	method5_re2g	0.988541351091835	0.988541351091835	1
chr1:945256-945756	ENSG00000187583	PLEKHN1	chr1	945256	945756	966481	+	20975	epithelial	method5_re2g	0.6081831537425482	0.6081831537425482	1
chr1:945256-945756	ENSG00000187634	SAMD11	chr1	945256	945756	923922	+	21584	epithelial	method5_re2g	0.9978637771360621	0.9978637771360621	1
chr1:945256-945756	ENSG00000187642	PERM1	chr1	945256	945756	982116	-	36610	epithelial	method5_re2g	0.3882859929199082	0.3882859929199082	1
chr1:945256-945756	ENSG00000187961	KLHL17	chr1	945256	945756	960583	+	15077	epithelial	method5_re2g	0.9973145857216824	0.9973145857216824	1
chr1:945256-945756	ENSG00000188290	HES4	chr1	945256	945756	1000171	-	54665	epithelial	method5_re2g	0.22756149512353696	0.22756149512353696	1
chr1:945256-945756	ENSG00000188976	NOC2L	chr1	945256	945756	959308	-	13802	epithelial	method5_re2g	0.9970483511367573	0.9970483511367573	1
chr1:945256-945756	ENSG00000284662	OR4F16	chr1	945256	945756	686653	-	258853	epithelial	method5_re2g	0.9999442079353624	0.9999442079353624	1
chr1:945256-945756	ENSG00000284733	OR4F29	chr1	945256	945756	451677	-	493829	epithelial	method5_re2g	0.9857064217169044	0.9857064217169044	1
chr1:945864-946364	ENSG00000187583	PLEKHN1	chr1	945864	946364	966481	+	20367	epithelial	method5_re2g	0.6052640883050928	0.6052640883050928	1
chr1:945864-946364	ENSG00000187634	SAMD11	chr1	945864	946364	923922	+	22192	epithelial	method5_re2g	0.9978540925921113	0.9978540925921113	1
chr1:945864-946364	ENSG00000187642	PERM1	chr1	945864	946364	982116	-	36002	epithelial	method5_re2g	0.3861241213000415	0.3861241213000415	1
chr1:945864-946364	ENSG00000187961	KLHL17	chr1	945864	946364	960583	+	14469	epithelial	method5_re2g	0.9972599680438851	0.9972599680438851	1
chr1:945864-946364	ENSG00000188290	HES4	chr1	945864	946364	1000171	-	54057	epithelial	method5_re2g	0.22618473560810906	0.22618473560810906	1
chr1:945864-946364	ENSG00000188976	NOC2L	chr1	945864	946364	959308	-	13194	epithelial	method5_re2g	0.9969573665443213	0.9969573665443213	1
chr1:945864-946364	ENSG00000284662	OR4F16	chr1	945864	946364	686653	-	259461	epithelial	method5_re2g	0.9999445824509169	0.9999445824509169	1
chr1:945864-946364	ENSG00000284733	OR4F29	chr1	945864	946364	451677	-	494437	epithelial	method5_re2g	0.9856301210281475	0.9856301210281475	1
chr1:946509-947009	ENSG00000187583	PLEKHN1	chr1	946509	947009	966481	+	19722	epithelial	method5_re2g	0.5851500301836158	0.5851500301836158	1
chr1:946509-947009	ENSG00000187634	SAMD11	chr1	946509	947009	923922	+	22837	epithelial	method5_re2g	0.9976628870568164	0.9976628870568164	1
chr1:946509-947009	ENSG00000187642	PERM1	chr1	946509	947009	982116	-	35357	epithelial	method5_re2g	0.3722598400646748	0.3722598400646748	1
chr1:946509-947009	ENSG00000187961	KLHL17	chr1	946509	947009	960583	+	13824	epithelial	method5_re2g	0.9969505499949141	0.9969505499949141	1
chr1:946509-947009	ENSG00000188290	HES4	chr1	946509	947009	1000171	-	53412	epithelial	method5_re2g	0.21963664962525484	0.21963664962525484	1
chr1:946509-947009	ENSG00000188976	NOC2L	chr1	946509	947009	959308	-	12549	epithelial	method5_re2g	0.9965579176151477	0.9965579176151477	1
chr1:946509-947009	ENSG00000284662	OR4F16	chr1	946509	947009	686653	-	260106	epithelial	method5_re2g	0.999942081952407	0.999942081952407	1
chr1:946509-947009	ENSG00000284733	OR4F29	chr1	946509	947009	451677	-	495082	epithelial	method5_re2g	0.9818668844396274	0.9818668844396274	1
chr1:947361-947861	ENSG00000187583	PLEKHN1	chr1	947361	947861	966481	+	18870	epithelial	method5_re2g	0.5953078050582411	0.5953078050582411	1
chr1:947361-947861	ENSG00000187634	SAMD11	chr1	947361	947861	923922	+	23689	epithelial	method5_re2g	0.9977371485025108	0.9977371485025108	1
chr1:947361-947861	ENSG00000187642	PERM1	chr1	947361	947861	982116	-	34505	epithelial	method5_re2g	0.37680672364220935	0.37680672364220935	1
chr1:947361-947861	ENSG00000187961	KLHL17	chr1	947361	947861	960583	+	12972	epithelial	method5_re2g	0.9971035309476367	0.9971035309476367	1
chr1:947361-947861	ENSG00000188290	HES4	chr1	947361	947861	1000171	-	52560	epithelial	method5_re2g	0.21956534042981848	0.21956534042981848	1
chr1:947361-947861	ENSG00000188976	NOC2L	chr1	947361	947861	959308	-	11697	epithelial	method5_re2g	0.9967036276644236	0.9967036276644236	1
chr1:947361-947861	ENSG00000284662	OR4F16	chr1	947361	947861	686653	-	260958	epithelial	method5_re2g	0.9999436355597504	0.9999436355597504	1
chr1:947361-947861	ENSG00000284733	OR4F29	chr1	947361	947861	451677	-	495934	epithelial	method5_re2g	0.9848505365847077	0.9848505365847077	1
chr1:948605-949105	ENSG00000187583	PLEKHN1	chr1	948605	949105	966481	+	17626	epithelial	method5_re2g	0.5934206181067189	0.5934206181067189	1
chr1:948605-949105	ENSG00000187634	SAMD11	chr1	948605	949105	923922	+	24933	epithelial	method5_re2g	0.99758820115495	0.99758820115495	1
chr1:948605-949105	ENSG00000187642	PERM1	chr1	948605	949105	982116	-	33261	epithelial	method5_re2g	0.3736808810712306	0.3736808810712306	1
chr1:948605-949105	ENSG00000187961	KLHL17	chr1	948605	949105	960583	+	11728	epithelial	method5_re2g	0.9970826399446537	0.9970826399446537	1
chr1:948605-949105	ENSG00000188290	HES4	chr1	948605	949105	1000171	-	51316	epithelial	method5_re2g	0.2175423485928674	0.2175423485928674	1
chr1:948605-949105	ENSG00000188976	NOC2L	chr1	948605	949105	959308	-	10453	epithelial	method5_re2g	0.9966378745307899	0.9966378745307899	1
chr1:948605-949105	ENSG00000284662	OR4F16	chr1	948605	949105	686653	-	262202	epithelial	method5_re2g	0.9999425561840681	0.9999425561840681	1
chr1:948605-949105	ENSG00000284733	OR4F29	chr1	948605	949105	451677	-	497178	epithelial	method5_re2g	0.9834150751583355	0.9834150751583355	1
chr1:949467-949967	ENSG00000187583	PLEKHN1	chr1	949467	949967	966481	+	16764	epithelial	method5_re2g	0.5833905316307326	0.5833905316307326	1
chr1:949467-949967	ENSG00000187634	SAMD11	chr1	949467	949967	923922	+	25795	epithelial	method5_re2g	0.9974563632045134	0.9974563632045134	1
chr1:949467-949967	ENSG00000187642	PERM1	chr1	949467	949967	982116	-	32399	epithelial	method5_re2g	0.3658216746738735	0.3658216746738735	1
chr1:949467-949967	ENSG00000187961	KLHL17	chr1	949467	949967	960583	+	10866	epithelial	method5_re2g	0.9969179399785985	0.9969179399785985	1
chr1:949467-949967	ENSG00000188290	HES4	chr1	949467	949967	1000171	-	50454	epithelial	method5_re2g	0.2131346040635978	0.2131346040635978	1
chr1:949467-949967	ENSG00000188976	NOC2L	chr1	949467	949967	959308	-	9591	epithelial	method5_re2g	0.9963736418879146	0.9963736418879146	1
chr1:949467-949967	ENSG00000284662	OR4F16	chr1	949467	949967	686653	-	263064	epithelial	method5_re2g	0.9999411071636893	0.9999411071636893	1
chr1:949467-949967	ENSG00000284733	OR4F29	chr1	949467	949967	451677	-	498040	epithelial	method5_re2g	0.9814440580098395	0.9814440580098395	1
chr1:950970-951470	ENSG00000187583	PLEKHN1	chr1	950970	951470	966481	+	15261	epithelial	method5_re2g	0.5994491728789378	0.5994491728789378	1
chr1:950970-951470	ENSG00000187634	SAMD11	chr1	950970	951470	923922	+	27298	epithelial	method5_re2g	0.9974049134248687	0.9974049134248687	1
chr1:950970-951470	ENSG00000187642	PERM1	chr1	950970	951470	982116	-	30896	epithelial	method5_re2g	0.37281965500726516	0.37281965500726516	1
chr1:950970-951470	ENSG00000187961	KLHL17	chr1	950970	951470	960583	+	9363	epithelial	method5_re2g	0.9971980646847151	0.9971980646847151	1
chr1:950970-951470	ENSG00000188290	HES4	chr1	950970	951470	1000171	-	48951	epithelial	method5_re2g	0.21512051248676828	0.21512051248676828	1
chr1:950970-951470	ENSG00000188976	NOC2L	chr1	950970	951470	959308	-	8088	epithelial	method5_re2g	0.9966709677227216	0.9966709677227216	1
chr1:950970-951470	ENSG00000284662	OR4F16	chr1	950970	951470	686653	-	264567	epithelial	method5_re2g	0.9999418019613399	0.9999418019613399	1
chr1:950970-951470	ENSG00000284733	OR4F29	chr1	950970	951470	451677	-	499543	epithelial	method5_re2g	0.9827273044262053	0.9827273044262053	1
chr1:951672-952172	ENSG00000187583	PLEKHN1	chr1	951672	952172	966481	+	14559	epithelial	method5_re2g	0.6053172165330349	0.6053172165330349	1
chr1:951672-952172	ENSG00000187634	SAMD11	chr1	951672	952172	923922	+	28000	epithelial	method5_re2g	0.9974592298559602	0.9974592298559602	1
chr1:951672-952172	ENSG00000187642	PERM1	chr1	951672	952172	982116	-	30194	epithelial	method5_re2g	0.3759763056127268	0.3759763056127268	1
chr1:951672-952172	ENSG00000187961	KLHL17	chr1	951672	952172	960583	+	8661	epithelial	method5_re2g	0.9972583593179912	0.9972583593179912	1
chr1:951672-952172	ENSG00000188290	HES4	chr1	951672	952172	1000171	-	48249	epithelial	method5_re2g	0.21590731258555465	0.21590731258555465	1
chr1:951672-952172	ENSG00000188976	NOC2L	chr1	951672	952172	959308	-	7386	epithelial	method5_re2g	0.996647972407934	0.996647972407934	1
chr1:951672-952172	ENSG00000284662	OR4F16	chr1	951672	952172	686653	-	265269	epithelial	method5_re2g	0.9999431918619408	0.9999431918619408	1
chr1:951672-952172	ENSG00000284733	OR4F29	chr1	951672	952172	451677	-	500245	epithelial	method5_re2g	0.9840867373646313	0.9840867373646313	1
chr1:953281-953781	ENSG00000187583	PLEKHN1	chr1	953281	953781	966481	+	12950	epithelial	method5_re2g	0.6169282683905397	0.6169282683905397	1
chr1:953281-953781	ENSG00000187634	SAMD11	chr1	953281	953781	923922	+	29609	epithelial	method5_re2g	0.9973230743987914	0.9973230743987914	1
chr1:953281-953781	ENSG00000187642	PERM1	chr1	953281	953781	982116	-	28585	epithelial	method5_re2g	0.37940501831808554	0.37940501831808554	1
chr1:953281-953781	ENSG00000187961	KLHL17	chr1	953281	953781	960583	+	7052	epithelial	method5_re2g	0.9974886999524423	0.9974886999524423	1
chr1:953281-953781	ENSG00000188290	HES4	chr1	953281	953781	1000171	-	46640	epithelial	method5_re2g	0.21688839181414613	0.21688839181414613	1
chr1:953281-953781	ENSG00000188976	NOC2L	chr1	953281	953781	959308	-	5777	epithelial	method5_re2g	0.9968744289422862	0.9968744289422862	1
chr1:953281-953781	ENSG00000284662	OR4F16	chr1	953281	953781	686653	-	266878	epithelial	method5_re2g	0.9999427352168833	0.9999427352168833	1
chr1:954201-954701	ENSG00000187583	PLEKHN1	chr1	954201	954701	966481	+	12030	epithelial	method5_re2g	0.6291042977634081	0.6291042977634081	1
chr1:954201-954701	ENSG00000187634	SAMD11	chr1	954201	954701	923922	+	30529	epithelial	method5_re2g	0.9974175871450232	0.9974175871450232	1
chr1:954201-954701	ENSG00000187642	PERM1	chr1	954201	954701	982116	-	27665	epithelial	method5_re2g	0.3915635451535079	0.3915635451535079	1
chr1:954201-954701	ENSG00000187961	KLHL17	chr1	954201	954701	960583	+	6132	epithelial	method5_re2g	0.9976046511980267	0.9976046511980267	1
chr1:954201-954701	ENSG00000188290	HES4	chr1	954201	954701	1000171	-	45720	epithelial	method5_re2g	0.2266154367437689	0.2266154367437689	1
chr1:954201-954701	ENSG00000188976	NOC2L	chr1	954201	954701	959308	-	4857	epithelial	method5_re2g	0.9968619605110226	0.9968619605110226	1
chr1:954201-954701	ENSG00000284662	OR4F16	chr1	954201	954701	686653	-	267798	epithelial	method5_re2g	0.999945964080132	0.999945964080132	1
chr1:954708-955208	ENSG00000187583	PLEKHN1	chr1	954708	955208	966481	+	11523	epithelial	method5_re2g	0.6290402092601242	0.6290402092601242	1
chr1:954708-955208	ENSG00000187634	SAMD11	chr1	954708	955208	923922	+	31036	epithelial	method5_re2g	0.9974697696432219	0.9974697696432219	1
chr1:954708-955208	ENSG00000187642	PERM1	chr1	954708	955208	982116	-	27158	epithelial	method5_re2g	0.3917881456117229	0.3917881456117229	1
chr1:954708-955208	ENSG00000187961	KLHL17	chr1	954708	955208	960583	+	5625	epithelial	method5_re2g	0.99753840738905	0.99753840738905	1
chr1:954708-955208	ENSG00000188290	HES4	chr1	954708	955208	1000171	-	45213	epithelial	method5_re2g	0.22638480797927843	0.22638480797927843	1
chr1:954708-955208	ENSG00000188976	NOC2L	chr1	954708	955208	959308	-	4350	epithelial	method5_re2g	0.9964484144861496	0.9964484144861496	1
chr1:954708-955208	ENSG00000284662	OR4F16	chr1	954708	955208	686653	-	268305	epithelial	method5_re2g	0.9999470389455939	0.9999470389455939	1
chr1:956487-956987	ENSG00000187583	PLEKHN1	chr1	956487	956987	966481	+	9744	epithelial	method5_re2g	0.6607254375276103	0.6607254375276103	1
chr1:956487-956987	ENSG00000187608	ISG15	chr1	956487	956987	1001137	+	44400	epithelial	method5_re2g	0.18020310804269551	0.18020310804269551	1
chr1:956487-956987	ENSG00000187634	SAMD11	chr1	956487	956987	923922	+	32815	epithelial	method5_re2g	0.9974345764806506	0.9974345764806506	1
chr1:956487-956987	ENSG00000187642	PERM1	chr1	956487	956987	982116	-	25379	epithelial	method5_re2g	0.4064566942232696	0.4064566942232696	1
chr1:956487-956987	ENSG00000187961	KLHL17	chr1	956487	956987	960583	+	3846	epithelial	method5_re2g	0.9981252712772558	0.9981252712772558	1
chr1:956487-956987	ENSG00000188290	HES4	chr1	956487	956987	1000171	-	43434	epithelial	method5_re2g	0.2331329910859588	0.2331329910859588	1
chr1:956487-956987	ENSG00000188976	NOC2L	chr1	956487	956987	959308	-	2571	epithelial	method5_re2g	0.9971513985846231	0.9971513985846231	1
chr1:956487-956987	ENSG00000284662	OR4F16	chr1	956487	956987	686653	-	270084	epithelial	method5_re2g	0.999948306043419	0.999948306043419	1
chr1:957913-958413	ENSG00000187583	PLEKHN1	chr1	957913	958413	966481	+	8318	epithelial	method5_re2g	0.6787623635008703	0.6787623635008703	1
chr1:957913-958413	ENSG00000187608	ISG15	chr1	957913	958413	1001137	+	42974	epithelial	method5_re2g	0.18140876625490854	0.18140876625490854	1
chr1:957913-958413	ENSG00000187634	SAMD11	chr1	957913	958413	923922	+	34241	epithelial	method5_re2g	0.9973561599136838	0.9973561599136838	1
chr1:957913-958413	ENSG00000187642	PERM1	chr1	957913	958413	982116	-	23953	epithelial	method5_re2g	0.4112236949555855	0.4112236949555855	1
chr1:957913-958413	ENSG00000187961	KLHL17	chr1	957913	958413	960583	+	2420	epithelial	method5_re2g	0.9985632834469494	0.9985632834469494	1
chr1:957913-958413	ENSG00000188290	HES4	chr1	957913	958413	1000171	-	42008	epithelial	method5_re2g	0.2345379117297486	0.2345379117297486	1
chr1:957913-958413	ENSG00000188976	NOC2L	chr1	957913	958413	959308	-	1145	epithelial	method5_re2g	0.9976264883249422	0.9976264883249422	1
chr1:957913-958413	ENSG00000284662	OR4F16	chr1	957913	958413	686653	-	271510	epithelial	method5_re2g	0.9999482573165375	0.9999482573165375	1
chr1:958527-959027	ENSG00000187583	PLEKHN1	chr1	958527	959027	966481	+	7704	epithelial	method5_re2g	0.7823028002421528	0.7823028002421528	1
chr1:958527-959027	ENSG00000187608	ISG15	chr1	958527	959027	1001137	+	42360	epithelial	method5_re2g	0.20513923081786672	0.20513923081786672	1
chr1:958527-959027	ENSG00000187634	SAMD11	chr1	958527	959027	923922	+	34855	epithelial	method5_re2g	0.9980075421061528	0.9980075421061528	1
chr1:958527-959027	ENSG00000187642	PERM1	chr1	958527	959027	982116	-	23339	epithelial	method5_re2g	0.4844927722326778	0.4844927722326778	1
chr1:958527-959027	ENSG00000187961	KLHL17	chr1	958527	959027	960583	+	1806	epithelial	method5_re2g	0.9993601152525929	0.9993601152525929	1
chr1:958527-959027	ENSG00000188290	HES4	chr1	958527	959027	1000171	-	41394	epithelial	method5_re2g	0.26343838364370303	0.26343838364370303	1
chr1:958527-959027	ENSG00000188976	NOC2L	chr1	958527	959027	959308	-	531	epithelial	method5_re2g	0.9667658379538417	0.9667658379538417	1
chr1:958527-959027	ENSG00000284662	OR4F16	chr1	958527	959027	686653	-	272124	epithelial	method5_re2g	0.9999590163678101	0.9999590163678101	1
chr1:959065-959565	ENSG00000187583	PLEKHN1	chr1	959065	959565	966481	+	7166	epithelial	method5_re2g	0.9998865645784651	0.9998865645784651	1
chr1:959065-959565	ENSG00000187608	ISG15	chr1	959065	959565	1001137	+	41822	epithelial	method5_re2g	0.5229081378432058	0.5229081378432058	1
chr1:959065-959565	ENSG00000187634	SAMD11	chr1	959065	959565	923922	+	35393	epithelial	method5_re2g	0.9995903382420563	0.9995903382420563	1
chr1:959065-959565	ENSG00000187642	PERM1	chr1	959065	959565	982116	-	22801	epithelial	method5_re2g	0.9197962020966224	0.9197962020966224	1
chr1:959065-959565	ENSG00000187961	KLHL17	chr1	959065	959565	960583	+	1268	epithelial	method5_re2g	0.9999572363924402	0.9999572363924402	1
chr1:959065-959565	ENSG00000188157	AGRN	chr1	959065	959565	1020119	+	60804	epithelial	method5_re2g	0.36251701020839794	0.36251701020839794	1
chr1:959065-959565	ENSG00000188290	HES4	chr1	959065	959565	1000171	-	40856	epithelial	method5_re2g	0.6393109419307795	0.6393109419307795	1
chr1:959065-959565	ENSG00000188976	NOC2L	chr1	959065	959565	959308	-	7	epithelial	method5_re2g	0.9999729082196318	0.9999729082196318	1
chr1:959065-959565	ENSG00000237330	RNF223	chr1	959065	959565	1074305	-	114990	epithelial	method5_re2g	0.25215911545217207	0.25215911545217207	1
chr1:959065-959565	ENSG00000284662	OR4F16	chr1	959065	959565	686653	-	272662	epithelial	method5_re2g	0.9974352244008703	0.9974352244008703	1
chr1:959579-960079	ENSG00000187583	PLEKHN1	chr1	959579	960079	966481	+	6652	epithelial	method5_re2g	0.99912383423753	0.99912383423753	1
chr1:959579-960079	ENSG00000187608	ISG15	chr1	959579	960079	1001137	+	41308	epithelial	method5_re2g	0.27871993415472796	0.27871993415472796	1
chr1:959579-960079	ENSG00000187634	SAMD11	chr1	959579	960079	923922	+	35907	epithelial	method5_re2g	0.9982489950027803	0.9982489950027803	1
chr1:959579-960079	ENSG00000187642	PERM1	chr1	959579	960079	982116	-	22287	epithelial	method5_re2g	0.7079517304287073	0.7079517304287073	1
chr1:959579-960079	ENSG00000187961	KLHL17	chr1	959579	960079	960583	+	754	epithelial	method5_re2g	0.9995076944343242	0.9995076944343242	1
chr1:959579-960079	ENSG00000188157	AGRN	chr1	959579	960079	1020119	+	60290	epithelial	method5_re2g	0.20628071933000552	0.20628071933000552	1
chr1:959579-960079	ENSG00000188290	HES4	chr1	959579	960079	1000171	-	40342	epithelial	method5_re2g	0.3812175533284821	0.3812175533284821	1
chr1:959579-960079	ENSG00000188976	NOC2L	chr1	959579	960079	959308	-	521	epithelial	method5_re2g	0.9996696241272496	0.9996696241272496	1
chr1:959579-960079	ENSG00000284662	OR4F16	chr1	959579	960079	686653	-	273176	epithelial	method5_re2g	0.9908608856522595	0.9908608856522595	1
chr1:960313-960813	ENSG00000187583	PLEKHN1	chr1	960313	960813	966481	+	5918	epithelial	method5_re2g	0.9996676348123451	0.9996676348123451	1
chr1:960313-960813	ENSG00000187608	ISG15	chr1	960313	960813	1001137	+	40574	epithelial	method5_re2g	0.36045132956992554	0.36045132956992554	1
chr1:960313-960813	ENSG00000187634	SAMD11	chr1	960313	960813	923922	+	36641	epithelial	method5_re2g	0.9989926713095256	0.9989926713095256	1
chr1:960313-960813	ENSG00000187642	PERM1	chr1	960313	960813	982116	-	21553	epithelial	method5_re2g	0.8205111278345683	0.8205111278345683	1
chr1:960313-960813	ENSG00000187961	KLHL17	chr1	960313	960813	960583	+	20	epithelial	method5_re2g	0.999711220127428	0.999711220127428	1
chr1:960313-960813	ENSG00000188157	AGRN	chr1	960313	960813	1020119	+	59556	epithelial	method5_re2g	0.25389774576168844	0.25389774576168844	1
chr1:960313-960813	ENSG00000188290	HES4	chr1	960313	960813	1000171	-	39608	epithelial	method5_re2g	0.4746367285560435	0.4746367285560435	1
chr1:960313-960813	ENSG00000188976	NOC2L	chr1	960313	960813	959308	-	1255	epithelial	method5_re2g	0.9998455902181566	0.9998455902181566	1
chr1:960313-960813	ENSG00000237330	RNF223	chr1	960313	960813	1074305	-	113742	epithelial	method5_re2g	0.1923723515001448	0.1923723515001448	1
chr1:960313-960813	ENSG00000284662	OR4F16	chr1	960313	960813	686653	-	273910	epithelial	method5_re2g	0.9943893573422095	0.9943893573422095	1
chr1:960835-961335	ENSG00000187583	PLEKHN1	chr1	960835	961335	966481	+	5396	epithelial	method5_re2g	0.9993100188368024	0.9993100188368024	1
chr1:960835-961335	ENSG00000187608	ISG15	chr1	960835	961335	1001137	+	40052	epithelial	method5_re2g	0.39952873096524105	0.39952873096524105	1
chr1:960835-961335	ENSG00000187634	SAMD11	chr1	960835	961335	923922	+	37163	epithelial	method5_re2g	0.7134478370720583	0.7134478370720583	1
chr1:960835-961335	ENSG00000187642	PERM1	chr1	960835	961335	982116	-	21031	epithelial	method5_re2g	0.9985576455101759	0.9985576455101759	1
chr1:960835-961335	ENSG00000187961	KLHL17	chr1	960835	961335	960583	+	502	epithelial	method5_re2g	0.9816295889851306	0.9816295889851306	1
chr1:960835-961335	ENSG00000188157	AGRN	chr1	960835	961335	1020119	+	59034	epithelial	method5_re2g	0.2767805011002641	0.2767805011002641	1
chr1:960835-961335	ENSG00000188290	HES4	chr1	960835	961335	1000171	-	39086	epithelial	method5_re2g	0.5986355896142355	0.5986355896142355	1
chr1:960835-961335	ENSG00000188976	NOC2L	chr1	960835	961335	959308	-	1777	epithelial	method5_re2g	0.999621534106218	0.999621534106218	1
chr1:960835-961335	ENSG00000237330	RNF223	chr1	960835	961335	1074305	-	113220	epithelial	method5_re2g	0.21284151944635496	0.21284151944635496	1
chr1:960835-961335	ENSG00000284662	OR4F16	chr1	960835	961335	686653	-	274432	epithelial	method5_re2g	0.9813872364065248	0.9813872364065248	1
chr1:961468-961968	ENSG00000187583	PLEKHN1	chr1	961468	961968	966481	+	4763	epithelial	method5_re2g	0.9986354343355484	0.9986354343355484	1
chr1:961468-961968	ENSG00000187608	ISG15	chr1	961468	961968	1001137	+	39419	epithelial	method5_re2g	0.3470809013801794	0.3470809013801794	1
chr1:961468-961968	ENSG00000187634	SAMD11	chr1	961468	961968	923922	+	37796	epithelial	method5_re2g	0.6391520436208409	0.6391520436208409	1
chr1:961468-961968	ENSG00000187642	PERM1	chr1	961468	961968	982116	-	20398	epithelial	method5_re2g	0.997826692907449	0.997826692907449	1
chr1:961468-961968	ENSG00000187961	KLHL17	chr1	961468	961968	960583	+	1135	epithelial	method5_re2g	0.9985273821096685	0.9985273821096685	1
chr1:961468-961968	ENSG00000188157	AGRN	chr1	961468	961968	1020119	+	58401	epithelial	method5_re2g	0.24775233626993332	0.24775233626993332	1
chr1:961468-961968	ENSG00000188290	HES4	chr1	961468	961968	1000171	-	38453	epithelial	method5_re2g	0.5424756970630062	0.5424756970630062	1
chr1:961468-961968	ENSG00000188976	NOC2L	chr1	961468	961968	959308	-	2410	epithelial	method5_re2g	0.9990572063098336	0.9990572063098336	1
chr1:961468-961968	ENSG00000237330	RNF223	chr1	961468	961968	1074305	-	112587	epithelial	method5_re2g	0.19869727981094876	0.19869727981094876	1
chr1:961468-961968	ENSG00000284662	OR4F16	chr1	961468	961968	686653	-	275065	epithelial	method5_re2g	0.9755033982441469	0.9755033982441469	1
chr1:962194-962694	ENSG00000187583	PLEKHN1	chr1	962194	962694	966481	+	4037	epithelial	method5_re2g	0.99844538665379	0.99844538665379	1
chr1:962194-962694	ENSG00000187608	ISG15	chr1	962194	962694	1001137	+	38693	epithelial	method5_re2g	0.3381557948959143	0.3381557948959143	1
chr1:962194-962694	ENSG00000187634	SAMD11	chr1	962194	962694	923922	+	38522	epithelial	method5_re2g	0.6253044140916324	0.6253044140916324	1
chr1:962194-962694	ENSG00000187642	PERM1	chr1	962194	962694	982116	-	19672	epithelial	method5_re2g	0.9976521017745317	0.9976521017745317	1
chr1:962194-962694	ENSG00000187961	KLHL17	chr1	962194	962694	960583	+	1861	epithelial	method5_re2g	0.9983889696189162	0.9983889696189162	1
chr1:962194-962694	ENSG00000188157	AGRN	chr1	962194	962694	1020119	+	57675	epithelial	method5_re2g	0.2435170247421094	0.2435170247421094	1
chr1:962194-962694	ENSG00000188290	HES4	chr1	962194	962694	1000171	-	37727	epithelial	method5_re2g	0.5321994306827584	0.5321994306827584	1
chr1:962194-962694	ENSG00000188976	NOC2L	chr1	962194	962694	959308	-	3136	epithelial	method5_re2g	0.9987722978390863	0.9987722978390863	1
chr1:962194-962694	ENSG00000237330	RNF223	chr1	962194	962694	1074305	-	111861	epithelial	method5_re2g	0.19716344282873036	0.19716344282873036	1
chr1:962194-962694	ENSG00000284662	OR4F16	chr1	962194	962694	686653	-	275791	epithelial	method5_re2g	0.9745121277460396	0.9745121277460396	1
chr1:963154-963654	ENSG00000187583	PLEKHN1	chr1	963154	963654	966481	+	3077	epithelial	method5_re2g	0.9987830556606477	0.9987830556606477	1
chr1:963154-963654	ENSG00000187608	ISG15	chr1	963154	963654	1001137	+	37733	epithelial	method5_re2g	0.34624899936833065	0.34624899936833065	1
chr1:963154-963654	ENSG00000187634	SAMD11	chr1	963154	963654	923922	+	39482	epithelial	method5_re2g	0.6356656124544565	0.6356656124544565	1
chr1:963154-963654	ENSG00000187642	PERM1	chr1	963154	963654	982116	-	18712	epithelial	method5_re2g	0.9978343694601486	0.9978343694601486	1
chr1:963154-963654	ENSG00000187961	KLHL17	chr1	963154	963654	960583	+	2821	epithelial	method5_re2g	0.9984850391022434	0.9984850391022434	1
chr1:963154-963654	ENSG00000188157	AGRN	chr1	963154	963654	1020119	+	56715	epithelial	method5_re2g	0.24816215440185024	0.24816215440185024	1
chr1:963154-963654	ENSG00000188290	HES4	chr1	963154	963654	1000171	-	36767	epithelial	method5_re2g	0.5411305415483173	0.5411305415483173	1
chr1:963154-963654	ENSG00000188976	NOC2L	chr1	963154	963654	959308	-	4096	epithelial	method5_re2g	0.9987721658256615	0.9987721658256615	1
chr1:963154-963654	ENSG00000237330	RNF223	chr1	963154	963654	1074305	-	110901	epithelial	method5_re2g	0.19961055124196156	0.19961055124196156	1
chr1:963154-963654	ENSG00000284662	OR4F16	chr1	963154	963654	686653	-	276751	epithelial	method5_re2g	0.9757530370795159	0.9757530370795159	1
chr1:964092-964592	ENSG00000187583	PLEKHN1	chr1	964092	964592	966481	+	2139	epithelial	method5_re2g	0.998754225149504	0.998754225149504	1
chr1:964092-964592	ENSG00000187608	ISG15	chr1	964092	964592	1001137	+	36795	epithelial	method5_re2g	0.33455388936432084	0.33455388936432084	1
chr1:964092-964592	ENSG00000187634	SAMD11	chr1	964092	964592	923922	+	40420	epithelial	method5_re2g	0.6178225835191324	0.6178225835191324	1
chr1:964092-964592	ENSG00000187642	PERM1	chr1	964092	964592	982116	-	17774	epithelial	method5_re2g	0.9976598040818545	0.9976598040818545	1
chr1:964092-964592	ENSG00000187961	KLHL17	chr1	964092	964592	960583	+	3759	epithelial	method5_re2g	0.9981119598391532	0.9981119598391532	1
chr1:964092-964592	ENSG00000188157	AGRN	chr1	964092	964592	1020119	+	55777	epithelial	method5_re2g	0.24093365425797997	0.24093365425797997	1
chr1:964092-964592	ENSG00000188290	HES4	chr1	964092	964592	1000171	-	35829	epithelial	method5_re2g	0.5277860886394354	0.5277860886394354	1
chr1:964092-964592	ENSG00000188976	NOC2L	chr1	964092	964592	959308	-	5034	epithelial	method5_re2g	0.9984344916859096	0.9984344916859096	1
chr1:964092-964592	ENSG00000237330	RNF223	chr1	964092	964592	1074305	-	109963	epithelial	method5_re2g	0.19492754392262784	0.19492754392262784	1
chr1:964092-964592	ENSG00000284662	OR4F16	chr1	964092	964592	686653	-	277689	epithelial	method5_re2g	0.9743911772242722	0.9743911772242722	1
chr1:964868-965368	ENSG00000187583	PLEKHN1	chr1	964868	965368	966481	+	1363	epithelial	method5_re2g	0.9987401502140658	0.9987401502140658	1
chr1:964868-965368	ENSG00000187608	ISG15	chr1	964868	965368	1001137	+	36019	epithelial	method5_re2g	0.32750320915397185	0.32750320915397185	1
chr1:964868-965368	ENSG00000187634	SAMD11	chr1	964868	965368	923922	+	41196	epithelial	method5_re2g	0.6083647061917676	0.6083647061917676	1
chr1:964868-965368	ENSG00000187642	PERM1	chr1	964868	965368	982116	-	16998	epithelial	method5_re2g	0.997527612239771	0.997527612239771	1
chr1:964868-965368	ENSG00000187961	KLHL17	chr1	964868	965368	960583	+	4535	epithelial	method5_re2g	0.997906722719436	0.997906722719436	1
chr1:964868-965368	ENSG00000188157	AGRN	chr1	964868	965368	1020119	+	55001	epithelial	method5_re2g	0.2372792540568729	0.2372792540568729	1
chr1:964868-965368	ENSG00000188290	HES4	chr1	964868	965368	1000171	-	35053	epithelial	method5_re2g	0.5194533867965725	0.5194533867965725	1
chr1:964868-965368	ENSG00000188976	NOC2L	chr1	964868	965368	959308	-	5810	epithelial	method5_re2g	0.9982182221556163	0.9982182221556163	1
chr1:964868-965368	ENSG00000237330	RNF223	chr1	964868	965368	1074305	-	109187	epithelial	method5_re2g	0.19311336236755391	0.19311336236755391	1
chr1:964868-965368	ENSG00000284662	OR4F16	chr1	964868	965368	686653	-	278465	epithelial	method5_re2g	0.9737190885986472	0.9737190885986472	1
chr1:965658-966158	ENSG00000187583	PLEKHN1	chr1	965658	966158	966481	+	573	epithelial	method5_re2g	0.9994014005490152	0.9994014005490152	1
chr1:965658-966158	ENSG00000187608	ISG15	chr1	965658	966158	1001137	+	35229	epithelial	method5_re2g	0.3467291084895712	0.3467291084895712	1
chr1:965658-966158	ENSG00000187634	SAMD11	chr1	965658	966158	923922	+	41986	epithelial	method5_re2g	0.6379044372305773	0.6379044372305773	1
chr1:965658-966158	ENSG00000187642	PERM1	chr1	965658	966158	982116	-	16208	epithelial	method5_re2g	0.9979749467962561	0.9979749467962561	1
chr1:965658-966158	ENSG00000187961	KLHL17	chr1	965658	966158	960583	+	5325	epithelial	method5_re2g	0.9984808142760871	0.9984808142760871	1
chr1:965658-966158	ENSG00000188157	AGRN	chr1	965658	966158	1020119	+	54211	epithelial	method5_re2g	0.2471404282433936	0.2471404282433936	1
chr1:965658-966158	ENSG00000188290	HES4	chr1	965658	966158	1000171	-	34263	epithelial	method5_re2g	0.5411646924090232	0.5411646924090232	1
chr1:965658-966158	ENSG00000188976	NOC2L	chr1	965658	966158	959308	-	6600	epithelial	method5_re2g	0.9986426258721771	0.9986426258721771	1
chr1:965658-966158	ENSG00000237330	RNF223	chr1	965658	966158	1074305	-	108397	epithelial	method5_re2g	0.1973744878710054	0.1973744878710054	1
chr1:965658-966158	ENSG00000284662	OR4F16	chr1	965658	966158	686653	-	279255	epithelial	method5_re2g	0.9766125526548116	0.9766125526548116	1
chr1:966209-966709	ENSG00000187583	PLEKHN1	chr1	966209	966709	966481	+	22	epithelial	method5_re2g	0.9995673828500009	0.9995673828500009	1
chr1:966209-966709	ENSG00000187608	ISG15	chr1	966209	966709	1001137	+	34678	epithelial	method5_re2g	0.44028915572262217	0.44028915572262217	1
chr1:966209-966709	ENSG00000187634	SAMD11	chr1	966209	966709	923922	+	42537	epithelial	method5_re2g	0.7480129988877351	0.7480129988877351	1
chr1:966209-966709	ENSG00000187642	PERM1	chr1	966209	966709	982116	-	15657	epithelial	method5_re2g	0.9990236017524886	0.9990236017524886	1
chr1:966209-966709	ENSG00000187961	KLHL17	chr1	966209	966709	960583	+	5876	epithelial	method5_re2g	0.9994600710667144	0.9994600710667144	1
chr1:966209-966709	ENSG00000188157	AGRN	chr1	966209	966709	1020119	+	53660	epithelial	method5_re2g	0.30026999073031246	0.30026999073031246	1
chr1:966209-966709	ENSG00000188290	HES4	chr1	966209	966709	1000171	-	33712	epithelial	method5_re2g	0.6376014997400122	0.6376014997400122	1
chr1:966209-966709	ENSG00000188976	NOC2L	chr1	966209	966709	959308	-	7151	epithelial	method5_re2g	0.999480851011697	0.999480851011697	1
chr1:966209-966709	ENSG00000237330	RNF223	chr1	966209	966709	1074305	-	107846	epithelial	method5_re2g	0.22361578444002436	0.22361578444002436	1
chr1:966209-966709	ENSG00000284662	OR4F16	chr1	966209	966709	686653	-	279806	epithelial	method5_re2g	0.9854209362172571	0.9854209362172571	1
chr1:966772-967272	ENSG00000131591	C1orf159	chr1	966772	967272	1116360	-	149338	epithelial	method5_re2g	0.20556340434815923	0.20556340434815923	1
chr1:966772-967272	ENSG00000162571	TTLL10	chr1	966772	967272	1173879	+	206857	epithelial	method5_re2g	0.19876211213357503	0.19876211213357503	1
chr1:966772-967272	ENSG00000187583	PLEKHN1	chr1	966772	967272	966481	+	541	epithelial	method5_re2g	0.9931430046144022	0.9931430046144022	1
chr1:966772-967272	ENSG00000187608	ISG15	chr1	966772	967272	1001137	+	34115	epithelial	method5_re2g	0.6887913022846263	0.6887913022846263	1
chr1:966772-967272	ENSG00000187634	SAMD11	chr1	966772	967272	923922	+	43100	epithelial	method5_re2g	0.6275697275837371	0.6275697275837371	1
chr1:966772-967272	ENSG00000187642	PERM1	chr1	966772	967272	982116	-	15094	epithelial	method5_re2g	0.9993072921169476	0.9993072921169476	1
chr1:966772-967272	ENSG00000187961	KLHL17	chr1	966772	967272	960583	+	6439	epithelial	method5_re2g	0.999640385539592	0.999640385539592	1
chr1:966772-967272	ENSG00000188157	AGRN	chr1	966772	967272	1020119	+	53097	epithelial	method5_re2g	0.44766841979296895	0.44766841979296895	1
chr1:966772-967272	ENSG00000188290	HES4	chr1	966772	967272	1000171	-	33149	epithelial	method5_re2g	0.9981874161063357	0.9981874161063357	1
chr1:966772-967272	ENSG00000188976	NOC2L	chr1	966772	967272	959308	-	7714	epithelial	method5_re2g	0.9173724741761589	0.9173724741761589	1
chr1:966772-967272	ENSG00000237330	RNF223	chr1	966772	967272	1074305	-	107283	epithelial	method5_re2g	0.30880513270399435	0.30880513270399435	1
chr1:966772-967272	ENSG00000284662	OR4F16	chr1	966772	967272	686653	-	280369	epithelial	method5_re2g	0.9816527966246307	0.9816527966246307	1
chr1:967565-968065	ENSG00000187583	PLEKHN1	chr1	967565	968065	966481	+	1334	epithelial	method5_re2g	0.9982470993187536	0.9982470993187536	1
chr1:967565-968065	ENSG00000187608	ISG15	chr1	967565	968065	1001137	+	33322	epithelial	method5_re2g	0.5304472922153903	0.5304472922153903	1
chr1:967565-968065	ENSG00000187634	SAMD11	chr1	967565	968065	923922	+	43893	epithelial	method5_re2g	0.42290466206244076	0.42290466206244076	1
chr1:967565-968065	ENSG00000187642	PERM1	chr1	967565	968065	982116	-	14301	epithelial	method5_re2g	0.9977332943818935	0.9977332943818935	1
chr1:967565-968065	ENSG00000187961	KLHL17	chr1	967565	968065	960583	+	7232	epithelial	method5_re2g	0.9983025493755872	0.9983025493755872	1
chr1:967565-968065	ENSG00000188157	AGRN	chr1	967565	968065	1020119	+	52304	epithelial	method5_re2g	0.33818635777477557	0.33818635777477557	1
chr1:967565-968065	ENSG00000188290	HES4	chr1	967565	968065	1000171	-	32356	epithelial	method5_re2g	0.9964065698881727	0.9964065698881727	1
chr1:967565-968065	ENSG00000188976	NOC2L	chr1	967565	968065	959308	-	8507	epithelial	method5_re2g	0.7140436939932845	0.7140436939932845	1
chr1:967565-968065	ENSG00000237330	RNF223	chr1	967565	968065	1074305	-	106490	epithelial	method5_re2g	0.253292468001043	0.253292468001043	1
chr1:967565-968065	ENSG00000284662	OR4F16	chr1	967565	968065	686653	-	281162	epithelial	method5_re2g	0.9615578051442786	0.9615578051442786	1
chr1:968268-968768	ENSG00000187583	PLEKHN1	chr1	968268	968768	966481	+	2037	epithelial	method5_re2g	0.9983792353285353	0.9983792353285353	1
chr1:968268-968768	ENSG00000187608	ISG15	chr1	968268	968768	1001137	+	32619	epithelial	method5_re2g	0.5222263350667298	0.5222263350667298	1
chr1:968268-968768	ENSG00000187634	SAMD11	chr1	968268	968768	923922	+	44596	epithelial	method5_re2g	0.41537331353627355	0.41537331353627355	1
chr1:968268-968768	ENSG00000187642	PERM1	chr1	968268	968768	982116	-	13598	epithelial	method5_re2g	0.9975931176351451	0.9975931176351451	1
chr1:968268-968768	ENSG00000187961	KLHL17	chr1	968268	968768	960583	+	7935	epithelial	method5_re2g	0.9981672914544013	0.9981672914544013	1
chr1:968268-968768	ENSG00000188157	AGRN	chr1	968268	968768	1020119	+	51601	epithelial	method5_re2g	0.3337906464679404	0.3337906464679404	1
chr1:968268-968768	ENSG00000188290	HES4	chr1	968268	968768	1000171	-	31653	epithelial	method5_re2g	0.9962788684020487	0.9962788684020487	1
chr1:968268-968768	ENSG00000188976	NOC2L	chr1	968268	968768	959308	-	9210	epithelial	method5_re2g	0.697330417317606	0.697330417317606	1
chr1:968268-968768	ENSG00000237330	RNF223	chr1	968268	968768	1074305	-	105787	epithelial	method5_re2g	0.25125521429797604	0.25125521429797604	1
chr1:968268-968768	ENSG00000284662	OR4F16	chr1	968268	968768	686653	-	281865	epithelial	method5_re2g	0.9607629504827534	0.9607629504827534	1
chr1:969182-969682	ENSG00000187583	PLEKHN1	chr1	969182	969682	966481	+	2951	epithelial	method5_re2g	0.9979207180156245	0.9979207180156245	1
chr1:969182-969682	ENSG00000187608	ISG15	chr1	969182	969682	1001137	+	31705	epithelial	method5_re2g	0.508848426253722	0.508848426253722	1
chr1:969182-969682	ENSG00000187634	SAMD11	chr1	969182	969682	923922	+	45510	epithelial	method5_re2g	0.3989028380878865	0.3989028380878865	1
chr1:969182-969682	ENSG00000187642	PERM1	chr1	969182	969682	982116	-	12684	epithelial	method5_re2g	0.9973067024276955	0.9973067024276955	1
chr1:969182-969682	ENSG00000187961	KLHL17	chr1	969182	969682	960583	+	8849	epithelial	method5_re2g	0.9978073473799489	0.9978073473799489	1
chr1:969182-969682	ENSG00000188157	AGRN	chr1	969182	969682	1020119	+	50687	epithelial	method5_re2g	0.32697991224004097	0.32697991224004097	1
chr1:969182-969682	ENSG00000188290	HES4	chr1	969182	969682	1000171	-	30739	epithelial	method5_re2g	0.9960640954074578	0.9960640954074578	1
chr1:969182-969682	ENSG00000188976	NOC2L	chr1	969182	969682	959308	-	10124	epithelial	method5_re2g	0.6595251058939098	0.6595251058939098	1
chr1:969182-969682	ENSG00000237330	RNF223	chr1	969182	969682	1074305	-	104873	epithelial	method5_re2g	0.24839687867678026	0.24839687867678026	1
chr1:969182-969682	ENSG00000284662	OR4F16	chr1	969182	969682	686653	-	282779	epithelial	method5_re2g	0.9587397679483193	0.9587397679483193	1
chr1:970695-971195	ENSG00000187583	PLEKHN1	chr1	970695	971195	966481	+	4464	epithelial	method5_re2g	0.9977439387711327	0.9977439387711327	1
chr1:970695-971195	ENSG00000187608	ISG15	chr1	970695	971195	1001137	+	30192	epithelial	method5_re2g	0.5204108189072337	0.5204108189072337	1
chr1:970695-971195	ENSG00000187634	SAMD11	chr1	970695	971195	923922	+	47023	epithelial	method5_re2g	0.4025429227909767	0.4025429227909767	1
chr1:970695-971195	ENSG00000187642	PERM1	chr1	970695	971195	982116	-	11171	epithelial	method5_re2g	0.9976380808602527	0.9976380808602527	1
chr1:970695-971195	ENSG00000187961	KLHL17	chr1	970695	971195	960583	+	10362	epithelial	method5_re2g	0.9977629530357781	0.9977629530357781	1
chr1:970695-971195	ENSG00000188157	AGRN	chr1	970695	971195	1020119	+	49174	epithelial	method5_re2g	0.3336012194712183	0.3336012194712183	1
chr1:970695-971195	ENSG00000188290	HES4	chr1	970695	971195	1000171	-	29226	epithelial	method5_re2g	0.9962409277634416	0.9962409277634416	1
chr1:970695-971195	ENSG00000188976	NOC2L	chr1	970695	971195	959308	-	11637	epithelial	method5_re2g	0.654931227884379	0.654931227884379	1
chr1:970695-971195	ENSG00000237330	RNF223	chr1	970695	971195	1074305	-	103360	epithelial	method5_re2g	0.2512547176024745	0.2512547176024745	1
chr1:970695-971195	ENSG00000284662	OR4F16	chr1	970695	971195	686653	-	284292	epithelial	method5_re2g	0.9601114570392892	0.9601114570392892	1
chr1:971315-971815	ENSG00000187583	PLEKHN1	chr1	971315	971815	966481	+	5084	epithelial	method5_re2g	0.9980259009035679	0.9980259009035679	1
chr1:971315-971815	ENSG00000187608	ISG15	chr1	971315	971815	1001137	+	29572	epithelial	method5_re2g	0.5233713671238766	0.5233713671238766	1
chr1:971315-971815	ENSG00000187634	SAMD11	chr1	971315	971815	923922	+	47643	epithelial	method5_re2g	0.4096490885731546	0.4096490885731546	1
chr1:971315-971815	ENSG00000187642	PERM1	chr1	971315	971815	982116	-	10551	epithelial	method5_re2g	0.9977140090127745	0.9977140090127745	1
chr1:971315-971815	ENSG00000187961	KLHL17	chr1	971315	971815	960583	+	10982	epithelial	method5_re2g	0.9978983253146538	0.9978983253146538	1
chr1:971315-971815	ENSG00000188157	AGRN	chr1	971315	971815	1020119	+	48554	epithelial	method5_re2g	0.3360014841574948	0.3360014841574948	1
chr1:971315-971815	ENSG00000188290	HES4	chr1	971315	971815	1000171	-	28606	epithelial	method5_re2g	0.9962795107511512	0.9962795107511512	1
chr1:971315-971815	ENSG00000188976	NOC2L	chr1	971315	971815	959308	-	12257	epithelial	method5_re2g	0.6666961583175006	0.6666961583175006	1
chr1:971315-971815	ENSG00000237330	RNF223	chr1	971315	971815	1074305	-	102740	epithelial	method5_re2g	0.2527811339025238	0.2527811339025238	1
chr1:971315-971815	ENSG00000284662	OR4F16	chr1	971315	971815	686653	-	284912	epithelial	method5_re2g	0.9613647829011918	0.9613647829011918	1
chr1:972237-972737	ENSG00000187583	PLEKHN1	chr1	972237	972737	966481	+	6006	epithelial	method5_re2g	0.9975258210565692	0.9975258210565692	1
chr1:972237-972737	ENSG00000187608	ISG15	chr1	972237	972737	1001137	+	28650	epithelial	method5_re2g	0.5027294942148915	0.5027294942148915	1
chr1:972237-972737	ENSG00000187634	SAMD11	chr1	972237	972737	923922	+	48565	epithelial	method5_re2g	0.3880430487102605	0.3880430487102605	1
chr1:972237-972737	ENSG00000187642	PERM1	chr1	972237	972737	982116	-	9629	epithelial	method5_re2g	0.9973200073138248	0.9973200073138248	1
chr1:972237-972737	ENSG00000187961	KLHL17	chr1	972237	972737	960583	+	11904	epithelial	method5_re2g	0.9974937158761708	0.9974937158761708	1
chr1:972237-972737	ENSG00000188157	AGRN	chr1	972237	972737	1020119	+	47632	epithelial	method5_re2g	0.3237546180101654	0.3237546180101654	1
chr1:972237-972737	ENSG00000188290	HES4	chr1	972237	972737	1000171	-	27684	epithelial	method5_re2g	0.9959462704089734	0.9959462704089734	1
chr1:972237-972737	ENSG00000188976	NOC2L	chr1	972237	972737	959308	-	13179	epithelial	method5_re2g	0.6273951097335239	0.6273951097335239	1
chr1:972237-972737	ENSG00000237330	RNF223	chr1	972237	972737	1074305	-	101818	epithelial	method5_re2g	0.24573346795925935	0.24573346795925935	1
chr1:972237-972737	ENSG00000284662	OR4F16	chr1	972237	972737	686653	-	285834	epithelial	method5_re2g	0.9583881140022777	0.9583881140022777	1
chr1:973487-973987	ENSG00000187583	PLEKHN1	chr1	973487	973987	966481	+	7256	epithelial	method5_re2g	0.9977413903884447	0.9977413903884447	1
chr1:973487-973987	ENSG00000187608	ISG15	chr1	973487	973987	1001137	+	27400	epithelial	method5_re2g	0.5190128875354669	0.5190128875354669	1
chr1:973487-973987	ENSG00000187634	SAMD11	chr1	973487	973987	923922	+	49815	epithelial	method5_re2g	0.3991735449223303	0.3991735449223303	1
chr1:973487-973987	ENSG00000187642	PERM1	chr1	973487	973987	982116	-	8379	epithelial	method5_re2g	0.9977878494118498	0.9977878494118498	1
chr1:973487-973987	ENSG00000187961	KLHL17	chr1	973487	973987	960583	+	13154	epithelial	method5_re2g	0.9976645415882839	0.9976645415882839	1
chr1:973487-973987	ENSG00000188157	AGRN	chr1	973487	973987	1020119	+	46382	epithelial	method5_re2g	0.33275864527378124	0.33275864527378124	1
chr1:973487-973987	ENSG00000188290	HES4	chr1	973487	973987	1000171	-	26434	epithelial	method5_re2g	0.996200978276241	0.996200978276241	1
chr1:973487-973987	ENSG00000188976	NOC2L	chr1	973487	973987	959308	-	14429	epithelial	method5_re2g	0.6422480791442591	0.6422480791442591	1
chr1:973487-973987	ENSG00000237330	RNF223	chr1	973487	973987	1074305	-	100568	epithelial	method5_re2g	0.24956461970485413	0.24956461970485413	1
chr1:973487-973987	ENSG00000284662	OR4F16	chr1	973487	973987	686653	-	287084	epithelial	method5_re2g	0.9607613097171152	0.9607613097171152	1
chr1:974023-974523	ENSG00000187583	PLEKHN1	chr1	974023	974523	966481	+	7792	epithelial	method5_re2g	0.9976247814627882	0.9976247814627882	1
chr1:974023-974523	ENSG00000187608	ISG15	chr1	974023	974523	1001137	+	26864	epithelial	method5_re2g	0.5053966854446867	0.5053966854446867	1
chr1:974023-974523	ENSG00000187634	SAMD11	chr1	974023	974523	923922	+	50351	epithelial	method5_re2g	0.3913904285404134	0.3913904285404134	1
chr1:974023-974523	ENSG00000187642	PERM1	chr1	974023	974523	982116	-	7843	epithelial	method5_re2g	0.9974597339561585	0.9974597339561585	1
chr1:974023-974523	ENSG00000187961	KLHL17	chr1	974023	974523	960583	+	13690	epithelial	method5_re2g	0.9975328880509327	0.9975328880509327	1
chr1:974023-974523	ENSG00000188157	AGRN	chr1	974023	974523	1020119	+	45846	epithelial	method5_re2g	0.32626166133462986	0.32626166133462986	1
chr1:974023-974523	ENSG00000188290	HES4	chr1	974023	974523	1000171	-	25898	epithelial	method5_re2g	0.9959736190483788	0.9959736190483788	1
chr1:974023-974523	ENSG00000188976	NOC2L	chr1	974023	974523	959308	-	14965	epithelial	method5_re2g	0.6289978576007142	0.6289978576007142	1
chr1:974023-974523	ENSG00000237330	RNF223	chr1	974023	974523	1074305	-	100032	epithelial	method5_re2g	0.24696614684794735	0.24696614684794735	1
chr1:974023-974523	ENSG00000284662	OR4F16	chr1	974023	974523	686653	-	287620	epithelial	method5_re2g	0.9596537578513865	0.9596537578513865	1
chr1:975172-975672	ENSG00000187583	PLEKHN1	chr1	975172	975672	966481	+	8941	epithelial	method5_re2g	0.9975904673045003	0.9975904673045003	1
chr1:975172-975672	ENSG00000187608	ISG15	chr1	975172	975672	1001137	+	25715	epithelial	method5_re2g	0.5106162155443436	0.5106162155443436	1
chr1:975172-975672	ENSG00000187634	SAMD11	chr1	975172	975672	923922	+	51500	epithelial	method5_re2g	0.3928570079437579	0.3928570079437579	1
chr1:975172-975672	ENSG00000187642	PERM1	chr1	975172	975672	982116	-	6694	epithelial	method5_re2g	0.9976364023114404	0.9976364023114404	1
chr1:975172-975672	ENSG00000187961	KLHL17	chr1	975172	975672	960583	+	14839	epithelial	method5_re2g	0.9975119998698442	0.9975119998698442	1
chr1:975172-975672	ENSG00000188157	AGRN	chr1	975172	975672	1020119	+	44697	epithelial	method5_re2g	0.3300331130090189	0.3300331130090189	1
chr1:975172-975672	ENSG00000188290	HES4	chr1	975172	975672	1000171	-	24749	epithelial	method5_re2g	0.9960492476001146	0.9960492476001146	1
chr1:975172-975672	ENSG00000188976	NOC2L	chr1	975172	975672	959308	-	16114	epithelial	method5_re2g	0.6265453727347459	0.6265453727347459	1
chr1:975172-975672	ENSG00000237330	RNF223	chr1	975172	975672	1074305	-	98883	epithelial	method5_re2g	0.24908848951651083	0.24908848951651083	1
chr1:975172-975672	ENSG00000284662	OR4F16	chr1	975172	975672	686653	-	288769	epithelial	method5_re2g	0.960412762357506	0.960412762357506	1
chr1:975943-976443	ENSG00000131591	C1orf159	chr1	975943	976443	1116360	-	140167	epithelial	method5_re2g	0.19736049037977121	0.19736049037977121	1
chr1:975943-976443	ENSG00000162571	TTLL10	chr1	975943	976443	1173879	+	197686	epithelial	method5_re2g	0.1910479629819406	0.1910479629819406	1
chr1:975943-976443	ENSG00000187583	PLEKHN1	chr1	975943	976443	966481	+	9712	epithelial	method5_re2g	0.9993052386363147	0.9993052386363147	1
chr1:975943-976443	ENSG00000187608	ISG15	chr1	975943	976443	1001137	+	24944	epithelial	method5_re2g	0.6713117256729503	0.6713117256729503	1
chr1:975943-976443	ENSG00000187634	SAMD11	chr1	975943	976443	923922	+	52271	epithelial	method5_re2g	0.5506252973656354	0.5506252973656354	1
chr1:975943-976443	ENSG00000187642	PERM1	chr1	975943	976443	982116	-	5923	epithelial	method5_re2g	0.999422108660829	0.999422108660829	1
chr1:975943-976443	ENSG00000187961	KLHL17	chr1	975943	976443	960583	+	15610	epithelial	method5_re2g	0.9991063238377935	0.9991063238377935	1
chr1:975943-976443	ENSG00000188157	AGRN	chr1	975943	976443	1020119	+	43926	epithelial	method5_re2g	0.43229911231904555	0.43229911231904555	1
chr1:975943-976443	ENSG00000188290	HES4	chr1	975943	976443	1000171	-	23978	epithelial	method5_re2g	0.998003991818236	0.998003991818236	1
chr1:975943-976443	ENSG00000188976	NOC2L	chr1	975943	976443	959308	-	16885	epithelial	method5_re2g	0.8182390722775839	0.8182390722775839	1
chr1:975943-976443	ENSG00000237330	RNF223	chr1	975943	976443	1074305	-	98112	epithelial	method5_re2g	0.2973657419993954	0.2973657419993954	1
chr1:975943-976443	ENSG00000284662	OR4F16	chr1	975943	976443	686653	-	289540	epithelial	method5_re2g	0.9789762012480342	0.9789762012480342	1
chr1:978407-978907	ENSG00000187583	PLEKHN1	chr1	978407	978907	966481	+	12176	epithelial	method5_re2g	0.9973272617165735	0.9973272617165735	1
chr1:978407-978907	ENSG00000187608	ISG15	chr1	978407	978907	1001137	+	22480	epithelial	method5_re2g	0.5334881556219224	0.5334881556219224	1
chr1:978407-978907	ENSG00000187634	SAMD11	chr1	978407	978907	923922	+	54735	epithelial	method5_re2g	0.3914160659936308	0.3914160659936308	1
chr1:978407-978907	ENSG00000187642	PERM1	chr1	978407	978907	982116	-	3459	epithelial	method5_re2g	0.9985312704337795	0.9985312704337795	1
chr1:978407-978907	ENSG00000187961	KLHL17	chr1	978407	978907	960583	+	18074	epithelial	method5_re2g	0.9973369583451226	0.9973369583451226	1
chr1:978407-978907	ENSG00000188157	AGRN	chr1	978407	978907	1020119	+	41462	epithelial	method5_re2g	0.3431378796033306	0.3431378796033306	1
chr1:978407-978907	ENSG00000188290	HES4	chr1	978407	978907	1000171	-	21514	epithelial	method5_re2g	0.9963869511755774	0.9963869511755774	1
chr1:978407-978907	ENSG00000188976	NOC2L	chr1	978407	978907	959308	-	19349	epithelial	method5_re2g	0.6104543745237794	0.6104543745237794	1
chr1:978407-978907	ENSG00000237330	RNF223	chr1	978407	978907	1074305	-	95648	epithelial	method5_re2g	0.2548352268087779	0.2548352268087779	1
chr1:978407-978907	ENSG00000284662	OR4F16	chr1	978407	978907	686653	-	292004	epithelial	method5_re2g	0.9617785827746348	0.9617785827746348	1
chr1:979418-979918	ENSG00000187583	PLEKHN1	chr1	979418	979918	966481	+	13187	epithelial	method5_re2g	0.9971836620663835	0.9971836620663835	1
chr1:979418-979918	ENSG00000187608	ISG15	chr1	979418	979918	1001137	+	21469	epithelial	method5_re2g	0.5289295601026794	0.5289295601026794	1
chr1:979418-979918	ENSG00000187634	SAMD11	chr1	979418	979918	923922	+	55746	epithelial	method5_re2g	0.38636799857540316	0.38636799857540316	1
chr1:979418-979918	ENSG00000187642	PERM1	chr1	979418	979918	982116	-	2448	epithelial	method5_re2g	0.9986002963831166	0.9986002963831166	1
chr1:979418-979918	ENSG00000187961	KLHL17	chr1	979418	979918	960583	+	19085	epithelial	method5_re2g	0.9972126382453186	0.9972126382453186	1
chr1:979418-979918	ENSG00000188157	AGRN	chr1	979418	979918	1020119	+	40451	epithelial	method5_re2g	0.3421129326871045	0.3421129326871045	1
chr1:979418-979918	ENSG00000188290	HES4	chr1	979418	979918	1000171	-	20503	epithelial	method5_re2g	0.9963060841662219	0.9963060841662219	1
chr1:979418-979918	ENSG00000188976	NOC2L	chr1	979418	979918	959308	-	20360	epithelial	method5_re2g	0.5993614464879758	0.5993614464879758	1
chr1:979418-979918	ENSG00000237330	RNF223	chr1	979418	979918	1074305	-	94637	epithelial	method5_re2g	0.2551515493415395	0.2551515493415395	1
chr1:979418-979918	ENSG00000284662	OR4F16	chr1	979418	979918	686653	-	293015	epithelial	method5_re2g	0.9613343883635801	0.9613343883635801	1
chr1:979989-980489	ENSG00000187583	PLEKHN1	chr1	979989	980489	966481	+	13758	epithelial	method5_re2g	0.9972473923599461	0.9972473923599461	1
chr1:979989-980489	ENSG00000187608	ISG15	chr1	979989	980489	1001137	+	20898	epithelial	method5_re2g	0.5231235631823827	0.5231235631823827	1
chr1:979989-980489	ENSG00000187634	SAMD11	chr1	979989	980489	923922	+	56317	epithelial	method5_re2g	0.38675104639377206	0.38675104639377206	1
chr1:979989-980489	ENSG00000187642	PERM1	chr1	979989	980489	982116	-	1877	epithelial	method5_re2g	0.9984685467069115	0.9984685467069115	1
chr1:979989-980489	ENSG00000187961	KLHL17	chr1	979989	980489	960583	+	19656	epithelial	method5_re2g	0.9972395689512096	0.9972395689512096	1
chr1:979989-980489	ENSG00000188157	AGRN	chr1	979989	980489	1020119	+	39880	epithelial	method5_re2g	0.3402543903651818	0.3402543903651818	1
chr1:979989-980489	ENSG00000188290	HES4	chr1	979989	980489	1000171	-	19932	epithelial	method5_re2g	0.996201541551243	0.996201541551243	1
chr1:979989-980489	ENSG00000188976	NOC2L	chr1	979989	980489	959308	-	20931	epithelial	method5_re2g	0.6008413525851289	0.6008413525851289	1
chr1:979989-980489	ENSG00000237330	RNF223	chr1	979989	980489	1074305	-	94066	epithelial	method5_re2g	0.25468525883382276	0.25468525883382276	1
chr1:979989-980489	ENSG00000284662	OR4F16	chr1	979989	980489	686653	-	293586	epithelial	method5_re2g	0.9615074978757278	0.9615074978757278	1
chr1:980543-981043	ENSG00000187583	PLEKHN1	chr1	980543	981043	966481	+	14312	epithelial	method5_re2g	0.9973732802866725	0.9973732802866725	1
chr1:980543-981043	ENSG00000187608	ISG15	chr1	980543	981043	1001137	+	20344	epithelial	method5_re2g	0.5205173224634742	0.5205173224634742	1
chr1:980543-981043	ENSG00000187634	SAMD11	chr1	980543	981043	923922	+	56871	epithelial	method5_re2g	0.38994452875811425	0.38994452875811425	1
chr1:980543-981043	ENSG00000187642	PERM1	chr1	980543	981043	982116	-	1323	epithelial	method5_re2g	0.9981061449649231	0.9981061449649231	1
chr1:980543-981043	ENSG00000187961	KLHL17	chr1	980543	981043	960583	+	20210	epithelial	method5_re2g	0.9973217259963834	0.9973217259963834	1
chr1:980543-981043	ENSG00000188157	AGRN	chr1	980543	981043	1020119	+	39326	epithelial	method5_re2g	0.34002902774566623	0.34002902774566623	1
chr1:980543-981043	ENSG00000188290	HES4	chr1	980543	981043	1000171	-	19378	epithelial	method5_re2g	0.9961431819493806	0.9961431819493806	1
chr1:980543-981043	ENSG00000188976	NOC2L	chr1	980543	981043	959308	-	21485	epithelial	method5_re2g	0.6071013303092581	0.6071013303092581	1
chr1:980543-981043	ENSG00000237330	RNF223	chr1	980543	981043	1074305	-	93512	epithelial	method5_re2g	0.2547405503374731	0.2547405503374731	1
chr1:980543-981043	ENSG00000284662	OR4F16	chr1	980543	981043	686653	-	294140	epithelial	method5_re2g	0.9621360480718443	0.9621360480718443	1
chr1:981191-981691	ENSG00000187583	PLEKHN1	chr1	981191	981691	966481	+	14960	epithelial	method5_re2g	0.9972233087713098	0.9972233087713098	1
chr1:981191-981691	ENSG00000187608	ISG15	chr1	981191	981691	1001137	+	19696	epithelial	method5_re2g	0.502047170564901	0.502047170564901	1
chr1:981191-981691	ENSG00000187634	SAMD11	chr1	981191	981691	923922	+	57519	epithelial	method5_re2g	0.3798140171846986	0.3798140171846986	1
chr1:981191-981691	ENSG00000187642	PERM1	chr1	981191	981691	982116	-	675	epithelial	method5_re2g	0.9262153315834892	0.9262153315834892	1
chr1:981191-981691	ENSG00000187961	KLHL17	chr1	981191	981691	960583	+	20858	epithelial	method5_re2g	0.9971730984422171	0.9971730984422171	1
chr1:981191-981691	ENSG00000188157	AGRN	chr1	981191	981691	1020119	+	38678	epithelial	method5_re2g	0.33023546961585326	0.33023546961585326	1
chr1:981191-981691	ENSG00000188290	HES4	chr1	981191	981691	1000171	-	18730	epithelial	method5_re2g	0.9958192490491953	0.9958192490491953	1
chr1:981191-981691	ENSG00000188976	NOC2L	chr1	981191	981691	959308	-	22133	epithelial	method5_re2g	0.5938235036689938	0.5938235036689938	1
chr1:981191-981691	ENSG00000237330	RNF223	chr1	981191	981691	1074305	-	92864	epithelial	method5_re2g	0.2490436232591998	0.2490436232591998	1
chr1:981191-981691	ENSG00000284662	OR4F16	chr1	981191	981691	686653	-	294788	epithelial	method5_re2g	0.9606479670693199	0.9606479670693199	1
chr1:981889-982389	ENSG00000131591	C1orf159	chr1	981889	982389	1116360	-	134221	epithelial	method5_re2g	0.227605900198067	0.227605900198067	1
chr1:981889-982389	ENSG00000162571	TTLL10	chr1	981889	982389	1173879	+	191740	epithelial	method5_re2g	0.2104287761421416	0.2104287761421416	1
chr1:981889-982389	ENSG00000187583	PLEKHN1	chr1	981889	982389	966481	+	15658	epithelial	method5_re2g	0.9973306112077653	0.9973306112077653	1
chr1:981889-982389	ENSG00000187608	ISG15	chr1	981889	982389	1001137	+	18998	epithelial	method5_re2g	0.9961006247802734	0.9961006247802734	1
chr1:981889-982389	ENSG00000187634	SAMD11	chr1	981889	982389	923922	+	58217	epithelial	method5_re2g	0.27714576170688593	0.27714576170688593	1
chr1:981889-982389	ENSG00000187642	PERM1	chr1	981889	982389	982116	-	23	epithelial	method5_re2g	0.9975172459282339	0.9975172459282339	1
chr1:981889-982389	ENSG00000187961	KLHL17	chr1	981889	982389	960583	+	21556	epithelial	method5_re2g	0.5888070040839717	0.5888070040839717	1
chr1:981889-982389	ENSG00000188157	AGRN	chr1	981889	982389	1020119	+	37980	epithelial	method5_re2g	0.5312949639309162	0.5312949639309162	1
chr1:981889-982389	ENSG00000188290	HES4	chr1	981889	982389	1000171	-	18032	epithelial	method5_re2g	0.9957936478084511	0.9957936478084511	1
chr1:981889-982389	ENSG00000188976	NOC2L	chr1	981889	982389	959308	-	22831	epithelial	method5_re2g	0.3963756950090649	0.3963756950090649	1
chr1:981889-982389	ENSG00000237330	RNF223	chr1	981889	982389	1074305	-	92166	epithelial	method5_re2g	0.35110609865482334	0.35110609865482334	1
chr1:981889-982389	ENSG00000284662	OR4F16	chr1	981889	982389	686653	-	295486	epithelial	method5_re2g	0.9465049062103786	0.9465049062103786	1
chr1:982865-983365	ENSG00000131591	C1orf159	chr1	982865	983365	1116360	-	133245	epithelial	method5_re2g	0.22658286539976857	0.22658286539976857	1
chr1:982865-983365	ENSG00000162571	TTLL10	chr1	982865	983365	1173879	+	190764	epithelial	method5_re2g	0.209589650440155	0.209589650440155	1
chr1:982865-983365	ENSG00000187583	PLEKHN1	chr1	982865	983365	966481	+	16634	epithelial	method5_re2g	0.9971423143270461	0.9971423143270461	1
chr1:982865-983365	ENSG00000187608	ISG15	chr1	982865	983365	1001137	+	18022	epithelial	method5_re2g	0.9959066174274339	0.9959066174274339	1
chr1:982865-983365	ENSG00000187634	SAMD11	chr1	982865	983365	923922	+	59193	epithelial	method5_re2g	0.270532797744965	0.270532797744965	1
chr1:982865-983365	ENSG00000187642	PERM1	chr1	982865	983365	982116	-	999	epithelial	method5_re2g	0.9982919014285124	0.9982919014285124	1
chr1:982865-983365	ENSG00000187961	KLHL17	chr1	982865	983365	960583	+	22532	epithelial	method5_re2g	0.5747953286955338	0.5747953286955338	1
chr1:982865-983365	ENSG00000188157	AGRN	chr1	982865	983365	1020119	+	37004	epithelial	method5_re2g	0.5263584775104929	0.5263584775104929	1
chr1:982865-983365	ENSG00000188290	HES4	chr1	982865	983365	1000171	-	17056	epithelial	method5_re2g	0.9955467421017642	0.9955467421017642	1
chr1:982865-983365	ENSG00000188976	NOC2L	chr1	982865	983365	959308	-	23807	epithelial	method5_re2g	0.3827634474994332	0.3827634474994332	1
chr1:982865-983365	ENSG00000237330	RNF223	chr1	982865	983365	1074305	-	91190	epithelial	method5_re2g	0.3491378887307465	0.3491378887307465	1
chr1:982865-983365	ENSG00000284662	OR4F16	chr1	982865	983365	686653	-	296462	epithelial	method5_re2g	0.9451351235039727	0.9451351235039727	1
chr1:984079-984579	ENSG00000131591	C1orf159	chr1	984079	984579	1116360	-	132031	epithelial	method5_re2g	0.24768703488062238	0.24768703488062238	1
chr1:984079-984579	ENSG00000162571	TTLL10	chr1	984079	984579	1173879	+	189550	epithelial	method5_re2g	0.2268285171142364	0.2268285171142364	1
chr1:984079-984579	ENSG00000187583	PLEKHN1	chr1	984079	984579	966481	+	17848	epithelial	method5_re2g	0.9986129275343792	0.9986129275343792	1
chr1:984079-984579	ENSG00000187608	ISG15	chr1	984079	984579	1001137	+	16808	epithelial	method5_re2g	0.997826785401641	0.997826785401641	1
chr1:984079-984579	ENSG00000187634	SAMD11	chr1	984079	984579	923922	+	60407	epithelial	method5_re2g	0.3609073966088319	0.3609073966088319	1
chr1:984079-984579	ENSG00000187642	PERM1	chr1	984079	984579	982116	-	2213	epithelial	method5_re2g	0.9994850899718489	0.9994850899718489	1
chr1:984079-984579	ENSG00000187961	KLHL17	chr1	984079	984579	960583	+	23746	epithelial	method5_re2g	0.7150769697044277	0.7150769697044277	1
chr1:984079-984579	ENSG00000188157	AGRN	chr1	984079	984579	1020119	+	35790	epithelial	method5_re2g	0.6171622618017417	0.6171622618017417	1
chr1:984079-984579	ENSG00000188290	HES4	chr1	984079	984579	1000171	-	15842	epithelial	method5_re2g	0.9976658879874332	0.9976658879874332	1
chr1:984079-984579	ENSG00000188976	NOC2L	chr1	984079	984579	959308	-	25021	epithelial	method5_re2g	0.5302853286135494	0.5302853286135494	1
chr1:984079-984579	ENSG00000237330	RNF223	chr1	984079	984579	1074305	-	89976	epithelial	method5_re2g	0.39268176417815737	0.39268176417815737	1
chr1:984079-984579	ENSG00000284662	OR4F16	chr1	984079	984579	686653	-	297676	epithelial	method5_re2g	0.965048800144576	0.965048800144576	1
chr1:991480-991980	ENSG00000131591	C1orf159	chr1	991480	991980	1116360	-	124630	epithelial	method5_re2g	0.2251759974339235	0.2251759974339235	1
chr1:991480-991980	ENSG00000162571	TTLL10	chr1	991480	991980	1173879	+	182149	epithelial	method5_re2g	0.20587103114641386	0.20587103114641386	1
chr1:991480-991980	ENSG00000187583	PLEKHN1	chr1	991480	991980	966481	+	25249	epithelial	method5_re2g	0.9953693118997192	0.9953693118997192	1
