peak_id	gene_id	gene_name	chrom	peak_start	peak_end	tss_pos	strand	distance_bp	compartment	method	score	rE2G_probability	rE2G_binary
chr1:817081-817581	ENSG00000187634	SAMD11	chr1	817081	817581	923922	+	106591	immune	method5_re2g	0.9852234281766056	0.9852234281766056	1
chr1:817081-817581	ENSG00000187961	KLHL17	chr1	817081	817581	960583	+	143252	immune	method5_re2g	0.24175241148834997	0.24175241148834997	1
chr1:817081-817581	ENSG00000188976	NOC2L	chr1	817081	817581	959308	-	141977	immune	method5_re2g	0.9870261824330826	0.9870261824330826	1
chr1:817081-817581	ENSG00000284662	OR4F16	chr1	817081	817581	686653	-	130678	immune	method5_re2g	0.9380842791600484	0.9380842791600484	1
chr1:817081-817581	ENSG00000284733	OR4F29	chr1	817081	817581	451677	-	365654	immune	method5_re2g	0.9546224809754438	0.9546224809754438	1
chr1:819790-820290	ENSG00000187634	SAMD11	chr1	819790	820290	923922	+	103882	immune	method5_re2g	0.9829659852187084	0.9829659852187084	1
chr1:819790-820290	ENSG00000187961	KLHL17	chr1	819790	820290	960583	+	140543	immune	method5_re2g	0.2297072698150219	0.2297072698150219	1
chr1:819790-820290	ENSG00000188976	NOC2L	chr1	819790	820290	959308	-	139268	immune	method5_re2g	0.9861163128132533	0.9861163128132533	1
chr1:819790-820290	ENSG00000284662	OR4F16	chr1	819790	820290	686653	-	133387	immune	method5_re2g	0.9986304850682717	0.9986304850682717	1
chr1:819790-820290	ENSG00000284733	OR4F29	chr1	819790	820290	451677	-	368363	immune	method5_re2g	0.9983887720004211	0.9983887720004211	1
chr1:821222-821722	ENSG00000187634	SAMD11	chr1	821222	821722	923922	+	102450	immune	method5_re2g	0.9828431168354267	0.9828431168354267	1
chr1:821222-821722	ENSG00000187961	KLHL17	chr1	821222	821722	960583	+	139111	immune	method5_re2g	0.2301648896713728	0.2301648896713728	1
chr1:821222-821722	ENSG00000188976	NOC2L	chr1	821222	821722	959308	-	137836	immune	method5_re2g	0.9861285524150368	0.9861285524150368	1
chr1:821222-821722	ENSG00000284662	OR4F16	chr1	821222	821722	686653	-	134819	immune	method5_re2g	0.9993357615485914	0.9993357615485914	1
chr1:821222-821722	ENSG00000284733	OR4F29	chr1	821222	821722	451677	-	369795	immune	method5_re2g	0.9993254509934277	0.9993254509934277	1
chr1:821833-822333	ENSG00000187634	SAMD11	chr1	821833	822333	923922	+	101839	immune	method5_re2g	0.9820111618116317	0.9820111618116317	1
chr1:821833-822333	ENSG00000187961	KLHL17	chr1	821833	822333	960583	+	138500	immune	method5_re2g	0.22668017501077878	0.22668017501077878	1
chr1:821833-822333	ENSG00000188976	NOC2L	chr1	821833	822333	959308	-	137225	immune	method5_re2g	0.9858288766373745	0.9858288766373745	1
chr1:821833-822333	ENSG00000284662	OR4F16	chr1	821833	822333	686653	-	135430	immune	method5_re2g	0.9995400692313481	0.9995400692313481	1
chr1:821833-822333	ENSG00000284733	OR4F29	chr1	821833	822333	451677	-	370406	immune	method5_re2g	0.9995316599844469	0.9995316599844469	1
chr1:822620-823120	ENSG00000187634	SAMD11	chr1	822620	823120	923922	+	101052	immune	method5_re2g	0.9817507835667912	0.9817507835667912	1
chr1:822620-823120	ENSG00000187961	KLHL17	chr1	822620	823120	960583	+	137713	immune	method5_re2g	0.23057826195657374	0.23057826195657374	1
chr1:822620-823120	ENSG00000188976	NOC2L	chr1	822620	823120	959308	-	136438	immune	method5_re2g	0.9861066297625988	0.9861066297625988	1
chr1:822620-823120	ENSG00000284662	OR4F16	chr1	822620	823120	686653	-	136217	immune	method5_re2g	0.9996459926447281	0.9996459926447281	1
chr1:822620-823120	ENSG00000284733	OR4F29	chr1	822620	823120	451677	-	371193	immune	method5_re2g	0.9996151832434851	0.9996151832434851	1
chr1:827273-827773	ENSG00000187583	PLEKHN1	chr1	827273	827773	966481	+	138958	immune	method5_re2g	0.23367545577620788	0.23367545577620788	1
chr1:827273-827773	ENSG00000187634	SAMD11	chr1	827273	827773	923922	+	96399	immune	method5_re2g	0.9939622685064818	0.9939622685064818	1
chr1:827273-827773	ENSG00000187642	PERM1	chr1	827273	827773	982116	-	154593	immune	method5_re2g	0.1963407358765123	0.1963407358765123	1
chr1:827273-827773	ENSG00000187961	KLHL17	chr1	827273	827773	960583	+	133060	immune	method5_re2g	0.3747847021045969	0.3747847021045969	1
chr1:827273-827773	ENSG00000188976	NOC2L	chr1	827273	827773	959308	-	131785	immune	method5_re2g	0.9930097303398331	0.9930097303398331	1
chr1:827273-827773	ENSG00000284662	OR4F16	chr1	827273	827773	686653	-	140870	immune	method5_re2g	0.9999700552685753	0.9999700552685753	1
chr1:827273-827773	ENSG00000284733	OR4F29	chr1	827273	827773	451677	-	375846	immune	method5_re2g	0.9999913280273812	0.9999913280273812	1
chr1:869650-870150	ENSG00000187583	PLEKHN1	chr1	869650	870150	966481	+	96581	immune	method5_re2g	0.26282291057963875	0.26282291057963875	1
chr1:869650-870150	ENSG00000187634	SAMD11	chr1	869650	870150	923922	+	54022	immune	method5_re2g	0.9958800062474508	0.9958800062474508	1
chr1:869650-870150	ENSG00000187642	PERM1	chr1	869650	870150	982116	-	112216	immune	method5_re2g	0.21132411848414281	0.21132411848414281	1
chr1:869650-870150	ENSG00000187961	KLHL17	chr1	869650	870150	960583	+	90683	immune	method5_re2g	0.4175842150549862	0.4175842150549862	1
chr1:869650-870150	ENSG00000188976	NOC2L	chr1	869650	870150	959308	-	89408	immune	method5_re2g	0.9941697391707662	0.9941697391707662	1
chr1:869650-870150	ENSG00000284662	OR4F16	chr1	869650	870150	686653	-	183247	immune	method5_re2g	0.9999104828856614	0.9999104828856614	1
chr1:869650-870150	ENSG00000284733	OR4F29	chr1	869650	870150	451677	-	418223	immune	method5_re2g	0.9999762610182953	0.9999762610182953	1
chr1:897299-897799	ENSG00000187583	PLEKHN1	chr1	897299	897799	966481	+	68932	immune	method5_re2g	0.21474346544446268	0.21474346544446268	1
chr1:897299-897799	ENSG00000187634	SAMD11	chr1	897299	897799	923922	+	26373	immune	method5_re2g	0.994197843500443	0.994197843500443	1
chr1:897299-897799	ENSG00000187961	KLHL17	chr1	897299	897799	960583	+	63034	immune	method5_re2g	0.3582720727715313	0.3582720727715313	1
chr1:897299-897799	ENSG00000188976	NOC2L	chr1	897299	897799	959308	-	61759	immune	method5_re2g	0.9925303833326503	0.9925303833326503	1
chr1:897299-897799	ENSG00000284662	OR4F16	chr1	897299	897799	686653	-	210896	immune	method5_re2g	0.9995742267881055	0.9995742267881055	1
chr1:897299-897799	ENSG00000284733	OR4F29	chr1	897299	897799	451677	-	445872	immune	method5_re2g	0.9995725700174134	0.9995725700174134	1
chr1:898270-898770	ENSG00000187583	PLEKHN1	chr1	898270	898770	966481	+	67961	immune	method5_re2g	0.21147997285785622	0.21147997285785622	1
chr1:898270-898770	ENSG00000187634	SAMD11	chr1	898270	898770	923922	+	25402	immune	method5_re2g	0.9938085944156313	0.9938085944156313	1
chr1:898270-898770	ENSG00000187961	KLHL17	chr1	898270	898770	960583	+	62063	immune	method5_re2g	0.3529860672799769	0.3529860672799769	1
chr1:898270-898770	ENSG00000188976	NOC2L	chr1	898270	898770	959308	-	60788	immune	method5_re2g	0.9923393054716194	0.9923393054716194	1
chr1:898270-898770	ENSG00000284662	OR4F16	chr1	898270	898770	686653	-	211867	immune	method5_re2g	0.9996104173761925	0.9996104173761925	1
chr1:898270-898770	ENSG00000284733	OR4F29	chr1	898270	898770	451677	-	446843	immune	method5_re2g	0.9995782399060773	0.9995782399060773	1
chr1:899626-900126	ENSG00000187583	PLEKHN1	chr1	899626	900126	966481	+	66605	immune	method5_re2g	0.22551336649577475	0.22551336649577475	1
chr1:899626-900126	ENSG00000187634	SAMD11	chr1	899626	900126	923922	+	24046	immune	method5_re2g	0.9941819460622887	0.9941819460622887	1
chr1:899626-900126	ENSG00000187961	KLHL17	chr1	899626	900126	960583	+	60707	immune	method5_re2g	0.37132086646774726	0.37132086646774726	1
chr1:899626-900126	ENSG00000188976	NOC2L	chr1	899626	900126	959308	-	59432	immune	method5_re2g	0.9929038898153557	0.9929038898153557	1
chr1:899626-900126	ENSG00000284662	OR4F16	chr1	899626	900126	686653	-	213223	immune	method5_re2g	0.9996762363056532	0.9996762363056532	1
chr1:899626-900126	ENSG00000284733	OR4F29	chr1	899626	900126	451677	-	448199	immune	method5_re2g	0.9996473981487888	0.9996473981487888	1
chr1:903544-904044	ENSG00000187583	PLEKHN1	chr1	903544	904044	966481	+	62687	immune	method5_re2g	0.25462684373640915	0.25462684373640915	1
chr1:903544-904044	ENSG00000187634	SAMD11	chr1	903544	904044	923922	+	20128	immune	method5_re2g	0.9962318662249612	0.9962318662249612	1
chr1:903544-904044	ENSG00000187642	PERM1	chr1	903544	904044	982116	-	78322	immune	method5_re2g	0.1922843481929165	0.1922843481929165	1
chr1:903544-904044	ENSG00000187961	KLHL17	chr1	903544	904044	960583	+	56789	immune	method5_re2g	0.410772513329211	0.410772513329211	1
chr1:903544-904044	ENSG00000188976	NOC2L	chr1	903544	904044	959308	-	55514	immune	method5_re2g	0.9939822923566545	0.9939822923566545	1
chr1:903544-904044	ENSG00000284662	OR4F16	chr1	903544	904044	686653	-	217141	immune	method5_re2g	0.999768494195402	0.999768494195402	1
chr1:903544-904044	ENSG00000284733	OR4F29	chr1	903544	904044	451677	-	452117	immune	method5_re2g	0.9998508740628911	0.9998508740628911	1
chr1:904528-905028	ENSG00000187583	PLEKHN1	chr1	904528	905028	966481	+	61703	immune	method5_re2g	0.4349392689032252	0.4349392689032252	1
chr1:904528-905028	ENSG00000187634	SAMD11	chr1	904528	905028	923922	+	19144	immune	method5_re2g	0.9992885028238052	0.9992885028238052	1
chr1:904528-905028	ENSG00000187642	PERM1	chr1	904528	905028	982116	-	77338	immune	method5_re2g	0.34528859886046986	0.34528859886046986	1
chr1:904528-905028	ENSG00000187961	KLHL17	chr1	904528	905028	960583	+	55805	immune	method5_re2g	0.616881429486712	0.616881429486712	1
chr1:904528-905028	ENSG00000188290	HES4	chr1	904528	905028	1000171	-	95393	immune	method5_re2g	0.1918923383282376	0.1918923383282376	1
chr1:904528-905028	ENSG00000188976	NOC2L	chr1	904528	905028	959308	-	54530	immune	method5_re2g	0.9974015829618198	0.9974015829618198	1
chr1:904528-905028	ENSG00000284662	OR4F16	chr1	904528	905028	686653	-	218125	immune	method5_re2g	0.9999499824705228	0.9999499824705228	1
chr1:904528-905028	ENSG00000284733	OR4F29	chr1	904528	905028	451677	-	453101	immune	method5_re2g	0.999989875809375	0.999989875809375	1
chr1:905239-905739	ENSG00000187583	PLEKHN1	chr1	905239	905739	966481	+	60992	immune	method5_re2g	0.2857034044137073	0.2857034044137073	1
chr1:905239-905739	ENSG00000187634	SAMD11	chr1	905239	905739	923922	+	18433	immune	method5_re2g	0.9973817788010687	0.9973817788010687	1
chr1:905239-905739	ENSG00000187642	PERM1	chr1	905239	905739	982116	-	76627	immune	method5_re2g	0.2175558155706234	0.2175558155706234	1
chr1:905239-905739	ENSG00000187961	KLHL17	chr1	905239	905739	960583	+	55094	immune	method5_re2g	0.44936104723603815	0.44936104723603815	1
chr1:905239-905739	ENSG00000188976	NOC2L	chr1	905239	905739	959308	-	53819	immune	method5_re2g	0.9948380003330457	0.9948380003330457	1
chr1:905239-905739	ENSG00000284662	OR4F16	chr1	905239	905739	686653	-	218836	immune	method5_re2g	0.9998624686712262	0.9998624686712262	1
chr1:905239-905739	ENSG00000284733	OR4F29	chr1	905239	905739	451677	-	453812	immune	method5_re2g	0.9999454759526527	0.9999454759526527	1
chr1:905836-906336	ENSG00000187583	PLEKHN1	chr1	905836	906336	966481	+	60395	immune	method5_re2g	0.25294024669380943	0.25294024669380943	1
chr1:905836-906336	ENSG00000187634	SAMD11	chr1	905836	906336	923922	+	17836	immune	method5_re2g	0.9958206140053221	0.9958206140053221	1
chr1:905836-906336	ENSG00000187642	PERM1	chr1	905836	906336	982116	-	76030	immune	method5_re2g	0.1915080793604869	0.1915080793604869	1
chr1:905836-906336	ENSG00000187961	KLHL17	chr1	905836	906336	960583	+	54497	immune	method5_re2g	0.4058618375580455	0.4058618375580455	1
chr1:905836-906336	ENSG00000188976	NOC2L	chr1	905836	906336	959308	-	53222	immune	method5_re2g	0.9938071208100999	0.9938071208100999	1
chr1:905836-906336	ENSG00000284662	OR4F16	chr1	905836	906336	686653	-	219433	immune	method5_re2g	0.9998257413674235	0.9998257413674235	1
chr1:905836-906336	ENSG00000284733	OR4F29	chr1	905836	906336	451677	-	454409	immune	method5_re2g	0.9998977354595087	0.9998977354595087	1
chr1:906603-907103	ENSG00000187583	PLEKHN1	chr1	906603	907103	966481	+	59628	immune	method5_re2g	0.25969309242455213	0.25969309242455213	1
chr1:906603-907103	ENSG00000187634	SAMD11	chr1	906603	907103	923922	+	17069	immune	method5_re2g	0.9960016007457857	0.9960016007457857	1
chr1:906603-907103	ENSG00000187642	PERM1	chr1	906603	907103	982116	-	75263	immune	method5_re2g	0.19711086494639438	0.19711086494639438	1
chr1:906603-907103	ENSG00000187961	KLHL17	chr1	906603	907103	960583	+	53730	immune	method5_re2g	0.4137817987467227	0.4137817987467227	1
chr1:906603-907103	ENSG00000188976	NOC2L	chr1	906603	907103	959308	-	52455	immune	method5_re2g	0.9939888248545251	0.9939888248545251	1
chr1:906603-907103	ENSG00000284662	OR4F16	chr1	906603	907103	686653	-	220200	immune	method5_re2g	0.9998516730868818	0.9998516730868818	1
chr1:906603-907103	ENSG00000284733	OR4F29	chr1	906603	907103	451677	-	455176	immune	method5_re2g	0.9999246107344714	0.9999246107344714	1
chr1:912910-913410	ENSG00000187583	PLEKHN1	chr1	912910	913410	966481	+	53321	immune	method5_re2g	0.23428192175212278	0.23428192175212278	1
chr1:912910-913410	ENSG00000187634	SAMD11	chr1	912910	913410	923922	+	10762	immune	method5_re2g	0.9957599154580296	0.9957599154580296	1
chr1:912910-913410	ENSG00000187961	KLHL17	chr1	912910	913410	960583	+	47423	immune	method5_re2g	0.3815219175222739	0.3815219175222739	1
chr1:912910-913410	ENSG00000188976	NOC2L	chr1	912910	913410	959308	-	46148	immune	method5_re2g	0.9931121593182423	0.9931121593182423	1
chr1:912910-913410	ENSG00000284662	OR4F16	chr1	912910	913410	686653	-	226507	immune	method5_re2g	0.9997910344296355	0.9997910344296355	1
chr1:912910-913410	ENSG00000284733	OR4F29	chr1	912910	913410	451677	-	461483	immune	method5_re2g	0.9998337927180982	0.9998337927180982	1
chr1:917269-917769	ENSG00000187583	PLEKHN1	chr1	917269	917769	966481	+	48962	immune	method5_re2g	0.2484949249281999	0.2484949249281999	1
chr1:917269-917769	ENSG00000187634	SAMD11	chr1	917269	917769	923922	+	6403	immune	method5_re2g	0.9968923489822322	0.9968923489822322	1
chr1:917269-917769	ENSG00000187642	PERM1	chr1	917269	917769	982116	-	64597	immune	method5_re2g	0.18319080010766572	0.18319080010766572	1
chr1:917269-917769	ENSG00000187961	KLHL17	chr1	917269	917769	960583	+	43064	immune	method5_re2g	0.4005377432278826	0.4005377432278826	1
chr1:917269-917769	ENSG00000188976	NOC2L	chr1	917269	917769	959308	-	41789	immune	method5_re2g	0.9936236756546721	0.9936236756546721	1
chr1:917269-917769	ENSG00000284662	OR4F16	chr1	917269	917769	686653	-	230866	immune	method5_re2g	0.9997926988290105	0.9997926988290105	1
chr1:917269-917769	ENSG00000284733	OR4F29	chr1	917269	917769	451677	-	465842	immune	method5_re2g	0.9997973609238631	0.9997973609238631	1
chr1:918593-919093	ENSG00000187583	PLEKHN1	chr1	918593	919093	966481	+	47638	immune	method5_re2g	0.25028110407896526	0.25028110407896526	1
chr1:918593-919093	ENSG00000187634	SAMD11	chr1	918593	919093	923922	+	5079	immune	method5_re2g	0.9971175779411757	0.9971175779411757	1
chr1:918593-919093	ENSG00000187642	PERM1	chr1	918593	919093	982116	-	63273	immune	method5_re2g	0.18423316834554698	0.18423316834554698	1
chr1:918593-919093	ENSG00000187961	KLHL17	chr1	918593	919093	960583	+	41740	immune	method5_re2g	0.402203906995869	0.402203906995869	1
chr1:918593-919093	ENSG00000188976	NOC2L	chr1	918593	919093	959308	-	40465	immune	method5_re2g	0.9936454955868467	0.9936454955868467	1
chr1:918593-919093	ENSG00000284662	OR4F16	chr1	918593	919093	686653	-	232190	immune	method5_re2g	0.999807213888676	0.999807213888676	1
chr1:918593-919093	ENSG00000284733	OR4F29	chr1	918593	919093	451677	-	467166	immune	method5_re2g	0.9998255988266713	0.9998255988266713	1
chr1:919280-919780	ENSG00000187583	PLEKHN1	chr1	919280	919780	966481	+	46951	immune	method5_re2g	0.25865376688255287	0.25865376688255287	1
chr1:919280-919780	ENSG00000187634	SAMD11	chr1	919280	919780	923922	+	4392	immune	method5_re2g	0.9969679899812522	0.9969679899812522	1
chr1:919280-919780	ENSG00000187642	PERM1	chr1	919280	919780	982116	-	62586	immune	method5_re2g	0.19100226043783683	0.19100226043783683	1
chr1:919280-919780	ENSG00000187961	KLHL17	chr1	919280	919780	960583	+	41053	immune	method5_re2g	0.4118067175528112	0.4118067175528112	1
chr1:919280-919780	ENSG00000188976	NOC2L	chr1	919280	919780	959308	-	39778	immune	method5_re2g	0.9938663891861942	0.9938663891861942	1
chr1:919280-919780	ENSG00000284662	OR4F16	chr1	919280	919780	686653	-	232877	immune	method5_re2g	0.9998305588116618	0.9998305588116618	1
chr1:919280-919780	ENSG00000284733	OR4F29	chr1	919280	919780	451677	-	467853	immune	method5_re2g	0.9998631573515627	0.9998631573515627	1
chr1:920974-921474	ENSG00000187583	PLEKHN1	chr1	920974	921474	966481	+	45257	immune	method5_re2g	0.33137676515732195	0.33137676515732195	1
chr1:920974-921474	ENSG00000187634	SAMD11	chr1	920974	921474	923922	+	2698	immune	method5_re2g	0.9990289882398196	0.9990289882398196	1
chr1:920974-921474	ENSG00000187642	PERM1	chr1	920974	921474	982116	-	60892	immune	method5_re2g	0.24632785903584328	0.24632785903584328	1
chr1:920974-921474	ENSG00000187961	KLHL17	chr1	920974	921474	960583	+	39359	immune	method5_re2g	0.5031659616148192	0.5031659616148192	1
chr1:920974-921474	ENSG00000188976	NOC2L	chr1	920974	921474	959308	-	38084	immune	method5_re2g	0.9957601159314619	0.9957601159314619	1
chr1:920974-921474	ENSG00000284662	OR4F16	chr1	920974	921474	686653	-	234571	immune	method5_re2g	0.999905606814426	0.999905606814426	1
chr1:920974-921474	ENSG00000284733	OR4F29	chr1	920974	921474	451677	-	469547	immune	method5_re2g	0.9999659389992619	0.9999659389992619	1
chr1:923614-924114	ENSG00000187583	PLEKHN1	chr1	923614	924114	966481	+	42617	immune	method5_re2g	0.4227907710761902	0.4227907710761902	1
chr1:923614-924114	ENSG00000187634	SAMD11	chr1	923614	924114	923922	+	58	immune	method5_re2g	0.9995606446350486	0.9995606446350486	1
chr1:923614-924114	ENSG00000187642	PERM1	chr1	923614	924114	982116	-	58252	immune	method5_re2g	0.3178897259984731	0.3178897259984731	1
chr1:923614-924114	ENSG00000187961	KLHL17	chr1	923614	924114	960583	+	36719	immune	method5_re2g	0.6048976864001213	0.6048976864001213	1
chr1:923614-924114	ENSG00000188976	NOC2L	chr1	923614	924114	959308	-	35444	immune	method5_re2g	0.9971986657439654	0.9971986657439654	1
chr1:923614-924114	ENSG00000284662	OR4F16	chr1	923614	924114	686653	-	237211	immune	method5_re2g	0.9999434601292229	0.9999434601292229	1
chr1:923614-924114	ENSG00000284733	OR4F29	chr1	923614	924114	451677	-	472187	immune	method5_re2g	0.9999862057213545	0.9999862057213545	1
chr1:924562-925062	ENSG00000187583	PLEKHN1	chr1	924562	925062	966481	+	41669	immune	method5_re2g	0.5187953518062336	0.5187953518062336	1
chr1:924562-925062	ENSG00000187634	SAMD11	chr1	924562	925062	923922	+	890	immune	method5_re2g	0.9761597559019587	0.9761597559019587	1
chr1:924562-925062	ENSG00000187642	PERM1	chr1	924562	925062	982116	-	57304	immune	method5_re2g	0.33378847211220786	0.33378847211220786	1
chr1:924562-925062	ENSG00000187961	KLHL17	chr1	924562	925062	960583	+	35771	immune	method5_re2g	0.9958944654535771	0.9958944654535771	1
chr1:924562-925062	ENSG00000188976	NOC2L	chr1	924562	925062	959308	-	34496	immune	method5_re2g	0.9954695513492411	0.9954695513492411	1
chr1:924562-925062	ENSG00000284662	OR4F16	chr1	924562	925062	686653	-	238159	immune	method5_re2g	0.9998992615795178	0.9998992615795178	1
chr1:924562-925062	ENSG00000284733	OR4F29	chr1	924562	925062	451677	-	473135	immune	method5_re2g	0.9894516933628299	0.9894516933628299	1
chr1:925428-925928	ENSG00000187583	PLEKHN1	chr1	925428	925928	966481	+	40803	immune	method5_re2g	0.49339608577839345	0.49339608577839345	1
chr1:925428-925928	ENSG00000187634	SAMD11	chr1	925428	925928	923922	+	1756	immune	method5_re2g	0.9990062913163671	0.9990062913163671	1
chr1:925428-925928	ENSG00000187642	PERM1	chr1	925428	925928	982116	-	56438	immune	method5_re2g	0.31321689664714236	0.31321689664714236	1
chr1:925428-925928	ENSG00000187961	KLHL17	chr1	925428	925928	960583	+	34905	immune	method5_re2g	0.9953955202557737	0.9953955202557737	1
chr1:925428-925928	ENSG00000188976	NOC2L	chr1	925428	925928	959308	-	33630	immune	method5_re2g	0.9948761103786634	0.9948761103786634	1
chr1:925428-925928	ENSG00000284662	OR4F16	chr1	925428	925928	686653	-	239025	immune	method5_re2g	0.9998885171395477	0.9998885171395477	1
chr1:925428-925928	ENSG00000284733	OR4F29	chr1	925428	925928	451677	-	474001	immune	method5_re2g	0.985945689931018	0.985945689931018	1
chr1:926907-927407	ENSG00000187583	PLEKHN1	chr1	926907	927407	966481	+	39324	immune	method5_re2g	0.4512983894886538	0.4512983894886538	1
chr1:926907-927407	ENSG00000187634	SAMD11	chr1	926907	927407	923922	+	3235	immune	method5_re2g	0.9978743669435824	0.9978743669435824	1
chr1:926907-927407	ENSG00000187642	PERM1	chr1	926907	927407	982116	-	54959	immune	method5_re2g	0.2802395173004531	0.2802395173004531	1
chr1:926907-927407	ENSG00000187961	KLHL17	chr1	926907	927407	960583	+	33426	immune	method5_re2g	0.9944519340940398	0.9944519340940398	1
chr1:926907-927407	ENSG00000188976	NOC2L	chr1	926907	927407	959308	-	32151	immune	method5_re2g	0.993761558579654	0.993761558579654	1
chr1:926907-927407	ENSG00000284662	OR4F16	chr1	926907	927407	686653	-	240504	immune	method5_re2g	0.9998595789370416	0.9998595789370416	1
chr1:926907-927407	ENSG00000284733	OR4F29	chr1	926907	927407	451677	-	475480	immune	method5_re2g	0.9717472026735701	0.9717472026735701	1
chr1:927698-928198	ENSG00000187583	PLEKHN1	chr1	927698	928198	966481	+	38533	immune	method5_re2g	0.4420273085205431	0.4420273085205431	1
chr1:927698-928198	ENSG00000187634	SAMD11	chr1	927698	928198	923922	+	4026	immune	method5_re2g	0.9978946330003616	0.9978946330003616	1
chr1:927698-928198	ENSG00000187642	PERM1	chr1	927698	928198	982116	-	54168	immune	method5_re2g	0.27368566852104204	0.27368566852104204	1
chr1:927698-928198	ENSG00000187961	KLHL17	chr1	927698	928198	960583	+	32635	immune	method5_re2g	0.9941720104780162	0.9941720104780162	1
chr1:927698-928198	ENSG00000188976	NOC2L	chr1	927698	928198	959308	-	31360	immune	method5_re2g	0.9933859795985022	0.9933859795985022	1
chr1:927698-928198	ENSG00000284662	OR4F16	chr1	927698	928198	686653	-	241295	immune	method5_re2g	0.9998594552435713	0.9998594552435713	1
chr1:927698-928198	ENSG00000284733	OR4F29	chr1	927698	928198	451677	-	476271	immune	method5_re2g	0.9689678088570419	0.9689678088570419	1
chr1:929100-929600	ENSG00000187583	PLEKHN1	chr1	929100	929600	966481	+	37131	immune	method5_re2g	0.432887342227818	0.432887342227818	1
chr1:929100-929600	ENSG00000187634	SAMD11	chr1	929100	929600	923922	+	5428	immune	method5_re2g	0.9974874815653733	0.9974874815653733	1
chr1:929100-929600	ENSG00000187642	PERM1	chr1	929100	929600	982116	-	52766	immune	method5_re2g	0.2661970078672427	0.2661970078672427	1
chr1:929100-929600	ENSG00000187961	KLHL17	chr1	929100	929600	960583	+	31233	immune	method5_re2g	0.9938981920566182	0.9938981920566182	1
chr1:929100-929600	ENSG00000188976	NOC2L	chr1	929100	929600	959308	-	29958	immune	method5_re2g	0.9930104552969753	0.9930104552969753	1
chr1:929100-929600	ENSG00000284662	OR4F16	chr1	929100	929600	686653	-	242697	immune	method5_re2g	0.9998572097973955	0.9998572097973955	1
chr1:929100-929600	ENSG00000284733	OR4F29	chr1	929100	929600	451677	-	477673	immune	method5_re2g	0.9665344404957473	0.9665344404957473	1
chr1:931744-932244	ENSG00000187583	PLEKHN1	chr1	931744	932244	966481	+	34487	immune	method5_re2g	0.4464580032619406	0.4464580032619406	1
chr1:931744-932244	ENSG00000187634	SAMD11	chr1	931744	932244	923922	+	8072	immune	method5_re2g	0.9970072536853676	0.9970072536853676	1
chr1:931744-932244	ENSG00000187642	PERM1	chr1	931744	932244	982116	-	50122	immune	method5_re2g	0.2732855378302609	0.2732855378302609	1
chr1:931744-932244	ENSG00000187961	KLHL17	chr1	931744	932244	960583	+	28589	immune	method5_re2g	0.9942431860322343	0.9942431860322343	1
chr1:931744-932244	ENSG00000188976	NOC2L	chr1	931744	932244	959308	-	27314	immune	method5_re2g	0.9933595665868166	0.9933595665868166	1
chr1:931744-932244	ENSG00000284662	OR4F16	chr1	931744	932244	686653	-	245341	immune	method5_re2g	0.9998647404392801	0.9998647404392801	1
chr1:931744-932244	ENSG00000284733	OR4F29	chr1	931744	932244	451677	-	480317	immune	method5_re2g	0.9723118572870016	0.9723118572870016	1
chr1:932372-932872	ENSG00000187583	PLEKHN1	chr1	932372	932872	966481	+	33859	immune	method5_re2g	0.43934207719424334	0.43934207719424334	1
chr1:932372-932872	ENSG00000187634	SAMD11	chr1	932372	932872	923922	+	8700	immune	method5_re2g	0.9972114353920649	0.9972114353920649	1
chr1:932372-932872	ENSG00000187642	PERM1	chr1	932372	932872	982116	-	49494	immune	method5_re2g	0.2684287085689473	0.2684287085689473	1
chr1:932372-932872	ENSG00000187961	KLHL17	chr1	932372	932872	960583	+	27961	immune	method5_re2g	0.9939914924798187	0.9939914924798187	1
chr1:932372-932872	ENSG00000188976	NOC2L	chr1	932372	932872	959308	-	26686	immune	method5_re2g	0.9929779478056694	0.9929779478056694	1
chr1:932372-932872	ENSG00000284662	OR4F16	chr1	932372	932872	686653	-	245969	immune	method5_re2g	0.9998680710283439	0.9998680710283439	1
chr1:932372-932872	ENSG00000284733	OR4F29	chr1	932372	932872	451677	-	480945	immune	method5_re2g	0.9730854575737253	0.9730854575737253	1
chr1:935283-935783	ENSG00000187583	PLEKHN1	chr1	935283	935783	966481	+	30948	immune	method5_re2g	0.4610631491345829	0.4610631491345829	1
chr1:935283-935783	ENSG00000187634	SAMD11	chr1	935283	935783	923922	+	11611	immune	method5_re2g	0.9966608933375124	0.9966608933375124	1
chr1:935283-935783	ENSG00000187642	PERM1	chr1	935283	935783	982116	-	46583	immune	method5_re2g	0.28154589781292727	0.28154589781292727	1
chr1:935283-935783	ENSG00000187961	KLHL17	chr1	935283	935783	960583	+	25050	immune	method5_re2g	0.9945089798449531	0.9945089798449531	1
chr1:935283-935783	ENSG00000188976	NOC2L	chr1	935283	935783	959308	-	23775	immune	method5_re2g	0.9935172639631124	0.9935172639631124	1
chr1:935283-935783	ENSG00000284662	OR4F16	chr1	935283	935783	686653	-	248880	immune	method5_re2g	0.9998747401706902	0.9998747401706902	1
chr1:935283-935783	ENSG00000284733	OR4F29	chr1	935283	935783	451677	-	483856	immune	method5_re2g	0.9747535281013374	0.9747535281013374	1
chr1:939165-939665	ENSG00000187583	PLEKHN1	chr1	939165	939665	966481	+	27066	immune	method5_re2g	0.51466985811441	0.51466985811441	1
chr1:939165-939665	ENSG00000187634	SAMD11	chr1	939165	939665	923922	+	15493	immune	method5_re2g	0.99644470152373	0.99644470152373	1
chr1:939165-939665	ENSG00000187642	PERM1	chr1	939165	939665	982116	-	42701	immune	method5_re2g	0.3155440800577177	0.3155440800577177	1
chr1:939165-939665	ENSG00000187961	KLHL17	chr1	939165	939665	960583	+	21168	immune	method5_re2g	0.9956798567047975	0.9956798567047975	1
chr1:939165-939665	ENSG00000188976	NOC2L	chr1	939165	939665	959308	-	19893	immune	method5_re2g	0.9948717892235601	0.9948717892235601	1
chr1:939165-939665	ENSG00000284662	OR4F16	chr1	939165	939665	686653	-	252762	immune	method5_re2g	0.9998904977550435	0.9998904977550435	1
chr1:939165-939665	ENSG00000284733	OR4F29	chr1	939165	939665	451677	-	487738	immune	method5_re2g	0.9816257710371945	0.9816257710371945	1
chr1:940064-940564	ENSG00000187583	PLEKHN1	chr1	940064	940564	966481	+	26167	immune	method5_re2g	0.6376395871858145	0.6376395871858145	1
chr1:940064-940564	ENSG00000187634	SAMD11	chr1	940064	940564	923922	+	16392	immune	method5_re2g	0.9984741171567216	0.9984741171567216	1
chr1:940064-940564	ENSG00000187642	PERM1	chr1	940064	940564	982116	-	41802	immune	method5_re2g	0.41584067687090487	0.41584067687090487	1
chr1:940064-940564	ENSG00000187961	KLHL17	chr1	940064	940564	960583	+	20269	immune	method5_re2g	0.9975002044582175	0.9975002044582175	1
chr1:940064-940564	ENSG00000188290	HES4	chr1	940064	940564	1000171	-	59857	immune	method5_re2g	0.2121288575582236	0.2121288575582236	1
chr1:940064-940564	ENSG00000188976	NOC2L	chr1	940064	940564	959308	-	18994	immune	method5_re2g	0.9970209114930638	0.9970209114930638	1
chr1:940064-940564	ENSG00000284662	OR4F16	chr1	940064	940564	686653	-	253661	immune	method5_re2g	0.9999395031074497	0.9999395031074497	1
chr1:940064-940564	ENSG00000284733	OR4F29	chr1	940064	940564	451677	-	488637	immune	method5_re2g	0.995327804664613	0.995327804664613	1
chr1:940732-941232	ENSG00000187583	PLEKHN1	chr1	940732	941232	966481	+	25499	immune	method5_re2g	0.5796320440795348	0.5796320440795348	1
chr1:940732-941232	ENSG00000187634	SAMD11	chr1	940732	941232	923922	+	17060	immune	method5_re2g	0.9979357993747706	0.9979357993747706	1
chr1:940732-941232	ENSG00000187642	PERM1	chr1	940732	941232	982116	-	41134	immune	method5_re2g	0.3651776273635118	0.3651776273635118	1
chr1:940732-941232	ENSG00000187961	KLHL17	chr1	940732	941232	960583	+	19601	immune	method5_re2g	0.9966730155504774	0.9966730155504774	1
chr1:940732-941232	ENSG00000188290	HES4	chr1	940732	941232	1000171	-	59189	immune	method5_re2g	0.18797220866866413	0.18797220866866413	1
chr1:940732-941232	ENSG00000188976	NOC2L	chr1	940732	941232	959308	-	18326	immune	method5_re2g	0.9959076659808025	0.9959076659808025	1
chr1:940732-941232	ENSG00000284662	OR4F16	chr1	940732	941232	686653	-	254329	immune	method5_re2g	0.999924482808788	0.999924482808788	1
chr1:940732-941232	ENSG00000284733	OR4F29	chr1	940732	941232	451677	-	489305	immune	method5_re2g	0.9923816202481798	0.9923816202481798	1
chr1:941543-942043	ENSG00000187583	PLEKHN1	chr1	941543	942043	966481	+	24688	immune	method5_re2g	0.6360812555376905	0.6360812555376905	1
chr1:941543-942043	ENSG00000187634	SAMD11	chr1	941543	942043	923922	+	17871	immune	method5_re2g	0.9985739185125176	0.9985739185125176	1
chr1:941543-942043	ENSG00000187642	PERM1	chr1	941543	942043	982116	-	40323	immune	method5_re2g	0.41345239725338884	0.41345239725338884	1
chr1:941543-942043	ENSG00000187961	KLHL17	chr1	941543	942043	960583	+	18790	immune	method5_re2g	0.997386434543823	0.997386434543823	1
chr1:941543-942043	ENSG00000188290	HES4	chr1	941543	942043	1000171	-	58378	immune	method5_re2g	0.20956202419357745	0.20956202419357745	1
chr1:941543-942043	ENSG00000188976	NOC2L	chr1	941543	942043	959308	-	17515	immune	method5_re2g	0.9967072410454024	0.9967072410454024	1
chr1:941543-942043	ENSG00000284662	OR4F16	chr1	941543	942043	686653	-	255140	immune	method5_re2g	0.9999432947410801	0.9999432947410801	1
chr1:941543-942043	ENSG00000284733	OR4F29	chr1	941543	942043	451677	-	490116	immune	method5_re2g	0.9956938202127646	0.9956938202127646	1
chr1:942155-942655	ENSG00000187583	PLEKHN1	chr1	942155	942655	966481	+	24076	immune	method5_re2g	0.5646162792952902	0.5646162792952902	1
chr1:942155-942655	ENSG00000187634	SAMD11	chr1	942155	942655	923922	+	18483	immune	method5_re2g	0.9979579394908142	0.9979579394908142	1
chr1:942155-942655	ENSG00000187642	PERM1	chr1	942155	942655	982116	-	39711	immune	method5_re2g	0.35303176230509903	0.35303176230509903	1
chr1:942155-942655	ENSG00000187961	KLHL17	chr1	942155	942655	960583	+	18178	immune	method5_re2g	0.996263701551005	0.996263701551005	1
chr1:942155-942655	ENSG00000188290	HES4	chr1	942155	942655	1000171	-	57766	immune	method5_re2g	0.18144029850332832	0.18144029850332832	1
chr1:942155-942655	ENSG00000188976	NOC2L	chr1	942155	942655	959308	-	16903	immune	method5_re2g	0.9950519773756626	0.9950519773756626	1
chr1:942155-942655	ENSG00000284662	OR4F16	chr1	942155	942655	686653	-	255752	immune	method5_re2g	0.9999260179412001	0.9999260179412001	1
chr1:942155-942655	ENSG00000284733	OR4F29	chr1	942155	942655	451677	-	490728	immune	method5_re2g	0.992254245781076	0.992254245781076	1
chr1:942812-943312	ENSG00000187583	PLEKHN1	chr1	942812	943312	966481	+	23419	immune	method5_re2g	0.5457880882833046	0.5457880882833046	1
chr1:942812-943312	ENSG00000187634	SAMD11	chr1	942812	943312	923922	+	19140	immune	method5_re2g	0.9978521817279167	0.9978521817279167	1
chr1:942812-943312	ENSG00000187642	PERM1	chr1	942812	943312	982116	-	39054	immune	method5_re2g	0.3388483379159405	0.3388483379159405	1
chr1:942812-943312	ENSG00000187961	KLHL17	chr1	942812	943312	960583	+	17521	immune	method5_re2g	0.995790875762524	0.995790875762524	1
chr1:942812-943312	ENSG00000188976	NOC2L	chr1	942812	943312	959308	-	16246	immune	method5_re2g	0.9940954177312313	0.9940954177312313	1
chr1:942812-943312	ENSG00000284662	OR4F16	chr1	942812	943312	686653	-	256409	immune	method5_re2g	0.9999237371375378	0.9999237371375378	1
chr1:942812-943312	ENSG00000284733	OR4F29	chr1	942812	943312	451677	-	491385	immune	method5_re2g	0.9913957923220977	0.9913957923220977	1
chr1:943617-944117	ENSG00000187583	PLEKHN1	chr1	943617	944117	966481	+	22614	immune	method5_re2g	0.5029184453458723	0.5029184453458723	1
chr1:943617-944117	ENSG00000187634	SAMD11	chr1	943617	944117	923922	+	19945	immune	method5_re2g	0.9973708950270148	0.9973708950270148	1
chr1:943617-944117	ENSG00000187642	PERM1	chr1	943617	944117	982116	-	38249	immune	method5_re2g	0.3077047549612977	0.3077047549612977	1
chr1:943617-944117	ENSG00000187961	KLHL17	chr1	943617	944117	960583	+	16716	immune	method5_re2g	0.9946722104392436	0.9946722104392436	1
chr1:943617-944117	ENSG00000188976	NOC2L	chr1	943617	944117	959308	-	15441	immune	method5_re2g	0.9918764309922914	0.9918764309922914	1
chr1:943617-944117	ENSG00000284662	OR4F16	chr1	943617	944117	686653	-	257214	immune	method5_re2g	0.999912911632268	0.999912911632268	1
chr1:943617-944117	ENSG00000284733	OR4F29	chr1	943617	944117	451677	-	492190	immune	method5_re2g	0.9873660963099747	0.9873660963099747	1
chr1:944179-944679	ENSG00000187583	PLEKHN1	chr1	944179	944679	966481	+	22052	immune	method5_re2g	0.4962925035349683	0.4962925035349683	1
chr1:944179-944679	ENSG00000187634	SAMD11	chr1	944179	944679	923922	+	20507	immune	method5_re2g	0.9974857779796886	0.9974857779796886	1
chr1:944179-944679	ENSG00000187642	PERM1	chr1	944179	944679	982116	-	37687	immune	method5_re2g	0.3042048385595938	0.3042048385595938	1
chr1:944179-944679	ENSG00000187961	KLHL17	chr1	944179	944679	960583	+	16154	immune	method5_re2g	0.9941892006301979	0.9941892006301979	1
chr1:944179-944679	ENSG00000188976	NOC2L	chr1	944179	944679	959308	-	14879	immune	method5_re2g	0.9900245277879876	0.9900245277879876	1
chr1:944179-944679	ENSG00000284662	OR4F16	chr1	944179	944679	686653	-	257776	immune	method5_re2g	0.9999159271086205	0.9999159271086205	1
chr1:944179-944679	ENSG00000284733	OR4F29	chr1	944179	944679	451677	-	492752	immune	method5_re2g	0.9881248626417484	0.9881248626417484	1
chr1:955311-955811	ENSG00000187583	PLEKHN1	chr1	955311	955811	966481	+	10920	immune	method5_re2g	0.6414688095229242	0.6414688095229242	1
chr1:955311-955811	ENSG00000187634	SAMD11	chr1	955311	955811	923922	+	31639	immune	method5_re2g	0.995109427339192	0.995109427339192	1
chr1:955311-955811	ENSG00000187642	PERM1	chr1	955311	955811	982116	-	26555	immune	method5_re2g	0.357640042121807	0.357640042121807	1
chr1:955311-955811	ENSG00000187961	KLHL17	chr1	955311	955811	960583	+	5022	immune	method5_re2g	0.9979062296967428	0.9979062296967428	1
chr1:955311-955811	ENSG00000188290	HES4	chr1	955311	955811	1000171	-	44610	immune	method5_re2g	0.1805230435063544	0.1805230435063544	1
chr1:955311-955811	ENSG00000188976	NOC2L	chr1	955311	955811	959308	-	3747	immune	method5_re2g	0.9964978012889575	0.9964978012889575	1
chr1:955311-955811	ENSG00000215915	ATAD3C	chr1	955311	955811	1449688	+	494127	immune	method5_re2g	0.729203147380892	0.729203147380892	1
chr1:955311-955811	ENSG00000284662	OR4F16	chr1	955311	955811	686653	-	268908	immune	method5_re2g	0.9999007182771724	0.9999007182771724	1
chr1:957067-957567	ENSG00000187583	PLEKHN1	chr1	957067	957567	966481	+	9164	immune	method5_re2g	0.6699269743835383	0.6699269743835383	1
chr1:957067-957567	ENSG00000187634	SAMD11	chr1	957067	957567	923922	+	33395	immune	method5_re2g	0.9950923739680342	0.9950923739680342	1
chr1:957067-957567	ENSG00000187642	PERM1	chr1	957067	957567	982116	-	24799	immune	method5_re2g	0.3653299447662404	0.3653299447662404	1
chr1:957067-957567	ENSG00000187961	KLHL17	chr1	957067	957567	960583	+	3266	immune	method5_re2g	0.9984323392267035	0.9984323392267035	1
chr1:957067-957567	ENSG00000188290	HES4	chr1	957067	957567	1000171	-	42854	immune	method5_re2g	0.18252856003958984	0.18252856003958984	1
chr1:957067-957567	ENSG00000188976	NOC2L	chr1	957067	957567	959308	-	1991	immune	method5_re2g	0.996744418462054	0.996744418462054	1
chr1:957067-957567	ENSG00000215915	ATAD3C	chr1	957067	957567	1449688	+	492371	immune	method5_re2g	0.7304318033713693	0.7304318033713693	1
chr1:957067-957567	ENSG00000284662	OR4F16	chr1	957067	957567	686653	-	270664	immune	method5_re2g	0.9999027084912606	0.9999027084912606	1
chr1:958503-959003	ENSG00000187583	PLEKHN1	chr1	958503	959003	966481	+	7728	immune	method5_re2g	0.8151080123558111	0.8151080123558111	1
chr1:958503-959003	ENSG00000187634	SAMD11	chr1	958503	959003	923922	+	34831	immune	method5_re2g	0.9968200025977327	0.9968200025977327	1
chr1:958503-959003	ENSG00000187642	PERM1	chr1	958503	959003	982116	-	23363	immune	method5_re2g	0.4802905814847028	0.4802905814847028	1
chr1:958503-959003	ENSG00000187961	KLHL17	chr1	958503	959003	960583	+	1830	immune	method5_re2g	0.9995625360398986	0.9995625360398986	1
chr1:958503-959003	ENSG00000188290	HES4	chr1	958503	959003	1000171	-	41418	immune	method5_re2g	0.22725008981134773	0.22725008981134773	1
chr1:958503-959003	ENSG00000188976	NOC2L	chr1	958503	959003	959308	-	555	immune	method5_re2g	0.9770410737326336	0.9770410737326336	1
chr1:958503-959003	ENSG00000215915	ATAD3C	chr1	958503	959003	1449688	+	490935	immune	method5_re2g	0.7406744895253303	0.7406744895253303	1
chr1:958503-959003	ENSG00000284662	OR4F16	chr1	958503	959003	686653	-	272100	immune	method5_re2g	0.9999361606390014	0.9999361606390014	1
chr1:959063-959563	ENSG00000187583	PLEKHN1	chr1	959063	959563	966481	+	7168	immune	method5_re2g	0.9999402052557206	0.9999402052557206	1
chr1:959063-959563	ENSG00000187608	ISG15	chr1	959063	959563	1001137	+	41824	immune	method5_re2g	0.6156683630826303	0.6156683630826303	1
chr1:959063-959563	ENSG00000187634	SAMD11	chr1	959063	959563	923922	+	35391	immune	method5_re2g	0.9996521989329524	0.9996521989329524	1
chr1:959063-959563	ENSG00000187642	PERM1	chr1	959063	959563	982116	-	22803	immune	method5_re2g	0.952502649991754	0.952502649991754	1
chr1:959063-959563	ENSG00000187961	KLHL17	chr1	959063	959563	960583	+	1270	immune	method5_re2g	0.9999800885112275	0.9999800885112275	1
chr1:959063-959563	ENSG00000188157	AGRN	chr1	959063	959563	1020119	+	60806	immune	method5_re2g	0.3856587979835359	0.3856587979835359	1
chr1:959063-959563	ENSG00000188290	HES4	chr1	959063	959563	1000171	-	40858	immune	method5_re2g	0.7253423392608094	0.7253423392608094	1
chr1:959063-959563	ENSG00000188976	NOC2L	chr1	959063	959563	959308	-	5	immune	method5_re2g	0.9999910334234153	0.9999910334234153	1
chr1:959063-959563	ENSG00000215915	ATAD3C	chr1	959063	959563	1449688	+	490375	immune	method5_re2g	0.8309552852699087	0.8309552852699087	1
chr1:959063-959563	ENSG00000237330	RNF223	chr1	959063	959563	1074305	-	114992	immune	method5_re2g	0.3911287593125951	0.3911287593125951	1
chr1:959063-959563	ENSG00000284662	OR4F16	chr1	959063	959563	686653	-	272660	immune	method5_re2g	0.9981102082452029	0.9981102082452029	1
chr1:959617-960117	ENSG00000187583	PLEKHN1	chr1	959617	960117	966481	+	6614	immune	method5_re2g	0.9993851464646273	0.9993851464646273	1
chr1:959617-960117	ENSG00000187608	ISG15	chr1	959617	960117	1001137	+	41270	immune	method5_re2g	0.2520972783737169	0.2520972783737169	1
chr1:959617-960117	ENSG00000187634	SAMD11	chr1	959617	960117	923922	+	35945	immune	method5_re2g	0.9976484102102294	0.9976484102102294	1
chr1:959617-960117	ENSG00000187642	PERM1	chr1	959617	960117	982116	-	22249	immune	method5_re2g	0.7258689084865881	0.7258689084865881	1
chr1:959617-960117	ENSG00000187961	KLHL17	chr1	959617	960117	960583	+	716	immune	method5_re2g	0.999739584167302	0.999739584167302	1
chr1:959617-960117	ENSG00000188290	HES4	chr1	959617	960117	1000171	-	40304	immune	method5_re2g	0.35299093393354664	0.35299093393354664	1
chr1:959617-960117	ENSG00000188976	NOC2L	chr1	959617	960117	959308	-	559	immune	method5_re2g	0.9998008985059401	0.9998008985059401	1
chr1:959617-960117	ENSG00000215915	ATAD3C	chr1	959617	960117	1449688	+	489821	immune	method5_re2g	0.7548426032053372	0.7548426032053372	1
chr1:959617-960117	ENSG00000237330	RNF223	chr1	959617	960117	1074305	-	114438	immune	method5_re2g	0.194949051389242	0.194949051389242	1
chr1:959617-960117	ENSG00000284662	OR4F16	chr1	959617	960117	686653	-	273214	immune	method5_re2g	0.9879089124064613	0.9879089124064613	1
chr1:960299-960799	ENSG00000187583	PLEKHN1	chr1	960299	960799	966481	+	5932	immune	method5_re2g	0.9997989852016874	0.9997989852016874	1
chr1:960299-960799	ENSG00000187608	ISG15	chr1	960299	960799	1001137	+	40588	immune	method5_re2g	0.3798559852243212	0.3798559852243212	1
chr1:960299-960799	ENSG00000187634	SAMD11	chr1	960299	960799	923922	+	36627	immune	method5_re2g	0.9989663332486568	0.9989663332486568	1
chr1:960299-960799	ENSG00000187642	PERM1	chr1	960299	960799	982116	-	21567	immune	method5_re2g	0.8617320070146866	0.8617320070146866	1
chr1:960299-960799	ENSG00000187961	KLHL17	chr1	960299	960799	960583	+	34	immune	method5_re2g	0.9997591305505662	0.9997591305505662	1
chr1:960299-960799	ENSG00000188157	AGRN	chr1	960299	960799	1020119	+	59570	immune	method5_re2g	0.2267218200529168	0.2267218200529168	1
chr1:960299-960799	ENSG00000188290	HES4	chr1	960299	960799	1000171	-	39622	immune	method5_re2g	0.4998486006596641	0.4998486006596641	1
chr1:960299-960799	ENSG00000188976	NOC2L	chr1	960299	960799	959308	-	1241	immune	method5_re2g	0.9999229784405301	0.9999229784405301	1
chr1:960299-960799	ENSG00000215915	ATAD3C	chr1	960299	960799	1449688	+	489139	immune	method5_re2g	0.781110817312605	0.781110817312605	1
chr1:960299-960799	ENSG00000237330	RNF223	chr1	960299	960799	1074305	-	113756	immune	method5_re2g	0.2540060983847524	0.2540060983847524	1
chr1:960299-960799	ENSG00000284662	OR4F16	chr1	960299	960799	686653	-	273896	immune	method5_re2g	0.9945552204954636	0.9945552204954636	1
chr1:961056-961556	ENSG00000187583	PLEKHN1	chr1	961056	961556	966481	+	5175	immune	method5_re2g	0.999443576242518	0.999443576242518	1
chr1:961056-961556	ENSG00000187608	ISG15	chr1	961056	961556	1001137	+	39831	immune	method5_re2g	0.34890702663563494	0.34890702663563494	1
chr1:961056-961556	ENSG00000187634	SAMD11	chr1	961056	961556	923922	+	37384	immune	method5_re2g	0.6352044682438845	0.6352044682438845	1
chr1:961056-961556	ENSG00000187642	PERM1	chr1	961056	961556	982116	-	20810	immune	method5_re2g	0.9984918388010275	0.9984918388010275	1
chr1:961056-961556	ENSG00000187961	KLHL17	chr1	961056	961556	960583	+	723	immune	method5_re2g	0.9808429422341899	0.9808429422341899	1
chr1:961056-961556	ENSG00000188157	AGRN	chr1	961056	961556	1020119	+	58813	immune	method5_re2g	0.21096144013091164	0.21096144013091164	1
chr1:961056-961556	ENSG00000188290	HES4	chr1	961056	961556	1000171	-	38865	immune	method5_re2g	0.5490369786048707	0.5490369786048707	1
chr1:961056-961556	ENSG00000188976	NOC2L	chr1	961056	961556	959308	-	1998	immune	method5_re2g	0.9996857672490871	0.9996857672490871	1
chr1:961056-961556	ENSG00000215915	ATAD3C	chr1	961056	961556	1449688	+	488382	immune	method5_re2g	0.7637599305701135	0.7637599305701135	1
chr1:961056-961556	ENSG00000237330	RNF223	chr1	961056	961556	1074305	-	112999	immune	method5_re2g	0.24059563347364651	0.24059563347364651	1
chr1:961056-961556	ENSG00000284662	OR4F16	chr1	961056	961556	686653	-	274653	immune	method5_re2g	0.9740068057422248	0.9740068057422248	1
chr1:961746-962246	ENSG00000187583	PLEKHN1	chr1	961746	962246	966481	+	4485	immune	method5_re2g	0.9988935410592139	0.9988935410592139	1
chr1:961746-962246	ENSG00000187608	ISG15	chr1	961746	962246	1001137	+	39141	immune	method5_re2g	0.2808413588590924	0.2808413588590924	1
chr1:961746-962246	ENSG00000187634	SAMD11	chr1	961746	962246	923922	+	38074	immune	method5_re2g	0.5370230156537772	0.5370230156537772	1
chr1:961746-962246	ENSG00000187642	PERM1	chr1	961746	962246	982116	-	20120	immune	method5_re2g	0.9974850603326761	0.9974850603326761	1
chr1:961746-962246	ENSG00000187961	KLHL17	chr1	961746	962246	960583	+	1413	immune	method5_re2g	0.9987125416858712	0.9987125416858712	1
chr1:961746-962246	ENSG00000188157	AGRN	chr1	961746	962246	1020119	+	58123	immune	method5_re2g	0.17933936870386752	0.17933936870386752	1
chr1:961746-962246	ENSG00000188290	HES4	chr1	961746	962246	1000171	-	38175	immune	method5_re2g	0.46831524515361245	0.46831524515361245	1
chr1:961746-962246	ENSG00000188976	NOC2L	chr1	961746	962246	959308	-	2688	immune	method5_re2g	0.9992379120397288	0.9992379120397288	1
chr1:961746-962246	ENSG00000215915	ATAD3C	chr1	961746	962246	1449688	+	487692	immune	method5_re2g	0.7542628305177717	0.7542628305177717	1
chr1:961746-962246	ENSG00000237330	RNF223	chr1	961746	962246	1074305	-	112309	immune	method5_re2g	0.21505259992996206	0.21505259992996206	1
chr1:961746-962246	ENSG00000284662	OR4F16	chr1	961746	962246	686653	-	275343	immune	method5_re2g	0.9619196674506869	0.9619196674506869	1
chr1:962415-962915	ENSG00000187583	PLEKHN1	chr1	962415	962915	966481	+	3816	immune	method5_re2g	0.9988109435685553	0.9988109435685553	1
chr1:962415-962915	ENSG00000187608	ISG15	chr1	962415	962915	1001137	+	38472	immune	method5_re2g	0.27142303306726034	0.27142303306726034	1
chr1:962415-962915	ENSG00000187634	SAMD11	chr1	962415	962915	923922	+	38743	immune	method5_re2g	0.5327103493167697	0.5327103493167697	1
chr1:962415-962915	ENSG00000187642	PERM1	chr1	962415	962915	982116	-	19451	immune	method5_re2g	0.9972933663419563	0.9972933663419563	1
chr1:962415-962915	ENSG00000187961	KLHL17	chr1	962415	962915	960583	+	2082	immune	method5_re2g	0.998851501688814	0.998851501688814	1
chr1:962415-962915	ENSG00000188290	HES4	chr1	962415	962915	1000171	-	37506	immune	method5_re2g	0.4560867124600672	0.4560867124600672	1
chr1:962415-962915	ENSG00000188976	NOC2L	chr1	962415	962915	959308	-	3357	immune	method5_re2g	0.9991265751892408	0.9991265751892408	1
chr1:962415-962915	ENSG00000215915	ATAD3C	chr1	962415	962915	1449688	+	487023	immune	method5_re2g	0.7533789450803777	0.7533789450803777	1
chr1:962415-962915	ENSG00000237330	RNF223	chr1	962415	962915	1074305	-	111640	immune	method5_re2g	0.21250966283632242	0.21250966283632242	1
chr1:962415-962915	ENSG00000284662	OR4F16	chr1	962415	962915	686653	-	276012	immune	method5_re2g	0.9613123298388394	0.9613123298388394	1
chr1:962963-963463	ENSG00000187583	PLEKHN1	chr1	962963	963463	966481	+	3268	immune	method5_re2g	0.9987696456492581	0.9987696456492581	1
chr1:962963-963463	ENSG00000187608	ISG15	chr1	962963	963463	1001137	+	37924	immune	method5_re2g	0.2686880774926855	0.2686880774926855	1
chr1:962963-963463	ENSG00000187634	SAMD11	chr1	962963	963463	923922	+	39291	immune	method5_re2g	0.5428635491641679	0.5428635491641679	1
chr1:962963-963463	ENSG00000187642	PERM1	chr1	962963	963463	982116	-	18903	immune	method5_re2g	0.9972421338406381	0.9972421338406381	1
chr1:962963-963463	ENSG00000187961	KLHL17	chr1	962963	963463	960583	+	2630	immune	method5_re2g	0.9990018204727872	0.9990018204727872	1
chr1:962963-963463	ENSG00000188290	HES4	chr1	962963	963463	1000171	-	36958	immune	method5_re2g	0.4522656712636193	0.4522656712636193	1
chr1:962963-963463	ENSG00000188976	NOC2L	chr1	962963	963463	959308	-	3905	immune	method5_re2g	0.9991451646468338	0.9991451646468338	1
chr1:962963-963463	ENSG00000215915	ATAD3C	chr1	962963	963463	1449688	+	486475	immune	method5_re2g	0.753727460064784	0.753727460064784	1
chr1:962963-963463	ENSG00000237330	RNF223	chr1	962963	963463	1074305	-	111092	immune	method5_re2g	0.2127693560563932	0.2127693560563932	1
chr1:962963-963463	ENSG00000284662	OR4F16	chr1	962963	963463	686653	-	276560	immune	method5_re2g	0.9627102863887459	0.9627102863887459	1
chr1:963616-964116	ENSG00000187583	PLEKHN1	chr1	963616	964116	966481	+	2615	immune	method5_re2g	0.9985613764367652	0.9985613764367652	1
chr1:963616-964116	ENSG00000187608	ISG15	chr1	963616	964116	1001137	+	37271	immune	method5_re2g	0.25971015733870007	0.25971015733870007	1
chr1:963616-964116	ENSG00000187634	SAMD11	chr1	963616	964116	923922	+	39944	immune	method5_re2g	0.5404838520190716	0.5404838520190716	1
chr1:963616-964116	ENSG00000187642	PERM1	chr1	963616	964116	982116	-	18250	immune	method5_re2g	0.9970261430605715	0.9970261430605715	1
chr1:963616-964116	ENSG00000187961	KLHL17	chr1	963616	964116	960583	+	3283	immune	method5_re2g	0.9989460055283087	0.9989460055283087	1
chr1:963616-964116	ENSG00000188290	HES4	chr1	963616	964116	1000171	-	36305	immune	method5_re2g	0.4402680204883573	0.4402680204883573	1
chr1:963616-964116	ENSG00000188976	NOC2L	chr1	963616	964116	959308	-	4558	immune	method5_re2g	0.9990567666488673	0.9990567666488673	1
chr1:963616-964116	ENSG00000215915	ATAD3C	chr1	963616	964116	1449688	+	485822	immune	method5_re2g	0.7526609271006967	0.7526609271006967	1
chr1:963616-964116	ENSG00000237330	RNF223	chr1	963616	964116	1074305	-	110439	immune	method5_re2g	0.21040195902798148	0.21040195902798148	1
chr1:963616-964116	ENSG00000284662	OR4F16	chr1	963616	964116	686653	-	277213	immune	method5_re2g	0.9624103075770507	0.9624103075770507	1
chr1:965448-965948	ENSG00000187583	PLEKHN1	chr1	965448	965948	966481	+	783	immune	method5_re2g	0.9994666421121544	0.9994666421121544	1
chr1:965448-965948	ENSG00000187608	ISG15	chr1	965448	965948	1001137	+	35439	immune	method5_re2g	0.27365031632578335	0.27365031632578335	1
chr1:965448-965948	ENSG00000187634	SAMD11	chr1	965448	965948	923922	+	41776	immune	method5_re2g	0.5571762948005755	0.5571762948005755	1
chr1:965448-965948	ENSG00000187642	PERM1	chr1	965448	965948	982116	-	16418	immune	method5_re2g	0.997498887106487	0.997498887106487	1
chr1:965448-965948	ENSG00000187961	KLHL17	chr1	965448	965948	960583	+	5115	immune	method5_re2g	0.9987682500776678	0.9987682500776678	1
chr1:965448-965948	ENSG00000188290	HES4	chr1	965448	965948	1000171	-	34473	immune	method5_re2g	0.4581539716888148	0.4581539716888148	1
chr1:965448-965948	ENSG00000188976	NOC2L	chr1	965448	965948	959308	-	6390	immune	method5_re2g	0.9989286804908092	0.9989286804908092	1
chr1:965448-965948	ENSG00000215915	ATAD3C	chr1	965448	965948	1449688	+	483990	immune	method5_re2g	0.7502574706829376	0.7502574706829376	1
chr1:965448-965948	ENSG00000237330	RNF223	chr1	965448	965948	1074305	-	108607	immune	method5_re2g	0.2134981229880452	0.2134981229880452	1
chr1:965448-965948	ENSG00000284662	OR4F16	chr1	965448	965948	686653	-	279045	immune	method5_re2g	0.9659439491040097	0.9659439491040097	1
chr1:965962-966462	ENSG00000187583	PLEKHN1	chr1	965962	966462	966481	+	269	immune	method5_re2g	0.9974027305210816	0.9974027305210816	1
chr1:965962-966462	ENSG00000187608	ISG15	chr1	965962	966462	1001137	+	34925	immune	method5_re2g	0.4259218139051574	0.4259218139051574	1
chr1:965962-966462	ENSG00000187634	SAMD11	chr1	965962	966462	923922	+	42290	immune	method5_re2g	0.7505113891250011	0.7505113891250011	1
chr1:965962-966462	ENSG00000187642	PERM1	chr1	965962	966462	982116	-	15904	immune	method5_re2g	0.9991125035703645	0.9991125035703645	1
chr1:965962-966462	ENSG00000187961	KLHL17	chr1	965962	966462	960583	+	5629	immune	method5_re2g	0.999681168334922	0.999681168334922	1
chr1:965962-966462	ENSG00000188157	AGRN	chr1	965962	966462	1020119	+	53907	immune	method5_re2g	0.25318802039659977	0.25318802039659977	1
chr1:965962-966462	ENSG00000188290	HES4	chr1	965962	966462	1000171	-	33959	immune	method5_re2g	0.6271449617755777	0.6271449617755777	1
chr1:965962-966462	ENSG00000188976	NOC2L	chr1	965962	966462	959308	-	6904	immune	method5_re2g	0.9996972419935076	0.9996972419935076	1
chr1:965962-966462	ENSG00000215915	ATAD3C	chr1	965962	966462	1449688	+	483476	immune	method5_re2g	0.7764275369094715	0.7764275369094715	1
chr1:965962-966462	ENSG00000237330	RNF223	chr1	965962	966462	1074305	-	108093	immune	method5_re2g	0.2793369945599525	0.2793369945599525	1
chr1:965962-966462	ENSG00000284662	OR4F16	chr1	965962	966462	686653	-	279559	immune	method5_re2g	0.985732441485012	0.985732441485012	1
chr1:966730-967230	ENSG00000187583	PLEKHN1	chr1	966730	967230	966481	+	499	immune	method5_re2g	0.9976532253908695	0.9976532253908695	1
chr1:966730-967230	ENSG00000187608	ISG15	chr1	966730	967230	1001137	+	34157	immune	method5_re2g	0.7274195180672064	0.7274195180672064	1
chr1:966730-967230	ENSG00000187634	SAMD11	chr1	966730	967230	923922	+	43058	immune	method5_re2g	0.6919875112113378	0.6919875112113378	1
chr1:966730-967230	ENSG00000187642	PERM1	chr1	966730	967230	982116	-	15136	immune	method5_re2g	0.9995097447993323	0.9995097447993323	1
chr1:966730-967230	ENSG00000187961	KLHL17	chr1	966730	967230	960583	+	6397	immune	method5_re2g	0.9998294597811879	0.9998294597811879	1
chr1:966730-967230	ENSG00000188157	AGRN	chr1	966730	967230	1020119	+	53139	immune	method5_re2g	0.4372908427762269	0.4372908427762269	1
chr1:966730-967230	ENSG00000188290	HES4	chr1	966730	967230	1000171	-	33191	immune	method5_re2g	0.9985184157775914	0.9985184157775914	1
chr1:966730-967230	ENSG00000188976	NOC2L	chr1	966730	967230	959308	-	7672	immune	method5_re2g	0.9594852159759066	0.9594852159759066	1
chr1:966730-967230	ENSG00000215915	ATAD3C	chr1	966730	967230	1449688	+	482708	immune	method5_re2g	0.8043568946364003	0.8043568946364003	1
chr1:966730-967230	ENSG00000237330	RNF223	chr1	966730	967230	1074305	-	107325	immune	method5_re2g	0.41949967329389065	0.41949967329389065	1
chr1:966730-967230	ENSG00000284662	OR4F16	chr1	966730	967230	686653	-	280327	immune	method5_re2g	0.9867038171217707	0.9867038171217707	1
chr1:967366-967866	ENSG00000187583	PLEKHN1	chr1	967366	967866	966481	+	1135	immune	method5_re2g	0.9992412513345817	0.9992412513345817	1
chr1:967366-967866	ENSG00000187608	ISG15	chr1	967366	967866	1001137	+	33521	immune	method5_re2g	0.44205778421370173	0.44205778421370173	1
chr1:967366-967866	ENSG00000187634	SAMD11	chr1	967366	967866	923922	+	43694	immune	method5_re2g	0.37004573916481787	0.37004573916481787	1
chr1:967366-967866	ENSG00000187642	PERM1	chr1	967366	967866	982116	-	14500	immune	method5_re2g	0.9970408134358247	0.9970408134358247	1
chr1:967366-967866	ENSG00000187961	KLHL17	chr1	967366	967866	960583	+	7033	immune	method5_re2g	0.998838509189475	0.998838509189475	1
chr1:967366-967866	ENSG00000188157	AGRN	chr1	967366	967866	1020119	+	52503	immune	method5_re2g	0.2500845960518821	0.2500845960518821	1
chr1:967366-967866	ENSG00000188290	HES4	chr1	967366	967866	1000171	-	32555	immune	method5_re2g	0.9949179331424067	0.9949179331424067	1
chr1:967366-967866	ENSG00000188976	NOC2L	chr1	967366	967866	959308	-	8308	immune	method5_re2g	0.7841015798767202	0.7841015798767202	1
chr1:967366-967866	ENSG00000215915	ATAD3C	chr1	967366	967866	1449688	+	482072	immune	method5_re2g	0.7576390638579257	0.7576390638579257	1
chr1:967366-967866	ENSG00000237330	RNF223	chr1	967366	967866	1074305	-	106689	immune	method5_re2g	0.27497860804476076	0.27497860804476076	1
chr1:967366-967866	ENSG00000284662	OR4F16	chr1	967366	967866	686653	-	280963	immune	method5_re2g	0.9494874867663377	0.9494874867663377	1
chr1:967867-968367	ENSG00000187583	PLEKHN1	chr1	967867	968367	966481	+	1636	immune	method5_re2g	0.9991733241788942	0.9991733241788942	1
chr1:967867-968367	ENSG00000187608	ISG15	chr1	967867	968367	1001137	+	33020	immune	method5_re2g	0.40388336164000177	0.40388336164000177	1
chr1:967867-968367	ENSG00000187634	SAMD11	chr1	967867	968367	923922	+	44195	immune	method5_re2g	0.3435298068373721	0.3435298068373721	1
chr1:967867-968367	ENSG00000187642	PERM1	chr1	967867	968367	982116	-	13999	immune	method5_re2g	0.9959261137431494	0.9959261137431494	1
chr1:967867-968367	ENSG00000187961	KLHL17	chr1	967867	968367	960583	+	7534	immune	method5_re2g	0.9985725036476355	0.9985725036476355	1
chr1:967867-968367	ENSG00000188157	AGRN	chr1	967867	968367	1020119	+	52002	immune	method5_re2g	0.23361491815794533	0.23361491815794533	1
chr1:967867-968367	ENSG00000188290	HES4	chr1	967867	968367	1000171	-	32054	immune	method5_re2g	0.9940227600285186	0.9940227600285186	1
chr1:967867-968367	ENSG00000188976	NOC2L	chr1	967867	968367	959308	-	8809	immune	method5_re2g	0.7464485748285244	0.7464485748285244	1
chr1:967867-968367	ENSG00000215915	ATAD3C	chr1	967867	968367	1449688	+	481571	immune	method5_re2g	0.7536329080090064	0.7536329080090064	1
chr1:967867-968367	ENSG00000237330	RNF223	chr1	967867	968367	1074305	-	106188	immune	method5_re2g	0.2637789421505719	0.2637789421505719	1
chr1:967867-968367	ENSG00000284662	OR4F16	chr1	967867	968367	686653	-	281464	immune	method5_re2g	0.9432916102020733	0.9432916102020733	1
chr1:969537-970037	ENSG00000187583	PLEKHN1	chr1	969537	970037	966481	+	3306	immune	method5_re2g	0.9976130579557018	0.9976130579557018	1
chr1:969537-970037	ENSG00000187608	ISG15	chr1	969537	970037	1001137	+	31350	immune	method5_re2g	0.35293848162006286	0.35293848162006286	1
chr1:969537-970037	ENSG00000187634	SAMD11	chr1	969537	970037	923922	+	45865	immune	method5_re2g	0.2885620791124738	0.2885620791124738	1
chr1:969537-970037	ENSG00000187642	PERM1	chr1	969537	970037	982116	-	12329	immune	method5_re2g	0.9935503415513769	0.9935503415513769	1
chr1:969537-970037	ENSG00000187961	KLHL17	chr1	969537	970037	960583	+	9204	immune	method5_re2g	0.9974555496046458	0.9974555496046458	1
chr1:969537-970037	ENSG00000188157	AGRN	chr1	969537	970037	1020119	+	50332	immune	method5_re2g	0.21262778831917262	0.21262778831917262	1
chr1:969537-970037	ENSG00000188290	HES4	chr1	969537	970037	1000171	-	30384	immune	method5_re2g	0.9925211314158547	0.9925211314158547	1
chr1:969537-970037	ENSG00000188976	NOC2L	chr1	969537	970037	959308	-	10479	immune	method5_re2g	0.6308187276471303	0.6308187276471303	1
chr1:969537-970037	ENSG00000215915	ATAD3C	chr1	969537	970037	1449688	+	479901	immune	method5_re2g	0.7474683341393678	0.7474683341393678	1
chr1:969537-970037	ENSG00000237330	RNF223	chr1	969537	970037	1074305	-	104518	immune	method5_re2g	0.24799695810430045	0.24799695810430045	1
chr1:969537-970037	ENSG00000284662	OR4F16	chr1	969537	970037	686653	-	283134	immune	method5_re2g	0.9285241300460121	0.9285241300460121	1
chr1:971359-971859	ENSG00000187583	PLEKHN1	chr1	971359	971859	966481	+	5128	immune	method5_re2g	0.9975120835472329	0.9975120835472329	1
chr1:971359-971859	ENSG00000187608	ISG15	chr1	971359	971859	1001137	+	29528	immune	method5_re2g	0.36565710258868694	0.36565710258868694	1
chr1:971359-971859	ENSG00000187634	SAMD11	chr1	971359	971859	923922	+	47687	immune	method5_re2g	0.3004543061285428	0.3004543061285428	1
chr1:971359-971859	ENSG00000187642	PERM1	chr1	971359	971859	982116	-	10507	immune	method5_re2g	0.99395150560845	0.99395150560845	1
chr1:971359-971859	ENSG00000187961	KLHL17	chr1	971359	971859	960583	+	11026	immune	method5_re2g	0.9974890741238548	0.9974890741238548	1
chr1:971359-971859	ENSG00000188157	AGRN	chr1	971359	971859	1020119	+	48510	immune	method5_re2g	0.21934177746753009	0.21934177746753009	1
chr1:971359-971859	ENSG00000188290	HES4	chr1	971359	971859	1000171	-	28562	immune	method5_re2g	0.9929044067116951	0.9929044067116951	1
chr1:971359-971859	ENSG00000188976	NOC2L	chr1	971359	971859	959308	-	12301	immune	method5_re2g	0.6329639340589991	0.6329639340589991	1
chr1:971359-971859	ENSG00000215915	ATAD3C	chr1	971359	971859	1449688	+	478079	immune	method5_re2g	0.7485285688506581	0.7485285688506581	1
chr1:971359-971859	ENSG00000237330	RNF223	chr1	971359	971859	1074305	-	102696	immune	method5_re2g	0.25330624300667764	0.25330624300667764	1
chr1:971359-971859	ENSG00000284662	OR4F16	chr1	971359	971859	686653	-	284956	immune	method5_re2g	0.9342462891754684	0.9342462891754684	1
chr1:973202-973702	ENSG00000187583	PLEKHN1	chr1	973202	973702	966481	+	6971	immune	method5_re2g	0.9970929508669486	0.9970929508669486	1
chr1:973202-973702	ENSG00000187608	ISG15	chr1	973202	973702	1001137	+	27685	immune	method5_re2g	0.3579697972902689	0.3579697972902689	1
chr1:973202-973702	ENSG00000187634	SAMD11	chr1	973202	973702	923922	+	49530	immune	method5_re2g	0.29219554270457504	0.29219554270457504	1
chr1:973202-973702	ENSG00000187642	PERM1	chr1	973202	973702	982116	-	8664	immune	method5_re2g	0.9930387678712739	0.9930387678712739	1
chr1:973202-973702	ENSG00000187961	KLHL17	chr1	973202	973702	960583	+	12869	immune	method5_re2g	0.9971922412881468	0.9971922412881468	1
chr1:973202-973702	ENSG00000188157	AGRN	chr1	973202	973702	1020119	+	46667	immune	method5_re2g	0.21467428321674936	0.21467428321674936	1
chr1:973202-973702	ENSG00000188290	HES4	chr1	973202	973702	1000171	-	26719	immune	method5_re2g	0.9926339166579069	0.9926339166579069	1
chr1:973202-973702	ENSG00000188976	NOC2L	chr1	973202	973702	959308	-	14144	immune	method5_re2g	0.6065003041900834	0.6065003041900834	1
chr1:973202-973702	ENSG00000215915	ATAD3C	chr1	973202	973702	1449688	+	476236	immune	method5_re2g	0.740587319788365	0.740587319788365	1
chr1:973202-973702	ENSG00000237330	RNF223	chr1	973202	973702	1074305	-	100853	immune	method5_re2g	0.24748697861578503	0.24748697861578503	1
chr1:973202-973702	ENSG00000284662	OR4F16	chr1	973202	973702	686653	-	286799	immune	method5_re2g	0.9335069677960467	0.9335069677960467	1
chr1:975425-975925	ENSG00000187583	PLEKHN1	chr1	975425	975925	966481	+	9194	immune	method5_re2g	0.9969488810650089	0.9969488810650089	1
chr1:975425-975925	ENSG00000187608	ISG15	chr1	975425	975925	1001137	+	25462	immune	method5_re2g	0.37425195591789306	0.37425195591789306	1
chr1:975425-975925	ENSG00000187634	SAMD11	chr1	975425	975925	923922	+	51753	immune	method5_re2g	0.29945232818248235	0.29945232818248235	1
chr1:975425-975925	ENSG00000187642	PERM1	chr1	975425	975925	982116	-	6441	immune	method5_re2g	0.9920819845786119	0.9920819845786119	1
chr1:975425-975925	ENSG00000187961	KLHL17	chr1	975425	975925	960583	+	15092	immune	method5_re2g	0.9971202013730487	0.9971202013730487	1
chr1:975425-975925	ENSG00000188157	AGRN	chr1	975425	975925	1020119	+	44444	immune	method5_re2g	0.22337952403939837	0.22337952403939837	1
chr1:975425-975925	ENSG00000188290	HES4	chr1	975425	975925	1000171	-	24496	immune	method5_re2g	0.9931056663284782	0.9931056663284782	1
chr1:975425-975925	ENSG00000188976	NOC2L	chr1	975425	975925	959308	-	16367	immune	method5_re2g	0.599957105846189	0.599957105846189	1
chr1:975425-975925	ENSG00000215915	ATAD3C	chr1	975425	975925	1449688	+	474013	immune	method5_re2g	0.742111125921741	0.742111125921741	1
chr1:975425-975925	ENSG00000237330	RNF223	chr1	975425	975925	1074305	-	98630	immune	method5_re2g	0.2537293583692111	0.2537293583692111	1
chr1:975425-975925	ENSG00000284662	OR4F16	chr1	975425	975925	686653	-	289022	immune	method5_re2g	0.9380315411073387	0.9380315411073387	1
chr1:975964-976464	ENSG00000187583	PLEKHN1	chr1	975964	976464	966481	+	9733	immune	method5_re2g	0.998968455715601	0.998968455715601	1
chr1:975964-976464	ENSG00000187608	ISG15	chr1	975964	976464	1001137	+	24923	immune	method5_re2g	0.520350816101807	0.520350816101807	1
chr1:975964-976464	ENSG00000187634	SAMD11	chr1	975964	976464	923922	+	52292	immune	method5_re2g	0.44440198460674896	0.44440198460674896	1
chr1:975964-976464	ENSG00000187642	PERM1	chr1	975964	976464	982116	-	5902	immune	method5_re2g	0.8659626626830468	0.8659626626830468	1
chr1:975964-976464	ENSG00000187961	KLHL17	chr1	975964	976464	960583	+	15631	immune	method5_re2g	0.9987888090990774	0.9987888090990774	1
chr1:975964-976464	ENSG00000188157	AGRN	chr1	975964	976464	1020119	+	43905	immune	method5_re2g	0.29766881886420987	0.29766881886420987	1
chr1:975964-976464	ENSG00000188290	HES4	chr1	975964	976464	1000171	-	23957	immune	method5_re2g	0.9962082286440966	0.9962082286440966	1
chr1:975964-976464	ENSG00000188976	NOC2L	chr1	975964	976464	959308	-	16906	immune	method5_re2g	0.7747845942477404	0.7747845942477404	1
chr1:975964-976464	ENSG00000215915	ATAD3C	chr1	975964	976464	1449688	+	473474	immune	method5_re2g	0.7614951765932572	0.7614951765932572	1
chr1:975964-976464	ENSG00000237330	RNF223	chr1	975964	976464	1074305	-	98091	immune	method5_re2g	0.3100824362108254	0.3100824362108254	1
chr1:975964-976464	ENSG00000284662	OR4F16	chr1	975964	976464	686653	-	289561	immune	method5_re2g	0.9684333497492693	0.9684333497492693	1
chr1:983486-983986	ENSG00000187583	PLEKHN1	chr1	983486	983986	966481	+	17255	immune	method5_re2g	0.9940166605527417	0.9940166605527417	1
chr1:983486-983986	ENSG00000187608	ISG15	chr1	983486	983986	1001137	+	17401	immune	method5_re2g	0.9940401002526978	0.9940401002526978	1
chr1:983486-983986	ENSG00000187642	PERM1	chr1	983486	983986	982116	-	1620	immune	method5_re2g	0.8664887627333566	0.8664887627333566	1
chr1:983486-983986	ENSG00000187961	KLHL17	chr1	983486	983986	960583	+	23153	immune	method5_re2g	0.447312117537831	0.447312117537831	1
chr1:983486-983986	ENSG00000188157	AGRN	chr1	983486	983986	1020119	+	36383	immune	method5_re2g	0.40892219631531923	0.40892219631531923	1
chr1:983486-983986	ENSG00000188290	HES4	chr1	983486	983986	1000171	-	16435	immune	method5_re2g	0.9936890589763471	0.9936890589763471	1
chr1:983486-983986	ENSG00000188976	NOC2L	chr1	983486	983986	959308	-	24428	immune	method5_re2g	0.28335888075526305	0.28335888075526305	1
chr1:983486-983986	ENSG00000215915	ATAD3C	chr1	983486	983986	1449688	+	465952	immune	method5_re2g	0.7454656955835337	0.7454656955835337	1
chr1:983486-983986	ENSG00000237330	RNF223	chr1	983486	983986	1074305	-	90569	immune	method5_re2g	0.3551013158218397	0.3551013158218397	1
chr1:983486-983986	ENSG00000284662	OR4F16	chr1	983486	983986	686653	-	297083	immune	method5_re2g	0.9037922570681982	0.9037922570681982	1
chr1:984066-984566	ENSG00000187583	PLEKHN1	chr1	984066	984566	966481	+	17835	immune	method5_re2g	0.9970621207923189	0.9970621207923189	1
chr1:984066-984566	ENSG00000187608	ISG15	chr1	984066	984566	1001137	+	16821	immune	method5_re2g	0.9965368837167236	0.9965368837167236	1
chr1:984066-984566	ENSG00000187634	SAMD11	chr1	984066	984566	923922	+	60394	immune	method5_re2g	0.24567052683453802	0.24567052683453802	1
chr1:984066-984566	ENSG00000187642	PERM1	chr1	984066	984566	982116	-	2200	immune	method5_re2g	0.9991735560057187	0.9991735560057187	1
chr1:984066-984566	ENSG00000187961	KLHL17	chr1	984066	984566	960583	+	23733	immune	method5_re2g	0.5898880144866248	0.5898880144866248	1
chr1:984066-984566	ENSG00000188157	AGRN	chr1	984066	984566	1020119	+	35803	immune	method5_re2g	0.4890186804669759	0.4890186804669759	1
chr1:984066-984566	ENSG00000188290	HES4	chr1	984066	984566	1000171	-	15855	immune	method5_re2g	0.9963462780052648	0.9963462780052648	1
chr1:984066-984566	ENSG00000188976	NOC2L	chr1	984066	984566	959308	-	25008	immune	method5_re2g	0.4066775501177646	0.4066775501177646	1
chr1:984066-984566	ENSG00000215915	ATAD3C	chr1	984066	984566	1449688	+	465372	immune	method5_re2g	0.7592348155536229	0.7592348155536229	1
chr1:984066-984566	ENSG00000237330	RNF223	chr1	984066	984566	1074305	-	89989	immune	method5_re2g	0.4056592672842752	0.4056592672842752	1
chr1:984066-984566	ENSG00000284662	OR4F16	chr1	984066	984566	686653	-	297663	immune	method5_re2g	0.9416155505902996	0.9416155505902996	1
chr1:995957-996457	ENSG00000187583	PLEKHN1	chr1	995957	996457	966481	+	29726	immune	method5_re2g	0.9918547721152629	0.9918547721152629	1
chr1:995957-996457	ENSG00000187608	ISG15	chr1	995957	996457	1001137	+	4930	immune	method5_re2g	0.9984306789898342	0.9984306789898342	1
chr1:995957-996457	ENSG00000187642	PERM1	chr1	995957	996457	982116	-	14091	immune	method5_re2g	0.9878291726002754	0.9878291726002754	1
chr1:995957-996457	ENSG00000187961	KLHL17	chr1	995957	996457	960583	+	35624	immune	method5_re2g	0.38223775134400806	0.38223775134400806	1
chr1:995957-996457	ENSG00000188157	AGRN	chr1	995957	996457	1020119	+	23912	immune	method5_re2g	0.5254374625868268	0.5254374625868268	1
chr1:995957-996457	ENSG00000188290	HES4	chr1	995957	996457	1000171	-	3964	immune	method5_re2g	0.9985662630744087	0.9985662630744087	1
chr1:995957-996457	ENSG00000188976	NOC2L	chr1	995957	996457	959308	-	36899	immune	method5_re2g	0.23263874799668288	0.23263874799668288	1
chr1:995957-996457	ENSG00000215915	ATAD3C	chr1	995957	996457	1449688	+	453481	immune	method5_re2g	0.7637943060871247	0.7637943060871247	1
chr1:995957-996457	ENSG00000237330	RNF223	chr1	995957	996457	1074305	-	78098	immune	method5_re2g	0.40583446162353143	0.40583446162353143	1
chr1:995957-996457	ENSG00000284662	OR4F16	chr1	995957	996457	686653	-	309554	immune	method5_re2g	0.9110369312713834	0.9110369312713834	1
chr1:996892-997392	ENSG00000187583	PLEKHN1	chr1	996892	997392	966481	+	30661	immune	method5_re2g	0.9928807075469575	0.9928807075469575	1
chr1:996892-997392	ENSG00000187608	ISG15	chr1	996892	997392	1001137	+	3995	immune	method5_re2g	0.9987815050361672	0.9987815050361672	1
chr1:996892-997392	ENSG00000187642	PERM1	chr1	996892	997392	982116	-	15026	immune	method5_re2g	0.9920373784234197	0.9920373784234197	1
chr1:996892-997392	ENSG00000187961	KLHL17	chr1	996892	997392	960583	+	36559	immune	method5_re2g	0.4054559896846863	0.4054559896846863	1
chr1:996892-997392	ENSG00000188157	AGRN	chr1	996892	997392	1020119	+	22977	immune	method5_re2g	0.5445087180836402	0.5445087180836402	1
chr1:996892-997392	ENSG00000188290	HES4	chr1	996892	997392	1000171	-	3029	immune	method5_re2g	0.9989295055299385	0.9989295055299385	1
chr1:996892-997392	ENSG00000188976	NOC2L	chr1	996892	997392	959308	-	37834	immune	method5_re2g	0.24890629894629895	0.24890629894629895	1
chr1:996892-997392	ENSG00000215915	ATAD3C	chr1	996892	997392	1449688	+	452546	immune	method5_re2g	0.7681124835703405	0.7681124835703405	1
chr1:996892-997392	ENSG00000237330	RNF223	chr1	996892	997392	1074305	-	77163	immune	method5_re2g	0.417178081018175	0.417178081018175	1
chr1:996892-997392	ENSG00000284662	OR4F16	chr1	996892	997392	686653	-	310489	immune	method5_re2g	0.9186978613311181	0.9186978613311181	1
chr1:997712-998212	ENSG00000187583	PLEKHN1	chr1	997712	998212	966481	+	31481	immune	method5_re2g	0.993748203139589	0.993748203139589	1
chr1:997712-998212	ENSG00000187608	ISG15	chr1	997712	998212	1001137	+	3175	immune	method5_re2g	0.9990637517781947	0.9990637517781947	1
chr1:997712-998212	ENSG00000187634	SAMD11	chr1	997712	998212	923922	+	74040	immune	method5_re2g	0.18517505801361542	0.18517505801361542	1
chr1:997712-998212	ENSG00000187642	PERM1	chr1	997712	998212	982116	-	15846	immune	method5_re2g	0.9942801807126548	0.9942801807126548	1
chr1:997712-998212	ENSG00000187961	KLHL17	chr1	997712	998212	960583	+	37379	immune	method5_re2g	0.42859732787842947	0.42859732787842947	1
chr1:997712-998212	ENSG00000188157	AGRN	chr1	997712	998212	1020119	+	22157	immune	method5_re2g	0.5625241059081874	0.5625241059081874	1
chr1:997712-998212	ENSG00000188290	HES4	chr1	997712	998212	1000171	-	2209	immune	method5_re2g	0.9992161933189317	0.9992161933189317	1
chr1:997712-998212	ENSG00000188976	NOC2L	chr1	997712	998212	959308	-	38654	immune	method5_re2g	0.26559138801009385	0.26559138801009385	1
chr1:997712-998212	ENSG00000215915	ATAD3C	chr1	997712	998212	1449688	+	451726	immune	method5_re2g	0.7701579973949054	0.7701579973949054	1
chr1:997712-998212	ENSG00000237330	RNF223	chr1	997712	998212	1074305	-	76343	immune	method5_re2g	0.4266985202821236	0.4266985202821236	1
chr1:997712-998212	ENSG00000284662	OR4F16	chr1	997712	998212	686653	-	311309	immune	method5_re2g	0.9258065831335208	0.9258065831335208	1
chr1:998220-998720	ENSG00000187583	PLEKHN1	chr1	998220	998720	966481	+	31989	immune	method5_re2g	0.9943252619713179	0.9943252619713179	1
chr1:998220-998720	ENSG00000187608	ISG15	chr1	998220	998720	1001137	+	2667	immune	method5_re2g	0.9991061434810421	0.9991061434810421	1
chr1:998220-998720	ENSG00000187634	SAMD11	chr1	998220	998720	923922	+	74548	immune	method5_re2g	0.1924742584356984	0.1924742584356984	1
chr1:998220-998720	ENSG00000187642	PERM1	chr1	998220	998720	982116	-	16354	immune	method5_re2g	0.9954670804408818	0.9954670804408818	1
chr1:998220-998720	ENSG00000187961	KLHL17	chr1	998220	998720	960583	+	37887	immune	method5_re2g	0.44552538558930144	0.44552538558930144	1
chr1:998220-998720	ENSG00000188157	AGRN	chr1	998220	998720	1020119	+	21649	immune	method5_re2g	0.5673678483535632	0.5673678483535632	1
chr1:998220-998720	ENSG00000188290	HES4	chr1	998220	998720	1000171	-	1701	immune	method5_re2g	0.9992454120901398	0.9992454120901398	1
chr1:998220-998720	ENSG00000188976	NOC2L	chr1	998220	998720	959308	-	39162	immune	method5_re2g	0.2778834892196388	0.2778834892196388	1
chr1:998220-998720	ENSG00000215915	ATAD3C	chr1	998220	998720	1449688	+	451218	immune	method5_re2g	0.7710746712106286	0.7710746712106286	1
chr1:998220-998720	ENSG00000237330	RNF223	chr1	998220	998720	1074305	-	75835	immune	method5_re2g	0.43057832646824384	0.43057832646824384	1
chr1:998220-998720	ENSG00000284662	OR4F16	chr1	998220	998720	686653	-	311817	immune	method5_re2g	0.9297479510828721	0.9297479510828721	1
chr1:998916-999416	ENSG00000131591	C1orf159	chr1	998916	999416	1116360	-	117194	immune	method5_re2g	0.19225344687760532	0.19225344687760532	1
chr1:998916-999416	ENSG00000187583	PLEKHN1	chr1	998916	999416	966481	+	32685	immune	method5_re2g	0.996093023233919	0.996093023233919	1
chr1:998916-999416	ENSG00000187608	ISG15	chr1	998916	999416	1001137	+	1971	immune	method5_re2g	0.9995633994680012	0.9995633994680012	1
chr1:998916-999416	ENSG00000187634	SAMD11	chr1	998916	999416	923922	+	75244	immune	method5_re2g	0.23982157664135684	0.23982157664135684	1
chr1:998916-999416	ENSG00000187642	PERM1	chr1	998916	999416	982116	-	17050	immune	method5_re2g	0.9975352197620163	0.9975352197620163	1
chr1:998916-999416	ENSG00000187961	KLHL17	chr1	998916	999416	960583	+	38583	immune	method5_re2g	0.525147062227444	0.525147062227444	1
chr1:998916-999416	ENSG00000188157	AGRN	chr1	998916	999416	1020119	+	20953	immune	method5_re2g	0.6456919454305047	0.6456919454305047	1
chr1:998916-999416	ENSG00000188290	HES4	chr1	998916	999416	1000171	-	1005	immune	method5_re2g	0.9996344165488296	0.9996344165488296	1
chr1:998916-999416	ENSG00000188976	NOC2L	chr1	998916	999416	959308	-	39858	immune	method5_re2g	0.34368972159612754	0.34368972159612754	1
chr1:998916-999416	ENSG00000215915	ATAD3C	chr1	998916	999416	1449688	+	450522	immune	method5_re2g	0.7812055262073777	0.7812055262073777	1
chr1:998916-999416	ENSG00000237330	RNF223	chr1	998916	999416	1074305	-	75139	immune	method5_re2g	0.47614851600807606	0.47614851600807606	1
chr1:998916-999416	ENSG00000284662	OR4F16	chr1	998916	999416	686653	-	312513	immune	method5_re2g	0.9505977724631273	0.9505977724631273	1
chr1:999897-1000397	ENSG00000131591	C1orf159	chr1	999897	1000397	1116360	-	116213	immune	method5_re2g	0.23148803830353148	0.23148803830353148	1
chr1:999897-1000397	ENSG00000162571	TTLL10	chr1	999897	1000397	1173879	+	173732	immune	method5_re2g	0.20491329530966607	0.20491329530966607	1
chr1:999897-1000397	ENSG00000187583	PLEKHN1	chr1	999897	1000397	966481	+	33666	immune	method5_re2g	0.9978249282081341	0.9978249282081341	1
chr1:999897-1000397	ENSG00000187608	ISG15	chr1	999897	1000397	1001137	+	990	immune	method5_re2g	0.9998679658836561	0.9998679658836561	1
chr1:999897-1000397	ENSG00000187634	SAMD11	chr1	999897	1000397	923922	+	76225	immune	method5_re2g	0.33909624315609427	0.33909624315609427	1
chr1:999897-1000397	ENSG00000187642	PERM1	chr1	999897	1000397	982116	-	18031	immune	method5_re2g	0.9989041606241229	0.9989041606241229	1
chr1:999897-1000397	ENSG00000187961	KLHL17	chr1	999897	1000397	960583	+	39564	immune	method5_re2g	0.6516622637362558	0.6516622637362558	1
chr1:999897-1000397	ENSG00000188157	AGRN	chr1	999897	1000397	1020119	+	19972	immune	method5_re2g	0.7695832627492144	0.7695832627492144	1
chr1:999897-1000397	ENSG00000188290	HES4	chr1	999897	1000397	1000171	-	24	immune	method5_re2g	0.9997980202826172	0.9997980202826172	1
chr1:999897-1000397	ENSG00000188976	NOC2L	chr1	999897	1000397	959308	-	40839	immune	method5_re2g	0.46659129957572787	0.46659129957572787	1
chr1:999897-1000397	ENSG00000215915	ATAD3C	chr1	999897	1000397	1449688	+	449541	immune	method5_re2g	0.8027083274451534	0.8027083274451534	1
chr1:999897-1000397	ENSG00000237330	RNF223	chr1	999897	1000397	1074305	-	74158	immune	method5_re2g	0.5672775509483811	0.5672775509483811	1
chr1:999897-1000397	ENSG00000284662	OR4F16	chr1	999897	1000397	686653	-	313494	immune	method5_re2g	0.9727818784869372	0.9727818784869372	1
chr1:1000608-1001108	ENSG00000131591	C1orf159	chr1	1000608	1001108	1116360	-	115502	immune	method5_re2g	0.2898800584358306	0.2898800584358306	1
chr1:1000608-1001108	ENSG00000162571	TTLL10	chr1	1000608	1001108	1173879	+	173021	immune	method5_re2g	0.2365110296553955	0.2365110296553955	1
chr1:1000608-1001108	ENSG00000187583	PLEKHN1	chr1	1000608	1001108	966481	+	34377	immune	method5_re2g	0.5508230543049669	0.5508230543049669	1
chr1:1000608-1001108	ENSG00000187608	ISG15	chr1	1000608	1001108	1001137	+	279	immune	method5_re2g	0.9949160826281891	0.9949160826281891	1
chr1:1000608-1001108	ENSG00000187634	SAMD11	chr1	1000608	1001108	923922	+	76936	immune	method5_re2g	0.20377212029111927	0.20377212029111927	1
chr1:1000608-1001108	ENSG00000187642	PERM1	chr1	1000608	1001108	982116	-	18742	immune	method5_re2g	0.9982119518362688	0.9982119518362688	1
chr1:1000608-1001108	ENSG00000187961	KLHL17	chr1	1000608	1001108	960583	+	40275	immune	method5_re2g	0.3618364064387412	0.3618364064387412	1
chr1:1000608-1001108	ENSG00000188157	AGRN	chr1	1000608	1001108	1020119	+	19261	immune	method5_re2g	0.9981556069098193	0.9981556069098193	1
chr1:1000608-1001108	ENSG00000188290	HES4	chr1	1000608	1001108	1000171	-	687	immune	method5_re2g	0.9867896943703706	0.9867896943703706	1
chr1:1000608-1001108	ENSG00000188976	NOC2L	chr1	1000608	1001108	959308	-	41550	immune	method5_re2g	0.27203929985516045	0.27203929985516045	1
chr1:1000608-1001108	ENSG00000215915	ATAD3C	chr1	1000608	1001108	1449688	+	448830	immune	method5_re2g	0.7950506250453204	0.7950506250453204	1
chr1:1000608-1001108	ENSG00000237330	RNF223	chr1	1000608	1001108	1074305	-	73447	immune	method5_re2g	0.6948157365748322	0.6948157365748322	1
chr1:1000608-1001108	ENSG00000284662	OR4F16	chr1	1000608	1001108	686653	-	314205	immune	method5_re2g	0.9463040070184695	0.9463040070184695	1
chr1:1001180-1001680	ENSG00000131591	C1orf159	chr1	1001180	1001680	1116360	-	114930	immune	method5_re2g	0.4446017223894442	0.4446017223894442	1
chr1:1001180-1001680	ENSG00000162571	TTLL10	chr1	1001180	1001680	1173879	+	172449	immune	method5_re2g	0.3056701488786255	0.3056701488786255	1
chr1:1001180-1001680	ENSG00000187583	PLEKHN1	chr1	1001180	1001680	966481	+	34949	immune	method5_re2g	0.2736471628725442	0.2736471628725442	1
chr1:1001180-1001680	ENSG00000187608	ISG15	chr1	1001180	1001680	1001137	+	293	immune	method5_re2g	0.9871896969473225	0.9871896969473225	1
chr1:1001180-1001680	ENSG00000187642	PERM1	chr1	1001180	1001680	982116	-	19314	immune	method5_re2g	0.5736249043624888	0.5736249043624888	1
chr1:1001180-1001680	ENSG00000187961	KLHL17	chr1	1001180	1001680	960583	+	40847	immune	method5_re2g	0.20095730586885657	0.20095730586885657	1
chr1:1001180-1001680	ENSG00000188157	AGRN	chr1	1001180	1001680	1020119	+	18689	immune	method5_re2g	0.9971015421174264	0.9971015421174264	1
chr1:1001180-1001680	ENSG00000188290	HES4	chr1	1001180	1001680	1000171	-	1259	immune	method5_re2g	0.9991637819448079	0.9991637819448079	1
chr1:1001180-1001680	ENSG00000215915	ATAD3C	chr1	1001180	1001680	1449688	+	448258	immune	method5_re2g	0.7906071234322334	0.7906071234322334	1
chr1:1001180-1001680	ENSG00000237330	RNF223	chr1	1001180	1001680	1074305	-	72875	immune	method5_re2g	0.9977975473993219	0.9977975473993219	1
chr1:1001180-1001680	ENSG00000284662	OR4F16	chr1	1001180	1001680	686653	-	314777	immune	method5_re2g	0.9028966862045648	0.9028966862045648	1
chr1:1001744-1002244	ENSG00000131591	C1orf159	chr1	1001744	1002244	1116360	-	114366	immune	method5_re2g	0.5100299264737419	0.5100299264737419	1
chr1:1001744-1002244	ENSG00000162571	TTLL10	chr1	1001744	1002244	1173879	+	171885	immune	method5_re2g	0.35774848888747385	0.35774848888747385	1
chr1:1001744-1002244	ENSG00000186891	TNFRSF18	chr1	1001744	1002244	1206591	-	204597	immune	method5_re2g	0.2007248004026045	0.2007248004026045	1
chr1:1001744-1002244	ENSG00000187583	PLEKHN1	chr1	1001744	1002244	966481	+	35513	immune	method5_re2g	0.43143818518689614	0.43143818518689614	1
chr1:1001744-1002244	ENSG00000187608	ISG15	chr1	1001744	1002244	1001137	+	857	immune	method5_re2g	0.999862224454056	0.999862224454056	1
chr1:1001744-1002244	ENSG00000187634	SAMD11	chr1	1001744	1002244	923922	+	78072	immune	method5_re2g	0.2033053085460729	0.2033053085460729	1
chr1:1001744-1002244	ENSG00000187642	PERM1	chr1	1001744	1002244	982116	-	19878	immune	method5_re2g	0.7824880202673393	0.7824880202673393	1
chr1:1001744-1002244	ENSG00000187961	KLHL17	chr1	1001744	1002244	960583	+	41411	immune	method5_re2g	0.3199071105354715	0.3199071105354715	1
chr1:1001744-1002244	ENSG00000188157	AGRN	chr1	1001744	1002244	1020119	+	18125	immune	method5_re2g	0.9985944692771217	0.9985944692771217	1
chr1:1001744-1002244	ENSG00000188290	HES4	chr1	1001744	1002244	1000171	-	1823	immune	method5_re2g	0.999819391154385	0.999819391154385	1
chr1:1001744-1002244	ENSG00000188976	NOC2L	chr1	1001744	1002244	959308	-	42686	immune	method5_re2g	0.26070128092759903	0.26070128092759903	1
chr1:1001744-1002244	ENSG00000215915	ATAD3C	chr1	1001744	1002244	1449688	+	447694	immune	method5_re2g	0.8130497365043883	0.8130497365043883	1
chr1:1001744-1002244	ENSG00000237330	RNF223	chr1	1001744	1002244	1074305	-	72311	immune	method5_re2g	0.9985541263176616	0.9985541263176616	1
chr1:1001744-1002244	ENSG00000284662	OR4F16	chr1	1001744	1002244	686653	-	315341	immune	method5_re2g	0.9518901853770816	0.9518901853770816	1
chr1:1004113-1004613	ENSG00000131591	C1orf159	chr1	1004113	1004613	1116360	-	111997	immune	method5_re2g	0.42847255395281325	0.42847255395281325	1
chr1:1004113-1004613	ENSG00000162571	TTLL10	chr1	1004113	1004613	1173879	+	169516	immune	method5_re2g	0.2934085545186525	0.2934085545186525	1
chr1:1004113-1004613	ENSG00000187583	PLEKHN1	chr1	1004113	1004613	966481	+	37882	immune	method5_re2g	0.23976482224547388	0.23976482224547388	1
chr1:1004113-1004613	ENSG00000187608	ISG15	chr1	1004113	1004613	1001137	+	3226	immune	method5_re2g	0.997832852246151	0.997832852246151	1
chr1:1004113-1004613	ENSG00000187642	PERM1	chr1	1004113	1004613	982116	-	22247	immune	method5_re2g	0.5050692493509129	0.5050692493509129	1
chr1:1004113-1004613	ENSG00000188157	AGRN	chr1	1004113	1004613	1020119	+	15756	immune	method5_re2g	0.996616458439785	0.996616458439785	1
chr1:1004113-1004613	ENSG00000188290	HES4	chr1	1004113	1004613	1000171	-	4192	immune	method5_re2g	0.9979653522863778	0.9979653522863778	1
chr1:1004113-1004613	ENSG00000215915	ATAD3C	chr1	1004113	1004613	1449688	+	445325	immune	method5_re2g	0.7841653206717856	0.7841653206717856	1
chr1:1004113-1004613	ENSG00000237330	RNF223	chr1	1004113	1004613	1074305	-	69942	immune	method5_re2g	0.9975758108712798	0.9975758108712798	1
chr1:1004113-1004613	ENSG00000284662	OR4F16	chr1	1004113	1004613	686653	-	317710	immune	method5_re2g	0.8842325744452972	0.8842325744452972	1
chr1:1004878-1005378	ENSG00000131591	C1orf159	chr1	1004878	1005378	1116360	-	111232	immune	method5_re2g	0.4480804332428294	0.4480804332428294	1
chr1:1004878-1005378	ENSG00000162571	TTLL10	chr1	1004878	1005378	1173879	+	168751	immune	method5_re2g	0.30835862365340605	0.30835862365340605	1
chr1:1004878-1005378	ENSG00000187583	PLEKHN1	chr1	1004878	1005378	966481	+	38647	immune	method5_re2g	0.28839685133905896	0.28839685133905896	1
chr1:1004878-1005378	ENSG00000187608	ISG15	chr1	1004878	1005378	1001137	+	3991	immune	method5_re2g	0.9988896102294612	0.9988896102294612	1
chr1:1004878-1005378	ENSG00000187642	PERM1	chr1	1004878	1005378	982116	-	23012	immune	method5_re2g	0.5986465252117411	0.5986465252117411	1
chr1:1004878-1005378	ENSG00000187961	KLHL17	chr1	1004878	1005378	960583	+	44545	immune	method5_re2g	0.2083072284762717	0.2083072284762717	1
chr1:1004878-1005378	ENSG00000188157	AGRN	chr1	1004878	1005378	1020119	+	14991	immune	method5_re2g	0.9974521050055963	0.9974521050055963	1
chr1:1004878-1005378	ENSG00000188290	HES4	chr1	1004878	1005378	1000171	-	4957	immune	method5_re2g	0.9988687436814135	0.9988687436814135	1
chr1:1004878-1005378	ENSG00000215915	ATAD3C	chr1	1004878	1005378	1449688	+	444560	immune	method5_re2g	0.7910070126326245	0.7910070126326245	1
chr1:1004878-1005378	ENSG00000237330	RNF223	chr1	1004878	1005378	1074305	-	69177	immune	method5_re2g	0.997892735289332	0.997892735289332	1
chr1:1004878-1005378	ENSG00000284662	OR4F16	chr1	1004878	1005378	686653	-	318475	immune	method5_re2g	0.9101352279889539	0.9101352279889539	1
chr1:1005428-1005928	ENSG00000131591	C1orf159	chr1	1005428	1005928	1116360	-	110682	immune	method5_re2g	0.4291640969982284	0.4291640969982284	1
chr1:1005428-1005928	ENSG00000162571	TTLL10	chr1	1005428	1005928	1173879	+	168201	immune	method5_re2g	0.29429965957405285	0.29429965957405285	1
chr1:1005428-1005928	ENSG00000187583	PLEKHN1	chr1	1005428	1005928	966481	+	39197	immune	method5_re2g	0.2617540728315841	0.2617540728315841	1
chr1:1005428-1005928	ENSG00000187608	ISG15	chr1	1005428	1005928	1001137	+	4541	immune	method5_re2g	0.9985626390691736	0.9985626390691736	1
chr1:1005428-1005928	ENSG00000187642	PERM1	chr1	1005428	1005928	982116	-	23562	immune	method5_re2g	0.5521771215593108	0.5521771215593108	1
chr1:1005428-1005928	ENSG00000187961	KLHL17	chr1	1005428	1005928	960583	+	45095	immune	method5_re2g	0.1881648545361945	0.1881648545361945	1
chr1:1005428-1005928	ENSG00000188157	AGRN	chr1	1005428	1005928	1020119	+	14441	immune	method5_re2g	0.9967123418897543	0.9967123418897543	1
chr1:1005428-1005928	ENSG00000188290	HES4	chr1	1005428	1005928	1000171	-	5507	immune	method5_re2g	0.9985103494157328	0.9985103494157328	1
chr1:1005428-1005928	ENSG00000215915	ATAD3C	chr1	1005428	1005928	1449688	+	444010	immune	method5_re2g	0.7837107490294538	0.7837107490294538	1
chr1:1005428-1005928	ENSG00000237330	RNF223	chr1	1005428	1005928	1074305	-	68627	immune	method5_re2g	0.9976349428621333	0.9976349428621333	1
chr1:1005428-1005928	ENSG00000284662	OR4F16	chr1	1005428	1005928	686653	-	319025	immune	method5_re2g	0.8942714966411309	0.8942714966411309	1
chr1:1006440-1006940	ENSG00000131591	C1orf159	chr1	1006440	1006940	1116360	-	109670	immune	method5_re2g	0.42321424944459035	0.42321424944459035	1
chr1:1006440-1006940	ENSG00000162571	TTLL10	chr1	1006440	1006940	1173879	+	167189	immune	method5_re2g	0.28969416792637415	0.28969416792637415	1
chr1:1006440-1006940	ENSG00000187583	PLEKHN1	chr1	1006440	1006940	966481	+	40209	immune	method5_re2g	0.2584902716345002	0.2584902716345002	1
chr1:1006440-1006940	ENSG00000187608	ISG15	chr1	1006440	1006940	1001137	+	5553	immune	method5_re2g	0.9984158561256419	0.9984158561256419	1
chr1:1006440-1006940	ENSG00000187642	PERM1	chr1	1006440	1006940	982116	-	24574	immune	method5_re2g	0.5468965697962043	0.5468965697962043	1
chr1:1006440-1006940	ENSG00000187961	KLHL17	chr1	1006440	1006940	960583	+	46107	immune	method5_re2g	0.18485552577763206	0.18485552577763206	1
chr1:1006440-1006940	ENSG00000188157	AGRN	chr1	1006440	1006940	1020119	+	13429	immune	method5_re2g	0.9965682353634798	0.9965682353634798	1
chr1:1006440-1006940	ENSG00000188290	HES4	chr1	1006440	1006940	1000171	-	6519	immune	method5_re2g	0.9983628915873561	0.9983628915873561	1
chr1:1006440-1006940	ENSG00000215915	ATAD3C	chr1	1006440	1006940	1449688	+	442998	immune	method5_re2g	0.7802863214292781	0.7802863214292781	1
chr1:1006440-1006940	ENSG00000237330	RNF223	chr1	1006440	1006940	1074305	-	67615	immune	method5_re2g	0.9975765227166332	0.9975765227166332	1
chr1:1006440-1006940	ENSG00000284662	OR4F16	chr1	1006440	1006940	686653	-	320037	immune	method5_re2g	0.8920287947491596	0.8920287947491596	1
chr1:1011716-1012216	ENSG00000131591	C1orf159	chr1	1011716	1012216	1116360	-	104394	immune	method5_re2g	0.42655491030559994	0.42655491030559994	1
chr1:1011716-1012216	ENSG00000162571	TTLL10	chr1	1011716	1012216	1173879	+	161913	immune	method5_re2g	0.29146148798514687	0.29146148798514687	1
chr1:1011716-1012216	ENSG00000187583	PLEKHN1	chr1	1011716	1012216	966481	+	45485	immune	method5_re2g	0.21910881856858627	0.21910881856858627	1
chr1:1011716-1012216	ENSG00000187608	ISG15	chr1	1011716	1012216	1001137	+	10829	immune	method5_re2g	0.9957977244345296	0.9957977244345296	1
chr1:1011716-1012216	ENSG00000187642	PERM1	chr1	1011716	1012216	982116	-	29850	immune	method5_re2g	0.45510514752531817	0.45510514752531817	1
chr1:1011716-1012216	ENSG00000188157	AGRN	chr1	1011716	1012216	1020119	+	8153	immune	method5_re2g	0.997319918970451	0.997319918970451	1
chr1:1011716-1012216	ENSG00000188290	HES4	chr1	1011716	1012216	1000171	-	11795	immune	method5_re2g	0.995989139156959	0.995989139156959	1
chr1:1011716-1012216	ENSG00000215915	ATAD3C	chr1	1011716	1012216	1449688	+	437722	immune	method5_re2g	0.7827550408415417	0.7827550408415417	1
chr1:1011716-1012216	ENSG00000237330	RNF223	chr1	1011716	1012216	1074305	-	62339	immune	method5_re2g	0.9975804800499845	0.9975804800499845	1
chr1:1011716-1012216	ENSG00000284662	OR4F16	chr1	1011716	1012216	686653	-	325313	immune	method5_re2g	0.8746193158331965	0.8746193158331965	1
chr1:1012674-1013174	ENSG00000131591	C1orf159	chr1	1012674	1013174	1116360	-	103436	immune	method5_re2g	0.4608322950514367	0.4608322950514367	1
chr1:1012674-1013174	ENSG00000162571	TTLL10	chr1	1012674	1013174	1173879	+	160955	immune	method5_re2g	0.31687044937795494	0.31687044937795494	1
chr1:1012674-1013174	ENSG00000186891	TNFRSF18	chr1	1012674	1013174	1206591	-	193667	immune	method5_re2g	0.1809442778722573	0.1809442778722573	1
chr1:1012674-1013174	ENSG00000187583	PLEKHN1	chr1	1012674	1013174	966481	+	46443	immune	method5_re2g	0.28275514995536755	0.28275514995536755	1
chr1:1012674-1013174	ENSG00000187608	ISG15	chr1	1012674	1013174	1001137	+	11787	immune	method5_re2g	0.9978985579257381	0.9978985579257381	1
chr1:1012674-1013174	ENSG00000187642	PERM1	chr1	1012674	1013174	982116	-	30808	immune	method5_re2g	0.5781499709776852	0.5781499709776852	1
chr1:1012674-1013174	ENSG00000187961	KLHL17	chr1	1012674	1013174	960583	+	52341	immune	method5_re2g	0.20192877154512734	0.20192877154512734	1
chr1:1012674-1013174	ENSG00000188157	AGRN	chr1	1012674	1013174	1020119	+	7195	immune	method5_re2g	0.9986570223475404	0.9986570223475404	1
chr1:1012674-1013174	ENSG00000188290	HES4	chr1	1012674	1013174	1000171	-	12753	immune	method5_re2g	0.9979332637289455	0.9979332637289455	1
chr1:1012674-1013174	ENSG00000215915	ATAD3C	chr1	1012674	1013174	1449688	+	436764	immune	method5_re2g	0.7939229402501627	0.7939229402501627	1
chr1:1012674-1013174	ENSG00000237330	RNF223	chr1	1012674	1013174	1074305	-	61381	immune	method5_re2g	0.9981146928121284	0.9981146928121284	1
chr1:1012674-1013174	ENSG00000284662	OR4F16	chr1	1012674	1013174	686653	-	326271	immune	method5_re2g	0.9155308386786122	0.9155308386786122	1
chr1:1013194-1013694	ENSG00000131591	C1orf159	chr1	1013194	1013694	1116360	-	102916	immune	method5_re2g	0.6709758517711691	0.6709758517711691	1
chr1:1013194-1013694	ENSG00000162571	TTLL10	chr1	1013194	1013694	1173879	+	160435	immune	method5_re2g	0.5014389772795211	0.5014389772795211	1
chr1:1013194-1013694	ENSG00000184163	C1QTNF12	chr1	1013194	1013694	1246721	-	233277	immune	method5_re2g	0.18335747102961134	0.18335747102961134	1
chr1:1013194-1013694	ENSG00000186827	TNFRSF4	chr1	1013194	1013694	1214152	-	200708	immune	method5_re2g	0.21329371736888206	0.21329371736888206	1
chr1:1013194-1013694	ENSG00000186891	TNFRSF18	chr1	1013194	1013694	1206591	-	193147	immune	method5_re2g	0.2770698220990719	0.2770698220990719	1
chr1:1013194-1013694	ENSG00000187583	PLEKHN1	chr1	1013194	1013694	966481	+	46963	immune	method5_re2g	0.6473348047279361	0.6473348047279361	1
chr1:1013194-1013694	ENSG00000187608	ISG15	chr1	1013194	1013694	1001137	+	12307	immune	method5_re2g	0.9997766844207747	0.9997766844207747	1
chr1:1013194-1013694	ENSG00000187634	SAMD11	chr1	1013194	1013694	923922	+	89522	immune	method5_re2g	0.378748980340618	0.378748980340618	1
chr1:1013194-1013694	ENSG00000187642	PERM1	chr1	1013194	1013694	982116	-	31328	immune	method5_re2g	0.9017979010937729	0.9017979010937729	1
chr1:1013194-1013694	ENSG00000187961	KLHL17	chr1	1013194	1013694	960583	+	52861	immune	method5_re2g	0.5154504175725056	0.5154504175725056	1
chr1:1013194-1013694	ENSG00000188157	AGRN	chr1	1013194	1013694	1020119	+	6675	immune	method5_re2g	0.9998543078014652	0.9998543078014652	1
chr1:1013194-1013694	ENSG00000188290	HES4	chr1	1013194	1013694	1000171	-	13273	immune	method5_re2g	0.9997716914156527	0.9997716914156527	1
chr1:1013194-1013694	ENSG00000188976	NOC2L	chr1	1013194	1013694	959308	-	54136	immune	method5_re2g	0.4385679987497995	0.4385679987497995	1
chr1:1013194-1013694	ENSG00000215915	ATAD3C	chr1	1013194	1013694	1449688	+	436244	immune	method5_re2g	0.8616549123117176	0.8616549123117176	1
chr1:1013194-1013694	ENSG00000237330	RNF223	chr1	1013194	1013694	1074305	-	60861	immune	method5_re2g	0.9994836663156468	0.9994836663156468	1
chr1:1013194-1013694	ENSG00000284662	OR4F16	chr1	1013194	1013694	686653	-	326791	immune	method5_re2g	0.9850155581555488	0.9850155581555488	1
chr1:1014209-1014709	ENSG00000131591	C1orf159	chr1	1014209	1014709	1116360	-	101901	immune	method5_re2g	0.467896730329866	0.467896730329866	1
chr1:1014209-1014709	ENSG00000162571	TTLL10	chr1	1014209	1014709	1173879	+	159420	immune	method5_re2g	0.3229179843732261	0.3229179843732261	1
chr1:1014209-1014709	ENSG00000186891	TNFRSF18	chr1	1014209	1014709	1206591	-	192132	immune	method5_re2g	0.18353869997392885	0.18353869997392885	1
chr1:1014209-1014709	ENSG00000187583	PLEKHN1	chr1	1014209	1014709	966481	+	47978	immune	method5_re2g	0.3048244560477551	0.3048244560477551	1
chr1:1014209-1014709	ENSG00000187608	ISG15	chr1	1014209	1014709	1001137	+	13322	immune	method5_re2g	0.9982577917719873	0.9982577917719873	1
chr1:1014209-1014709	ENSG00000187642	PERM1	chr1	1014209	1014709	982116	-	32343	immune	method5_re2g	0.6125279724125268	0.6125279724125268	1
chr1:1014209-1014709	ENSG00000187961	KLHL17	chr1	1014209	1014709	960583	+	53876	immune	method5_re2g	0.21665833337083037	0.21665833337083037	1
chr1:1014209-1014709	ENSG00000188157	AGRN	chr1	1014209	1014709	1020119	+	5660	immune	method5_re2g	0.9988528407304218	0.9988528407304218	1
chr1:1014209-1014709	ENSG00000188290	HES4	chr1	1014209	1014709	1000171	-	14288	immune	method5_re2g	0.9982583698295046	0.9982583698295046	1
chr1:1014209-1014709	ENSG00000215915	ATAD3C	chr1	1014209	1014709	1449688	+	435229	immune	method5_re2g	0.7967473336163247	0.7967473336163247	1
chr1:1014209-1014709	ENSG00000237330	RNF223	chr1	1014209	1014709	1074305	-	59846	immune	method5_re2g	0.9982217100771801	0.9982217100771801	1
chr1:1014209-1014709	ENSG00000284662	OR4F16	chr1	1014209	1014709	686653	-	327806	immune	method5_re2g	0.9239261479667207	0.9239261479667207	1
chr1:1014865-1015365	ENSG00000131591	C1orf159	chr1	1014865	1015365	1116360	-	101245	immune	method5_re2g	0.45496290212917406	0.45496290212917406	1
chr1:1014865-1015365	ENSG00000162571	TTLL10	chr1	1014865	1015365	1173879	+	158764	immune	method5_re2g	0.31478734839705375	0.31478734839705375	1
chr1:1014865-1015365	ENSG00000186891	TNFRSF18	chr1	1014865	1015365	1206591	-	191476	immune	method5_re2g	0.18149943947629038	0.18149943947629038	1
chr1:1014865-1015365	ENSG00000187583	PLEKHN1	chr1	1014865	1015365	966481	+	48634	immune	method5_re2g	0.28030003540758464	0.28030003540758464	1
chr1:1014865-1015365	ENSG00000187608	ISG15	chr1	1014865	1015365	1001137	+	13978	immune	method5_re2g	0.9977786097449052	0.9977786097449052	1
chr1:1014865-1015365	ENSG00000187642	PERM1	chr1	1014865	1015365	982116	-	32999	immune	method5_re2g	0.5685938398671929	0.5685938398671929	1
chr1:1014865-1015365	ENSG00000187961	KLHL17	chr1	1014865	1015365	960583	+	54532	immune	method5_re2g	0.19893439631517498	0.19893439631517498	1
chr1:1014865-1015365	ENSG00000188157	AGRN	chr1	1014865	1015365	1020119	+	5004	immune	method5_re2g	0.9983341933752637	0.9983341933752637	1
chr1:1014865-1015365	ENSG00000188290	HES4	chr1	1014865	1015365	1000171	-	14944	immune	method5_re2g	0.9977841014275166	0.9977841014275166	1
chr1:1014865-1015365	ENSG00000215915	ATAD3C	chr1	1014865	1015365	1449688	+	434573	immune	method5_re2g	0.7960031804700259	0.7960031804700259	1
chr1:1014865-1015365	ENSG00000237330	RNF223	chr1	1014865	1015365	1074305	-	59190	immune	method5_re2g	0.9980152195379577	0.9980152195379577	1
chr1:1014865-1015365	ENSG00000284662	OR4F16	chr1	1014865	1015365	686653	-	328462	immune	method5_re2g	0.9099926448269566	0.9099926448269566	1
chr1:1016230-1016730	ENSG00000131591	C1orf159	chr1	1016230	1016730	1116360	-	99880	immune	method5_re2g	0.43783417763431465	0.43783417763431465	1
chr1:1016230-1016730	ENSG00000162571	TTLL10	chr1	1016230	1016730	1173879	+	157399	immune	method5_re2g	0.3024477930386258	0.3024477930386258	1
chr1:1016230-1016730	ENSG00000187583	PLEKHN1	chr1	1016230	1016730	966481	+	49999	immune	method5_re2g	0.25004208018586327	0.25004208018586327	1
chr1:1016230-1016730	ENSG00000187608	ISG15	chr1	1016230	1016730	1001137	+	15343	immune	method5_re2g	0.9968962662496204	0.9968962662496204	1
chr1:1016230-1016730	ENSG00000187642	PERM1	chr1	1016230	1016730	982116	-	34364	immune	method5_re2g	0.5111064561268194	0.5111064561268194	1
chr1:1016230-1016730	ENSG00000188157	AGRN	chr1	1016230	1016730	1020119	+	3639	immune	method5_re2g	0.9977721462581804	0.9977721462581804	1
chr1:1016230-1016730	ENSG00000188290	HES4	chr1	1016230	1016730	1000171	-	16309	immune	method5_re2g	0.9969279084440116	0.9969279084440116	1
chr1:1016230-1016730	ENSG00000215915	ATAD3C	chr1	1016230	1016730	1449688	+	433208	immune	method5_re2g	0.7910126582544976	0.7910126582544976	1
chr1:1016230-1016730	ENSG00000237330	RNF223	chr1	1016230	1016730	1074305	-	57825	immune	method5_re2g	0.9977604166984424	0.9977604166984424	1
chr1:1016230-1016730	ENSG00000284662	OR4F16	chr1	1016230	1016730	686653	-	329827	immune	method5_re2g	0.8909713964960547	0.8909713964960547	1
chr1:1018289-1018789	ENSG00000131591	C1orf159	chr1	1018289	1018789	1116360	-	97821	immune	method5_re2g	0.45277335638199373	0.45277335638199373	1
chr1:1018289-1018789	ENSG00000162571	TTLL10	chr1	1018289	1018789	1173879	+	155340	immune	method5_re2g	0.31264975238563675	0.31264975238563675	1
chr1:1018289-1018789	ENSG00000186891	TNFRSF18	chr1	1018289	1018789	1206591	-	188052	immune	method5_re2g	0.18011362046978246	0.18011362046978246	1
chr1:1018289-1018789	ENSG00000187583	PLEKHN1	chr1	1018289	1018789	966481	+	52058	immune	method5_re2g	0.2705371185894185	0.2705371185894185	1
chr1:1018289-1018789	ENSG00000187608	ISG15	chr1	1018289	1018789	1001137	+	17402	immune	method5_re2g	0.9973534760174056	0.9973534760174056	1
chr1:1018289-1018789	ENSG00000187642	PERM1	chr1	1018289	1018789	982116	-	36423	immune	method5_re2g	0.5493010412608135	0.5493010412608135	1
chr1:1018289-1018789	ENSG00000187961	KLHL17	chr1	1018289	1018789	960583	+	57956	immune	method5_re2g	0.19108928465798627	0.19108928465798627	1
chr1:1018289-1018789	ENSG00000188157	AGRN	chr1	1018289	1018789	1020119	+	1580	immune	method5_re2g	0.9991627468990991	0.9991627468990991	1
chr1:1018289-1018789	ENSG00000188290	HES4	chr1	1018289	1018789	1000171	-	18368	immune	method5_re2g	0.9973717297084014	0.9973717297084014	1
chr1:1018289-1018789	ENSG00000215915	ATAD3C	chr1	1018289	1018789	1449688	+	431149	immune	method5_re2g	0.794208039559099	0.794208039559099	1
chr1:1018289-1018789	ENSG00000237330	RNF223	chr1	1018289	1018789	1074305	-	55766	immune	method5_re2g	0.9980253070838034	0.9980253070838034	1
chr1:1018289-1018789	ENSG00000284662	OR4F16	chr1	1018289	1018789	686653	-	331886	immune	method5_re2g	0.9072835522293184	0.9072835522293184	1
chr1:1019282-1019782	ENSG00000078808	SDF4	chr1	1019282	1019782	1232030	-	212498	immune	method5_re2g	0.1980744510431516	0.1980744510431516	1
chr1:1019282-1019782	ENSG00000131591	C1orf159	chr1	1019282	1019782	1116360	-	96828	immune	method5_re2g	0.7679758960540646	0.7679758960540646	1
chr1:1019282-1019782	ENSG00000162571	TTLL10	chr1	1019282	1019782	1173879	+	154347	immune	method5_re2g	0.6090602838360547	0.6090602838360547	1
chr1:1019282-1019782	ENSG00000162572	SCNN1D	chr1	1019282	1019782	1280435	+	260903	immune	method5_re2g	0.18036320886645918	0.18036320886645918	1
chr1:1019282-1019782	ENSG00000184163	C1QTNF12	chr1	1019282	1019782	1246721	-	227189	immune	method5_re2g	0.24086041842132885	0.24086041842132885	1
chr1:1019282-1019782	ENSG00000186827	TNFRSF4	chr1	1019282	1019782	1214152	-	194620	immune	method5_re2g	0.27489149389692824	0.27489149389692824	1
chr1:1019282-1019782	ENSG00000186891	TNFRSF18	chr1	1019282	1019782	1206591	-	187059	immune	method5_re2g	0.35037504259980323	0.35037504259980323	1
chr1:1019282-1019782	ENSG00000187583	PLEKHN1	chr1	1019282	1019782	966481	+	53051	immune	method5_re2g	0.7564451919527678	0.7564451919527678	1
chr1:1019282-1019782	ENSG00000187608	ISG15	chr1	1019282	1019782	1001137	+	18395	immune	method5_re2g	0.9998466166993464	0.9998466166993464	1
chr1:1019282-1019782	ENSG00000187634	SAMD11	chr1	1019282	1019782	923922	+	95610	immune	method5_re2g	0.5081479692407922	0.5081479692407922	1
chr1:1019282-1019782	ENSG00000187642	PERM1	chr1	1019282	1019782	982116	-	37416	immune	method5_re2g	0.9402260730474415	0.9402260730474415	1
chr1:1019282-1019782	ENSG00000187961	KLHL17	chr1	1019282	1019782	960583	+	58949	immune	method5_re2g	0.6368266404277881	0.6368266404277881	1
chr1:1019282-1019782	ENSG00000188157	AGRN	chr1	1019282	1019782	1020119	+	587	immune	method5_re2g	0.9999872012666018	0.9999872012666018	1
chr1:1019282-1019782	ENSG00000188290	HES4	chr1	1019282	1019782	1000171	-	19361	immune	method5_re2g	0.9998430085731346	0.9998430085731346	1
chr1:1019282-1019782	ENSG00000188976	NOC2L	chr1	1019282	1019782	959308	-	60224	immune	method5_re2g	0.5605882736938012	0.5605882736938012	1
chr1:1019282-1019782	ENSG00000215915	ATAD3C	chr1	1019282	1019782	1449688	+	430156	immune	method5_re2g	0.8938013646603155	0.8938013646603155	1
chr1:1019282-1019782	ENSG00000237330	RNF223	chr1	1019282	1019782	1074305	-	54773	immune	method5_re2g	0.9997367896729267	0.9997367896729267	1
chr1:1019282-1019782	ENSG00000284662	OR4F16	chr1	1019282	1019782	686653	-	332879	immune	method5_re2g	0.9922741776761803	0.9922741776761803	1
chr1:1019858-1020358	ENSG00000131591	C1orf159	chr1	1019858	1020358	1116360	-	96252	immune	method5_re2g	0.5810103291331571	0.5810103291331571	1
chr1:1019858-1020358	ENSG00000162571	TTLL10	chr1	1019858	1020358	1173879	+	153771	immune	method5_re2g	0.41580524726738965	0.41580524726738965	1
chr1:1019858-1020358	ENSG00000186891	TNFRSF18	chr1	1019858	1020358	1206591	-	186483	immune	method5_re2g	0.2295059539186972	0.2295059539186972	1
chr1:1019858-1020358	ENSG00000187583	PLEKHN1	chr1	1019858	1020358	966481	+	53627	immune	method5_re2g	0.4847746185589784	0.4847746185589784	1
chr1:1019858-1020358	ENSG00000187608	ISG15	chr1	1019858	1020358	1001137	+	18971	immune	method5_re2g	0.9993399280114663	0.9993399280114663	1
chr1:1019858-1020358	ENSG00000187634	SAMD11	chr1	1019858	1020358	923922	+	96186	immune	method5_re2g	0.24517573018965957	0.24517573018965957	1
chr1:1019858-1020358	ENSG00000187642	PERM1	chr1	1019858	1020358	982116	-	37992	immune	method5_re2g	0.8015588296410547	0.8015588296410547	1
chr1:1019858-1020358	ENSG00000187961	KLHL17	chr1	1019858	1020358	960583	+	59525	immune	method5_re2g	0.3574712557191363	0.3574712557191363	1
chr1:1019858-1020358	ENSG00000188157	AGRN	chr1	1019858	1020358	1020119	+	11	immune	method5_re2g	0.99990839949729	0.99990839949729	1
chr1:1019858-1020358	ENSG00000188290	HES4	chr1	1019858	1020358	1000171	-	19937	immune	method5_re2g	0.9993290856869522	0.9993290856869522	1
chr1:1019858-1020358	ENSG00000188976	NOC2L	chr1	1019858	1020358	959308	-	60800	immune	method5_re2g	0.289704741533963	0.289704741533963	1
chr1:1019858-1020358	ENSG00000215915	ATAD3C	chr1	1019858	1020358	1449688	+	429580	immune	method5_re2g	0.8334701347442084	0.8334701347442084	1
chr1:1019858-1020358	ENSG00000237330	RNF223	chr1	1019858	1020358	1074305	-	54197	immune	method5_re2g	0.9991564883546116	0.9991564883546116	1
chr1:1019858-1020358	ENSG00000284662	OR4F16	chr1	1019858	1020358	686653	-	333455	immune	method5_re2g	0.9702137545711328	0.9702137545711328	1
chr1:1020415-1020915	ENSG00000131591	C1orf159	chr1	1020415	1020915	1116360	-	95695	immune	method5_re2g	0.9958371418953395	0.9958371418953395	1
chr1:1020415-1020915	ENSG00000162571	TTLL10	chr1	1020415	1020915	1173879	+	153214	immune	method5_re2g	0.5386772478500894	0.5386772478500894	1
chr1:1020415-1020915	ENSG00000186827	TNFRSF4	chr1	1020415	1020915	1214152	-	193487	immune	method5_re2g	0.19347234905429295	0.19347234905429295	1
chr1:1020415-1020915	ENSG00000186891	TNFRSF18	chr1	1020415	1020915	1206591	-	185926	immune	method5_re2g	0.27752660824275466	0.27752660824275466	1
chr1:1020415-1020915	ENSG00000187583	PLEKHN1	chr1	1020415	1020915	966481	+	54184	immune	method5_re2g	0.2392995082456805	0.2392995082456805	1
chr1:1020415-1020915	ENSG00000187608	ISG15	chr1	1020415	1020915	1001137	+	19528	immune	method5_re2g	0.9984099574098664	0.9984099574098664	1
chr1:1020415-1020915	ENSG00000187642	PERM1	chr1	1020415	1020915	982116	-	38549	immune	method5_re2g	0.4502452385697957	0.4502452385697957	1
chr1:1020415-1020915	ENSG00000187961	KLHL17	chr1	1020415	1020915	960583	+	60082	immune	method5_re2g	0.18199951142981236	0.18199951142981236	1
chr1:1020415-1020915	ENSG00000188157	AGRN	chr1	1020415	1020915	1020119	+	546	immune	method5_re2g	0.9832586962848632	0.9832586962848632	1
chr1:1020415-1020915	ENSG00000188290	HES4	chr1	1020415	1020915	1000171	-	20494	immune	method5_re2g	0.7109404746624907	0.7109404746624907	1
chr1:1020415-1020915	ENSG00000215915	ATAD3C	chr1	1020415	1020915	1449688	+	429023	immune	method5_re2g	0.8130674485790943	0.8130674485790943	1
chr1:1020415-1020915	ENSG00000237330	RNF223	chr1	1020415	1020915	1074305	-	53640	immune	method5_re2g	0.9984624245905293	0.9984624245905293	1
chr1:1020415-1020915	ENSG00000284662	OR4F16	chr1	1020415	1020915	686653	-	334012	immune	method5_re2g	0.9247088289800318	0.9247088289800318	1
chr1:1020939-1021439	ENSG00000131591	C1orf159	chr1	1020939	1021439	1116360	-	95171	immune	method5_re2g	0.9955200067704267	0.9955200067704267	1
chr1:1020939-1021439	ENSG00000162571	TTLL10	chr1	1020939	1021439	1173879	+	152690	immune	method5_re2g	0.5237440991528477	0.5237440991528477	1
chr1:1020939-1021439	ENSG00000186827	TNFRSF4	chr1	1020939	1021439	1214152	-	192963	immune	method5_re2g	0.18735338602747606	0.18735338602747606	1
chr1:1020939-1021439	ENSG00000186891	TNFRSF18	chr1	1020939	1021439	1206591	-	185402	immune	method5_re2g	0.26932095632583514	0.26932095632583514	1
chr1:1020939-1021439	ENSG00000187583	PLEKHN1	chr1	1020939	1021439	966481	+	54708	immune	method5_re2g	0.2211142280851476	0.2211142280851476	1
chr1:1020939-1021439	ENSG00000187608	ISG15	chr1	1020939	1021439	1001137	+	20052	immune	method5_re2g	0.9981214823461456	0.9981214823461456	1
chr1:1020939-1021439	ENSG00000187642	PERM1	chr1	1020939	1021439	982116	-	39073	immune	method5_re2g	0.41589973619041837	0.41589973619041837	1
chr1:1020939-1021439	ENSG00000188157	AGRN	chr1	1020939	1021439	1020119	+	1070	immune	method5_re2g	0.9993497799359606	0.9993497799359606	1
chr1:1020939-1021439	ENSG00000188290	HES4	chr1	1020939	1021439	1000171	-	21018	immune	method5_re2g	0.6757168965611059	0.6757168965611059	1
chr1:1020939-1021439	ENSG00000215915	ATAD3C	chr1	1020939	1021439	1449688	+	428499	immune	method5_re2g	0.8080260615650804	0.8080260615650804	1
chr1:1020939-1021439	ENSG00000237330	RNF223	chr1	1020939	1021439	1074305	-	53116	immune	method5_re2g	0.9982664068652168	0.9982664068652168	1
chr1:1020939-1021439	ENSG00000284662	OR4F16	chr1	1020939	1021439	686653	-	334536	immune	method5_re2g	0.9132444459140459	0.9132444459140459	1
chr1:1021532-1022032	ENSG00000131591	C1orf159	chr1	1021532	1022032	1116360	-	94578	immune	method5_re2g	0.995311666925978	0.995311666925978	1
chr1:1021532-1022032	ENSG00000162571	TTLL10	chr1	1021532	1022032	1173879	+	152097	immune	method5_re2g	0.5147602048843043	0.5147602048843043	1
chr1:1021532-1022032	ENSG00000186827	TNFRSF4	chr1	1021532	1022032	1214152	-	192370	immune	method5_re2g	0.18374040126043734	0.18374040126043734	1
chr1:1021532-1022032	ENSG00000186891	TNFRSF18	chr1	1021532	1022032	1206591	-	184809	immune	method5_re2g	0.2644297808369758	0.2644297808369758	1
chr1:1021532-1022032	ENSG00000187583	PLEKHN1	chr1	1021532	1022032	966481	+	55301	immune	method5_re2g	0.21163856504785758	0.21163856504785758	1
chr1:1021532-1022032	ENSG00000187608	ISG15	chr1	1021532	1022032	1001137	+	20645	immune	method5_re2g	0.997926945842497	0.997926945842497	1
chr1:1021532-1022032	ENSG00000187642	PERM1	chr1	1021532	1022032	982116	-	39666	immune	method5_re2g	0.39673217609987954	0.39673217609987954	1
chr1:1021532-1022032	ENSG00000188157	AGRN	chr1	1021532	1022032	1020119	+	1663	immune	method5_re2g	0.9993078917643633	0.9993078917643633	1
chr1:1021532-1022032	ENSG00000188290	HES4	chr1	1021532	1022032	1000171	-	21611	immune	method5_re2g	0.6538641559210446	0.6538641559210446	1
chr1:1021532-1022032	ENSG00000215915	ATAD3C	chr1	1021532	1022032	1449688	+	427906	immune	method5_re2g	0.8050321402027263	0.8050321402027263	1
chr1:1021532-1022032	ENSG00000237330	RNF223	chr1	1021532	1022032	1074305	-	52523	immune	method5_re2g	0.9981341553818159	0.9981341553818159	1
chr1:1021532-1022032	ENSG00000284662	OR4F16	chr1	1021532	1022032	686653	-	335129	immune	method5_re2g	0.9058040697806975	0.9058040697806975	1
chr1:1022655-1023155	ENSG00000131591	C1orf159	chr1	1022655	1023155	1116360	-	93455	immune	method5_re2g	0.9950310359630192	0.9950310359630192	1
chr1:1022655-1023155	ENSG00000162571	TTLL10	chr1	1022655	1023155	1173879	+	150974	immune	method5_re2g	0.5028646716699997	0.5028646716699997	1
chr1:1022655-1023155	ENSG00000186827	TNFRSF4	chr1	1022655	1023155	1214152	-	191247	immune	method5_re2g	0.1792342201346373	0.1792342201346373	1
chr1:1022655-1023155	ENSG00000186891	TNFRSF18	chr1	1022655	1023155	1206591	-	183686	immune	method5_re2g	0.25831439584163396	0.25831439584163396	1
chr1:1022655-1023155	ENSG00000187583	PLEKHN1	chr1	1022655	1023155	966481	+	56424	immune	method5_re2g	0.1950149474621369	0.1950149474621369	1
chr1:1022655-1023155	ENSG00000187608	ISG15	chr1	1022655	1023155	1001137	+	21768	immune	method5_re2g	0.9974848084439426	0.9974848084439426	1
chr1:1022655-1023155	ENSG00000187642	PERM1	chr1	1022655	1023155	982116	-	40789	immune	method5_re2g	0.3620796477802258	0.3620796477802258	1
chr1:1022655-1023155	ENSG00000188157	AGRN	chr1	1022655	1023155	1020119	+	2786	immune	method5_re2g	0.9988021107432806	0.9988021107432806	1
chr1:1022655-1023155	ENSG00000188290	HES4	chr1	1022655	1023155	1000171	-	22734	immune	method5_re2g	0.6096435792403888	0.6096435792403888	1
chr1:1022655-1023155	ENSG00000215915	ATAD3C	chr1	1022655	1023155	1449688	+	426783	immune	method5_re2g	0.8009647654666802	0.8009647654666802	1
chr1:1022655-1023155	ENSG00000237330	RNF223	chr1	1022655	1023155	1074305	-	51400	immune	method5_re2g	0.9979420316535724	0.9979420316535724	1
chr1:1022655-1023155	ENSG00000284662	OR4F16	chr1	1022655	1023155	686653	-	336252	immune	method5_re2g	0.89244536305185	0.89244536305185	1
chr1:1023520-1024020	ENSG00000131591	C1orf159	chr1	1023520	1024020	1116360	-	92590	immune	method5_re2g	0.9948584687891685	0.9948584687891685	1
chr1:1023520-1024020	ENSG00000162571	TTLL10	chr1	1023520	1024020	1173879	+	150109	immune	method5_re2g	0.49617538751676493	0.49617538751676493	1
chr1:1023520-1024020	ENSG00000186891	TNFRSF18	chr1	1023520	1024020	1206591	-	182821	immune	method5_re2g	0.2547166685419792	0.2547166685419792	1
chr1:1023520-1024020	ENSG00000187583	PLEKHN1	chr1	1023520	1024020	966481	+	57289	immune	method5_re2g	0.18815517181453478	0.18815517181453478	1
chr1:1023520-1024020	ENSG00000187608	ISG15	chr1	1023520	1024020	1001137	+	22633	immune	method5_re2g	0.9972545674319512	0.9972545674319512	1
chr1:1023520-1024020	ENSG00000187642	PERM1	chr1	1023520	1024020	982116	-	41654	immune	method5_re2g	0.3470258415051135	0.3470258415051135	1
chr1:1023520-1024020	ENSG00000188157	AGRN	chr1	1023520	1024020	1020119	+	3651	immune	method5_re2g	0.9985151147313647	0.9985151147313647	1
chr1:1023520-1024020	ENSG00000188290	HES4	chr1	1023520	1024020	1000171	-	23599	immune	method5_re2g	0.5888433055193194	0.5888433055193194	1
chr1:1023520-1024020	ENSG00000215915	ATAD3C	chr1	1023520	1024020	1449688	+	425918	immune	method5_re2g	0.7986085090592514	0.7986085090592514	1
chr1:1023520-1024020	ENSG00000237330	RNF223	chr1	1023520	1024020	1074305	-	50535	immune	method5_re2g	0.9978262246201943	0.9978262246201943	1
chr1:1023520-1024020	ENSG00000284662	OR4F16	chr1	1023520	1024020	686653	-	337117	immune	method5_re2g	0.8853854236519225	0.8853854236519225	1
chr1:1024030-1024530	ENSG00000131591	C1orf159	chr1	1024030	1024530	1116360	-	92080	immune	method5_re2g	0.9947732395169349	0.9947732395169349	1
chr1:1024030-1024530	ENSG00000162571	TTLL10	chr1	1024030	1024530	1173879	+	149599	immune	method5_re2g	0.4935021358233404	0.4935021358233404	1
chr1:1024030-1024530	ENSG00000186891	TNFRSF18	chr1	1024030	1024530	1206591	-	182311	immune	method5_re2g	0.25313969157883076	0.25313969157883076	1
chr1:1024030-1024530	ENSG00000187583	PLEKHN1	chr1	1024030	1024530	966481	+	57799	immune	method5_re2g	0.18851337725643186	0.18851337725643186	1
chr1:1024030-1024530	ENSG00000187608	ISG15	chr1	1024030	1024530	1001137	+	23143	immune	method5_re2g	0.997249577463735	0.997249577463735	1
chr1:1024030-1024530	ENSG00000187642	PERM1	chr1	1024030	1024530	982116	-	42164	immune	method5_re2g	0.34693096946789354	0.34693096946789354	1
chr1:1024030-1024530	ENSG00000188157	AGRN	chr1	1024030	1024530	1020119	+	4161	immune	method5_re2g	0.9985320644249251	0.9985320644249251	1
chr1:1024030-1024530	ENSG00000188290	HES4	chr1	1024030	1024530	1000171	-	24109	immune	method5_re2g	0.5882178326471236	0.5882178326471236	1
chr1:1024030-1024530	ENSG00000215915	ATAD3C	chr1	1024030	1024530	1449688	+	425408	immune	method5_re2g	0.7978153860225204	0.7978153860225204	1
chr1:1024030-1024530	ENSG00000237330	RNF223	chr1	1024030	1024530	1074305	-	50025	immune	method5_re2g	0.9977745076129587	0.9977745076129587	1
chr1:1024030-1024530	ENSG00000284662	OR4F16	chr1	1024030	1024530	686653	-	337627	immune	method5_re2g	0.8842317838014282	0.8842317838014282	1
chr1:1024606-1025106	ENSG00000131591	C1orf159	chr1	1024606	1025106	1116360	-	91504	immune	method5_re2g	0.9946157180831354	0.9946157180831354	1
chr1:1024606-1025106	ENSG00000162571	TTLL10	chr1	1024606	1025106	1173879	+	149023	immune	method5_re2g	0.4866929842584493	0.4866929842584493	1
chr1:1024606-1025106	ENSG00000186891	TNFRSF18	chr1	1024606	1025106	1206591	-	181735	immune	method5_re2g	0.24748609913243436	0.24748609913243436	1
chr1:1024606-1025106	ENSG00000187583	PLEKHN1	chr1	1024606	1025106	966481	+	58375	immune	method5_re2g	0.1886765423271958	0.1886765423271958	1
chr1:1024606-1025106	ENSG00000187608	ISG15	chr1	1024606	1025106	1001137	+	23719	immune	method5_re2g	0.9972946937734506	0.9972946937734506	1
chr1:1024606-1025106	ENSG00000187642	PERM1	chr1	1024606	1025106	982116	-	42740	immune	method5_re2g	0.34937733578008034	0.34937733578008034	1
chr1:1024606-1025106	ENSG00000188157	AGRN	chr1	1024606	1025106	1020119	+	4737	immune	method5_re2g	0.998586734760649	0.998586734760649	1
chr1:1024606-1025106	ENSG00000188290	HES4	chr1	1024606	1025106	1000171	-	24685	immune	method5_re2g	0.5918727859932693	0.5918727859932693	1
chr1:1024606-1025106	ENSG00000215915	ATAD3C	chr1	1024606	1025106	1449688	+	424832	immune	method5_re2g	0.7931652196492239	0.7931652196492239	1
chr1:1024606-1025106	ENSG00000237330	RNF223	chr1	1024606	1025106	1074305	-	49449	immune	method5_re2g	0.9977282952014175	0.9977282952014175	1
chr1:1024606-1025106	ENSG00000284662	OR4F16	chr1	1024606	1025106	686653	-	338203	immune	method5_re2g	0.8848682414216643	0.8848682414216643	1
chr1:1025228-1025728	ENSG00000131591	C1orf159	chr1	1025228	1025728	1116360	-	90882	immune	method5_re2g	0.9944014405036974	0.9944014405036974	1
chr1:1025228-1025728	ENSG00000162571	TTLL10	chr1	1025228	1025728	1173879	+	148401	immune	method5_re2g	0.47851470771438714	0.47851470771438714	1
chr1:1025228-1025728	ENSG00000186891	TNFRSF18	chr1	1025228	1025728	1206591	-	181113	immune	method5_re2g	0.24210169345453744	0.24210169345453744	1
chr1:1025228-1025728	ENSG00000187583	PLEKHN1	chr1	1025228	1025728	966481	+	58997	immune	method5_re2g	0.18442474736173312	0.18442474736173312	1
chr1:1025228-1025728	ENSG00000187608	ISG15	chr1	1025228	1025728	1001137	+	24341	immune	method5_re2g	0.9971760037996499	0.9971760037996499	1
chr1:1025228-1025728	ENSG00000187642	PERM1	chr1	1025228	1025728	982116	-	43362	immune	method5_re2g	0.34131547680369406	0.34131547680369406	1
chr1:1025228-1025728	ENSG00000188157	AGRN	chr1	1025228	1025728	1020119	+	5359	immune	method5_re2g	0.9984597219766618	0.9984597219766618	1
chr1:1025228-1025728	ENSG00000188290	HES4	chr1	1025228	1025728	1000171	-	25307	immune	method5_re2g	0.5814309833070109	0.5814309833070109	1
chr1:1025228-1025728	ENSG00000215915	ATAD3C	chr1	1025228	1025728	1449688	+	424210	immune	method5_re2g	0.7889427186992775	0.7889427186992775	1
chr1:1025228-1025728	ENSG00000237330	RNF223	chr1	1025228	1025728	1074305	-	48827	immune	method5_re2g	0.9976128809122995	0.9976128809122995	1
chr1:1025228-1025728	ENSG00000284662	OR4F16	chr1	1025228	1025728	686653	-	338825	immune	method5_re2g	0.880329416754947	0.880329416754947	1
chr1:1026308-1026808	ENSG00000131591	C1orf159	chr1	1026308	1026808	1116360	-	89802	immune	method5_re2g	0.994254395474814	0.994254395474814	1
chr1:1026308-1026808	ENSG00000162571	TTLL10	chr1	1026308	1026808	1173879	+	147321	immune	method5_re2g	0.47272488190467254	0.47272488190467254	1
chr1:1026308-1026808	ENSG00000186891	TNFRSF18	chr1	1026308	1026808	1206591	-	180033	immune	method5_re2g	0.23791179465414095	0.23791179465414095	1
chr1:1026308-1026808	ENSG00000187583	PLEKHN1	chr1	1026308	1026808	966481	+	60077	immune	method5_re2g	0.18121274637538892	0.18121274637538892	1
chr1:1026308-1026808	ENSG00000187608	ISG15	chr1	1026308	1026808	1001137	+	25421	immune	method5_re2g	0.9970663215951542	0.9970663215951542	1
chr1:1026308-1026808	ENSG00000187642	PERM1	chr1	1026308	1026808	982116	-	44442	immune	method5_re2g	0.33551717942242554	0.33551717942242554	1
chr1:1026308-1026808	ENSG00000188157	AGRN	chr1	1026308	1026808	1020119	+	6439	immune	method5_re2g	0.9982462117313136	0.9982462117313136	1
chr1:1026308-1026808	ENSG00000188290	HES4	chr1	1026308	1026808	1000171	-	26387	immune	method5_re2g	0.572201632538714	0.572201632538714	1
chr1:1026308-1026808	ENSG00000215915	ATAD3C	chr1	1026308	1026808	1449688	+	423130	immune	method5_re2g	0.7852976199942011	0.7852976199942011	1
chr1:1026308-1026808	ENSG00000237330	RNF223	chr1	1026308	1026808	1074305	-	47747	immune	method5_re2g	0.9975576132598597	0.9975576132598597	1
chr1:1026308-1026808	ENSG00000284662	OR4F16	chr1	1026308	1026808	686653	-	339905	immune	method5_re2g	0.8781186804573027	0.8781186804573027	1
chr1:1026942-1027442	ENSG00000131591	C1orf159	chr1	1026942	1027442	1116360	-	89168	immune	method5_re2g	0.9940941162230404	0.9940941162230404	1
chr1:1026942-1027442	ENSG00000162571	TTLL10	chr1	1026942	1027442	1173879	+	146687	immune	method5_re2g	0.4676491854097045	0.4676491854097045	1
chr1:1026942-1027442	ENSG00000186891	TNFRSF18	chr1	1026942	1027442	1206591	-	179399	immune	method5_re2g	0.23502501793981276	0.23502501793981276	1
chr1:1026942-1027442	ENSG00000187608	ISG15	chr1	1026942	1027442	1001137	+	26055	immune	method5_re2g	0.9969590473144284	0.9969590473144284	1
chr1:1026942-1027442	ENSG00000187642	PERM1	chr1	1026942	1027442	982116	-	45076	immune	method5_re2g	0.3293559081726569	0.3293559081726569	1
chr1:1026942-1027442	ENSG00000188157	AGRN	chr1	1026942	1027442	1020119	+	7073	immune	method5_re2g	0.9981081678664495	0.9981081678664495	1
chr1:1026942-1027442	ENSG00000188290	HES4	chr1	1026942	1027442	1000171	-	27021	immune	method5_re2g	0.5634140392814968	0.5634140392814968	1
chr1:1026942-1027442	ENSG00000215915	ATAD3C	chr1	1026942	1027442	1449688	+	422496	immune	method5_re2g	0.783250195535303	0.783250195535303	1
chr1:1026942-1027442	ENSG00000237330	RNF223	chr1	1026942	1027442	1074305	-	47113	immune	method5_re2g	0.9974553449266899	0.9974553449266899	1
chr1:1026942-1027442	ENSG00000284662	OR4F16	chr1	1026942	1027442	686653	-	340539	immune	method5_re2g	0.874155492049197	0.874155492049197	1
chr1:1031790-1032290	ENSG00000131591	C1orf159	chr1	1031790	1032290	1116360	-	84320	immune	method5_re2g	0.9946980415139358	0.9946980415139358	1
chr1:1031790-1032290	ENSG00000162571	TTLL10	chr1	1031790	1032290	1173879	+	141839	immune	method5_re2g	0.489339984419234	0.489339984419234	1
chr1:1031790-1032290	ENSG00000186891	TNFRSF18	chr1	1031790	1032290	1206591	-	174551	immune	method5_re2g	0.24837630825201779	0.24837630825201779	1
chr1:1031790-1032290	ENSG00000187583	PLEKHN1	chr1	1031790	1032290	966481	+	65559	immune	method5_re2g	0.18144236026209556	0.18144236026209556	1
chr1:1031790-1032290	ENSG00000187608	ISG15	chr1	1031790	1032290	1001137	+	30903	immune	method5_re2g	0.9967980023236279	0.9967980023236279	1
chr1:1031790-1032290	ENSG00000187642	PERM1	chr1	1031790	1032290	982116	-	49924	immune	method5_re2g	0.33157056771601706	0.33157056771601706	1
chr1:1031790-1032290	ENSG00000188157	AGRN	chr1	1031790	1032290	1020119	+	11921	immune	method5_re2g	0.9972317000466007	0.9972317000466007	1
chr1:1031790-1032290	ENSG00000188290	HES4	chr1	1031790	1032290	1000171	-	31869	immune	method5_re2g	0.551708602833687	0.551708602833687	1
chr1:1031790-1032290	ENSG00000215915	ATAD3C	chr1	1031790	1032290	1449688	+	417648	immune	method5_re2g	0.7929967303134057	0.7929967303134057	1
chr1:1031790-1032290	ENSG00000237330	RNF223	chr1	1031790	1032290	1074305	-	42265	immune	method5_re2g	0.997896348687417	0.997896348687417	1
chr1:1031790-1032290	ENSG00000284662	OR4F16	chr1	1031790	1032290	686653	-	345387	immune	method5_re2g	0.8851779196436215	0.8851779196436215	1
chr1:1032362-1032862	ENSG00000131591	C1orf159	chr1	1032362	1032862	1116360	-	83748	immune	method5_re2g	0.9953327452812657	0.9953327452812657	1
chr1:1032362-1032862	ENSG00000162571	TTLL10	chr1	1032362	1032862	1173879	+	141267	immune	method5_re2g	0.5161106855234533	0.5161106855234533	1
chr1:1032362-1032862	ENSG00000186827	TNFRSF4	chr1	1032362	1032862	1214152	-	181540	immune	method5_re2g	0.18154945349982976	0.18154945349982976	1
chr1:1032362-1032862	ENSG00000186891	TNFRSF18	chr1	1032362	1032862	1206591	-	173979	immune	method5_re2g	0.26133359947959023	0.26133359947959023	1
chr1:1032362-1032862	ENSG00000187583	PLEKHN1	chr1	1032362	1032862	966481	+	66131	immune	method5_re2g	0.21628058540871586	0.21628058540871586	1
chr1:1032362-1032862	ENSG00000187608	ISG15	chr1	1032362	1032862	1001137	+	31475	immune	method5_re2g	0.9976919497359833	0.9976919497359833	1
chr1:1032362-1032862	ENSG00000187642	PERM1	chr1	1032362	1032862	982116	-	50496	immune	method5_re2g	0.39942622854182086	0.39942622854182086	1
chr1:1032362-1032862	ENSG00000188157	AGRN	chr1	1032362	1032862	1020119	+	12493	immune	method5_re2g	0.9982434183295815	0.9982434183295815	1
chr1:1032362-1032862	ENSG00000188290	HES4	chr1	1032362	1032862	1000171	-	32441	immune	method5_re2g	0.6297649142059446	0.6297649142059446	1
chr1:1032362-1032862	ENSG00000215915	ATAD3C	chr1	1032362	1032862	1449688	+	417076	immune	method5_re2g	0.802200680137098	0.802200680137098	1
chr1:1032362-1032862	ENSG00000237330	RNF223	chr1	1032362	1032862	1074305	-	41693	immune	method5_re2g	0.9983666218266354	0.9983666218266354	1
chr1:1032362-1032862	ENSG00000284662	OR4F16	chr1	1032362	1032862	686653	-	345959	immune	method5_re2g	0.9153794515258111	0.9153794515258111	1
chr1:1032939-1033439	ENSG00000131591	C1orf159	chr1	1032939	1033439	1116360	-	83171	immune	method5_re2g	0.9975828664000023	0.9975828664000023	1
chr1:1032939-1033439	ENSG00000162571	TTLL10	chr1	1032939	1033439	1173879	+	140690	immune	method5_re2g	0.651268409730266	0.651268409730266	1
chr1:1032939-1033439	ENSG00000184163	C1QTNF12	chr1	1032939	1033439	1246721	-	213532	immune	method5_re2g	0.18576817491636338	0.18576817491636338	1
chr1:1032939-1033439	ENSG00000186827	TNFRSF4	chr1	1032939	1033439	1214152	-	180963	immune	method5_re2g	0.24411736422995148	0.24411736422995148	1
chr1:1032939-1033439	ENSG00000186891	TNFRSF18	chr1	1032939	1033439	1206591	-	173402	immune	method5_re2g	0.3426751884101078	0.3426751884101078	1
chr1:1032939-1033439	ENSG00000187583	PLEKHN1	chr1	1032939	1033439	966481	+	66708	immune	method5_re2g	0.4079112743707685	0.4079112743707685	1
chr1:1032939-1033439	ENSG00000187608	ISG15	chr1	1032939	1033439	1001137	+	32052	immune	method5_re2g	0.9993111565543696	0.9993111565543696	1
chr1:1032939-1033439	ENSG00000187634	SAMD11	chr1	1032939	1033439	923922	+	109267	immune	method5_re2g	0.2370537725855352	0.2370537725855352	1
chr1:1032939-1033439	ENSG00000187642	PERM1	chr1	1032939	1033439	982116	-	51073	immune	method5_re2g	0.6722618613539553	0.6722618613539553	1
chr1:1032939-1033439	ENSG00000187961	KLHL17	chr1	1032939	1033439	960583	+	72606	immune	method5_re2g	0.31351935142308884	0.31351935142308884	1
chr1:1032939-1033439	ENSG00000188157	AGRN	chr1	1032939	1033439	1020119	+	13070	immune	method5_re2g	0.9995909351899505	0.9995909351899505	1
chr1:1032939-1033439	ENSG00000188290	HES4	chr1	1032939	1033439	1000171	-	33018	immune	method5_re2g	0.8496406688769985	0.8496406688769985	1
chr1:1032939-1033439	ENSG00000188976	NOC2L	chr1	1032939	1033439	959308	-	73881	immune	method5_re2g	0.2631354310473622	0.2631354310473622	1
chr1:1032939-1033439	ENSG00000215915	ATAD3C	chr1	1032939	1033439	1449688	+	416499	immune	method5_re2g	0.8485105297164102	0.8485105297164102	1
chr1:1032939-1033439	ENSG00000237330	RNF223	chr1	1032939	1033439	1074305	-	41116	immune	method5_re2g	0.9994410770414223	0.9994410770414223	1
chr1:1032939-1033439	ENSG00000284662	OR4F16	chr1	1032939	1033439	686653	-	346536	immune	method5_re2g	0.974388035602552	0.974388035602552	1
chr1:1033915-1034415	ENSG00000131591	C1orf159	chr1	1033915	1034415	1116360	-	82195	immune	method5_re2g	0.9951197637344338	0.9951197637344338	1
chr1:1033915-1034415	ENSG00000162571	TTLL10	chr1	1033915	1034415	1173879	+	139714	immune	method5_re2g	0.5085586501797338	0.5085586501797338	1
chr1:1033915-1034415	ENSG00000186891	TNFRSF18	chr1	1033915	1034415	1206591	-	172426	immune	method5_re2g	0.2574464678017652	0.2574464678017652	1
chr1:1033915-1034415	ENSG00000187583	PLEKHN1	chr1	1033915	1034415	966481	+	67684	immune	method5_re2g	0.21025535630407086	0.21025535630407086	1
chr1:1033915-1034415	ENSG00000187608	ISG15	chr1	1033915	1034415	1001137	+	33028	immune	method5_re2g	0.9975225491839024	0.9975225491839024	1
chr1:1033915-1034415	ENSG00000187642	PERM1	chr1	1033915	1034415	982116	-	52049	immune	method5_re2g	0.3861154792591898	0.3861154792591898	1
chr1:1033915-1034415	ENSG00000188157	AGRN	chr1	1033915	1034415	1020119	+	14046	immune	method5_re2g	0.9980478940793207	0.9980478940793207	1
chr1:1033915-1034415	ENSG00000188290	HES4	chr1	1033915	1034415	1000171	-	33994	immune	method5_re2g	0.6131747538539957	0.6131747538539957	1
chr1:1033915-1034415	ENSG00000215915	ATAD3C	chr1	1033915	1034415	1449688	+	415523	immune	method5_re2g	0.8001899548782919	0.8001899548782919	1
chr1:1033915-1034415	ENSG00000237330	RNF223	chr1	1033915	1034415	1074305	-	40140	immune	method5_re2g	0.9982533496055556	0.9982533496055556	1
chr1:1033915-1034415	ENSG00000284662	OR4F16	chr1	1033915	1034415	686653	-	347512	immune	method5_re2g	0.9100292352214758	0.9100292352214758	1
chr1:1034697-1035197	ENSG00000131591	C1orf159	chr1	1034697	1035197	1116360	-	81413	immune	method5_re2g	0.9946225123291716	0.9946225123291716	1
chr1:1034697-1035197	ENSG00000162571	TTLL10	chr1	1034697	1035197	1173879	+	138932	immune	method5_re2g	0.48977963341308123	0.48977963341308123	1
chr1:1034697-1035197	ENSG00000186891	TNFRSF18	chr1	1034697	1035197	1206591	-	171644	immune	method5_re2g	0.2481875211551981	0.2481875211551981	1
chr1:1034697-1035197	ENSG00000187583	PLEKHN1	chr1	1034697	1035197	966481	+	68466	immune	method5_re2g	0.19016040524605254	0.19016040524605254	1
chr1:1034697-1035197	ENSG00000187608	ISG15	chr1	1034697	1035197	1001137	+	33810	immune	method5_re2g	0.9969852942880096	0.9969852942880096	1
chr1:1034697-1035197	ENSG00000187642	PERM1	chr1	1034697	1035197	982116	-	52831	immune	method5_re2g	0.34586998274463576	0.34586998274463576	1
chr1:1034697-1035197	ENSG00000188157	AGRN	chr1	1034697	1035197	1020119	+	14828	immune	method5_re2g	0.9974545870965863	0.9974545870965863	1
chr1:1034697-1035197	ENSG00000188290	HES4	chr1	1034697	1035197	1000171	-	34776	immune	method5_re2g	0.5661280755763086	0.5661280755763086	1
chr1:1034697-1035197	ENSG00000215915	ATAD3C	chr1	1034697	1035197	1449688	+	414741	immune	method5_re2g	0.7941222592759534	0.7941222592759534	1
chr1:1034697-1035197	ENSG00000237330	RNF223	chr1	1034697	1035197	1074305	-	39358	immune	method5_re2g	0.997907317571781	0.997907317571781	1
chr1:1034697-1035197	ENSG00000284662	OR4F16	chr1	1034697	1035197	686653	-	348294	immune	method5_re2g	0.8911380013084954	0.8911380013084954	1
chr1:1035538-1036038	ENSG00000131591	C1orf159	chr1	1035538	1036038	1116360	-	80572	immune	method5_re2g	0.9945691785501388	0.9945691785501388	1
chr1:1035538-1036038	ENSG00000162571	TTLL10	chr1	1035538	1036038	1173879	+	138091	immune	method5_re2g	0.4887030412731619	0.4887030412731619	1
chr1:1035538-1036038	ENSG00000186891	TNFRSF18	chr1	1035538	1036038	1206591	-	170803	immune	method5_re2g	0.247702742416946	0.247702742416946	1
chr1:1035538-1036038	ENSG00000187583	PLEKHN1	chr1	1035538	1036038	966481	+	69307	immune	method5_re2g	0.190199180016986	0.190199180016986	1
chr1:1035538-1036038	ENSG00000187608	ISG15	chr1	1035538	1036038	1001137	+	34651	immune	method5_re2g	0.9969589095031244	0.9969589095031244	1
chr1:1035538-1036038	ENSG00000187642	PERM1	chr1	1035538	1036038	982116	-	53672	immune	method5_re2g	0.34496206642681865	0.34496206642681865	1
chr1:1035538-1036038	ENSG00000188157	AGRN	chr1	1035538	1036038	1020119	+	15669	immune	method5_re2g	0.997406038951542	0.997406038951542	1
chr1:1035538-1036038	ENSG00000188290	HES4	chr1	1035538	1036038	1000171	-	35617	immune	method5_re2g	0.5639782292679497	0.5639782292679497	1
chr1:1035538-1036038	ENSG00000215915	ATAD3C	chr1	1035538	1036038	1449688	+	413900	immune	method5_re2g	0.7941187153547637	0.7941187153547637	1
chr1:1035538-1036038	ENSG00000237330	RNF223	chr1	1035538	1036038	1074305	-	38517	immune	method5_re2g	0.9978812477379645	0.9978812477379645	1
chr1:1035538-1036038	ENSG00000284662	OR4F16	chr1	1035538	1036038	686653	-	349135	immune	method5_re2g	0.8905381235773048	0.8905381235773048	1
chr1:1036599-1037099	ENSG00000131591	C1orf159	chr1	1036599	1037099	1116360	-	79511	immune	method5_re2g	0.9944366028769528	0.9944366028769528	1
chr1:1036599-1037099	ENSG00000162571	TTLL10	chr1	1036599	1037099	1173879	+	137030	immune	method5_re2g	0.4851135318045613	0.4851135318045613	1
chr1:1036599-1037099	ENSG00000186891	TNFRSF18	chr1	1036599	1037099	1206591	-	169742	immune	method5_re2g	0.24663216277408948	0.24663216277408948	1
chr1:1036599-1037099	ENSG00000187583	PLEKHN1	chr1	1036599	1037099	966481	+	70368	immune	method5_re2g	0.1854955074292342	0.1854955074292342	1
chr1:1036599-1037099	ENSG00000187608	ISG15	chr1	1036599	1037099	1001137	+	35712	immune	method5_re2g	0.9967648153812729	0.9967648153812729	1
chr1:1036599-1037099	ENSG00000187642	PERM1	chr1	1036599	1037099	982116	-	54733	immune	method5_re2g	0.3338207440238928	0.3338207440238928	1
chr1:1036599-1037099	ENSG00000188157	AGRN	chr1	1036599	1037099	1020119	+	16730	immune	method5_re2g	0.9971402213481003	0.9971402213481003	1
chr1:1036599-1037099	ENSG00000188290	HES4	chr1	1036599	1037099	1000171	-	36678	immune	method5_re2g	0.5488769919158215	0.5488769919158215	1
chr1:1036599-1037099	ENSG00000215915	ATAD3C	chr1	1036599	1037099	1449688	+	412839	immune	method5_re2g	0.7939064812236163	0.7939064812236163	1
chr1:1036599-1037099	ENSG00000237330	RNF223	chr1	1036599	1037099	1074305	-	37456	immune	method5_re2g	0.997772319568735	0.997772319568735	1
chr1:1036599-1037099	ENSG00000284662	OR4F16	chr1	1036599	1037099	686653	-	350196	immune	method5_re2g	0.8844422173805448	0.8844422173805448	1
chr1:1037160-1037660	ENSG00000131591	C1orf159	chr1	1037160	1037660	1116360	-	78950	immune	method5_re2g	0.9943091938365985	0.9943091938365985	1
chr1:1037160-1037660	ENSG00000162571	TTLL10	chr1	1037160	1037660	1173879	+	136469	immune	method5_re2g	0.48163666761875845	0.48163666761875845	1
chr1:1037160-1037660	ENSG00000186891	TNFRSF18	chr1	1037160	1037660	1206591	-	169181	immune	method5_re2g	0.24472531744902057	0.24472531744902057	1
chr1:1037160-1037660	ENSG00000187583	PLEKHN1	chr1	1037160	1037660	966481	+	70929	immune	method5_re2g	0.18467093795725126	0.18467093795725126	1
chr1:1037160-1037660	ENSG00000187608	ISG15	chr1	1037160	1037660	1001137	+	36273	immune	method5_re2g	0.9967236030541273	0.9967236030541273	1
chr1:1037160-1037660	ENSG00000187642	PERM1	chr1	1037160	1037660	982116	-	55294	immune	method5_re2g	0.33144103029212946	0.33144103029212946	1
chr1:1037160-1037660	ENSG00000188157	AGRN	chr1	1037160	1037660	1020119	+	17291	immune	method5_re2g	0.9970997923178951	0.9970997923178951	1
chr1:1037160-1037660	ENSG00000188290	HES4	chr1	1037160	1037660	1000171	-	37239	immune	method5_re2g	0.5457000194619176	0.5457000194619176	1
chr1:1037160-1037660	ENSG00000215915	ATAD3C	chr1	1037160	1037660	1449688	+	412278	immune	method5_re2g	0.7929103081455927	0.7929103081455927	1
chr1:1037160-1037660	ENSG00000237330	RNF223	chr1	1037160	1037660	1074305	-	36895	immune	method5_re2g	0.9976890486146408	0.9976890486146408	1
chr1:1037160-1037660	ENSG00000284662	OR4F16	chr1	1037160	1037660	686653	-	350757	immune	method5_re2g	0.8822756048288112	0.8822756048288112	1
chr1:1037956-1038456	ENSG00000131591	C1orf159	chr1	1037956	1038456	1116360	-	78154	immune	method5_re2g	0.9942800234982592	0.9942800234982592	1
chr1:1037956-1038456	ENSG00000162571	TTLL10	chr1	1037956	1038456	1173879	+	135673	immune	method5_re2g	0.480405348062227	0.480405348062227	1
chr1:1037956-1038456	ENSG00000186891	TNFRSF18	chr1	1037956	1038456	1206591	-	168385	immune	method5_re2g	0.24255982965236517	0.24255982965236517	1
chr1:1037956-1038456	ENSG00000187583	PLEKHN1	chr1	1037956	1038456	966481	+	71725	immune	method5_re2g	0.18761210500941242	0.18761210500941242	1
chr1:1037956-1038456	ENSG00000187608	ISG15	chr1	1037956	1038456	1001137	+	37069	immune	method5_re2g	0.9968325076930338	0.9968325076930338	1
chr1:1037956-1038456	ENSG00000187642	PERM1	chr1	1037956	1038456	982116	-	56090	immune	method5_re2g	0.3384662107567889	0.3384662107567889	1
chr1:1037956-1038456	ENSG00000188157	AGRN	chr1	1037956	1038456	1020119	+	18087	immune	method5_re2g	0.9972311478742474	0.9972311478742474	1
chr1:1037956-1038456	ENSG00000188290	HES4	chr1	1037956	1038456	1000171	-	38035	immune	method5_re2g	0.5538948687994141	0.5538948687994141	1
chr1:1037956-1038456	ENSG00000215915	ATAD3C	chr1	1037956	1038456	1449688	+	411482	immune	method5_re2g	0.7909336553532014	0.7909336553532014	1
chr1:1037956-1038456	ENSG00000237330	RNF223	chr1	1037956	1038456	1074305	-	36099	immune	method5_re2g	0.9977424633686552	0.9977424633686552	1
chr1:1037956-1038456	ENSG00000284662	OR4F16	chr1	1037956	1038456	686653	-	351553	immune	method5_re2g	0.886835849775139	0.886835849775139	1
chr1:1038737-1039237	ENSG00000131591	C1orf159	chr1	1038737	1039237	1116360	-	77373	immune	method5_re2g	0.9948620654194172	0.9948620654194172	1
chr1:1038737-1039237	ENSG00000162571	TTLL10	chr1	1038737	1039237	1173879	+	134892	immune	method5_re2g	0.5026983507059961	0.5026983507059961	1
chr1:1038737-1039237	ENSG00000186891	TNFRSF18	chr1	1038737	1039237	1206591	-	167604	immune	method5_re2g	0.25313296151627984	0.25313296151627984	1
chr1:1038737-1039237	ENSG00000187583	PLEKHN1	chr1	1038737	1039237	966481	+	72506	immune	method5_re2g	0.21366374055799334	0.21366374055799334	1
chr1:1038737-1039237	ENSG00000187608	ISG15	chr1	1038737	1039237	1001137	+	37850	immune	method5_re2g	0.9974860548187213	0.9974860548187213	1
chr1:1038737-1039237	ENSG00000187642	PERM1	chr1	1038737	1039237	982116	-	56871	immune	method5_re2g	0.3883181285373499	0.3883181285373499	1
chr1:1038737-1039237	ENSG00000188157	AGRN	chr1	1038737	1039237	1020119	+	18868	immune	method5_re2g	0.9979204466768634	0.9979204466768634	1
chr1:1038737-1039237	ENSG00000188290	HES4	chr1	1038737	1039237	1000171	-	38816	immune	method5_re2g	0.6095808861862854	0.6095808861862854	1
chr1:1038737-1039237	ENSG00000215915	ATAD3C	chr1	1038737	1039237	1449688	+	410701	immune	method5_re2g	0.7985873421609989	0.7985873421609989	1
chr1:1038737-1039237	ENSG00000237330	RNF223	chr1	1038737	1039237	1074305	-	35318	immune	method5_re2g	0.9982036880582016	0.9982036880582016	1
chr1:1038737-1039237	ENSG00000284662	OR4F16	chr1	1038737	1039237	686653	-	352334	immune	method5_re2g	0.911454594929618	0.911454594929618	1
chr1:1039350-1039850	ENSG00000131591	C1orf159	chr1	1039350	1039850	1116360	-	76760	immune	method5_re2g	0.9944435576363113	0.9944435576363113	1
chr1:1039350-1039850	ENSG00000162571	TTLL10	chr1	1039350	1039850	1173879	+	134279	immune	method5_re2g	0.48806160820213007	0.48806160820213007	1
chr1:1039350-1039850	ENSG00000186891	TNFRSF18	chr1	1039350	1039850	1206591	-	166991	immune	method5_re2g	0.24562265970184266	0.24562265970184266	1
chr1:1039350-1039850	ENSG00000187583	PLEKHN1	chr1	1039350	1039850	966481	+	73119	immune	method5_re2g	0.20042715525643368	0.20042715525643368	1
chr1:1039350-1039850	ENSG00000187608	ISG15	chr1	1039350	1039850	1001137	+	38463	immune	method5_re2g	0.9971646488452577	0.9971646488452577	1
chr1:1039350-1039850	ENSG00000187642	PERM1	chr1	1039350	1039850	982116	-	57484	immune	method5_re2g	0.3625823955876402	0.3625823955876402	1
chr1:1039350-1039850	ENSG00000188157	AGRN	chr1	1039350	1039850	1020119	+	19481	immune	method5_re2g	0.9975820802830826	0.9975820802830826	1
chr1:1039350-1039850	ENSG00000188290	HES4	chr1	1039350	1039850	1000171	-	39429	immune	method5_re2g	0.5807798377574457	0.5807798377574457	1
chr1:1039350-1039850	ENSG00000215915	ATAD3C	chr1	1039350	1039850	1449688	+	410088	immune	method5_re2g	0.7936567053310147	0.7936567053310147	1
chr1:1039350-1039850	ENSG00000237330	RNF223	chr1	1039350	1039850	1074305	-	34705	immune	method5_re2g	0.9979262245312684	0.9979262245312684	1
chr1:1039350-1039850	ENSG00000284662	OR4F16	chr1	1039350	1039850	686653	-	352947	immune	method5_re2g	0.8993163210014241	0.8993163210014241	1
chr1:1039885-1040385	ENSG00000131591	C1orf159	chr1	1039885	1040385	1116360	-	76225	immune	method5_re2g	0.9948361672855682	0.9948361672855682	1
chr1:1039885-1040385	ENSG00000162571	TTLL10	chr1	1039885	1040385	1173879	+	133744	immune	method5_re2g	0.5036715861570321	0.5036715861570321	1
chr1:1039885-1040385	ENSG00000186891	TNFRSF18	chr1	1039885	1040385	1206591	-	166456	immune	method5_re2g	0.25272868362422174	0.25272868362422174	1
chr1:1039885-1040385	ENSG00000187583	PLEKHN1	chr1	1039885	1040385	966481	+	73654	immune	method5_re2g	0.2208206841344431	0.2208206841344431	1
chr1:1039885-1040385	ENSG00000187608	ISG15	chr1	1039885	1040385	1001137	+	38998	immune	method5_re2g	0.9976145941141187	0.9976145941141187	1
chr1:1039885-1040385	ENSG00000187642	PERM1	chr1	1039885	1040385	982116	-	58019	immune	method5_re2g	0.4006531450131566	0.4006531450131566	1
chr1:1039885-1040385	ENSG00000188157	AGRN	chr1	1039885	1040385	1020119	+	20016	immune	method5_re2g	0.9980464974032456	0.9980464974032456	1
