peak_id	gene_id	gene_name	chrom	peak_start	peak_end	tss_pos	strand	distance_bp	compartment	method	score	rE2G_probability	rE2G_binary
chr1:817083-817583	ENSG00000187583	PLEKHN1	chr1	817083	817583	966481	+	149148	stromal	method5_re2g	0.22922424735011457	0.22922424735011457	1
chr1:817083-817583	ENSG00000187634	SAMD11	chr1	817083	817583	923922	+	106589	stromal	method5_re2g	0.9922601255469025	0.9922601255469025	1
chr1:817083-817583	ENSG00000187961	KLHL17	chr1	817083	817583	960583	+	143250	stromal	method5_re2g	0.38475625052701484	0.38475625052701484	1
chr1:817083-817583	ENSG00000188976	NOC2L	chr1	817083	817583	959308	-	141975	stromal	method5_re2g	0.9935491138998098	0.9935491138998098	1
chr1:817083-817583	ENSG00000284662	OR4F16	chr1	817083	817583	686653	-	130680	stromal	method5_re2g	0.9553947871960272	0.9553947871960272	1
chr1:817083-817583	ENSG00000284733	OR4F29	chr1	817083	817583	451677	-	365656	stromal	method5_re2g	0.938638667285438	0.938638667285438	1
chr1:817794-818294	ENSG00000187583	PLEKHN1	chr1	817794	818294	966481	+	148437	stromal	method5_re2g	0.22378106233059697	0.22378106233059697	1
chr1:817794-818294	ENSG00000187634	SAMD11	chr1	817794	818294	923922	+	105878	stromal	method5_re2g	0.9918570892281835	0.9918570892281835	1
chr1:817794-818294	ENSG00000187961	KLHL17	chr1	817794	818294	960583	+	142539	stromal	method5_re2g	0.3773559182538318	0.3773559182538318	1
chr1:817794-818294	ENSG00000188976	NOC2L	chr1	817794	818294	959308	-	141264	stromal	method5_re2g	0.9933413980703985	0.9933413980703985	1
chr1:817794-818294	ENSG00000284662	OR4F16	chr1	817794	818294	686653	-	131391	stromal	method5_re2g	0.9992866379443397	0.9992866379443397	1
chr1:817794-818294	ENSG00000284733	OR4F29	chr1	817794	818294	451677	-	366367	stromal	method5_re2g	0.9989543967941902	0.9989543967941902	1
chr1:818513-819013	ENSG00000187583	PLEKHN1	chr1	818513	819013	966481	+	147718	stromal	method5_re2g	0.21748096745091694	0.21748096745091694	1
chr1:818513-819013	ENSG00000187634	SAMD11	chr1	818513	819013	923922	+	105159	stromal	method5_re2g	0.9913717147035246	0.9913717147035246	1
chr1:818513-819013	ENSG00000187961	KLHL17	chr1	818513	819013	960583	+	141820	stromal	method5_re2g	0.36872016250686296	0.36872016250686296	1
chr1:818513-819013	ENSG00000188976	NOC2L	chr1	818513	819013	959308	-	140545	stromal	method5_re2g	0.9930889255408767	0.9930889255408767	1
chr1:818513-819013	ENSG00000284662	OR4F16	chr1	818513	819013	686653	-	132110	stromal	method5_re2g	0.9995603153182638	0.9995603153182638	1
chr1:818513-819013	ENSG00000284733	OR4F29	chr1	818513	819013	451677	-	367086	stromal	method5_re2g	0.9993144444961095	0.9993144444961095	1
chr1:819187-819687	ENSG00000187583	PLEKHN1	chr1	819187	819687	966481	+	147044	stromal	method5_re2g	0.20229120386476615	0.20229120386476615	1
chr1:819187-819687	ENSG00000187634	SAMD11	chr1	819187	819687	923922	+	104485	stromal	method5_re2g	0.9901260215914872	0.9901260215914872	1
chr1:819187-819687	ENSG00000187961	KLHL17	chr1	819187	819687	960583	+	141146	stromal	method5_re2g	0.3478315447498832	0.3478315447498832	1
chr1:819187-819687	ENSG00000188976	NOC2L	chr1	819187	819687	959308	-	139871	stromal	method5_re2g	0.9924312099187942	0.9924312099187942	1
chr1:819187-819687	ENSG00000284662	OR4F16	chr1	819187	819687	686653	-	132784	stromal	method5_re2g	0.9995064896525362	0.9995064896525362	1
chr1:819187-819687	ENSG00000284733	OR4F29	chr1	819187	819687	451677	-	367760	stromal	method5_re2g	0.9989756018130027	0.9989756018130027	1
chr1:819892-820392	ENSG00000187583	PLEKHN1	chr1	819892	820392	966481	+	146339	stromal	method5_re2g	0.20747258407671212	0.20747258407671212	1
chr1:819892-820392	ENSG00000187634	SAMD11	chr1	819892	820392	923922	+	103780	stromal	method5_re2g	0.9904682776315371	0.9904682776315371	1
chr1:819892-820392	ENSG00000187961	KLHL17	chr1	819892	820392	960583	+	140441	stromal	method5_re2g	0.35469307943917255	0.35469307943917255	1
chr1:819892-820392	ENSG00000188976	NOC2L	chr1	819892	820392	959308	-	139166	stromal	method5_re2g	0.9926510466763836	0.9926510466763836	1
chr1:819892-820392	ENSG00000284662	OR4F16	chr1	819892	820392	686653	-	133489	stromal	method5_re2g	0.9996992959350124	0.9996992959350124	1
chr1:819892-820392	ENSG00000284733	OR4F29	chr1	819892	820392	451677	-	368465	stromal	method5_re2g	0.9994686602258998	0.9994686602258998	1
chr1:820545-821045	ENSG00000187583	PLEKHN1	chr1	820545	821045	966481	+	145686	stromal	method5_re2g	0.20247498094666855	0.20247498094666855	1
chr1:820545-821045	ENSG00000187634	SAMD11	chr1	820545	821045	923922	+	103127	stromal	method5_re2g	0.989960252117165	0.989960252117165	1
chr1:820545-821045	ENSG00000187961	KLHL17	chr1	820545	821045	960583	+	139788	stromal	method5_re2g	0.34758743798450176	0.34758743798450176	1
chr1:820545-821045	ENSG00000188976	NOC2L	chr1	820545	821045	959308	-	138513	stromal	method5_re2g	0.9924155961788295	0.9924155961788295	1
chr1:820545-821045	ENSG00000284662	OR4F16	chr1	820545	821045	686653	-	134142	stromal	method5_re2g	0.9997179437084991	0.9997179437084991	1
chr1:820545-821045	ENSG00000284733	OR4F29	chr1	820545	821045	451677	-	369118	stromal	method5_re2g	0.9994574132952087	0.9994574132952087	1
chr1:821615-822115	ENSG00000187583	PLEKHN1	chr1	821615	822115	966481	+	144616	stromal	method5_re2g	0.2037148199035623	0.2037148199035623	1
chr1:821615-822115	ENSG00000187634	SAMD11	chr1	821615	822115	923922	+	102057	stromal	method5_re2g	0.9899692492217214	0.9899692492217214	1
chr1:821615-822115	ENSG00000187961	KLHL17	chr1	821615	822115	960583	+	138718	stromal	method5_re2g	0.34907274213630296	0.34907274213630296	1
chr1:821615-822115	ENSG00000188976	NOC2L	chr1	821615	822115	959308	-	137443	stromal	method5_re2g	0.9924610626921931	0.9924610626921931	1
chr1:821615-822115	ENSG00000284662	OR4F16	chr1	821615	822115	686653	-	135212	stromal	method5_re2g	0.9997762124423413	0.9997762124423413	1
chr1:821615-822115	ENSG00000284733	OR4F29	chr1	821615	822115	451677	-	370188	stromal	method5_re2g	0.9995920336238805	0.9995920336238805	1
chr1:822569-823069	ENSG00000187583	PLEKHN1	chr1	822569	823069	966481	+	143662	stromal	method5_re2g	0.20411747585534187	0.20411747585534187	1
chr1:822569-823069	ENSG00000187634	SAMD11	chr1	822569	823069	923922	+	101103	stromal	method5_re2g	0.989806244047983	0.989806244047983	1
chr1:822569-823069	ENSG00000187961	KLHL17	chr1	822569	823069	960583	+	137764	stromal	method5_re2g	0.3494868677773352	0.3494868677773352	1
chr1:822569-823069	ENSG00000188976	NOC2L	chr1	822569	823069	959308	-	136489	stromal	method5_re2g	0.9924703618300731	0.9924703618300731	1
chr1:822569-823069	ENSG00000284662	OR4F16	chr1	822569	823069	686653	-	136166	stromal	method5_re2g	0.9997911939655765	0.9997911939655765	1
chr1:822569-823069	ENSG00000284733	OR4F29	chr1	822569	823069	451677	-	371142	stromal	method5_re2g	0.9995978246127128	0.9995978246127128	1
chr1:827310-827810	ENSG00000187583	PLEKHN1	chr1	827310	827810	966481	+	138921	stromal	method5_re2g	0.3186321833221963	0.3186321833221963	1
chr1:827310-827810	ENSG00000187634	SAMD11	chr1	827310	827810	923922	+	96362	stromal	method5_re2g	0.9954071980241297	0.9954071980241297	1
chr1:827310-827810	ENSG00000187642	PERM1	chr1	827310	827810	982116	-	154556	stromal	method5_re2g	0.24263079411091448	0.24263079411091448	1
chr1:827310-827810	ENSG00000187961	KLHL17	chr1	827310	827810	960583	+	133023	stromal	method5_re2g	0.4926282115426484	0.4926282115426484	1
chr1:827310-827810	ENSG00000188976	NOC2L	chr1	827310	827810	959308	-	131748	stromal	method5_re2g	0.9958244672092272	0.9958244672092272	1
chr1:827310-827810	ENSG00000284662	OR4F16	chr1	827310	827810	686653	-	140907	stromal	method5_re2g	0.9999753433167629	0.9999753433167629	1
chr1:827310-827810	ENSG00000284733	OR4F29	chr1	827310	827810	451677	-	375883	stromal	method5_re2g	0.9999772302826243	0.9999772302826243	1
chr1:829727-830227	ENSG00000187583	PLEKHN1	chr1	829727	830227	966481	+	136504	stromal	method5_re2g	0.19755768200330442	0.19755768200330442	1
chr1:829727-830227	ENSG00000187634	SAMD11	chr1	829727	830227	923922	+	93945	stromal	method5_re2g	0.9890695594432446	0.9890695594432446	1
chr1:829727-830227	ENSG00000187961	KLHL17	chr1	829727	830227	960583	+	130606	stromal	method5_re2g	0.3403682259592875	0.3403682259592875	1
chr1:829727-830227	ENSG00000188976	NOC2L	chr1	829727	830227	959308	-	129331	stromal	method5_re2g	0.9921558756930146	0.9921558756930146	1
chr1:829727-830227	ENSG00000284662	OR4F16	chr1	829727	830227	686653	-	143324	stromal	method5_re2g	0.9997629912968339	0.9997629912968339	1
chr1:829727-830227	ENSG00000284733	OR4F29	chr1	829727	830227	451677	-	378300	stromal	method5_re2g	0.9994395897194782	0.9994395897194782	1
chr1:830672-831172	ENSG00000187583	PLEKHN1	chr1	830672	831172	966481	+	135559	stromal	method5_re2g	0.19663866470910676	0.19663866470910676	1
chr1:830672-831172	ENSG00000187634	SAMD11	chr1	830672	831172	923922	+	93000	stromal	method5_re2g	0.9888451117191145	0.9888451117191145	1
chr1:830672-831172	ENSG00000187961	KLHL17	chr1	830672	831172	960583	+	129661	stromal	method5_re2g	0.3388352427925011	0.3388352427925011	1
chr1:830672-831172	ENSG00000188976	NOC2L	chr1	830672	831172	959308	-	128386	stromal	method5_re2g	0.9920978530768605	0.9920978530768605	1
chr1:830672-831172	ENSG00000284662	OR4F16	chr1	830672	831172	686653	-	144269	stromal	method5_re2g	0.9997837163682067	0.9997837163682067	1
chr1:830672-831172	ENSG00000284733	OR4F29	chr1	830672	831172	451677	-	379245	stromal	method5_re2g	0.9994906784544888	0.9994906784544888	1
chr1:832012-832512	ENSG00000187583	PLEKHN1	chr1	832012	832512	966481	+	134219	stromal	method5_re2g	0.19955618728764862	0.19955618728764862	1
chr1:832012-832512	ENSG00000187634	SAMD11	chr1	832012	832512	923922	+	91660	stromal	method5_re2g	0.98899837101068	0.98899837101068	1
chr1:832012-832512	ENSG00000187961	KLHL17	chr1	832012	832512	960583	+	128321	stromal	method5_re2g	0.3426698461425501	0.3426698461425501	1
chr1:832012-832512	ENSG00000188976	NOC2L	chr1	832012	832512	959308	-	127046	stromal	method5_re2g	0.9922266006113551	0.9922266006113551	1
chr1:832012-832512	ENSG00000284662	OR4F16	chr1	832012	832512	686653	-	145609	stromal	method5_re2g	0.9998242354333676	0.9998242354333676	1
chr1:832012-832512	ENSG00000284733	OR4F29	chr1	832012	832512	451677	-	380585	stromal	method5_re2g	0.9996364421704493	0.9996364421704493	1
chr1:856514-857014	ENSG00000187583	PLEKHN1	chr1	856514	857014	966481	+	109717	stromal	method5_re2g	0.21980705727592278	0.21980705727592278	1
chr1:856514-857014	ENSG00000187634	SAMD11	chr1	856514	857014	923922	+	67158	stromal	method5_re2g	0.9911530453888424	0.9911530453888424	1
chr1:856514-857014	ENSG00000187961	KLHL17	chr1	856514	857014	960583	+	103819	stromal	method5_re2g	0.37280097277266955	0.37280097277266955	1
chr1:856514-857014	ENSG00000188976	NOC2L	chr1	856514	857014	959308	-	102544	stromal	method5_re2g	0.9931876461645298	0.9931876461645298	1
chr1:856514-857014	ENSG00000284662	OR4F16	chr1	856514	857014	686653	-	170111	stromal	method5_re2g	0.9997946502799226	0.9997946502799226	1
chr1:856514-857014	ENSG00000284733	OR4F29	chr1	856514	857014	451677	-	405087	stromal	method5_re2g	0.9996198670040313	0.9996198670040313	1
chr1:858570-859070	ENSG00000187583	PLEKHN1	chr1	858570	859070	966481	+	107661	stromal	method5_re2g	0.23898289501808062	0.23898289501808062	1
chr1:858570-859070	ENSG00000187634	SAMD11	chr1	858570	859070	923922	+	65102	stromal	method5_re2g	0.9924392651358764	0.9924392651358764	1
chr1:858570-859070	ENSG00000187961	KLHL17	chr1	858570	859070	960583	+	101763	stromal	method5_re2g	0.3982240940919677	0.3982240940919677	1
chr1:858570-859070	ENSG00000188976	NOC2L	chr1	858570	859070	959308	-	100488	stromal	method5_re2g	0.9938771114305758	0.9938771114305758	1
chr1:858570-859070	ENSG00000284662	OR4F16	chr1	858570	859070	686653	-	172167	stromal	method5_re2g	0.9998702910290584	0.9998702910290584	1
chr1:858570-859070	ENSG00000284733	OR4F29	chr1	858570	859070	451677	-	407143	stromal	method5_re2g	0.9998291434366962	0.9998291434366962	1
chr1:869685-870185	ENSG00000187583	PLEKHN1	chr1	869685	870185	966481	+	96546	stromal	method5_re2g	0.3347712968549525	0.3347712968549525	1
chr1:869685-870185	ENSG00000187634	SAMD11	chr1	869685	870185	923922	+	53987	stromal	method5_re2g	0.9963006414139363	0.9963006414139363	1
chr1:869685-870185	ENSG00000187642	PERM1	chr1	869685	870185	982116	-	112181	stromal	method5_re2g	0.2488132837802737	0.2488132837802737	1
chr1:869685-870185	ENSG00000187961	KLHL17	chr1	869685	870185	960583	+	90648	stromal	method5_re2g	0.5159042712855395	0.5159042712855395	1
chr1:869685-870185	ENSG00000188976	NOC2L	chr1	869685	870185	959308	-	89373	stromal	method5_re2g	0.9961997941657172	0.9961997941657172	1
chr1:869685-870185	ENSG00000284662	OR4F16	chr1	869685	870185	686653	-	183282	stromal	method5_re2g	0.9999465459579795	0.9999465459579795	1
chr1:869685-870185	ENSG00000284733	OR4F29	chr1	869685	870185	451677	-	418258	stromal	method5_re2g	0.999955874060406	0.999955874060406	1
chr1:890592-891092	ENSG00000187583	PLEKHN1	chr1	890592	891092	966481	+	75639	stromal	method5_re2g	0.27353767489248415	0.27353767489248415	1
chr1:890592-891092	ENSG00000187634	SAMD11	chr1	890592	891092	923922	+	33080	stromal	method5_re2g	0.9950469154794903	0.9950469154794903	1
chr1:890592-891092	ENSG00000187642	PERM1	chr1	890592	891092	982116	-	91274	stromal	method5_re2g	0.19645767428221844	0.19645767428221844	1
chr1:890592-891092	ENSG00000187961	KLHL17	chr1	890592	891092	960583	+	69741	stromal	method5_re2g	0.44812882963828166	0.44812882963828166	1
chr1:890592-891092	ENSG00000188976	NOC2L	chr1	890592	891092	959308	-	68466	stromal	method5_re2g	0.995024311897081	0.995024311897081	1
chr1:890592-891092	ENSG00000284662	OR4F16	chr1	890592	891092	686653	-	204189	stromal	method5_re2g	0.999781846498163	0.999781846498163	1
chr1:890592-891092	ENSG00000284733	OR4F29	chr1	890592	891092	451677	-	439165	stromal	method5_re2g	0.9996282033895193	0.9996282033895193	1
chr1:895422-895922	ENSG00000187583	PLEKHN1	chr1	895422	895922	966481	+	70809	stromal	method5_re2g	0.2855711148664173	0.2855711148664173	1
chr1:895422-895922	ENSG00000187634	SAMD11	chr1	895422	895922	923922	+	28250	stromal	method5_re2g	0.9955815699923187	0.9955815699923187	1
chr1:895422-895922	ENSG00000187642	PERM1	chr1	895422	895922	982116	-	86444	stromal	method5_re2g	0.20478322355352782	0.20478322355352782	1
chr1:895422-895922	ENSG00000187961	KLHL17	chr1	895422	895922	960583	+	64911	stromal	method5_re2g	0.46396245270613945	0.46396245270613945	1
chr1:895422-895922	ENSG00000188976	NOC2L	chr1	895422	895922	959308	-	63636	stromal	method5_re2g	0.9953326178567417	0.9953326178567417	1
chr1:895422-895922	ENSG00000284662	OR4F16	chr1	895422	895922	686653	-	209019	stromal	method5_re2g	0.9997836975317863	0.9997836975317863	1
chr1:895422-895922	ENSG00000284733	OR4F29	chr1	895422	895922	451677	-	443995	stromal	method5_re2g	0.9996111783912829	0.9996111783912829	1
chr1:898700-899200	ENSG00000187583	PLEKHN1	chr1	898700	899200	966481	+	67531	stromal	method5_re2g	0.2962248437091523	0.2962248437091523	1
chr1:898700-899200	ENSG00000187634	SAMD11	chr1	898700	899200	923922	+	24972	stromal	method5_re2g	0.9961929633102206	0.9961929633102206	1
chr1:898700-899200	ENSG00000187642	PERM1	chr1	898700	899200	982116	-	83166	stromal	method5_re2g	0.21166355596506872	0.21166355596506872	1
chr1:898700-899200	ENSG00000187961	KLHL17	chr1	898700	899200	960583	+	61633	stromal	method5_re2g	0.4776989207834683	0.4776989207834683	1
chr1:898700-899200	ENSG00000188976	NOC2L	chr1	898700	899200	959308	-	60358	stromal	method5_re2g	0.9955848619215756	0.9955848619215756	1
chr1:898700-899200	ENSG00000284662	OR4F16	chr1	898700	899200	686653	-	212297	stromal	method5_re2g	0.9998065684068038	0.9998065684068038	1
chr1:898700-899200	ENSG00000284733	OR4F29	chr1	898700	899200	451677	-	447273	stromal	method5_re2g	0.999692475787813	0.999692475787813	1
chr1:903710-904210	ENSG00000187583	PLEKHN1	chr1	903710	904210	966481	+	62521	stromal	method5_re2g	0.3840697721871474	0.3840697721871474	1
chr1:903710-904210	ENSG00000187634	SAMD11	chr1	903710	904210	923922	+	19962	stromal	method5_re2g	0.9982218798105194	0.9982218798105194	1
chr1:903710-904210	ENSG00000187642	PERM1	chr1	903710	904210	982116	-	78156	stromal	method5_re2g	0.2779186624321463	0.2779186624321463	1
chr1:903710-904210	ENSG00000187961	KLHL17	chr1	903710	904210	960583	+	56623	stromal	method5_re2g	0.5779546127910173	0.5779546127910173	1
chr1:903710-904210	ENSG00000188976	NOC2L	chr1	903710	904210	959308	-	55348	stromal	method5_re2g	0.9970570609910225	0.9970570609910225	1
chr1:903710-904210	ENSG00000284662	OR4F16	chr1	903710	904210	686653	-	217307	stromal	method5_re2g	0.9998909484603595	0.9998909484603595	1
chr1:903710-904210	ENSG00000284733	OR4F29	chr1	903710	904210	451677	-	452283	stromal	method5_re2g	0.9998847584172689	0.9998847584172689	1
chr1:904529-905029	ENSG00000187583	PLEKHN1	chr1	904529	905029	966481	+	61702	stromal	method5_re2g	0.5838692228445858	0.5838692228445858	1
chr1:904529-905029	ENSG00000187608	ISG15	chr1	904529	905029	1001137	+	96358	stromal	method5_re2g	0.20881198232064307	0.20881198232064307	1
chr1:904529-905029	ENSG00000187634	SAMD11	chr1	904529	905029	923922	+	19143	stromal	method5_re2g	0.9995642909096573	0.9995642909096573	1
chr1:904529-905029	ENSG00000187642	PERM1	chr1	904529	905029	982116	-	77337	stromal	method5_re2g	0.4478817751483401	0.4478817751483401	1
chr1:904529-905029	ENSG00000187961	KLHL17	chr1	904529	905029	960583	+	55804	stromal	method5_re2g	0.7575268821720487	0.7575268821720487	1
chr1:904529-905029	ENSG00000188290	HES4	chr1	904529	905029	1000171	-	95392	stromal	method5_re2g	0.2565774884692541	0.2565774884692541	1
chr1:904529-905029	ENSG00000188976	NOC2L	chr1	904529	905029	959308	-	54529	stromal	method5_re2g	0.9987167973589611	0.9987167973589611	1
chr1:904529-905029	ENSG00000237330	RNF223	chr1	904529	905029	1074305	-	169526	stromal	method5_re2g	0.2182894566256863	0.2182894566256863	1
chr1:904529-905029	ENSG00000284662	OR4F16	chr1	904529	905029	686653	-	218126	stromal	method5_re2g	0.9999730256900408	0.9999730256900408	1
chr1:904529-905029	ENSG00000284733	OR4F29	chr1	904529	905029	451677	-	453102	stromal	method5_re2g	0.999984251347159	0.999984251347159	1
chr1:905182-905682	ENSG00000187583	PLEKHN1	chr1	905182	905682	966481	+	61049	stromal	method5_re2g	0.4351385076448072	0.4351385076448072	1
chr1:905182-905682	ENSG00000187634	SAMD11	chr1	905182	905682	923922	+	18490	stromal	method5_re2g	0.9988420710456191	0.9988420710456191	1
chr1:905182-905682	ENSG00000187642	PERM1	chr1	905182	905682	982116	-	76684	stromal	method5_re2g	0.31787755822415115	0.31787755822415115	1
chr1:905182-905682	ENSG00000187961	KLHL17	chr1	905182	905682	960583	+	55151	stromal	method5_re2g	0.6293899029594564	0.6293899029594564	1
chr1:905182-905682	ENSG00000188290	HES4	chr1	905182	905682	1000171	-	94739	stromal	method5_re2g	0.18801608133071857	0.18801608133071857	1
chr1:905182-905682	ENSG00000188976	NOC2L	chr1	905182	905682	959308	-	53876	stromal	method5_re2g	0.9976285257128049	0.9976285257128049	1
chr1:905182-905682	ENSG00000284662	OR4F16	chr1	905182	905682	686653	-	218779	stromal	method5_re2g	0.9999326442485513	0.9999326442485513	1
chr1:905182-905682	ENSG00000284733	OR4F29	chr1	905182	905682	451677	-	453755	stromal	method5_re2g	0.9999445577958637	0.9999445577958637	1
chr1:906061-906561	ENSG00000187583	PLEKHN1	chr1	906061	906561	966481	+	60170	stromal	method5_re2g	0.3658379467684184	0.3658379467684184	1
chr1:906061-906561	ENSG00000187634	SAMD11	chr1	906061	906561	923922	+	17611	stromal	method5_re2g	0.9979195493489635	0.9979195493489635	1
chr1:906061-906561	ENSG00000187642	PERM1	chr1	906061	906561	982116	-	75805	stromal	method5_re2g	0.2641658369857369	0.2641658369857369	1
chr1:906061-906561	ENSG00000187961	KLHL17	chr1	906061	906561	960583	+	54272	stromal	method5_re2g	0.5582014466711245	0.5582014466711245	1
chr1:906061-906561	ENSG00000188976	NOC2L	chr1	906061	906561	959308	-	52997	stromal	method5_re2g	0.996802675735865	0.996802675735865	1
chr1:906061-906561	ENSG00000284662	OR4F16	chr1	906061	906561	686653	-	219658	stromal	method5_re2g	0.9998862668056572	0.9998862668056572	1
chr1:906061-906561	ENSG00000284733	OR4F29	chr1	906061	906561	451677	-	454634	stromal	method5_re2g	0.9998604662626395	0.9998604662626395	1
chr1:906752-907252	ENSG00000187583	PLEKHN1	chr1	906752	907252	966481	+	59479	stromal	method5_re2g	0.36317318237814755	0.36317318237814755	1
chr1:906752-907252	ENSG00000187634	SAMD11	chr1	906752	907252	923922	+	16920	stromal	method5_re2g	0.9978737858238694	0.9978737858238694	1
chr1:906752-907252	ENSG00000187642	PERM1	chr1	906752	907252	982116	-	75114	stromal	method5_re2g	0.2621631499030378	0.2621631499030378	1
chr1:906752-907252	ENSG00000187961	KLHL17	chr1	906752	907252	960583	+	53581	stromal	method5_re2g	0.5551797717260435	0.5551797717260435	1
chr1:906752-907252	ENSG00000188976	NOC2L	chr1	906752	907252	959308	-	52306	stromal	method5_re2g	0.9967609908476356	0.9967609908476356	1
chr1:906752-907252	ENSG00000284662	OR4F16	chr1	906752	907252	686653	-	220349	stromal	method5_re2g	0.9998885595233512	0.9998885595233512	1
chr1:906752-907252	ENSG00000284733	OR4F29	chr1	906752	907252	451677	-	455325	stromal	method5_re2g	0.9998610065859106	0.9998610065859106	1
chr1:907712-908212	ENSG00000187583	PLEKHN1	chr1	907712	908212	966481	+	58519	stromal	method5_re2g	0.357191886822682	0.357191886822682	1
chr1:907712-908212	ENSG00000187634	SAMD11	chr1	907712	908212	923922	+	15960	stromal	method5_re2g	0.9977626723939403	0.9977626723939403	1
chr1:907712-908212	ENSG00000187642	PERM1	chr1	907712	908212	982116	-	74154	stromal	method5_re2g	0.2576381761968937	0.2576381761968937	1
chr1:907712-908212	ENSG00000187961	KLHL17	chr1	907712	908212	960583	+	52621	stromal	method5_re2g	0.5485708162928312	0.5485708162928312	1
chr1:907712-908212	ENSG00000188976	NOC2L	chr1	907712	908212	959308	-	51346	stromal	method5_re2g	0.9966705215252707	0.9966705215252707	1
chr1:907712-908212	ENSG00000284662	OR4F16	chr1	907712	908212	686653	-	221309	stromal	method5_re2g	0.9998858506184841	0.9998858506184841	1
chr1:907712-908212	ENSG00000284733	OR4F29	chr1	907712	908212	451677	-	456285	stromal	method5_re2g	0.9998489605372232	0.9998489605372232	1
chr1:909786-910286	ENSG00000187583	PLEKHN1	chr1	909786	910286	966481	+	56445	stromal	method5_re2g	0.4001063820734201	0.4001063820734201	1
chr1:909786-910286	ENSG00000187634	SAMD11	chr1	909786	910286	923922	+	13886	stromal	method5_re2g	0.9986648322866896	0.9986648322866896	1
chr1:909786-910286	ENSG00000187642	PERM1	chr1	909786	910286	982116	-	72080	stromal	method5_re2g	0.28871421273003045	0.28871421273003045	1
chr1:909786-910286	ENSG00000187961	KLHL17	chr1	909786	910286	960583	+	50547	stromal	method5_re2g	0.5951157459558223	0.5951157459558223	1
chr1:909786-910286	ENSG00000188976	NOC2L	chr1	909786	910286	959308	-	49272	stromal	method5_re2g	0.9972527614372496	0.9972527614372496	1
chr1:909786-910286	ENSG00000284662	OR4F16	chr1	909786	910286	686653	-	223383	stromal	method5_re2g	0.9999195503667826	0.9999195503667826	1
chr1:909786-910286	ENSG00000284733	OR4F29	chr1	909786	910286	451677	-	458359	stromal	method5_re2g	0.9999213867121223	0.9999213867121223	1
chr1:910383-910883	ENSG00000187583	PLEKHN1	chr1	910383	910883	966481	+	55848	stromal	method5_re2g	0.3817468791349261	0.3817468791349261	1
chr1:910383-910883	ENSG00000187634	SAMD11	chr1	910383	910883	923922	+	13289	stromal	method5_re2g	0.9984471414792416	0.9984471414792416	1
chr1:910383-910883	ENSG00000187642	PERM1	chr1	910383	910883	982116	-	71483	stromal	method5_re2g	0.27453606492324023	0.27453606492324023	1
chr1:910383-910883	ENSG00000187961	KLHL17	chr1	910383	910883	960583	+	49950	stromal	method5_re2g	0.5758335701174786	0.5758335701174786	1
chr1:910383-910883	ENSG00000188976	NOC2L	chr1	910383	910883	959308	-	48675	stromal	method5_re2g	0.9970216897378096	0.9970216897378096	1
chr1:910383-910883	ENSG00000284662	OR4F16	chr1	910383	910883	686653	-	223980	stromal	method5_re2g	0.9999118764047962	0.9999118764047962	1
chr1:910383-910883	ENSG00000284733	OR4F29	chr1	910383	910883	451677	-	458956	stromal	method5_re2g	0.9999062776597479	0.9999062776597479	1
chr1:911042-911542	ENSG00000187583	PLEKHN1	chr1	911042	911542	966481	+	55189	stromal	method5_re2g	0.38828746796152613	0.38828746796152613	1
chr1:911042-911542	ENSG00000187634	SAMD11	chr1	911042	911542	923922	+	12630	stromal	method5_re2g	0.9985515276962107	0.9985515276962107	1
chr1:911042-911542	ENSG00000187642	PERM1	chr1	911042	911542	982116	-	70824	stromal	method5_re2g	0.2794886343994287	0.2794886343994287	1
chr1:911042-911542	ENSG00000187961	KLHL17	chr1	911042	911542	960583	+	49291	stromal	method5_re2g	0.5826283036816757	0.5826283036816757	1
chr1:911042-911542	ENSG00000188976	NOC2L	chr1	911042	911542	959308	-	48016	stromal	method5_re2g	0.9971022956399166	0.9971022956399166	1
chr1:911042-911542	ENSG00000284662	OR4F16	chr1	911042	911542	686653	-	224639	stromal	method5_re2g	0.9999190011046084	0.9999190011046084	1
chr1:911042-911542	ENSG00000284733	OR4F29	chr1	911042	911542	451677	-	459615	stromal	method5_re2g	0.9999172302090357	0.9999172302090357	1
chr1:911807-912307	ENSG00000187583	PLEKHN1	chr1	911807	912307	966481	+	54424	stromal	method5_re2g	0.34370059057021574	0.34370059057021574	1
chr1:911807-912307	ENSG00000187634	SAMD11	chr1	911807	912307	923922	+	11865	stromal	method5_re2g	0.9976898320274448	0.9976898320274448	1
chr1:911807-912307	ENSG00000187642	PERM1	chr1	911807	912307	982116	-	70059	stromal	method5_re2g	0.24649928050074263	0.24649928050074263	1
chr1:911807-912307	ENSG00000187961	KLHL17	chr1	911807	912307	960583	+	48526	stromal	method5_re2g	0.5336836311912837	0.5336836311912837	1
chr1:911807-912307	ENSG00000188976	NOC2L	chr1	911807	912307	959308	-	47251	stromal	method5_re2g	0.9964557321202081	0.9964557321202081	1
chr1:911807-912307	ENSG00000284662	OR4F16	chr1	911807	912307	686653	-	225404	stromal	method5_re2g	0.999887446979518	0.999887446979518	1
chr1:911807-912307	ENSG00000284733	OR4F29	chr1	911807	912307	451677	-	460380	stromal	method5_re2g	0.9998390057912702	0.9998390057912702	1
chr1:912794-913294	ENSG00000187583	PLEKHN1	chr1	912794	913294	966481	+	53437	stromal	method5_re2g	0.3582150399950185	0.3582150399950185	1
chr1:912794-913294	ENSG00000187634	SAMD11	chr1	912794	913294	923922	+	10878	stromal	method5_re2g	0.9980950296034032	0.9980950296034032	1
chr1:912794-913294	ENSG00000187642	PERM1	chr1	912794	913294	982116	-	69072	stromal	method5_re2g	0.25692516204696814	0.25692516204696814	1
chr1:912794-913294	ENSG00000187961	KLHL17	chr1	912794	913294	960583	+	47539	stromal	method5_re2g	0.5500194606637555	0.5500194606637555	1
chr1:912794-913294	ENSG00000188976	NOC2L	chr1	912794	913294	959308	-	46264	stromal	method5_re2g	0.9966816341833274	0.9966816341833274	1
chr1:912794-913294	ENSG00000284662	OR4F16	chr1	912794	913294	686653	-	226391	stromal	method5_re2g	0.9999025180184173	0.9999025180184173	1
chr1:912794-913294	ENSG00000284733	OR4F29	chr1	912794	913294	451677	-	461367	stromal	method5_re2g	0.999877022302941	0.999877022302941	1
chr1:915930-916430	ENSG00000187583	PLEKHN1	chr1	915930	916430	966481	+	50301	stromal	method5_re2g	0.35989567757915575	0.35989567757915575	1
chr1:915930-916430	ENSG00000187634	SAMD11	chr1	915930	916430	923922	+	7742	stromal	method5_re2g	0.9984482339732911	0.9984482339732911	1
chr1:915930-916430	ENSG00000187642	PERM1	chr1	915930	916430	982116	-	65936	stromal	method5_re2g	0.2571051567324042	0.2571051567324042	1
chr1:915930-916430	ENSG00000187961	KLHL17	chr1	915930	916430	960583	+	44403	stromal	method5_re2g	0.5529402602492476	0.5529402602492476	1
chr1:915930-916430	ENSG00000188976	NOC2L	chr1	915930	916430	959308	-	43128	stromal	method5_re2g	0.9967210556749646	0.9967210556749646	1
chr1:915930-916430	ENSG00000284662	OR4F16	chr1	915930	916430	686653	-	229527	stromal	method5_re2g	0.9998957829566144	0.9998957829566144	1
chr1:915930-916430	ENSG00000284733	OR4F29	chr1	915930	916430	451677	-	464503	stromal	method5_re2g	0.9998565122377858	0.9998565122377858	1
chr1:916459-916959	ENSG00000187583	PLEKHN1	chr1	916459	916959	966481	+	49772	stromal	method5_re2g	0.39892935052209216	0.39892935052209216	1
chr1:916459-916959	ENSG00000187634	SAMD11	chr1	916459	916959	923922	+	7213	stromal	method5_re2g	0.999035991037273	0.999035991037273	1
chr1:916459-916959	ENSG00000187642	PERM1	chr1	916459	916959	982116	-	65407	stromal	method5_re2g	0.2859132016690329	0.2859132016690329	1
chr1:916459-916959	ENSG00000187961	KLHL17	chr1	916459	916959	960583	+	43874	stromal	method5_re2g	0.594780950656147	0.594780950656147	1
chr1:916459-916959	ENSG00000188976	NOC2L	chr1	916459	916959	959308	-	42599	stromal	method5_re2g	0.9972402295959175	0.9972402295959175	1
chr1:916459-916959	ENSG00000284662	OR4F16	chr1	916459	916959	686653	-	230056	stromal	method5_re2g	0.9999244876105997	0.9999244876105997	1
chr1:916459-916959	ENSG00000284733	OR4F29	chr1	916459	916959	451677	-	465032	stromal	method5_re2g	0.9999212077870281	0.9999212077870281	1
chr1:917139-917639	ENSG00000187583	PLEKHN1	chr1	917139	917639	966481	+	49092	stromal	method5_re2g	0.3826479704910328	0.3826479704910328	1
chr1:917139-917639	ENSG00000187634	SAMD11	chr1	917139	917639	923922	+	6533	stromal	method5_re2g	0.998874733006104	0.998874733006104	1
chr1:917139-917639	ENSG00000187642	PERM1	chr1	917139	917639	982116	-	64727	stromal	method5_re2g	0.27385137657369063	0.27385137657369063	1
chr1:917139-917639	ENSG00000187961	KLHL17	chr1	917139	917639	960583	+	43194	stromal	method5_re2g	0.577439462102941	0.577439462102941	1
chr1:917139-917639	ENSG00000188976	NOC2L	chr1	917139	917639	959308	-	41919	stromal	method5_re2g	0.9970305427967319	0.9970305427967319	1
chr1:917139-917639	ENSG00000284662	OR4F16	chr1	917139	917639	686653	-	230736	stromal	method5_re2g	0.9999175396144924	0.9999175396144924	1
chr1:917139-917639	ENSG00000284733	OR4F29	chr1	917139	917639	451677	-	465712	stromal	method5_re2g	0.9999048500019028	0.9999048500019028	1
chr1:918363-918863	ENSG00000187583	PLEKHN1	chr1	918363	918863	966481	+	47868	stromal	method5_re2g	0.377414247677278	0.377414247677278	1
chr1:918363-918863	ENSG00000187634	SAMD11	chr1	918363	918863	923922	+	5309	stromal	method5_re2g	0.9989256694921758	0.9989256694921758	1
chr1:918363-918863	ENSG00000187642	PERM1	chr1	918363	918863	982116	-	63503	stromal	method5_re2g	0.26977748186001954	0.26977748186001954	1
chr1:918363-918863	ENSG00000187961	KLHL17	chr1	918363	918863	960583	+	41970	stromal	method5_re2g	0.5719476186444509	0.5719476186444509	1
chr1:918363-918863	ENSG00000188976	NOC2L	chr1	918363	918863	959308	-	40695	stromal	method5_re2g	0.996960048567954	0.996960048567954	1
chr1:918363-918863	ENSG00000284662	OR4F16	chr1	918363	918863	686653	-	231960	stromal	method5_re2g	0.9999144673829443	0.9999144673829443	1
chr1:918363-918863	ENSG00000284733	OR4F29	chr1	918363	918863	451677	-	466936	stromal	method5_re2g	0.9998952632567436	0.9998952632567436	1
chr1:919138-919638	ENSG00000187583	PLEKHN1	chr1	919138	919638	966481	+	47093	stromal	method5_re2g	0.38152653962053373	0.38152653962053373	1
chr1:919138-919638	ENSG00000187634	SAMD11	chr1	919138	919638	923922	+	4534	stromal	method5_re2g	0.999018142229475	0.999018142229475	1
chr1:919138-919638	ENSG00000187642	PERM1	chr1	919138	919638	982116	-	62728	stromal	method5_re2g	0.2731179308149425	0.2731179308149425	1
chr1:919138-919638	ENSG00000187961	KLHL17	chr1	919138	919638	960583	+	41195	stromal	method5_re2g	0.5761527843581303	0.5761527843581303	1
chr1:919138-919638	ENSG00000188976	NOC2L	chr1	919138	919638	959308	-	39920	stromal	method5_re2g	0.9970091061576569	0.9970091061576569	1
chr1:919138-919638	ENSG00000284662	OR4F16	chr1	919138	919638	686653	-	232735	stromal	method5_re2g	0.9999179816813416	0.9999179816813416	1
chr1:919138-919638	ENSG00000284733	OR4F29	chr1	919138	919638	451677	-	467711	stromal	method5_re2g	0.9998997310339949	0.9998997310339949	1
chr1:919865-920365	ENSG00000187583	PLEKHN1	chr1	919865	920365	966481	+	46366	stromal	method5_re2g	0.3864179405079104	0.3864179405079104	1
chr1:919865-920365	ENSG00000187634	SAMD11	chr1	919865	920365	923922	+	3807	stromal	method5_re2g	0.9991377149547533	0.9991377149547533	1
chr1:919865-920365	ENSG00000187642	PERM1	chr1	919865	920365	982116	-	62001	stromal	method5_re2g	0.27676588257786094	0.27676588257786094	1
chr1:919865-920365	ENSG00000187961	KLHL17	chr1	919865	920365	960583	+	40468	stromal	method5_re2g	0.5812482040715513	0.5812482040715513	1
chr1:919865-920365	ENSG00000188976	NOC2L	chr1	919865	920365	959308	-	39193	stromal	method5_re2g	0.9970687372417053	0.9970687372417053	1
chr1:919865-920365	ENSG00000284662	OR4F16	chr1	919865	920365	686653	-	233462	stromal	method5_re2g	0.9999224303828211	0.9999224303828211	1
chr1:919865-920365	ENSG00000284733	OR4F29	chr1	919865	920365	451677	-	468438	stromal	method5_re2g	0.9999076803318524	0.9999076803318524	1
chr1:920397-920897	ENSG00000187583	PLEKHN1	chr1	920397	920897	966481	+	45834	stromal	method5_re2g	0.40869328086694706	0.40869328086694706	1
chr1:920397-920897	ENSG00000187634	SAMD11	chr1	920397	920897	923922	+	3275	stromal	method5_re2g	0.9993793960230555	0.9993793960230555	1
chr1:920397-920897	ENSG00000187642	PERM1	chr1	920397	920897	982116	-	61469	stromal	method5_re2g	0.29316458022973113	0.29316458022973113	1
chr1:920397-920897	ENSG00000187961	KLHL17	chr1	920397	920897	960583	+	39936	stromal	method5_re2g	0.604470960477002	0.604470960477002	1
chr1:920397-920897	ENSG00000188976	NOC2L	chr1	920397	920897	959308	-	38661	stromal	method5_re2g	0.9973383430422164	0.9973383430422164	1
chr1:920397-920897	ENSG00000284662	OR4F16	chr1	920397	920897	686653	-	233994	stromal	method5_re2g	0.999935405690183	0.999935405690183	1
chr1:920397-920897	ENSG00000284733	OR4F29	chr1	920397	920897	451677	-	468970	stromal	method5_re2g	0.9999335084445472	0.9999335084445472	1
chr1:920990-921490	ENSG00000187583	PLEKHN1	chr1	920990	921490	966481	+	45241	stromal	method5_re2g	0.5162718224202267	0.5162718224202267	1
chr1:920990-921490	ENSG00000187634	SAMD11	chr1	920990	921490	923922	+	2682	stromal	method5_re2g	0.999798041535028	0.999798041535028	1
chr1:920990-921490	ENSG00000187642	PERM1	chr1	920990	921490	982116	-	60876	stromal	method5_re2g	0.3781355390752281	0.3781355390752281	1
chr1:920990-921490	ENSG00000187961	KLHL17	chr1	920990	921490	960583	+	39343	stromal	method5_re2g	0.7056999829640185	0.7056999829640185	1
chr1:920990-921490	ENSG00000188290	HES4	chr1	920990	921490	1000171	-	78931	stromal	method5_re2g	0.21366291419680802	0.21366291419680802	1
chr1:920990-921490	ENSG00000188976	NOC2L	chr1	920990	921490	959308	-	38068	stromal	method5_re2g	0.9983110480100142	0.9983110480100142	1
chr1:920990-921490	ENSG00000237330	RNF223	chr1	920990	921490	1074305	-	153065	stromal	method5_re2g	0.17921796762859296	0.17921796762859296	1
chr1:920990-921490	ENSG00000284662	OR4F16	chr1	920990	921490	686653	-	234587	stromal	method5_re2g	0.9999667004545584	0.9999667004545584	1
chr1:920990-921490	ENSG00000284733	OR4F29	chr1	920990	921490	451677	-	469563	stromal	method5_re2g	0.9999768196898751	0.9999768196898751	1
chr1:921661-922161	ENSG00000187583	PLEKHN1	chr1	921661	922161	966481	+	44570	stromal	method5_re2g	0.3904127132493306	0.3904127132493306	1
chr1:921661-922161	ENSG00000187634	SAMD11	chr1	921661	922161	923922	+	2011	stromal	method5_re2g	0.9993082240975828	0.9993082240975828	1
chr1:921661-922161	ENSG00000187642	PERM1	chr1	921661	922161	982116	-	60205	stromal	method5_re2g	0.27980515743210466	0.27980515743210466	1
chr1:921661-922161	ENSG00000187961	KLHL17	chr1	921661	922161	960583	+	38672	stromal	method5_re2g	0.5848573482908399	0.5848573482908399	1
chr1:921661-922161	ENSG00000188976	NOC2L	chr1	921661	922161	959308	-	37397	stromal	method5_re2g	0.9971025426531956	0.9971025426531956	1
chr1:921661-922161	ENSG00000284662	OR4F16	chr1	921661	922161	686653	-	235258	stromal	method5_re2g	0.9999308323849407	0.9999308323849407	1
chr1:921661-922161	ENSG00000284733	OR4F29	chr1	921661	922161	451677	-	470234	stromal	method5_re2g	0.9999211585083234	0.9999211585083234	1
chr1:922392-922892	ENSG00000187583	PLEKHN1	chr1	922392	922892	966481	+	43839	stromal	method5_re2g	0.386720164516299	0.386720164516299	1
chr1:922392-922892	ENSG00000187634	SAMD11	chr1	922392	922892	923922	+	1280	stromal	method5_re2g	0.9993710120946585	0.9993710120946585	1
chr1:922392-922892	ENSG00000187642	PERM1	chr1	922392	922892	982116	-	59474	stromal	method5_re2g	0.27705098625880703	0.27705098625880703	1
chr1:922392-922892	ENSG00000187961	KLHL17	chr1	922392	922892	960583	+	37941	stromal	method5_re2g	0.5807495217470404	0.5807495217470404	1
chr1:922392-922892	ENSG00000188976	NOC2L	chr1	922392	922892	959308	-	36666	stromal	method5_re2g	0.9970489113086638	0.9970489113086638	1
chr1:922392-922892	ENSG00000284662	OR4F16	chr1	922392	922892	686653	-	235989	stromal	method5_re2g	0.9999307219771361	0.9999307219771361	1
chr1:922392-922892	ENSG00000284733	OR4F29	chr1	922392	922892	451677	-	470965	stromal	method5_re2g	0.9999194299641119	0.9999194299641119	1
chr1:922928-923428	ENSG00000187583	PLEKHN1	chr1	922928	923428	966481	+	43303	stromal	method5_re2g	0.3929445124315169	0.3929445124315169	1
chr1:922928-923428	ENSG00000187634	SAMD11	chr1	922928	923428	923922	+	744	stromal	method5_re2g	0.9994157168711807	0.9994157168711807	1
chr1:922928-923428	ENSG00000187642	PERM1	chr1	922928	923428	982116	-	58938	stromal	method5_re2g	0.2816559507135355	0.2816559507135355	1
chr1:922928-923428	ENSG00000187961	KLHL17	chr1	922928	923428	960583	+	37405	stromal	method5_re2g	0.5871076570015267	0.5871076570015267	1
chr1:922928-923428	ENSG00000188976	NOC2L	chr1	922928	923428	959308	-	36130	stromal	method5_re2g	0.997122230344762	0.997122230344762	1
chr1:922928-923428	ENSG00000284662	OR4F16	chr1	922928	923428	686653	-	236525	stromal	method5_re2g	0.9999355036552773	0.9999355036552773	1
chr1:922928-923428	ENSG00000284733	OR4F29	chr1	922928	923428	451677	-	471501	stromal	method5_re2g	0.9999284885750513	0.9999284885750513	1
chr1:923583-924083	ENSG00000187583	PLEKHN1	chr1	923583	924083	966481	+	42648	stromal	method5_re2g	0.6341466717431905	0.6341466717431905	1
chr1:923583-924083	ENSG00000187608	ISG15	chr1	923583	924083	1001137	+	77304	stromal	method5_re2g	0.21899634906273377	0.21899634906273377	1
chr1:923583-924083	ENSG00000187634	SAMD11	chr1	923583	924083	923922	+	89	stromal	method5_re2g	0.9995186346002998	0.9995186346002998	1
chr1:923583-924083	ENSG00000187642	PERM1	chr1	923583	924083	982116	-	58283	stromal	method5_re2g	0.48396031679138574	0.48396031679138574	1
chr1:923583-924083	ENSG00000187961	KLHL17	chr1	923583	924083	960583	+	36750	stromal	method5_re2g	0.7980137403404527	0.7980137403404527	1
chr1:923583-924083	ENSG00000188290	HES4	chr1	923583	924083	1000171	-	76338	stromal	method5_re2g	0.2683983324510321	0.2683983324510321	1
chr1:923583-924083	ENSG00000188976	NOC2L	chr1	923583	924083	959308	-	35475	stromal	method5_re2g	0.9989753738213594	0.9989753738213594	1
chr1:923583-924083	ENSG00000237330	RNF223	chr1	923583	924083	1074305	-	150472	stromal	method5_re2g	0.2228323913014712	0.2228323913014712	1
chr1:923583-924083	ENSG00000284662	OR4F16	chr1	923583	924083	686653	-	237180	stromal	method5_re2g	0.9999834232136131	0.9999834232136131	1
chr1:923583-924083	ENSG00000284733	OR4F29	chr1	923583	924083	451677	-	472156	stromal	method5_re2g	0.9999908197987039	0.9999908197987039	1
chr1:924573-925073	ENSG00000187583	PLEKHN1	chr1	924573	925073	966481	+	41658	stromal	method5_re2g	0.7036510472851449	0.7036510472851449	1
chr1:924573-925073	ENSG00000187608	ISG15	chr1	924573	925073	1001137	+	76314	stromal	method5_re2g	0.20785698035785768	0.20785698035785768	1
chr1:924573-925073	ENSG00000187634	SAMD11	chr1	924573	925073	923922	+	901	stromal	method5_re2g	0.9849817947037679	0.9849817947037679	1
chr1:924573-925073	ENSG00000187642	PERM1	chr1	924573	925073	982116	-	57293	stromal	method5_re2g	0.4893959569993109	0.4893959569993109	1
chr1:924573-925073	ENSG00000187961	KLHL17	chr1	924573	925073	960583	+	35760	stromal	method5_re2g	0.9983120578243755	0.9983120578243755	1
chr1:924573-925073	ENSG00000188290	HES4	chr1	924573	925073	1000171	-	75348	stromal	method5_re2g	0.27024587730842153	0.27024587730842153	1
chr1:924573-925073	ENSG00000188976	NOC2L	chr1	924573	925073	959308	-	34485	stromal	method5_re2g	0.9982544731204818	0.9982544731204818	1
chr1:924573-925073	ENSG00000237330	RNF223	chr1	924573	925073	1074305	-	149482	stromal	method5_re2g	0.20333814936527506	0.20333814936527506	1
chr1:924573-925073	ENSG00000284662	OR4F16	chr1	924573	925073	686653	-	238170	stromal	method5_re2g	0.999968032608572	0.999968032608572	1
chr1:924573-925073	ENSG00000284733	OR4F29	chr1	924573	925073	451677	-	473146	stromal	method5_re2g	0.9943122251943396	0.9943122251943396	1
chr1:925433-925933	ENSG00000187583	PLEKHN1	chr1	925433	925933	966481	+	40798	stromal	method5_re2g	0.7220844675778323	0.7220844675778323	1
chr1:925433-925933	ENSG00000187608	ISG15	chr1	925433	925933	1001137	+	75454	stromal	method5_re2g	0.21616811431460442	0.21616811431460442	1
chr1:925433-925933	ENSG00000187634	SAMD11	chr1	925433	925933	923922	+	1761	stromal	method5_re2g	0.9996130005994429	0.9996130005994429	1
chr1:925433-925933	ENSG00000187642	PERM1	chr1	925433	925933	982116	-	56433	stromal	method5_re2g	0.508712614834371	0.508712614834371	1
chr1:925433-925933	ENSG00000187961	KLHL17	chr1	925433	925933	960583	+	34900	stromal	method5_re2g	0.9984635830562643	0.9984635830562643	1
chr1:925433-925933	ENSG00000188290	HES4	chr1	925433	925933	1000171	-	74488	stromal	method5_re2g	0.28021023185070015	0.28021023185070015	1
chr1:925433-925933	ENSG00000188976	NOC2L	chr1	925433	925933	959308	-	33625	stromal	method5_re2g	0.9984113042330263	0.9984113042330263	1
chr1:925433-925933	ENSG00000237330	RNF223	chr1	925433	925933	1074305	-	148622	stromal	method5_re2g	0.21046730631452104	0.21046730631452104	1
chr1:925433-925933	ENSG00000284662	OR4F16	chr1	925433	925933	686653	-	239030	stromal	method5_re2g	0.9999717674528856	0.9999717674528856	1
chr1:925433-925933	ENSG00000284733	OR4F29	chr1	925433	925933	451677	-	474006	stromal	method5_re2g	0.9952302571250222	0.9952302571250222	1
chr1:926253-926753	ENSG00000187583	PLEKHN1	chr1	926253	926753	966481	+	39978	stromal	method5_re2g	0.5864298689350663	0.5864298689350663	1
chr1:926253-926753	ENSG00000187634	SAMD11	chr1	926253	926753	923922	+	2581	stromal	method5_re2g	0.9985423775733813	0.9985423775733813	1
chr1:926253-926753	ENSG00000187642	PERM1	chr1	926253	926753	982116	-	55613	stromal	method5_re2g	0.3795830766739253	0.3795830766739253	1
chr1:926253-926753	ENSG00000187961	KLHL17	chr1	926253	926753	960583	+	34080	stromal	method5_re2g	0.9971057557814187	0.9971057557814187	1
chr1:926253-926753	ENSG00000188290	HES4	chr1	926253	926753	1000171	-	73668	stromal	method5_re2g	0.21488713096342843	0.21488713096342843	1
chr1:926253-926753	ENSG00000188976	NOC2L	chr1	926253	926753	959308	-	32805	stromal	method5_re2g	0.9969714204090121	0.9969714204090121	1
chr1:926253-926753	ENSG00000284662	OR4F16	chr1	926253	926753	686653	-	239850	stromal	method5_re2g	0.9999360744720108	0.9999360744720108	1
chr1:926253-926753	ENSG00000284733	OR4F29	chr1	926253	926753	451677	-	474826	stromal	method5_re2g	0.9815571784899125	0.9815571784899125	1
chr1:927201-927701	ENSG00000187583	PLEKHN1	chr1	927201	927701	966481	+	39030	stromal	method5_re2g	0.5888743056092313	0.5888743056092313	1
chr1:927201-927701	ENSG00000187634	SAMD11	chr1	927201	927701	923922	+	3529	stromal	method5_re2g	0.9985642505273278	0.9985642505273278	1
chr1:927201-927701	ENSG00000187642	PERM1	chr1	927201	927701	982116	-	54665	stromal	method5_re2g	0.3812255181873373	0.3812255181873373	1
chr1:927201-927701	ENSG00000187961	KLHL17	chr1	927201	927701	960583	+	33132	stromal	method5_re2g	0.9971361736163901	0.9971361736163901	1
chr1:927201-927701	ENSG00000188290	HES4	chr1	927201	927701	1000171	-	72720	stromal	method5_re2g	0.21510932239020875	0.21510932239020875	1
chr1:927201-927701	ENSG00000188976	NOC2L	chr1	927201	927701	959308	-	31857	stromal	method5_re2g	0.996999187801037	0.996999187801037	1
chr1:927201-927701	ENSG00000284662	OR4F16	chr1	927201	927701	686653	-	240798	stromal	method5_re2g	0.9999376793745354	0.9999376793745354	1
chr1:927201-927701	ENSG00000284733	OR4F29	chr1	927201	927701	451677	-	475774	stromal	method5_re2g	0.9822394280682994	0.9822394280682994	1
chr1:927721-928221	ENSG00000187583	PLEKHN1	chr1	927721	928221	966481	+	38510	stromal	method5_re2g	0.5708151961921212	0.5708151961921212	1
chr1:927721-928221	ENSG00000187634	SAMD11	chr1	927721	928221	923922	+	4049	stromal	method5_re2g	0.9984215072218494	0.9984215072218494	1
chr1:927721-928221	ENSG00000187642	PERM1	chr1	927721	928221	982116	-	54145	stromal	method5_re2g	0.3668541816381715	0.3668541816381715	1
chr1:927721-928221	ENSG00000187961	KLHL17	chr1	927721	928221	960583	+	32612	stromal	method5_re2g	0.9968961983259236	0.9968961983259236	1
chr1:927721-928221	ENSG00000188290	HES4	chr1	927721	928221	1000171	-	72200	stromal	method5_re2g	0.2082059942653071	0.2082059942653071	1
chr1:927721-928221	ENSG00000188976	NOC2L	chr1	927721	928221	959308	-	31337	stromal	method5_re2g	0.996735399746932	0.996735399746932	1
chr1:927721-928221	ENSG00000284662	OR4F16	chr1	927721	928221	686653	-	241318	stromal	method5_re2g	0.9999328007084956	0.9999328007084956	1
chr1:927721-928221	ENSG00000284733	OR4F29	chr1	927721	928221	451677	-	476294	stromal	method5_re2g	0.9789798097437227	0.9789798097437227	1
chr1:929617-930117	ENSG00000187583	PLEKHN1	chr1	929617	930117	966481	+	36614	stromal	method5_re2g	0.5659492253104406	0.5659492253104406	1
chr1:929617-930117	ENSG00000187634	SAMD11	chr1	929617	930117	923922	+	5945	stromal	method5_re2g	0.9977600730765548	0.9977600730765548	1
chr1:929617-930117	ENSG00000187642	PERM1	chr1	929617	930117	982116	-	52249	stromal	method5_re2g	0.36069556313824064	0.36069556313824064	1
chr1:929617-930117	ENSG00000187961	KLHL17	chr1	929617	930117	960583	+	30716	stromal	method5_re2g	0.9968463884729605	0.9968463884729605	1
chr1:929617-930117	ENSG00000188290	HES4	chr1	929617	930117	1000171	-	70304	stromal	method5_re2g	0.20353752448105	0.20353752448105	1
chr1:929617-930117	ENSG00000188976	NOC2L	chr1	929617	930117	959308	-	29441	stromal	method5_re2g	0.9966802414929788	0.9966802414929788	1
chr1:929617-930117	ENSG00000284662	OR4F16	chr1	929617	930117	686653	-	243214	stromal	method5_re2g	0.9999293729308353	0.9999293729308353	1
chr1:929617-930117	ENSG00000284733	OR4F29	chr1	929617	930117	451677	-	478190	stromal	method5_re2g	0.9772715306685178	0.9772715306685178	1
chr1:930350-930850	ENSG00000187583	PLEKHN1	chr1	930350	930850	966481	+	35881	stromal	method5_re2g	0.5618828355366249	0.5618828355366249	1
chr1:930350-930850	ENSG00000187634	SAMD11	chr1	930350	930850	923922	+	6678	stromal	method5_re2g	0.9977341252691616	0.9977341252691616	1
chr1:930350-930850	ENSG00000187642	PERM1	chr1	930350	930850	982116	-	51516	stromal	method5_re2g	0.35765771804507634	0.35765771804507634	1
chr1:930350-930850	ENSG00000187961	KLHL17	chr1	930350	930850	960583	+	29983	stromal	method5_re2g	0.9967852080561697	0.9967852080561697	1
chr1:930350-930850	ENSG00000188290	HES4	chr1	930350	930850	1000171	-	69571	stromal	method5_re2g	0.2019851482481905	0.2019851482481905	1
chr1:930350-930850	ENSG00000188976	NOC2L	chr1	930350	930850	959308	-	28708	stromal	method5_re2g	0.9966065142436585	0.9966065142436585	1
chr1:930350-930850	ENSG00000284662	OR4F16	chr1	930350	930850	686653	-	243947	stromal	method5_re2g	0.9999291259617727	0.9999291259617727	1
chr1:930350-930850	ENSG00000284733	OR4F29	chr1	930350	930850	451677	-	478923	stromal	method5_re2g	0.9766105581176902	0.9766105581176902	1
chr1:930873-931373	ENSG00000187583	PLEKHN1	chr1	930873	931373	966481	+	35358	stromal	method5_re2g	0.5568936125749689	0.5568936125749689	1
chr1:930873-931373	ENSG00000187634	SAMD11	chr1	930873	931373	923922	+	7201	stromal	method5_re2g	0.997838964968714	0.997838964968714	1
chr1:930873-931373	ENSG00000187642	PERM1	chr1	930873	931373	982116	-	50993	stromal	method5_re2g	0.3534913906965318	0.3534913906965318	1
chr1:930873-931373	ENSG00000187961	KLHL17	chr1	930873	931373	960583	+	29460	stromal	method5_re2g	0.9967102781476729	0.9967102781476729	1
chr1:930873-931373	ENSG00000188290	HES4	chr1	930873	931373	1000171	-	69048	stromal	method5_re2g	0.19884117324121028	0.19884117324121028	1
chr1:930873-931373	ENSG00000188976	NOC2L	chr1	930873	931373	959308	-	28185	stromal	method5_re2g	0.9965175666379061	0.9965175666379061	1
chr1:930873-931373	ENSG00000284662	OR4F16	chr1	930873	931373	686653	-	244470	stromal	method5_re2g	0.9999296881543983	0.9999296881543983	1
chr1:930873-931373	ENSG00000284733	OR4F29	chr1	930873	931373	451677	-	479446	stromal	method5_re2g	0.97692782876517	0.97692782876517	1
chr1:932566-933066	ENSG00000187583	PLEKHN1	chr1	932566	933066	966481	+	33665	stromal	method5_re2g	0.5712384260817829	0.5712384260817829	1
chr1:932566-933066	ENSG00000187634	SAMD11	chr1	932566	933066	923922	+	8894	stromal	method5_re2g	0.9977017990515072	0.9977017990515072	1
chr1:932566-933066	ENSG00000187642	PERM1	chr1	932566	933066	982116	-	49300	stromal	method5_re2g	0.3632950649705561	0.3632950649705561	1
chr1:932566-933066	ENSG00000187961	KLHL17	chr1	932566	933066	960583	+	27767	stromal	method5_re2g	0.9969190912525905	0.9969190912525905	1
chr1:932566-933066	ENSG00000188290	HES4	chr1	932566	933066	1000171	-	67355	stromal	method5_re2g	0.20273384440363731	0.20273384440363731	1
chr1:932566-933066	ENSG00000188976	NOC2L	chr1	932566	933066	959308	-	26492	stromal	method5_re2g	0.9967386218311868	0.9967386218311868	1
chr1:932566-933066	ENSG00000284662	OR4F16	chr1	932566	933066	686653	-	246163	stromal	method5_re2g	0.9999332032646021	0.9999332032646021	1
chr1:932566-933066	ENSG00000284733	OR4F29	chr1	932566	933066	451677	-	481139	stromal	method5_re2g	0.9791492702279514	0.9791492702279514	1
chr1:933301-933801	ENSG00000187583	PLEKHN1	chr1	933301	933801	966481	+	32930	stromal	method5_re2g	0.5798974010126852	0.5798974010126852	1
chr1:933301-933801	ENSG00000187634	SAMD11	chr1	933301	933801	923922	+	9629	stromal	method5_re2g	0.9978842590239946	0.9978842590239946	1
chr1:933301-933801	ENSG00000187642	PERM1	chr1	933301	933801	982116	-	48565	stromal	method5_re2g	0.3701876344378931	0.3701876344378931	1
chr1:933301-933801	ENSG00000187961	KLHL17	chr1	933301	933801	960583	+	27032	stromal	method5_re2g	0.9970286394721511	0.9970286394721511	1
chr1:933301-933801	ENSG00000188290	HES4	chr1	933301	933801	1000171	-	66620	stromal	method5_re2g	0.20558049279819487	0.20558049279819487	1
chr1:933301-933801	ENSG00000188976	NOC2L	chr1	933301	933801	959308	-	25757	stromal	method5_re2g	0.996848228100462	0.996848228100462	1
chr1:933301-933801	ENSG00000284662	OR4F16	chr1	933301	933801	686653	-	246898	stromal	method5_re2g	0.9999372204151611	0.9999372204151611	1
chr1:933301-933801	ENSG00000284733	OR4F29	chr1	933301	933801	451677	-	481874	stromal	method5_re2g	0.9812457659871476	0.9812457659871476	1
chr1:934978-935478	ENSG00000187583	PLEKHN1	chr1	934978	935478	966481	+	31253	stromal	method5_re2g	0.5844495058107139	0.5844495058107139	1
chr1:934978-935478	ENSG00000187634	SAMD11	chr1	934978	935478	923922	+	11306	stromal	method5_re2g	0.9975683699627066	0.9975683699627066	1
chr1:934978-935478	ENSG00000187642	PERM1	chr1	934978	935478	982116	-	46888	stromal	method5_re2g	0.37296857228440483	0.37296857228440483	1
chr1:934978-935478	ENSG00000187961	KLHL17	chr1	934978	935478	960583	+	25355	stromal	method5_re2g	0.9970956508233688	0.9970956508233688	1
chr1:934978-935478	ENSG00000188290	HES4	chr1	934978	935478	1000171	-	64943	stromal	method5_re2g	0.20735488437753113	0.20735488437753113	1
chr1:934978-935478	ENSG00000188976	NOC2L	chr1	934978	935478	959308	-	24080	stromal	method5_re2g	0.9969144539775212	0.9969144539775212	1
chr1:934978-935478	ENSG00000284662	OR4F16	chr1	934978	935478	686653	-	248575	stromal	method5_re2g	0.9999366222922855	0.9999366222922855	1
chr1:934978-935478	ENSG00000284733	OR4F29	chr1	934978	935478	451677	-	483551	stromal	method5_re2g	0.9804586770034961	0.9804586770034961	1
chr1:935865-936365	ENSG00000187583	PLEKHN1	chr1	935865	936365	966481	+	30366	stromal	method5_re2g	0.6103953317200316	0.6103953317200316	1
chr1:935865-936365	ENSG00000187634	SAMD11	chr1	935865	936365	923922	+	12193	stromal	method5_re2g	0.9979141725726557	0.9979141725726557	1
chr1:935865-936365	ENSG00000187642	PERM1	chr1	935865	936365	982116	-	46001	stromal	method5_re2g	0.39452867183366425	0.39452867183366425	1
chr1:935865-936365	ENSG00000187961	KLHL17	chr1	935865	936365	960583	+	24468	stromal	method5_re2g	0.9974084936154858	0.9974084936154858	1
chr1:935865-936365	ENSG00000188290	HES4	chr1	935865	936365	1000171	-	64056	stromal	method5_re2g	0.2181236371254998	0.2181236371254998	1
chr1:935865-936365	ENSG00000188976	NOC2L	chr1	935865	936365	959308	-	23193	stromal	method5_re2g	0.9972447977330479	0.9972447977330479	1
chr1:935865-936365	ENSG00000284662	OR4F16	chr1	935865	936365	686653	-	249462	stromal	method5_re2g	0.9999444964010333	0.9999444964010333	1
chr1:935865-936365	ENSG00000284733	OR4F29	chr1	935865	936365	451677	-	484438	stromal	method5_re2g	0.9843997726716641	0.9843997726716641	1
chr1:936617-937117	ENSG00000187583	PLEKHN1	chr1	936617	937117	966481	+	29614	stromal	method5_re2g	0.6058931782053989	0.6058931782053989	1
chr1:936617-937117	ENSG00000187634	SAMD11	chr1	936617	937117	923922	+	12945	stromal	method5_re2g	0.9978407074447844	0.9978407074447844	1
chr1:936617-937117	ENSG00000187642	PERM1	chr1	936617	937117	982116	-	45249	stromal	method5_re2g	0.3913416141381472	0.3913416141381472	1
chr1:936617-937117	ENSG00000187961	KLHL17	chr1	936617	937117	960583	+	23716	stromal	method5_re2g	0.997347821003581	0.997347821003581	1
chr1:936617-937117	ENSG00000188290	HES4	chr1	936617	937117	1000171	-	63304	stromal	method5_re2g	0.21705928529158605	0.21705928529158605	1
chr1:936617-937117	ENSG00000188976	NOC2L	chr1	936617	937117	959308	-	22441	stromal	method5_re2g	0.9971674789708693	0.9971674789708693	1
chr1:936617-937117	ENSG00000284662	OR4F16	chr1	936617	937117	686653	-	250214	stromal	method5_re2g	0.9999439370632796	0.9999439370632796	1
chr1:936617-937117	ENSG00000284733	OR4F29	chr1	936617	937117	451677	-	485190	stromal	method5_re2g	0.9836518168919516	0.9836518168919516	1
chr1:937502-938002	ENSG00000187583	PLEKHN1	chr1	937502	938002	966481	+	28729	stromal	method5_re2g	0.5966391088983484	0.5966391088983484	1
chr1:937502-938002	ENSG00000187634	SAMD11	chr1	937502	938002	923922	+	13830	stromal	method5_re2g	0.9976618872422184	0.9976618872422184	1
chr1:937502-938002	ENSG00000187642	PERM1	chr1	937502	938002	982116	-	44364	stromal	method5_re2g	0.3839429356882956	0.3839429356882956	1
chr1:937502-938002	ENSG00000187961	KLHL17	chr1	937502	938002	960583	+	22831	stromal	method5_re2g	0.997229860435516	0.997229860435516	1
chr1:937502-938002	ENSG00000188290	HES4	chr1	937502	938002	1000171	-	62419	stromal	method5_re2g	0.21369850711121285	0.21369850711121285	1
chr1:937502-938002	ENSG00000188976	NOC2L	chr1	937502	938002	959308	-	21556	stromal	method5_re2g	0.9970262113238639	0.9970262113238639	1
chr1:937502-938002	ENSG00000284662	OR4F16	chr1	937502	938002	686653	-	251099	stromal	method5_re2g	0.9999418070754175	0.9999418070754175	1
chr1:937502-938002	ENSG00000284733	OR4F29	chr1	937502	938002	451677	-	486075	stromal	method5_re2g	0.9820142736253056	0.9820142736253056	1
chr1:938034-938534	ENSG00000187583	PLEKHN1	chr1	938034	938534	966481	+	28197	stromal	method5_re2g	0.6785700779212134	0.6785700779212134	1
chr1:938034-938534	ENSG00000187608	ISG15	chr1	938034	938534	1001137	+	62853	stromal	method5_re2g	0.1868715513768625	0.1868715513768625	1
chr1:938034-938534	ENSG00000187634	SAMD11	chr1	938034	938534	923922	+	14362	stromal	method5_re2g	0.9986634859247718	0.9986634859247718	1
chr1:938034-938534	ENSG00000187642	PERM1	chr1	938034	938534	982116	-	43832	stromal	method5_re2g	0.4539920048039249	0.4539920048039249	1
chr1:938034-938534	ENSG00000187961	KLHL17	chr1	938034	938534	960583	+	22299	stromal	method5_re2g	0.9981115003538299	0.9981115003538299	1
chr1:938034-938534	ENSG00000188290	HES4	chr1	938034	938534	1000171	-	61887	stromal	method5_re2g	0.24471861781415316	0.24471861781415316	1
chr1:938034-938534	ENSG00000188976	NOC2L	chr1	938034	938534	959308	-	21024	stromal	method5_re2g	0.9979838622665047	0.9979838622665047	1
chr1:938034-938534	ENSG00000237330	RNF223	chr1	938034	938534	1074305	-	136021	stromal	method5_re2g	0.1845220142431076	0.1845220142431076	1
chr1:938034-938534	ENSG00000284662	OR4F16	chr1	938034	938534	686653	-	251631	stromal	method5_re2g	0.9999620192174584	0.9999620192174584	1
chr1:938034-938534	ENSG00000284733	OR4F29	chr1	938034	938534	451677	-	486607	stromal	method5_re2g	0.991835381415628	0.991835381415628	1
chr1:938873-939373	ENSG00000187583	PLEKHN1	chr1	938873	939373	966481	+	27358	stromal	method5_re2g	0.6577253502387804	0.6577253502387804	1
chr1:938873-939373	ENSG00000187634	SAMD11	chr1	938873	939373	923922	+	15201	stromal	method5_re2g	0.9984383474695457	0.9984383474695457	1
chr1:938873-939373	ENSG00000187642	PERM1	chr1	938873	939373	982116	-	42993	stromal	method5_re2g	0.4344500223241828	0.4344500223241828	1
chr1:938873-939373	ENSG00000187961	KLHL17	chr1	938873	939373	960583	+	21460	stromal	method5_re2g	0.9979078091224808	0.9979078091224808	1
chr1:938873-939373	ENSG00000188290	HES4	chr1	938873	939373	1000171	-	61048	stromal	method5_re2g	0.23484808752963815	0.23484808752963815	1
chr1:938873-939373	ENSG00000188976	NOC2L	chr1	938873	939373	959308	-	20185	stromal	method5_re2g	0.9977504164394013	0.9977504164394013	1
chr1:938873-939373	ENSG00000284662	OR4F16	chr1	938873	939373	686653	-	252470	stromal	method5_re2g	0.9999580684684966	0.9999580684684966	1
chr1:938873-939373	ENSG00000284733	OR4F29	chr1	938873	939373	451677	-	487446	stromal	method5_re2g	0.990223441555311	0.990223441555311	1
chr1:939468-939968	ENSG00000187583	PLEKHN1	chr1	939468	939968	966481	+	26763	stromal	method5_re2g	0.6815840602260789	0.6815840602260789	1
chr1:939468-939968	ENSG00000187608	ISG15	chr1	939468	939968	1001137	+	61419	stromal	method5_re2g	0.1867127479090471	0.1867127479090471	1
chr1:939468-939968	ENSG00000187634	SAMD11	chr1	939468	939968	923922	+	15796	stromal	method5_re2g	0.99866545134708	0.99866545134708	1
chr1:939468-939968	ENSG00000187642	PERM1	chr1	939468	939968	982116	-	42398	stromal	method5_re2g	0.4562945674807667	0.4562945674807667	1
chr1:939468-939968	ENSG00000187961	KLHL17	chr1	939468	939968	960583	+	20865	stromal	method5_re2g	0.9981319413256795	0.9981319413256795	1
chr1:939468-939968	ENSG00000188290	HES4	chr1	939468	939968	1000171	-	60453	stromal	method5_re2g	0.24448674152629235	0.24448674152629235	1
chr1:939468-939968	ENSG00000188976	NOC2L	chr1	939468	939968	959308	-	19590	stromal	method5_re2g	0.9979853975418048	0.9979853975418048	1
chr1:939468-939968	ENSG00000237330	RNF223	chr1	939468	939968	1074305	-	134587	stromal	method5_re2g	0.18490927759759	0.18490927759759	1
chr1:939468-939968	ENSG00000284662	OR4F16	chr1	939468	939968	686653	-	253065	stromal	method5_re2g	0.9999634110584724	0.9999634110584724	1
chr1:939468-939968	ENSG00000284733	OR4F29	chr1	939468	939968	451677	-	488041	stromal	method5_re2g	0.9922111112360824	0.9922111112360824	1
chr1:940223-940723	ENSG00000187583	PLEKHN1	chr1	940223	940723	966481	+	26008	stromal	method5_re2g	0.8772181925821991	0.8772181925821991	1
chr1:940223-940723	ENSG00000187608	ISG15	chr1	940223	940723	1001137	+	60664	stromal	method5_re2g	0.32023770251212313	0.32023770251212313	1
chr1:940223-940723	ENSG00000187634	SAMD11	chr1	940223	940723	923922	+	16551	stromal	method5_re2g	0.9996739870934033	0.9996739870934033	1
chr1:940223-940723	ENSG00000187642	PERM1	chr1	940223	940723	982116	-	41643	stromal	method5_re2g	0.7026013556135423	0.7026013556135423	1
chr1:940223-940723	ENSG00000187961	KLHL17	chr1	940223	940723	960583	+	20110	stromal	method5_re2g	0.99947850371229	0.99947850371229	1
chr1:940223-940723	ENSG00000188157	AGRN	chr1	940223	940723	1020119	+	79646	stromal	method5_re2g	0.2344999711605857	0.2344999711605857	1
chr1:940223-940723	ENSG00000188290	HES4	chr1	940223	940723	1000171	-	59698	stromal	method5_re2g	0.3999563138914489	0.3999563138914489	1
chr1:940223-940723	ENSG00000188976	NOC2L	chr1	940223	940723	959308	-	18835	stromal	method5_re2g	0.9994469915189371	0.9994469915189371	1
chr1:940223-940723	ENSG00000237330	RNF223	chr1	940223	940723	1074305	-	133832	stromal	method5_re2g	0.29388049426805657	0.29388049426805657	1
chr1:940223-940723	ENSG00000284662	OR4F16	chr1	940223	940723	686653	-	253820	stromal	method5_re2g	0.9999896797948895	0.9999896797948895	1
chr1:940223-940723	ENSG00000284733	OR4F29	chr1	940223	940723	451677	-	488796	stromal	method5_re2g	0.9987136133997271	0.9987136133997271	1
chr1:940725-941225	ENSG00000187583	PLEKHN1	chr1	940725	941225	966481	+	25506	stromal	method5_re2g	0.7844559398992826	0.7844559398992826	1
chr1:940725-941225	ENSG00000187608	ISG15	chr1	940725	941225	1001137	+	60162	stromal	method5_re2g	0.2341494951275029	0.2341494951275029	1
chr1:940725-941225	ENSG00000187634	SAMD11	chr1	940725	941225	923922	+	17053	stromal	method5_re2g	0.9993010069175613	0.9993010069175613	1
chr1:940725-941225	ENSG00000187642	PERM1	chr1	940725	941225	982116	-	41141	stromal	method5_re2g	0.5666896646539427	0.5666896646539427	1
chr1:940725-941225	ENSG00000187961	KLHL17	chr1	940725	941225	960583	+	19608	stromal	method5_re2g	0.9989349377772477	0.9989349377772477	1
chr1:940725-941225	ENSG00000188290	HES4	chr1	940725	941225	1000171	-	59196	stromal	method5_re2g	0.30147641152560656	0.30147641152560656	1
chr1:940725-941225	ENSG00000188976	NOC2L	chr1	940725	941225	959308	-	18333	stromal	method5_re2g	0.9988492528811522	0.9988492528811522	1
chr1:940725-941225	ENSG00000237330	RNF223	chr1	940725	941225	1074305	-	133330	stromal	method5_re2g	0.22405818609821412	0.22405818609821412	1
chr1:940725-941225	ENSG00000284662	OR4F16	chr1	940725	941225	686653	-	254322	stromal	method5_re2g	0.9999796484045668	0.9999796484045668	1
chr1:940725-941225	ENSG00000284733	OR4F29	chr1	940725	941225	451677	-	489298	stromal	method5_re2g	0.9968224593194532	0.9968224593194532	1
chr1:941565-942065	ENSG00000187583	PLEKHN1	chr1	941565	942065	966481	+	24666	stromal	method5_re2g	0.8901929119642394	0.8901929119642394	1
chr1:941565-942065	ENSG00000187608	ISG15	chr1	941565	942065	1001137	+	59322	stromal	method5_re2g	0.3362869119359109	0.3362869119359109	1
chr1:941565-942065	ENSG00000187634	SAMD11	chr1	941565	942065	923922	+	17893	stromal	method5_re2g	0.999698978283889	0.999698978283889	1
chr1:941565-942065	ENSG00000187642	PERM1	chr1	941565	942065	982116	-	40301	stromal	method5_re2g	0.7246581929277979	0.7246581929277979	1
chr1:941565-942065	ENSG00000187961	KLHL17	chr1	941565	942065	960583	+	18768	stromal	method5_re2g	0.9995407883834067	0.9995407883834067	1
chr1:941565-942065	ENSG00000188157	AGRN	chr1	941565	942065	1020119	+	78304	stromal	method5_re2g	0.2462082335021607	0.2462082335021607	1
chr1:941565-942065	ENSG00000188290	HES4	chr1	941565	942065	1000171	-	58356	stromal	method5_re2g	0.4175842245100498	0.4175842245100498	1
chr1:941565-942065	ENSG00000188976	NOC2L	chr1	941565	942065	959308	-	17493	stromal	method5_re2g	0.9995063103247765	0.9995063103247765	1
chr1:941565-942065	ENSG00000237330	RNF223	chr1	941565	942065	1074305	-	132490	stromal	method5_re2g	0.3073982335466113	0.3073982335466113	1
chr1:941565-942065	ENSG00000284662	OR4F16	chr1	941565	942065	686653	-	255162	stromal	method5_re2g	0.9999909518108692	0.9999909518108692	1
chr1:941565-942065	ENSG00000284733	OR4F29	chr1	941565	942065	451677	-	490138	stromal	method5_re2g	0.9989058529652022	0.9989058529652022	1
chr1:942403-942903	ENSG00000187583	PLEKHN1	chr1	942403	942903	966481	+	23828	stromal	method5_re2g	0.7800060729995258	0.7800060729995258	1
chr1:942403-942903	ENSG00000187608	ISG15	chr1	942403	942903	1001137	+	58484	stromal	method5_re2g	0.22854336876245315	0.22854336876245315	1
chr1:942403-942903	ENSG00000187634	SAMD11	chr1	942403	942903	923922	+	18731	stromal	method5_re2g	0.9992140394193942	0.9992140394193942	1
chr1:942403-942903	ENSG00000187642	PERM1	chr1	942403	942903	982116	-	39463	stromal	method5_re2g	0.5591434319688557	0.5591434319688557	1
chr1:942403-942903	ENSG00000187961	KLHL17	chr1	942403	942903	960583	+	17930	stromal	method5_re2g	0.9989021454031553	0.9989021454031553	1
chr1:942403-942903	ENSG00000188290	HES4	chr1	942403	942903	1000171	-	57518	stromal	method5_re2g	0.2948148828977781	0.2948148828977781	1
chr1:942403-942903	ENSG00000188976	NOC2L	chr1	942403	942903	959308	-	16655	stromal	method5_re2g	0.9987929746066714	0.9987929746066714	1
chr1:942403-942903	ENSG00000237330	RNF223	chr1	942403	942903	1074305	-	131652	stromal	method5_re2g	0.21951701167744667	0.21951701167744667	1
chr1:942403-942903	ENSG00000284662	OR4F16	chr1	942403	942903	686653	-	256000	stromal	method5_re2g	0.9999789188545718	0.9999789188545718	1
chr1:942403-942903	ENSG00000284733	OR4F29	chr1	942403	942903	451677	-	490976	stromal	method5_re2g	0.9966437155456661	0.9966437155456661	1
chr1:942990-943490	ENSG00000187583	PLEKHN1	chr1	942990	943490	966481	+	23241	stromal	method5_re2g	0.8026141651121455	0.8026141651121455	1
chr1:942990-943490	ENSG00000187608	ISG15	chr1	942990	943490	1001137	+	57897	stromal	method5_re2g	0.242241741306022	0.242241741306022	1
chr1:942990-943490	ENSG00000187634	SAMD11	chr1	942990	943490	923922	+	19318	stromal	method5_re2g	0.9993225007485889	0.9993225007485889	1
chr1:942990-943490	ENSG00000187642	PERM1	chr1	942990	943490	982116	-	38876	stromal	method5_re2g	0.5877541729578215	0.5877541729578215	1
chr1:942990-943490	ENSG00000187961	KLHL17	chr1	942990	943490	960583	+	17343	stromal	method5_re2g	0.9990447116067128	0.9990447116067128	1
chr1:942990-943490	ENSG00000188157	AGRN	chr1	942990	943490	1020119	+	76879	stromal	method5_re2g	0.17966234912763668	0.17966234912763668	1
chr1:942990-943490	ENSG00000188290	HES4	chr1	942990	943490	1000171	-	56931	stromal	method5_re2g	0.3109477787952452	0.3109477787952452	1
chr1:942990-943490	ENSG00000188976	NOC2L	chr1	942990	943490	959308	-	16068	stromal	method5_re2g	0.9989395411483316	0.9989395411483316	1
chr1:942990-943490	ENSG00000237330	RNF223	chr1	942990	943490	1074305	-	131065	stromal	method5_re2g	0.230948455358251	0.230948455358251	1
chr1:942990-943490	ENSG00000284662	OR4F16	chr1	942990	943490	686653	-	256587	stromal	method5_re2g	0.9999818881222406	0.9999818881222406	1
chr1:942990-943490	ENSG00000284733	OR4F29	chr1	942990	943490	451677	-	491563	stromal	method5_re2g	0.9972876781635016	0.9972876781635016	1
chr1:943961-944461	ENSG00000187583	PLEKHN1	chr1	943961	944461	966481	+	22270	stromal	method5_re2g	0.7463699435553381	0.7463699435553381	1
chr1:943961-944461	ENSG00000187608	ISG15	chr1	943961	944461	1001137	+	56926	stromal	method5_re2g	0.20822761698326478	0.20822761698326478	1
chr1:943961-944461	ENSG00000187634	SAMD11	chr1	943961	944461	923922	+	20289	stromal	method5_re2g	0.9989803800650007	0.9989803800650007	1
chr1:943961-944461	ENSG00000187642	PERM1	chr1	943961	944461	982116	-	37905	stromal	method5_re2g	0.5190904801344208	0.5190904801344208	1
chr1:943961-944461	ENSG00000187961	KLHL17	chr1	943961	944461	960583	+	16372	stromal	method5_re2g	0.9986467544348587	0.9986467544348587	1
chr1:943961-944461	ENSG00000188290	HES4	chr1	943961	944461	1000171	-	55960	stromal	method5_re2g	0.2704903464049502	0.2704903464049502	1
chr1:943961-944461	ENSG00000188976	NOC2L	chr1	943961	944461	959308	-	15097	stromal	method5_re2g	0.9984673984166593	0.9984673984166593	1
chr1:943961-944461	ENSG00000237330	RNF223	chr1	943961	944461	1074305	-	130094	stromal	method5_re2g	0.20352193017683007	0.20352193017683007	1
chr1:943961-944461	ENSG00000284662	OR4F16	chr1	943961	944461	686653	-	257558	stromal	method5_re2g	0.999974708312348	0.999974708312348	1
chr1:943961-944461	ENSG00000284733	OR4F29	chr1	943961	944461	451677	-	492534	stromal	method5_re2g	0.995573708531207	0.995573708531207	1
chr1:944478-944978	ENSG00000187583	PLEKHN1	chr1	944478	944978	966481	+	21753	stromal	method5_re2g	0.7964818337094025	0.7964818337094025	1
chr1:944478-944978	ENSG00000187608	ISG15	chr1	944478	944978	1001137	+	56409	stromal	method5_re2g	0.23534093768702208	0.23534093768702208	1
chr1:944478-944978	ENSG00000187634	SAMD11	chr1	944478	944978	923922	+	20806	stromal	method5_re2g	0.9992548223100645	0.9992548223100645	1
chr1:944478-944978	ENSG00000187642	PERM1	chr1	944478	944978	982116	-	37388	stromal	method5_re2g	0.5786461092262286	0.5786461092262286	1
chr1:944478-944978	ENSG00000187961	KLHL17	chr1	944478	944978	960583	+	15855	stromal	method5_re2g	0.9989924261959334	0.9989924261959334	1
chr1:944478-944978	ENSG00000188290	HES4	chr1	944478	944978	1000171	-	55443	stromal	method5_re2g	0.3027821702602222	0.3027821702602222	1
chr1:944478-944978	ENSG00000188976	NOC2L	chr1	944478	944978	959308	-	14580	stromal	method5_re2g	0.9988449635608924	0.9988449635608924	1
chr1:944478-944978	ENSG00000237330	RNF223	chr1	944478	944978	1074305	-	129577	stromal	method5_re2g	0.2256606112227561	0.2256606112227561	1
chr1:944478-944978	ENSG00000284662	OR4F16	chr1	944478	944978	686653	-	258075	stromal	method5_re2g	0.9999812761452009	0.9999812761452009	1
chr1:944478-944978	ENSG00000284733	OR4F29	chr1	944478	944978	451677	-	493051	stromal	method5_re2g	0.9971512699404025	0.9971512699404025	1
chr1:945232-945732	ENSG00000187583	PLEKHN1	chr1	945232	945732	966481	+	20999	stromal	method5_re2g	0.6354878666175935	0.6354878666175935	1
chr1:945232-945732	ENSG00000187634	SAMD11	chr1	945232	945732	923922	+	21560	stromal	method5_re2g	0.9982456693147035	0.9982456693147035	1
chr1:945232-945732	ENSG00000187642	PERM1	chr1	945232	945732	982116	-	36634	stromal	method5_re2g	0.4156560289050099	0.4156560289050099	1
chr1:945232-945732	ENSG00000187961	KLHL17	chr1	945232	945732	960583	+	15101	stromal	method5_re2g	0.9975367311616831	0.9975367311616831	1
chr1:945232-945732	ENSG00000188290	HES4	chr1	945232	945732	1000171	-	54689	stromal	method5_re2g	0.21913567156999766	0.21913567156999766	1
chr1:945232-945732	ENSG00000188976	NOC2L	chr1	945232	945732	959308	-	13826	stromal	method5_re2g	0.997044544948314	0.997044544948314	1
chr1:945232-945732	ENSG00000284662	OR4F16	chr1	945232	945732	686653	-	258829	stromal	method5_re2g	0.9999595732235705	0.9999595732235705	1
chr1:945232-945732	ENSG00000284733	OR4F29	chr1	945232	945732	451677	-	493805	stromal	method5_re2g	0.9901893960192665	0.9901893960192665	1
chr1:946074-946574	ENSG00000187583	PLEKHN1	chr1	946074	946574	966481	+	20157	stromal	method5_re2g	0.592893370591051	0.592893370591051	1
chr1:946074-946574	ENSG00000187634	SAMD11	chr1	946074	946574	923922	+	22402	stromal	method5_re2g	0.9978745753004473	0.9978745753004473	1
chr1:946074-946574	ENSG00000187642	PERM1	chr1	946074	946574	982116	-	35792	stromal	method5_re2g	0.382752020231575	0.382752020231575	1
chr1:946074-946574	ENSG00000187961	KLHL17	chr1	946074	946574	960583	+	14259	stromal	method5_re2g	0.9969413687849611	0.9969413687849611	1
chr1:946074-946574	ENSG00000188290	HES4	chr1	946074	946574	1000171	-	53847	stromal	method5_re2g	0.2043112223665602	0.2043112223665602	1
chr1:946074-946574	ENSG00000188976	NOC2L	chr1	946074	946574	959308	-	12984	stromal	method5_re2g	0.996196889109853	0.996196889109853	1
chr1:946074-946574	ENSG00000284662	OR4F16	chr1	946074	946574	686653	-	259671	stromal	method5_re2g	0.9999527283946393	0.9999527283946393	1
chr1:946074-946574	ENSG00000284733	OR4F29	chr1	946074	946574	451677	-	494647	stromal	method5_re2g	0.9866416856624309	0.9866416856624309	1
chr1:947419-947919	ENSG00000187583	PLEKHN1	chr1	947419	947919	966481	+	18812	stromal	method5_re2g	0.5740892591143532	0.5740892591143532	1
chr1:947419-947919	ENSG00000187634	SAMD11	chr1	947419	947919	923922	+	23747	stromal	method5_re2g	0.9975684418949796	0.9975684418949796	1
chr1:947419-947919	ENSG00000187642	PERM1	chr1	947419	947919	982116	-	34447	stromal	method5_re2g	0.3668697616810973	0.3668697616810973	1
chr1:947419-947919	ENSG00000187961	KLHL17	chr1	947419	947919	960583	+	12914	stromal	method5_re2g	0.996640052804821	0.996640052804821	1
chr1:947419-947919	ENSG00000188290	HES4	chr1	947419	947919	1000171	-	52502	stromal	method5_re2g	0.19584982322114972	0.19584982322114972	1
chr1:947419-947919	ENSG00000188976	NOC2L	chr1	947419	947919	959308	-	11639	stromal	method5_re2g	0.9956668897765978	0.9956668897765978	1
chr1:947419-947919	ENSG00000284662	OR4F16	chr1	947419	947919	686653	-	261016	stromal	method5_re2g	0.9999483790187784	0.9999483790187784	1
chr1:947419-947919	ENSG00000284733	OR4F29	chr1	947419	947919	451677	-	495992	stromal	method5_re2g	0.9842302390227806	0.9842302390227806	1
chr1:948018-948518	ENSG00000187583	PLEKHN1	chr1	948018	948518	966481	+	18213	stromal	method5_re2g	0.5618240813972408	0.5618240813972408	1
chr1:948018-948518	ENSG00000187634	SAMD11	chr1	948018	948518	923922	+	24346	stromal	method5_re2g	0.9975172861831081	0.9975172861831081	1
chr1:948018-948518	ENSG00000187642	PERM1	chr1	948018	948518	982116	-	33848	stromal	method5_re2g	0.35886189570349875	0.35886189570349875	1
chr1:948018-948518	ENSG00000187961	KLHL17	chr1	948018	948518	960583	+	12315	stromal	method5_re2g	0.9963481814426811	0.9963481814426811	1
chr1:948018-948518	ENSG00000188290	HES4	chr1	948018	948518	1000171	-	51903	stromal	method5_re2g	0.19102866560261203	0.19102866560261203	1
chr1:948018-948518	ENSG00000188976	NOC2L	chr1	948018	948518	959308	-	11040	stromal	method5_re2g	0.9950287814574876	0.9950287814574876	1
chr1:948018-948518	ENSG00000284662	OR4F16	chr1	948018	948518	686653	-	261615	stromal	method5_re2g	0.999947596192424	0.999947596192424	1
chr1:948018-948518	ENSG00000284733	OR4F29	chr1	948018	948518	451677	-	496591	stromal	method5_re2g	0.9837739378968281	0.9837739378968281	1
chr1:951289-951789	ENSG00000187583	PLEKHN1	chr1	951289	951789	966481	+	14942	stromal	method5_re2g	0.5907607698536388	0.5907607698536388	1
chr1:951289-951789	ENSG00000187634	SAMD11	chr1	951289	951789	923922	+	27617	stromal	method5_re2g	0.997062073780673	0.997062073780673	1
chr1:951289-951789	ENSG00000187642	PERM1	chr1	951289	951789	982116	-	30577	stromal	method5_re2g	0.3656620773033309	0.3656620773033309	1
chr1:951289-951789	ENSG00000187961	KLHL17	chr1	951289	951789	960583	+	9044	stromal	method5_re2g	0.996995293276597	0.996995293276597	1
chr1:951289-951789	ENSG00000188290	HES4	chr1	951289	951789	1000171	-	48632	stromal	method5_re2g	0.18910717491399462	0.18910717491399462	1
chr1:951289-951789	ENSG00000188976	NOC2L	chr1	951289	951789	959308	-	7769	stromal	method5_re2g	0.9957810631675038	0.9957810631675038	1
chr1:951289-951789	ENSG00000215915	ATAD3C	chr1	951289	951789	1449688	+	498149	stromal	method5_re2g	0.7264558419617341	0.7264558419617341	1
chr1:951289-951789	ENSG00000284662	OR4F16	chr1	951289	951789	686653	-	264886	stromal	method5_re2g	0.9999445510819053	0.9999445510819053	1
chr1:951289-951789	ENSG00000284733	OR4F29	chr1	951289	951789	451677	-	499862	stromal	method5_re2g	0.9830810683435013	0.9830810683435013	1
chr1:951854-952354	ENSG00000187583	PLEKHN1	chr1	951854	952354	966481	+	14377	stromal	method5_re2g	0.5654519326228852	0.5654519326228852	1
chr1:951854-952354	ENSG00000187634	SAMD11	chr1	951854	952354	923922	+	28182	stromal	method5_re2g	0.996916174190145	0.996916174190145	1
chr1:951854-952354	ENSG00000187642	PERM1	chr1	951854	952354	982116	-	30012	stromal	method5_re2g	0.3503979968264371	0.3503979968264371	1
chr1:951854-952354	ENSG00000187961	KLHL17	chr1	951854	952354	960583	+	8479	stromal	method5_re2g	0.9964572863775427	0.9964572863775427	1
chr1:951854-952354	ENSG00000188290	HES4	chr1	951854	952354	1000171	-	48067	stromal	method5_re2g	0.18263231584361997	0.18263231584361997	1
chr1:951854-952354	ENSG00000188976	NOC2L	chr1	951854	952354	959308	-	7204	stromal	method5_re2g	0.9944104473842325	0.9944104473842325	1
chr1:951854-952354	ENSG00000215915	ATAD3C	chr1	951854	952354	1449688	+	497584	stromal	method5_re2g	0.7249942106757191	0.7249942106757191	1
chr1:951854-952354	ENSG00000284662	OR4F16	chr1	951854	952354	686653	-	265451	stromal	method5_re2g	0.9999417621509994	0.9999417621509994	1
chr1:955912-956412	ENSG00000187583	PLEKHN1	chr1	955912	956412	966481	+	10319	stromal	method5_re2g	0.6236355198033801	0.6236355198033801	1
chr1:955912-956412	ENSG00000187634	SAMD11	chr1	955912	956412	923922	+	32240	stromal	method5_re2g	0.9965369446979195	0.9965369446979195	1
chr1:955912-956412	ENSG00000187642	PERM1	chr1	955912	956412	982116	-	25954	stromal	method5_re2g	0.3782583797065175	0.3782583797065175	1
chr1:955912-956412	ENSG00000187961	KLHL17	chr1	955912	956412	960583	+	4421	stromal	method5_re2g	0.9977665871606658	0.9977665871606658	1
chr1:955912-956412	ENSG00000188290	HES4	chr1	955912	956412	1000171	-	44009	stromal	method5_re2g	0.19901129547877291	0.19901129547877291	1
chr1:955912-956412	ENSG00000188976	NOC2L	chr1	955912	956412	959308	-	3146	stromal	method5_re2g	0.9963720747086856	0.9963720747086856	1
chr1:955912-956412	ENSG00000215915	ATAD3C	chr1	955912	956412	1449688	+	493526	stromal	method5_re2g	0.7418395475489624	0.7418395475489624	1
chr1:955912-956412	ENSG00000284662	OR4F16	chr1	955912	956412	686653	-	269509	stromal	method5_re2g	0.999941061537601	0.999941061537601	1
chr1:957152-957652	ENSG00000187583	PLEKHN1	chr1	957152	957652	966481	+	9079	stromal	method5_re2g	0.6573273031340741	0.6573273031340741	1
chr1:957152-957652	ENSG00000187634	SAMD11	chr1	957152	957652	923922	+	33480	stromal	method5_re2g	0.9966490799824309	0.9966490799824309	1
chr1:957152-957652	ENSG00000187642	PERM1	chr1	957152	957652	982116	-	24714	stromal	method5_re2g	0.39461814299916653	0.39461814299916653	1
chr1:957152-957652	ENSG00000187961	KLHL17	chr1	957152	957652	960583	+	3181	stromal	method5_re2g	0.9982979948925936	0.9982979948925936	1
chr1:957152-957652	ENSG00000188290	HES4	chr1	957152	957652	1000171	-	42769	stromal	method5_re2g	0.20381917220016804	0.20381917220016804	1
chr1:957152-957652	ENSG00000188976	NOC2L	chr1	957152	957652	959308	-	1906	stromal	method5_re2g	0.9964811097614673	0.9964811097614673	1
chr1:957152-957652	ENSG00000215915	ATAD3C	chr1	957152	957652	1449688	+	492286	stromal	method5_re2g	0.7427567018369811	0.7427567018369811	1
chr1:957152-957652	ENSG00000284662	OR4F16	chr1	957152	957652	686653	-	270749	stromal	method5_re2g	0.9999443262211394	0.9999443262211394	1
chr1:958327-958827	ENSG00000187583	PLEKHN1	chr1	958327	958827	966481	+	7904	stromal	method5_re2g	0.695001647343342	0.695001647343342	1
chr1:958327-958827	ENSG00000187634	SAMD11	chr1	958327	958827	923922	+	34655	stromal	method5_re2g	0.9967814133221577	0.9967814133221577	1
chr1:958327-958827	ENSG00000187642	PERM1	chr1	958327	958827	982116	-	23539	stromal	method5_re2g	0.4135960798581373	0.4135960798581373	1
chr1:958327-958827	ENSG00000187961	KLHL17	chr1	958327	958827	960583	+	2006	stromal	method5_re2g	0.9988435064221944	0.9988435064221944	1
chr1:958327-958827	ENSG00000188290	HES4	chr1	958327	958827	1000171	-	41594	stromal	method5_re2g	0.20955047007257036	0.20955047007257036	1
chr1:958327-958827	ENSG00000188976	NOC2L	chr1	958327	958827	959308	-	731	stromal	method5_re2g	0.924878794350494	0.924878794350494	1
chr1:958327-958827	ENSG00000215915	ATAD3C	chr1	958327	958827	1449688	+	491111	stromal	method5_re2g	0.744119005095042	0.744119005095042	1
chr1:958327-958827	ENSG00000284662	OR4F16	chr1	958327	958827	686653	-	271924	stromal	method5_re2g	0.9999477955878422	0.9999477955878422	1
chr1:959068-959568	ENSG00000162571	TTLL10	chr1	959068	959568	1173879	+	214561	stromal	method5_re2g	0.22162727419425654	0.22162727419425654	1
chr1:959068-959568	ENSG00000187583	PLEKHN1	chr1	959068	959568	966481	+	7163	stromal	method5_re2g	0.999904127520603	0.999904127520603	1
chr1:959068-959568	ENSG00000187608	ISG15	chr1	959068	959568	1001137	+	41819	stromal	method5_re2g	0.5282204964324889	0.5282204964324889	1
chr1:959068-959568	ENSG00000187634	SAMD11	chr1	959068	959568	923922	+	35396	stromal	method5_re2g	0.9994947428119886	0.9994947428119886	1
chr1:959068-959568	ENSG00000187642	PERM1	chr1	959068	959568	982116	-	22798	stromal	method5_re2g	0.9342125612115897	0.9342125612115897	1
chr1:959068-959568	ENSG00000187961	KLHL17	chr1	959068	959568	960583	+	1265	stromal	method5_re2g	0.9999660946617116	0.9999660946617116	1
chr1:959068-959568	ENSG00000188157	AGRN	chr1	959068	959568	1020119	+	60801	stromal	method5_re2g	0.37420265855857	0.37420265855857	1
chr1:959068-959568	ENSG00000188290	HES4	chr1	959068	959568	1000171	-	40853	stromal	method5_re2g	0.6469876200416084	0.6469876200416084	1
chr1:959068-959568	ENSG00000188976	NOC2L	chr1	959068	959568	959308	-	10	stromal	method5_re2g	0.9999693036455297	0.9999693036455297	1
chr1:959068-959568	ENSG00000215915	ATAD3C	chr1	959068	959568	1449688	+	490370	stromal	method5_re2g	0.8143541151366248	0.8143541151366248	1
chr1:959068-959568	ENSG00000237330	RNF223	chr1	959068	959568	1074305	-	114987	stromal	method5_re2g	0.41487053004259783	0.41487053004259783	1
chr1:959068-959568	ENSG00000284662	OR4F16	chr1	959068	959568	686653	-	272665	stromal	method5_re2g	0.9983062721638812	0.9983062721638812	1
chr1:959625-960125	ENSG00000187583	PLEKHN1	chr1	959625	960125	966481	+	6606	stromal	method5_re2g	0.9992995376147177	0.9992995376147177	1
chr1:959625-960125	ENSG00000187608	ISG15	chr1	959625	960125	1001137	+	41262	stromal	method5_re2g	0.2637609965681486	0.2637609965681486	1
chr1:959625-960125	ENSG00000187634	SAMD11	chr1	959625	960125	923922	+	35953	stromal	method5_re2g	0.9979624930510198	0.9979624930510198	1
chr1:959625-960125	ENSG00000187642	PERM1	chr1	959625	960125	982116	-	22241	stromal	method5_re2g	0.7388322780133021	0.7388322780133021	1
chr1:959625-960125	ENSG00000187961	KLHL17	chr1	959625	960125	960583	+	708	stromal	method5_re2g	0.9996873567778728	0.9996873567778728	1
chr1:959625-960125	ENSG00000188157	AGRN	chr1	959625	960125	1020119	+	60244	stromal	method5_re2g	0.18748273477882535	0.18748273477882535	1
chr1:959625-960125	ENSG00000188290	HES4	chr1	959625	960125	1000171	-	40296	stromal	method5_re2g	0.36761369343630684	0.36761369343630684	1
chr1:959625-960125	ENSG00000188976	NOC2L	chr1	959625	960125	959308	-	567	stromal	method5_re2g	0.9997535145620473	0.9997535145620473	1
chr1:959625-960125	ENSG00000215915	ATAD3C	chr1	959625	960125	1449688	+	489813	stromal	method5_re2g	0.7632709967638204	0.7632709967638204	1
chr1:959625-960125	ENSG00000237330	RNF223	chr1	959625	960125	1074305	-	114430	stromal	method5_re2g	0.22686700515203334	0.22686700515203334	1
chr1:959625-960125	ENSG00000284662	OR4F16	chr1	959625	960125	686653	-	273222	stromal	method5_re2g	0.9923239249578443	0.9923239249578443	1
chr1:960313-960813	ENSG00000187583	PLEKHN1	chr1	960313	960813	966481	+	5918	stromal	method5_re2g	0.9996977903315368	0.9996977903315368	1
chr1:960313-960813	ENSG00000187608	ISG15	chr1	960313	960813	1001137	+	40574	stromal	method5_re2g	0.3420266629421274	0.3420266629421274	1
chr1:960313-960813	ENSG00000187634	SAMD11	chr1	960313	960813	923922	+	36641	stromal	method5_re2g	0.9987423623257561	0.9987423623257561	1
chr1:960313-960813	ENSG00000187642	PERM1	chr1	960313	960813	982116	-	21553	stromal	method5_re2g	0.8377567258310106	0.8377567258310106	1
chr1:960313-960813	ENSG00000187961	KLHL17	chr1	960313	960813	960583	+	20	stromal	method5_re2g	0.9997654702669713	0.9997654702669713	1
chr1:960313-960813	ENSG00000188157	AGRN	chr1	960313	960813	1020119	+	59556	stromal	method5_re2g	0.23748319296024614	0.23748319296024614	1
chr1:960313-960813	ENSG00000188290	HES4	chr1	960313	960813	1000171	-	39608	stromal	method5_re2g	0.4583432220705486	0.4583432220705486	1
chr1:960313-960813	ENSG00000188976	NOC2L	chr1	960313	960813	959308	-	1255	stromal	method5_re2g	0.9998729126687859	0.9998729126687859	1
chr1:960313-960813	ENSG00000215915	ATAD3C	chr1	960313	960813	1449688	+	489125	stromal	method5_re2g	0.7782055586647122	0.7782055586647122	1
chr1:960313-960813	ENSG00000237330	RNF223	chr1	960313	960813	1074305	-	113742	stromal	method5_re2g	0.278763647577116	0.278763647577116	1
chr1:960313-960813	ENSG00000284662	OR4F16	chr1	960313	960813	686653	-	273910	stromal	method5_re2g	0.9955753023593665	0.9955753023593665	1
chr1:960833-961333	ENSG00000187583	PLEKHN1	chr1	960833	961333	966481	+	5398	stromal	method5_re2g	0.9995258305144709	0.9995258305144709	1
chr1:960833-961333	ENSG00000187608	ISG15	chr1	960833	961333	1001137	+	40054	stromal	method5_re2g	0.4009696854656794	0.4009696854656794	1
chr1:960833-961333	ENSG00000187634	SAMD11	chr1	960833	961333	923922	+	37161	stromal	method5_re2g	0.7051548717750062	0.7051548717750062	1
chr1:960833-961333	ENSG00000187642	PERM1	chr1	960833	961333	982116	-	21033	stromal	method5_re2g	0.9989244068284555	0.9989244068284555	1
chr1:960833-961333	ENSG00000187961	KLHL17	chr1	960833	961333	960583	+	500	stromal	method5_re2g	0.9897043680452169	0.9897043680452169	1
chr1:960833-961333	ENSG00000188157	AGRN	chr1	960833	961333	1020119	+	59036	stromal	method5_re2g	0.2673807357426238	0.2673807357426238	1
chr1:960833-961333	ENSG00000188290	HES4	chr1	960833	961333	1000171	-	39088	stromal	method5_re2g	0.6045381124358392	0.6045381124358392	1
chr1:960833-961333	ENSG00000188976	NOC2L	chr1	960833	961333	959308	-	1775	stromal	method5_re2g	0.9997810127122906	0.9997810127122906	1
chr1:960833-961333	ENSG00000215915	ATAD3C	chr1	960833	961333	1449688	+	488605	stromal	method5_re2g	0.7768465061394817	0.7768465061394817	1
chr1:960833-961333	ENSG00000237330	RNF223	chr1	960833	961333	1074305	-	113222	stromal	method5_re2g	0.29946056853129577	0.29946056853129577	1
chr1:960833-961333	ENSG00000284662	OR4F16	chr1	960833	961333	686653	-	274430	stromal	method5_re2g	0.9864835137929168	0.9864835137929168	1
chr1:961514-962014	ENSG00000187583	PLEKHN1	chr1	961514	962014	966481	+	4717	stromal	method5_re2g	0.9988660948545875	0.9988660948545875	1
chr1:961514-962014	ENSG00000187608	ISG15	chr1	961514	962014	1001137	+	39373	stromal	method5_re2g	0.319063184227889	0.319063184227889	1
chr1:961514-962014	ENSG00000187634	SAMD11	chr1	961514	962014	923922	+	37842	stromal	method5_re2g	0.6047335356640959	0.6047335356640959	1
chr1:961514-962014	ENSG00000187642	PERM1	chr1	961514	962014	982116	-	20352	stromal	method5_re2g	0.9980496696551701	0.9980496696551701	1
chr1:961514-962014	ENSG00000187961	KLHL17	chr1	961514	962014	960583	+	1181	stromal	method5_re2g	0.9989751345388483	0.9989751345388483	1
chr1:961514-962014	ENSG00000188157	AGRN	chr1	961514	962014	1020119	+	58355	stromal	method5_re2g	0.21681853468419446	0.21681853468419446	1
chr1:961514-962014	ENSG00000188290	HES4	chr1	961514	962014	1000171	-	38407	stromal	method5_re2g	0.5158651822568967	0.5158651822568967	1
chr1:961514-962014	ENSG00000188976	NOC2L	chr1	961514	962014	959308	-	2456	stromal	method5_re2g	0.9993314834827745	0.9993314834827745	1
chr1:961514-962014	ENSG00000215915	ATAD3C	chr1	961514	962014	1449688	+	487924	stromal	method5_re2g	0.7646933018431129	0.7646933018431129	1
chr1:961514-962014	ENSG00000237330	RNF223	chr1	961514	962014	1074305	-	112541	stromal	method5_re2g	0.25050933867409325	0.25050933867409325	1
chr1:961514-962014	ENSG00000284662	OR4F16	chr1	961514	962014	686653	-	275111	stromal	method5_re2g	0.9775661594331289	0.9775661594331289	1
chr1:962731-963231	ENSG00000187583	PLEKHN1	chr1	962731	963231	966481	+	3500	stromal	method5_re2g	0.9988292458344133	0.9988292458344133	1
chr1:962731-963231	ENSG00000187608	ISG15	chr1	962731	963231	1001137	+	38156	stromal	method5_re2g	0.3080143116433181	0.3080143116433181	1
chr1:962731-963231	ENSG00000187634	SAMD11	chr1	962731	963231	923922	+	39059	stromal	method5_re2g	0.5836358959808041	0.5836358959808041	1
chr1:962731-963231	ENSG00000187642	PERM1	chr1	962731	963231	982116	-	19135	stromal	method5_re2g	0.9978823236264627	0.9978823236264627	1
chr1:962731-963231	ENSG00000187961	KLHL17	chr1	962731	963231	960583	+	2398	stromal	method5_re2g	0.9984728702948213	0.9984728702948213	1
chr1:962731-963231	ENSG00000188157	AGRN	chr1	962731	963231	1020119	+	57138	stromal	method5_re2g	0.21063213576211917	0.21063213576211917	1
chr1:962731-963231	ENSG00000188290	HES4	chr1	962731	963231	1000171	-	37190	stromal	method5_re2g	0.5028003544312356	0.5028003544312356	1
chr1:962731-963231	ENSG00000188976	NOC2L	chr1	962731	963231	959308	-	3673	stromal	method5_re2g	0.9989122193836402	0.9989122193836402	1
chr1:962731-963231	ENSG00000215915	ATAD3C	chr1	962731	963231	1449688	+	486707	stromal	method5_re2g	0.7640662747241532	0.7640662747241532	1
chr1:962731-963231	ENSG00000237330	RNF223	chr1	962731	963231	1074305	-	111324	stromal	method5_re2g	0.2444149744578196	0.2444149744578196	1
chr1:962731-963231	ENSG00000284662	OR4F16	chr1	962731	963231	686653	-	276328	stromal	method5_re2g	0.9755947592863512	0.9755947592863512	1
chr1:963522-964022	ENSG00000187583	PLEKHN1	chr1	963522	964022	966481	+	2709	stromal	method5_re2g	0.9987670510993133	0.9987670510993133	1
chr1:963522-964022	ENSG00000187608	ISG15	chr1	963522	964022	1001137	+	37365	stromal	method5_re2g	0.3007191681666986	0.3007191681666986	1
chr1:963522-964022	ENSG00000187634	SAMD11	chr1	963522	964022	923922	+	39850	stromal	method5_re2g	0.576151066357694	0.576151066357694	1
chr1:963522-964022	ENSG00000187642	PERM1	chr1	963522	964022	982116	-	18344	stromal	method5_re2g	0.9977780757241619	0.9977780757241619	1
chr1:963522-964022	ENSG00000187961	KLHL17	chr1	963522	964022	960583	+	3189	stromal	method5_re2g	0.9983946349026738	0.9983946349026738	1
chr1:963522-964022	ENSG00000188157	AGRN	chr1	963522	964022	1020119	+	56347	stromal	method5_re2g	0.20665324097633772	0.20665324097633772	1
chr1:963522-964022	ENSG00000188290	HES4	chr1	963522	964022	1000171	-	36399	stromal	method5_re2g	0.4939658244258404	0.4939658244258404	1
chr1:963522-964022	ENSG00000188976	NOC2L	chr1	963522	964022	959308	-	4464	stromal	method5_re2g	0.9987370011163217	0.9987370011163217	1
chr1:963522-964022	ENSG00000215915	ATAD3C	chr1	963522	964022	1449688	+	485916	stromal	method5_re2g	0.7631467032856079	0.7631467032856079	1
chr1:963522-964022	ENSG00000237330	RNF223	chr1	963522	964022	1074305	-	110533	stromal	method5_re2g	0.24094580605478072	0.24094580605478072	1
chr1:963522-964022	ENSG00000284662	OR4F16	chr1	963522	964022	686653	-	277119	stromal	method5_re2g	0.9748373649767483	0.9748373649767483	1
chr1:964288-964788	ENSG00000187583	PLEKHN1	chr1	964288	964788	966481	+	1943	stromal	method5_re2g	0.9981565560194916	0.9981565560194916	1
chr1:964288-964788	ENSG00000187608	ISG15	chr1	964288	964788	1001137	+	36599	stromal	method5_re2g	0.2759383694889839	0.2759383694889839	1
chr1:964288-964788	ENSG00000187634	SAMD11	chr1	964288	964788	923922	+	40616	stromal	method5_re2g	0.5445884615780732	0.5445884615780732	1
chr1:964288-964788	ENSG00000187642	PERM1	chr1	964288	964788	982116	-	17578	stromal	method5_re2g	0.9972610595438731	0.9972610595438731	1
chr1:964288-964788	ENSG00000187961	KLHL17	chr1	964288	964788	960583	+	3955	stromal	method5_re2g	0.997761518092083	0.997761518092083	1
chr1:964288-964788	ENSG00000188157	AGRN	chr1	964288	964788	1020119	+	55581	stromal	method5_re2g	0.19204595650217376	0.19204595650217376	1
chr1:964288-964788	ENSG00000188290	HES4	chr1	964288	964788	1000171	-	35633	stromal	method5_re2g	0.4633348531762705	0.4633348531762705	1
chr1:964288-964788	ENSG00000188976	NOC2L	chr1	964288	964788	959308	-	5230	stromal	method5_re2g	0.9981819776249671	0.9981819776249671	1
chr1:964288-964788	ENSG00000215915	ATAD3C	chr1	964288	964788	1449688	+	485150	stromal	method5_re2g	0.7570567192787144	0.7570567192787144	1
chr1:964288-964788	ENSG00000237330	RNF223	chr1	964288	964788	1074305	-	109767	stromal	method5_re2g	0.22674745577721986	0.22674745577721986	1
chr1:964288-964788	ENSG00000284662	OR4F16	chr1	964288	964788	686653	-	277885	stromal	method5_re2g	0.9707812640248925	0.9707812640248925	1
chr1:965369-965869	ENSG00000187583	PLEKHN1	chr1	965369	965869	966481	+	862	stromal	method5_re2g	0.9991087670012647	0.9991087670012647	1
chr1:965369-965869	ENSG00000187608	ISG15	chr1	965369	965869	1001137	+	35518	stromal	method5_re2g	0.29582953925551625	0.29582953925551625	1
chr1:965369-965869	ENSG00000187634	SAMD11	chr1	965369	965869	923922	+	41697	stromal	method5_re2g	0.5730498910108918	0.5730498910108918	1
chr1:965369-965869	ENSG00000187642	PERM1	chr1	965369	965869	982116	-	16497	stromal	method5_re2g	0.9978443672351653	0.9978443672351653	1
chr1:965369-965869	ENSG00000187961	KLHL17	chr1	965369	965869	960583	+	5036	stromal	method5_re2g	0.9983248422861294	0.9983248422861294	1
chr1:965369-965869	ENSG00000188157	AGRN	chr1	965369	965869	1020119	+	54500	stromal	method5_re2g	0.20297643695098533	0.20297643695098533	1
chr1:965369-965869	ENSG00000188290	HES4	chr1	965369	965869	1000171	-	34552	stromal	method5_re2g	0.4879409704057634	0.4879409704057634	1
chr1:965369-965869	ENSG00000188976	NOC2L	chr1	965369	965869	959308	-	6311	stromal	method5_re2g	0.9985663312163717	0.9985663312163717	1
chr1:965369-965869	ENSG00000215915	ATAD3C	chr1	965369	965869	1449688	+	484069	stromal	method5_re2g	0.7577656414612369	0.7577656414612369	1
chr1:965369-965869	ENSG00000237330	RNF223	chr1	965369	965869	1074305	-	108686	stromal	method5_re2g	0.2371662316209366	0.2371662316209366	1
chr1:965369-965869	ENSG00000284662	OR4F16	chr1	965369	965869	686653	-	278966	stromal	method5_re2g	0.9751950144040856	0.9751950144040856	1
chr1:965957-966457	ENSG00000187583	PLEKHN1	chr1	965957	966457	966481	+	274	stromal	method5_re2g	0.9930055024549278	0.9930055024549278	1
chr1:965957-966457	ENSG00000187608	ISG15	chr1	965957	966457	1001137	+	34930	stromal	method5_re2g	0.36082583827122694	0.36082583827122694	1
chr1:965957-966457	ENSG00000187634	SAMD11	chr1	965957	966457	923922	+	42285	stromal	method5_re2g	0.6577579233943756	0.6577579233943756	1
chr1:965957-966457	ENSG00000187642	PERM1	chr1	965957	966457	982116	-	15909	stromal	method5_re2g	0.9987828089504828	0.9987828089504828	1
chr1:965957-966457	ENSG00000187961	KLHL17	chr1	965957	966457	960583	+	5624	stromal	method5_re2g	0.9992537376934942	0.9992537376934942	1
chr1:965957-966457	ENSG00000188157	AGRN	chr1	965957	966457	1020119	+	53912	stromal	method5_re2g	0.24162712811929812	0.24162712811929812	1
chr1:965957-966457	ENSG00000188290	HES4	chr1	965957	966457	1000171	-	33964	stromal	method5_re2g	0.5623025600457425	0.5623025600457425	1
chr1:965957-966457	ENSG00000188976	NOC2L	chr1	965957	966457	959308	-	6899	stromal	method5_re2g	0.9993102929791873	0.9993102929791873	1
chr1:965957-966457	ENSG00000215915	ATAD3C	chr1	965957	966457	1449688	+	483481	stromal	method5_re2g	0.7664273329155822	0.7664273329155822	1
chr1:965957-966457	ENSG00000237330	RNF223	chr1	965957	966457	1074305	-	108098	stromal	method5_re2g	0.27493380115971167	0.27493380115971167	1
chr1:965957-966457	ENSG00000284662	OR4F16	chr1	965957	966457	686653	-	279554	stromal	method5_re2g	0.9841174982577047	0.9841174982577047	1
chr1:966773-967273	ENSG00000162571	TTLL10	chr1	966773	967273	1173879	+	206856	stromal	method5_re2g	0.21642595305458018	0.21642595305458018	1
chr1:966773-967273	ENSG00000187583	PLEKHN1	chr1	966773	967273	966481	+	542	stromal	method5_re2g	0.9949696068835093	0.9949696068835093	1
chr1:966773-967273	ENSG00000187608	ISG15	chr1	966773	967273	1001137	+	34114	stromal	method5_re2g	0.6751130974254337	0.6751130974254337	1
chr1:966773-967273	ENSG00000187634	SAMD11	chr1	966773	967273	923922	+	43101	stromal	method5_re2g	0.5850231782751616	0.5850231782751616	1
chr1:966773-967273	ENSG00000187642	PERM1	chr1	966773	967273	982116	-	15093	stromal	method5_re2g	0.9994412863520065	0.9994412863520065	1
chr1:966773-967273	ENSG00000187961	KLHL17	chr1	966773	967273	960583	+	6440	stromal	method5_re2g	0.999674066789434	0.999674066789434	1
chr1:966773-967273	ENSG00000188157	AGRN	chr1	966773	967273	1020119	+	53096	stromal	method5_re2g	0.4307908139012761	0.4307908139012761	1
chr1:966773-967273	ENSG00000188290	HES4	chr1	966773	967273	1000171	-	33148	stromal	method5_re2g	0.9981071350731615	0.9981071350731615	1
chr1:966773-967273	ENSG00000188976	NOC2L	chr1	966773	967273	959308	-	7715	stromal	method5_re2g	0.9262178103325929	0.9262178103325929	1
chr1:966773-967273	ENSG00000215915	ATAD3C	chr1	966773	967273	1449688	+	482665	stromal	method5_re2g	0.7918328390256547	0.7918328390256547	1
chr1:966773-967273	ENSG00000237330	RNF223	chr1	966773	967273	1074305	-	107282	stromal	method5_re2g	0.4290038692952207	0.4290038692952207	1
chr1:966773-967273	ENSG00000284662	OR4F16	chr1	966773	967273	686653	-	280370	stromal	method5_re2g	0.9862315622481126	0.9862315622481126	1
chr1:967322-967822	ENSG00000187583	PLEKHN1	chr1	967322	967822	966481	+	1091	stromal	method5_re2g	0.9988413449957646	0.9988413449957646	1
chr1:967322-967822	ENSG00000187608	ISG15	chr1	967322	967822	1001137	+	33565	stromal	method5_re2g	0.4746426884533764	0.4746426884533764	1
chr1:967322-967822	ENSG00000187634	SAMD11	chr1	967322	967822	923922	+	43650	stromal	method5_re2g	0.37113887222773456	0.37113887222773456	1
chr1:967322-967822	ENSG00000187642	PERM1	chr1	967322	967822	982116	-	14544	stromal	method5_re2g	0.9977481027677224	0.9977481027677224	1
chr1:967322-967822	ENSG00000187961	KLHL17	chr1	967322	967822	960583	+	6989	stromal	method5_re2g	0.9983655587005194	0.9983655587005194	1
chr1:967322-967822	ENSG00000188157	AGRN	chr1	967322	967822	1020119	+	52547	stromal	method5_re2g	0.284821388308445	0.284821388308445	1
chr1:967322-967822	ENSG00000188290	HES4	chr1	967322	967822	1000171	-	32599	stromal	method5_re2g	0.9956104845692222	0.9956104845692222	1
chr1:967322-967822	ENSG00000188976	NOC2L	chr1	967322	967822	959308	-	8264	stromal	method5_re2g	0.7241599006569871	0.7241599006569871	1
chr1:967322-967822	ENSG00000215915	ATAD3C	chr1	967322	967822	1449688	+	482116	stromal	method5_re2g	0.7634341409184952	0.7634341409184952	1
chr1:967322-967822	ENSG00000237330	RNF223	chr1	967322	967822	1074305	-	106733	stromal	method5_re2g	0.3002506400431751	0.3002506400431751	1
chr1:967322-967822	ENSG00000284662	OR4F16	chr1	967322	967822	686653	-	280919	stromal	method5_re2g	0.9609719241554948	0.9609719241554948	1
chr1:968135-968635	ENSG00000187583	PLEKHN1	chr1	968135	968635	966481	+	1904	stromal	method5_re2g	0.9986201399998166	0.9986201399998166	1
chr1:968135-968635	ENSG00000187608	ISG15	chr1	968135	968635	1001137	+	32752	stromal	method5_re2g	0.45826071475202484	0.45826071475202484	1
chr1:968135-968635	ENSG00000187634	SAMD11	chr1	968135	968635	923922	+	44463	stromal	method5_re2g	0.35830052632297466	0.35830052632297466	1
chr1:968135-968635	ENSG00000187642	PERM1	chr1	968135	968635	982116	-	13731	stromal	method5_re2g	0.9974827086207987	0.9974827086207987	1
chr1:968135-968635	ENSG00000187961	KLHL17	chr1	968135	968635	960583	+	7802	stromal	method5_re2g	0.9980907354564226	0.9980907354564226	1
chr1:968135-968635	ENSG00000188157	AGRN	chr1	968135	968635	1020119	+	51734	stromal	method5_re2g	0.27584638241533654	0.27584638241533654	1
chr1:968135-968635	ENSG00000188290	HES4	chr1	968135	968635	1000171	-	31786	stromal	method5_re2g	0.9953045193029272	0.9953045193029272	1
chr1:968135-968635	ENSG00000188976	NOC2L	chr1	968135	968635	959308	-	9077	stromal	method5_re2g	0.691884949925904	0.691884949925904	1
chr1:968135-968635	ENSG00000215915	ATAD3C	chr1	968135	968635	1449688	+	481303	stromal	method5_re2g	0.7616824447649316	0.7616824447649316	1
chr1:968135-968635	ENSG00000237330	RNF223	chr1	968135	968635	1074305	-	105920	stromal	method5_re2g	0.2929631330458361	0.2929631330458361	1
chr1:968135-968635	ENSG00000284662	OR4F16	chr1	968135	968635	686653	-	281732	stromal	method5_re2g	0.9584156406857934	0.9584156406857934	1
chr1:971371-971871	ENSG00000187583	PLEKHN1	chr1	971371	971871	966481	+	5140	stromal	method5_re2g	0.9968346631812304	0.9968346631812304	1
chr1:971371-971871	ENSG00000187608	ISG15	chr1	971371	971871	1001137	+	29516	stromal	method5_re2g	0.4730193727844385	0.4730193727844385	1
chr1:971371-971871	ENSG00000187634	SAMD11	chr1	971371	971871	923922	+	47699	stromal	method5_re2g	0.3424156456914095	0.3424156456914095	1
chr1:971371-971871	ENSG00000187642	PERM1	chr1	971371	971871	982116	-	10495	stromal	method5_re2g	0.9979582458324058	0.9979582458324058	1
chr1:971371-971871	ENSG00000187961	KLHL17	chr1	971371	971871	960583	+	11038	stromal	method5_re2g	0.9972938128932353	0.9972938128932353	1
chr1:971371-971871	ENSG00000188157	AGRN	chr1	971371	971871	1020119	+	48498	stromal	method5_re2g	0.2834698887553346	0.2834698887553346	1
chr1:971371-971871	ENSG00000188290	HES4	chr1	971371	971871	1000171	-	28550	stromal	method5_re2g	0.995580098044774	0.995580098044774	1
chr1:971371-971871	ENSG00000188976	NOC2L	chr1	971371	971871	959308	-	12313	stromal	method5_re2g	0.619947832785387	0.619947832785387	1
chr1:971371-971871	ENSG00000215915	ATAD3C	chr1	971371	971871	1449688	+	478067	stromal	method5_re2g	0.7628377468917319	0.7628377468917319	1
chr1:971371-971871	ENSG00000237330	RNF223	chr1	971371	971871	1074305	-	102684	stromal	method5_re2g	0.2964334532278963	0.2964334532278963	1
chr1:971371-971871	ENSG00000284662	OR4F16	chr1	971371	971871	686653	-	284968	stromal	method5_re2g	0.9575626442354513	0.9575626442354513	1
chr1:973119-973619	ENSG00000187583	PLEKHN1	chr1	973119	973619	966481	+	6888	stromal	method5_re2g	0.9966813332062483	0.9966813332062483	1
chr1:973119-973619	ENSG00000187608	ISG15	chr1	973119	973619	1001137	+	27768	stromal	method5_re2g	0.4787219047359409	0.4787219047359409	1
chr1:973119-973619	ENSG00000187634	SAMD11	chr1	973119	973619	923922	+	49447	stromal	method5_re2g	0.3376347824445286	0.3376347824445286	1
chr1:973119-973619	ENSG00000187642	PERM1	chr1	973119	973619	982116	-	8747	stromal	method5_re2g	0.9982613920549191	0.9982613920549191	1
chr1:973119-973619	ENSG00000187961	KLHL17	chr1	973119	973619	960583	+	12786	stromal	method5_re2g	0.9971115289818627	0.9971115289818627	1
chr1:973119-973619	ENSG00000188157	AGRN	chr1	973119	973619	1020119	+	46750	stromal	method5_re2g	0.28527484682955895	0.28527484682955895	1
chr1:973119-973619	ENSG00000188290	HES4	chr1	973119	973619	1000171	-	26802	stromal	method5_re2g	0.9956818461995012	0.9956818461995012	1
chr1:973119-973619	ENSG00000188976	NOC2L	chr1	973119	973619	959308	-	14061	stromal	method5_re2g	0.6033826022520671	0.6033826022520671	1
chr1:973119-973619	ENSG00000215915	ATAD3C	chr1	973119	973619	1449688	+	476319	stromal	method5_re2g	0.7598361117163263	0.7598361117163263	1
chr1:973119-973619	ENSG00000237330	RNF223	chr1	973119	973619	1074305	-	100936	stromal	method5_re2g	0.2961862513440316	0.2961862513440316	1
chr1:973119-973619	ENSG00000284662	OR4F16	chr1	973119	973619	686653	-	286716	stromal	method5_re2g	0.9579703965532761	0.9579703965532761	1
chr1:973837-974337	ENSG00000187583	PLEKHN1	chr1	973837	974337	966481	+	7606	stromal	method5_re2g	0.9968922178554382	0.9968922178554382	1
chr1:973837-974337	ENSG00000187608	ISG15	chr1	973837	974337	1001137	+	27050	stromal	method5_re2g	0.4719898980678382	0.4719898980678382	1
chr1:973837-974337	ENSG00000187634	SAMD11	chr1	973837	974337	923922	+	50165	stromal	method5_re2g	0.33688637245041736	0.33688637245041736	1
chr1:973837-974337	ENSG00000187642	PERM1	chr1	973837	974337	982116	-	8029	stromal	method5_re2g	0.9982337142733847	0.9982337142733847	1
chr1:973837-974337	ENSG00000187961	KLHL17	chr1	973837	974337	960583	+	13504	stromal	method5_re2g	0.9971123416316616	0.9971123416316616	1
chr1:973837-974337	ENSG00000188157	AGRN	chr1	973837	974337	1020119	+	46032	stromal	method5_re2g	0.28239792929257046	0.28239792929257046	1
chr1:973837-974337	ENSG00000188290	HES4	chr1	973837	974337	1000171	-	26084	stromal	method5_re2g	0.9955568681700064	0.9955568681700064	1
chr1:973837-974337	ENSG00000188976	NOC2L	chr1	973837	974337	959308	-	14779	stromal	method5_re2g	0.6010722634789948	0.6010722634789948	1
chr1:973837-974337	ENSG00000215915	ATAD3C	chr1	973837	974337	1449688	+	475601	stromal	method5_re2g	0.7596816860635396	0.7596816860635396	1
chr1:973837-974337	ENSG00000237330	RNF223	chr1	973837	974337	1074305	-	100218	stromal	method5_re2g	0.29460293183325004	0.29460293183325004	1
chr1:973837-974337	ENSG00000284662	OR4F16	chr1	973837	974337	686653	-	287434	stromal	method5_re2g	0.957842218546231	0.957842218546231	1
chr1:974523-975023	ENSG00000187583	PLEKHN1	chr1	974523	975023	966481	+	8292	stromal	method5_re2g	0.9968727007403712	0.9968727007403712	1
chr1:974523-975023	ENSG00000187608	ISG15	chr1	974523	975023	1001137	+	26364	stromal	method5_re2g	0.4590946177799915	0.4590946177799915	1
chr1:974523-975023	ENSG00000187634	SAMD11	chr1	974523	975023	923922	+	50851	stromal	method5_re2g	0.3324319204527282	0.3324319204527282	1
chr1:974523-975023	ENSG00000187642	PERM1	chr1	974523	975023	982116	-	7343	stromal	method5_re2g	0.9980846354163018	0.9980846354163018	1
chr1:974523-975023	ENSG00000187961	KLHL17	chr1	974523	975023	960583	+	14190	stromal	method5_re2g	0.9970052874082873	0.9970052874082873	1
chr1:974523-975023	ENSG00000188157	AGRN	chr1	974523	975023	1020119	+	45346	stromal	method5_re2g	0.2764563334316313	0.2764563334316313	1
chr1:974523-975023	ENSG00000188290	HES4	chr1	974523	975023	1000171	-	25398	stromal	method5_re2g	0.9953102456347059	0.9953102456347059	1
chr1:974523-975023	ENSG00000188976	NOC2L	chr1	974523	975023	959308	-	15465	stromal	method5_re2g	0.590711295329757	0.590711295329757	1
chr1:974523-975023	ENSG00000215915	ATAD3C	chr1	974523	975023	1449688	+	474915	stromal	method5_re2g	0.7592931966501816	0.7592931966501816	1
chr1:974523-975023	ENSG00000237330	RNF223	chr1	974523	975023	1074305	-	99532	stromal	method5_re2g	0.2906647584899319	0.2906647584899319	1
chr1:974523-975023	ENSG00000284662	OR4F16	chr1	974523	975023	686653	-	288120	stromal	method5_re2g	0.9566349600626295	0.9566349600626295	1
chr1:975238-975738	ENSG00000187583	PLEKHN1	chr1	975238	975738	966481	+	9007	stromal	method5_re2g	0.9973681473472066	0.9973681473472066	1
chr1:975238-975738	ENSG00000187608	ISG15	chr1	975238	975738	1001137	+	25649	stromal	method5_re2g	0.4684464523950508	0.4684464523950508	1
chr1:975238-975738	ENSG00000187634	SAMD11	chr1	975238	975738	923922	+	51566	stromal	method5_re2g	0.3443899359243978	0.3443899359243978	1
chr1:975238-975738	ENSG00000187642	PERM1	chr1	975238	975738	982116	-	6628	stromal	method5_re2g	0.9983428074501989	0.9983428074501989	1
chr1:975238-975738	ENSG00000187961	KLHL17	chr1	975238	975738	960583	+	14905	stromal	method5_re2g	0.9973116500086191	0.9973116500086191	1
chr1:975238-975738	ENSG00000188157	AGRN	chr1	975238	975738	1020119	+	44631	stromal	method5_re2g	0.28296843239441255	0.28296843239441255	1
chr1:975238-975738	ENSG00000188290	HES4	chr1	975238	975738	1000171	-	24683	stromal	method5_re2g	0.9954787597216062	0.9954787597216062	1
chr1:975238-975738	ENSG00000188976	NOC2L	chr1	975238	975738	959308	-	16180	stromal	method5_re2g	0.613704475675434	0.613704475675434	1
chr1:975238-975738	ENSG00000215915	ATAD3C	chr1	975238	975738	1449688	+	474200	stromal	method5_re2g	0.7610737998636397	0.7610737998636397	1
chr1:975238-975738	ENSG00000237330	RNF223	chr1	975238	975738	1074305	-	98817	stromal	method5_re2g	0.2970766745386502	0.2970766745386502	1
chr1:975238-975738	ENSG00000284662	OR4F16	chr1	975238	975738	686653	-	288835	stromal	method5_re2g	0.9598044937012312	0.9598044937012312	1
chr1:975968-976468	ENSG00000162571	TTLL10	chr1	975968	976468	1173879	+	197661	stromal	method5_re2g	0.1992006890061676	0.1992006890061676	1
chr1:975968-976468	ENSG00000187583	PLEKHN1	chr1	975968	976468	966481	+	9737	stromal	method5_re2g	0.9992847340591523	0.9992847340591523	1
chr1:975968-976468	ENSG00000187608	ISG15	chr1	975968	976468	1001137	+	24919	stromal	method5_re2g	0.6482983103027923	0.6482983103027923	1
chr1:975968-976468	ENSG00000187634	SAMD11	chr1	975968	976468	923922	+	52296	stromal	method5_re2g	0.4963530273890352	0.4963530273890352	1
chr1:975968-976468	ENSG00000187642	PERM1	chr1	975968	976468	982116	-	5898	stromal	method5_re2g	0.9996269723978018	0.9996269723978018	1
chr1:975968-976468	ENSG00000187961	KLHL17	chr1	975968	976468	960583	+	15635	stromal	method5_re2g	0.9990644866270377	0.9990644866270377	1
chr1:975968-976468	ENSG00000188157	AGRN	chr1	975968	976468	1020119	+	43901	stromal	method5_re2g	0.40502263275808403	0.40502263275808403	1
chr1:975968-976468	ENSG00000188290	HES4	chr1	975968	976468	1000171	-	23953	stromal	method5_re2g	0.9978554839216474	0.9978554839216474	1
chr1:975968-976468	ENSG00000188976	NOC2L	chr1	975968	976468	959308	-	16910	stromal	method5_re2g	0.8143108528438922	0.8143108528438922	1
chr1:975968-976468	ENSG00000215915	ATAD3C	chr1	975968	976468	1449688	+	473470	stromal	method5_re2g	0.7833473514957021	0.7833473514957021	1
chr1:975968-976468	ENSG00000237330	RNF223	chr1	975968	976468	1074305	-	98087	stromal	method5_re2g	0.39993255866137	0.39993255866137	1
chr1:975968-976468	ENSG00000284662	OR4F16	chr1	975968	976468	686653	-	289565	stromal	method5_re2g	0.9826560762526381	0.9826560762526381	1
chr1:976742-977242	ENSG00000187583	PLEKHN1	chr1	976742	977242	966481	+	10511	stromal	method5_re2g	0.9965110882968413	0.9965110882968413	1
chr1:976742-977242	ENSG00000187608	ISG15	chr1	976742	977242	1001137	+	24145	stromal	method5_re2g	0.4158720338262189	0.4158720338262189	1
chr1:976742-977242	ENSG00000187634	SAMD11	chr1	976742	977242	923922	+	53070	stromal	method5_re2g	0.31796782186083594	0.31796782186083594	1
chr1:976742-977242	ENSG00000187642	PERM1	chr1	976742	977242	982116	-	5124	stromal	method5_re2g	0.9973717459108423	0.9973717459108423	1
chr1:976742-977242	ENSG00000187961	KLHL17	chr1	976742	977242	960583	+	16409	stromal	method5_re2g	0.9965980913723781	0.9965980913723781	1
chr1:976742-977242	ENSG00000188157	AGRN	chr1	976742	977242	1020119	+	43127	stromal	method5_re2g	0.25772964674600696	0.25772964674600696	1
chr1:976742-977242	ENSG00000188290	HES4	chr1	976742	977242	1000171	-	23179	stromal	method5_re2g	0.99436101857446	0.99436101857446	1
chr1:976742-977242	ENSG00000188976	NOC2L	chr1	976742	977242	959308	-	17684	stromal	method5_re2g	0.5564781909097697	0.5564781909097697	1
chr1:976742-977242	ENSG00000215915	ATAD3C	chr1	976742	977242	1449688	+	472696	stromal	method5_re2g	0.757337911897868	0.757337911897868	1
chr1:976742-977242	ENSG00000237330	RNF223	chr1	976742	977242	1074305	-	97313	stromal	method5_re2g	0.2781475463907761	0.2781475463907761	1
chr1:976742-977242	ENSG00000284662	OR4F16	chr1	976742	977242	686653	-	290339	stromal	method5_re2g	0.9524810540673669	0.9524810540673669	1
chr1:977940-978440	ENSG00000187583	PLEKHN1	chr1	977940	978440	966481	+	11709	stromal	method5_re2g	0.9972953271529963	0.9972953271529963	1
chr1:977940-978440	ENSG00000187608	ISG15	chr1	977940	978440	1001137	+	22947	stromal	method5_re2g	0.4497952745002185	0.4497952745002185	1
chr1:977940-978440	ENSG00000187634	SAMD11	chr1	977940	978440	923922	+	54268	stromal	method5_re2g	0.3407703905846566	0.3407703905846566	1
chr1:977940-978440	ENSG00000187642	PERM1	chr1	977940	978440	982116	-	3926	stromal	method5_re2g	0.998432547194224	0.998432547194224	1
chr1:977940-978440	ENSG00000187961	KLHL17	chr1	977940	978440	960583	+	17607	stromal	method5_re2g	0.9971830897271864	0.9971830897271864	1
chr1:977940-978440	ENSG00000188157	AGRN	chr1	977940	978440	1020119	+	41929	stromal	method5_re2g	0.2769697599245125	0.2769697599245125	1
chr1:977940-978440	ENSG00000188290	HES4	chr1	977940	978440	1000171	-	21981	stromal	method5_re2g	0.9950904937484366	0.9950904937484366	1
chr1:977940-978440	ENSG00000188976	NOC2L	chr1	977940	978440	959308	-	18882	stromal	method5_re2g	0.5995008990437222	0.5995008990437222	1
chr1:977940-978440	ENSG00000215915	ATAD3C	chr1	977940	978440	1449688	+	471498	stromal	method5_re2g	0.7610465880902316	0.7610465880902316	1
chr1:977940-978440	ENSG00000237330	RNF223	chr1	977940	978440	1074305	-	96115	stromal	method5_re2g	0.29423145503201686	0.29423145503201686	1
chr1:977940-978440	ENSG00000284662	OR4F16	chr1	977940	978440	686653	-	291537	stromal	method5_re2g	0.9596581713806365	0.9596581713806365	1
chr1:978588-979088	ENSG00000187583	PLEKHN1	chr1	978588	979088	966481	+	12357	stromal	method5_re2g	0.9977768683215091	0.9977768683215091	1
chr1:978588-979088	ENSG00000187608	ISG15	chr1	978588	979088	1001137	+	22299	stromal	method5_re2g	0.46630174963646986	0.46630174963646986	1
chr1:978588-979088	ENSG00000187634	SAMD11	chr1	978588	979088	923922	+	54916	stromal	method5_re2g	0.35834932769205075	0.35834932769205075	1
chr1:978588-979088	ENSG00000187642	PERM1	chr1	978588	979088	982116	-	3278	stromal	method5_re2g	0.9987479924655365	0.9987479924655365	1
chr1:978588-979088	ENSG00000187961	KLHL17	chr1	978588	979088	960583	+	18255	stromal	method5_re2g	0.9975644275873485	0.9975644275873485	1
chr1:978588-979088	ENSG00000188157	AGRN	chr1	978588	979088	1020119	+	41281	stromal	method5_re2g	0.28800752698123355	0.28800752698123355	1
chr1:978588-979088	ENSG00000188290	HES4	chr1	978588	979088	1000171	-	21333	stromal	method5_re2g	0.9953973851479361	0.9953973851479361	1
chr1:978588-979088	ENSG00000188976	NOC2L	chr1	978588	979088	959308	-	19530	stromal	method5_re2g	0.6315318079178481	0.6315318079178481	1
chr1:978588-979088	ENSG00000215915	ATAD3C	chr1	978588	979088	1449688	+	470850	stromal	method5_re2g	0.7627984718688876	0.7627984718688876	1
chr1:978588-979088	ENSG00000237330	RNF223	chr1	978588	979088	1074305	-	95467	stromal	method5_re2g	0.3043272388854505	0.3043272388854505	1
chr1:978588-979088	ENSG00000284662	OR4F16	chr1	978588	979088	686653	-	292185	stromal	method5_re2g	0.9640088537683545	0.9640088537683545	1
chr1:979264-979764	ENSG00000187583	PLEKHN1	chr1	979264	979764	966481	+	13033	stromal	method5_re2g	0.9975541173456728	0.9975541173456728	1
chr1:979264-979764	ENSG00000187608	ISG15	chr1	979264	979764	1001137	+	21623	stromal	method5_re2g	0.4403836589864657	0.4403836589864657	1
chr1:979264-979764	ENSG00000187634	SAMD11	chr1	979264	979764	923922	+	55592	stromal	method5_re2g	0.3490443010496389	0.3490443010496389	1
chr1:979264-979764	ENSG00000187642	PERM1	chr1	979264	979764	982116	-	2602	stromal	method5_re2g	0.9983331516546126	0.9983331516546126	1
chr1:979264-979764	ENSG00000187961	KLHL17	chr1	979264	979764	960583	+	18931	stromal	method5_re2g	0.9973641228147884	0.9973641228147884	1
chr1:979264-979764	ENSG00000188157	AGRN	chr1	979264	979764	1020119	+	40605	stromal	method5_re2g	0.27698865916415943	0.27698865916415943	1
chr1:979264-979764	ENSG00000188290	HES4	chr1	979264	979764	1000171	-	20657	stromal	method5_re2g	0.9948595584550534	0.9948595584550534	1
chr1:979264-979764	ENSG00000188976	NOC2L	chr1	979264	979764	959308	-	20206	stromal	method5_re2g	0.6128453606972133	0.6128453606972133	1
chr1:979264-979764	ENSG00000215915	ATAD3C	chr1	979264	979764	1449688	+	470174	stromal	method5_re2g	0.7623900213925279	0.7623900213925279	1
chr1:979264-979764	ENSG00000237330	RNF223	chr1	979264	979764	1074305	-	94791	stromal	method5_re2g	0.296988486232283	0.296988486232283	1
chr1:979264-979764	ENSG00000284662	OR4F16	chr1	979264	979764	686653	-	292861	stromal	method5_re2g	0.9617353172176739	0.9617353172176739	1
chr1:979981-980481	ENSG00000187583	PLEKHN1	chr1	979981	980481	966481	+	13750	stromal	method5_re2g	0.9975298604204645	0.9975298604204645	1
chr1:979981-980481	ENSG00000187608	ISG15	chr1	979981	980481	1001137	+	20906	stromal	method5_re2g	0.4266720036829568	0.4266720036829568	1
chr1:979981-980481	ENSG00000187634	SAMD11	chr1	979981	980481	923922	+	56309	stromal	method5_re2g	0.3474562846988267	0.3474562846988267	1
chr1:979981-980481	ENSG00000187642	PERM1	chr1	979981	980481	982116	-	1885	stromal	method5_re2g	0.9977429692880132	0.9977429692880132	1
chr1:979981-980481	ENSG00000187961	KLHL17	chr1	979981	980481	960583	+	19648	stromal	method5_re2g	0.9973327606382335	0.9973327606382335	1
chr1:979981-980481	ENSG00000188157	AGRN	chr1	979981	980481	1020119	+	39888	stromal	method5_re2g	0.27251268647577725	0.27251268647577725	1
chr1:979981-980481	ENSG00000188290	HES4	chr1	979981	980481	1000171	-	19940	stromal	method5_re2g	0.9945329177171187	0.9945329177171187	1
chr1:979981-980481	ENSG00000188976	NOC2L	chr1	979981	980481	959308	-	20923	stromal	method5_re2g	0.6093351638097747	0.6093351638097747	1
chr1:979981-980481	ENSG00000215915	ATAD3C	chr1	979981	980481	1449688	+	469457	stromal	method5_re2g	0.7616251958549651	0.7616251958549651	1
chr1:979981-980481	ENSG00000237330	RNF223	chr1	979981	980481	1074305	-	94074	stromal	method5_re2g	0.29453554000895876	0.29453554000895876	1
chr1:979981-980481	ENSG00000284662	OR4F16	chr1	979981	980481	686653	-	293578	stromal	method5_re2g	0.9614772112881187	0.9614772112881187	1
chr1:980520-981020	ENSG00000187583	PLEKHN1	chr1	980520	981020	966481	+	14289	stromal	method5_re2g	0.9980833674368149	0.9980833674368149	1
chr1:980520-981020	ENSG00000187608	ISG15	chr1	980520	981020	1001137	+	20367	stromal	method5_re2g	0.4515936544952024	0.4515936544952024	1
chr1:980520-981020	ENSG00000187634	SAMD11	chr1	980520	981020	923922	+	56848	stromal	method5_re2g	0.37319166479312627	0.37319166479312627	1
chr1:980520-981020	ENSG00000187642	PERM1	chr1	980520	981020	982116	-	1346	stromal	method5_re2g	0.9306196527733668	0.9306196527733668	1
chr1:980520-981020	ENSG00000187961	KLHL17	chr1	980520	981020	960583	+	20187	stromal	method5_re2g	0.9978133250772268	0.9978133250772268	1
chr1:980520-981020	ENSG00000188157	AGRN	chr1	980520	981020	1020119	+	39349	stromal	method5_re2g	0.2898795999676107	0.2898795999676107	1
chr1:980520-981020	ENSG00000188290	HES4	chr1	980520	981020	1000171	-	19401	stromal	method5_re2g	0.9950369434528612	0.9950369434528612	1
chr1:980520-981020	ENSG00000188976	NOC2L	chr1	980520	981020	959308	-	21462	stromal	method5_re2g	0.6531410728077016	0.6531410728077016	1
chr1:980520-981020	ENSG00000215915	ATAD3C	chr1	980520	981020	1449688	+	468918	stromal	method5_re2g	0.7645479316293508	0.7645479316293508	1
chr1:980520-981020	ENSG00000237330	RNF223	chr1	980520	981020	1074305	-	93535	stromal	method5_re2g	0.3102259140849382	0.3102259140849382	1
chr1:980520-981020	ENSG00000284662	OR4F16	chr1	980520	981020	686653	-	294117	stromal	method5_re2g	0.9672973487657403	0.9672973487657403	1
chr1:981938-982438	ENSG00000162571	TTLL10	chr1	981938	982438	1173879	+	191691	stromal	method5_re2g	0.18907333232822043	0.18907333232822043	1
chr1:981938-982438	ENSG00000187583	PLEKHN1	chr1	981938	982438	966481	+	15707	stromal	method5_re2g	0.997331311758898	0.997331311758898	1
chr1:981938-982438	ENSG00000187608	ISG15	chr1	981938	982438	1001137	+	18949	stromal	method5_re2g	0.9940702918474662	0.9940702918474662	1
chr1:981938-982438	ENSG00000187634	SAMD11	chr1	981938	982438	923922	+	58266	stromal	method5_re2g	0.23974306019471958	0.23974306019471958	1
chr1:981938-982438	ENSG00000187642	PERM1	chr1	981938	982438	982116	-	72	stromal	method5_re2g	0.9938883458744194	0.9938883458744194	1
chr1:981938-982438	ENSG00000187961	KLHL17	chr1	981938	982438	960583	+	21605	stromal	method5_re2g	0.5798106348406696	0.5798106348406696	1
chr1:981938-982438	ENSG00000188157	AGRN	chr1	981938	982438	1020119	+	37931	stromal	method5_re2g	0.44883988642675715	0.44883988642675715	1
chr1:981938-982438	ENSG00000188290	HES4	chr1	981938	982438	1000171	-	17983	stromal	method5_re2g	0.9937588123827424	0.9937588123827424	1
chr1:981938-982438	ENSG00000188976	NOC2L	chr1	981938	982438	959308	-	22880	stromal	method5_re2g	0.3890717216502259	0.3890717216502259	1
chr1:981938-982438	ENSG00000215915	ATAD3C	chr1	981938	982438	1449688	+	467500	stromal	method5_re2g	0.765728833309349	0.765728833309349	1
chr1:981938-982438	ENSG00000237330	RNF223	chr1	981938	982438	1074305	-	92117	stromal	method5_re2g	0.3957437013558494	0.3957437013558494	1
chr1:981938-982438	ENSG00000284662	OR4F16	chr1	981938	982438	686653	-	295535	stromal	method5_re2g	0.944900014704765	0.944900014704765	1
chr1:984068-984568	ENSG00000131591	C1orf159	chr1	984068	984568	1116360	-	132042	stromal	method5_re2g	0.1867004998780326	0.1867004998780326	1
chr1:984068-984568	ENSG00000162571	TTLL10	chr1	984068	984568	1173879	+	189561	stromal	method5_re2g	0.2243350658328433	0.2243350658328433	1
chr1:984068-984568	ENSG00000187583	PLEKHN1	chr1	984068	984568	966481	+	17837	stromal	method5_re2g	0.9986829179568367	0.9986829179568367	1
chr1:984068-984568	ENSG00000187608	ISG15	chr1	984068	984568	1001137	+	16819	stromal	method5_re2g	0.9971269446238354	0.9971269446238354	1
chr1:984068-984568	ENSG00000187634	SAMD11	chr1	984068	984568	923922	+	60396	stromal	method5_re2g	0.3196371749771767	0.3196371749771767	1
chr1:984068-984568	ENSG00000187642	PERM1	chr1	984068	984568	982116	-	2202	stromal	method5_re2g	0.9992934769202152	0.9992934769202152	1
chr1:984068-984568	ENSG00000187961	KLHL17	chr1	984068	984568	960583	+	23735	stromal	method5_re2g	0.7157832427970371	0.7157832427970371	1
chr1:984068-984568	ENSG00000188157	AGRN	chr1	984068	984568	1020119	+	35801	stromal	method5_re2g	0.570616467000826	0.570616467000826	1
chr1:984068-984568	ENSG00000188290	HES4	chr1	984068	984568	1000171	-	15853	stromal	method5_re2g	0.9970071880472033	0.9970071880472033	1
chr1:984068-984568	ENSG00000188976	NOC2L	chr1	984068	984568	959308	-	25010	stromal	method5_re2g	0.5327932133187847	0.5327932133187847	1
chr1:984068-984568	ENSG00000215915	ATAD3C	chr1	984068	984568	1449688	+	465370	stromal	method5_re2g	0.7802520868380357	0.7802520868380357	1
chr1:984068-984568	ENSG00000237330	RNF223	chr1	984068	984568	1074305	-	89987	stromal	method5_re2g	0.4853358812730158	0.4853358812730158	1
chr1:984068-984568	ENSG00000284662	OR4F16	chr1	984068	984568	686653	-	297665	stromal	method5_re2g	0.9702247574180392	0.9702247574180392	1
chr1:994703-995203	ENSG00000162571	TTLL10	chr1	994703	995203	1173879	+	178926	stromal	method5_re2g	0.19706918422425482	0.19706918422425482	1
chr1:994703-995203	ENSG00000187583	PLEKHN1	chr1	994703	995203	966481	+	28472	stromal	method5_re2g	0.9949912693968704	0.9949912693968704	1
chr1:994703-995203	ENSG00000187608	ISG15	chr1	994703	995203	1001137	+	6184	stromal	method5_re2g	0.997699497650746	0.997699497650746	1
chr1:994703-995203	ENSG00000187634	SAMD11	chr1	994703	995203	923922	+	71031	stromal	method5_re2g	0.20399238929001348	0.20399238929001348	1
chr1:994703-995203	ENSG00000187642	PERM1	chr1	994703	995203	982116	-	12837	stromal	method5_re2g	0.9860209890346184	0.9860209890346184	1
chr1:994703-995203	ENSG00000187961	KLHL17	chr1	994703	995203	960583	+	34370	stromal	method5_re2g	0.4577343068293659	0.4577343068293659	1
chr1:994703-995203	ENSG00000188157	AGRN	chr1	994703	995203	1020119	+	25166	stromal	method5_re2g	0.5319522394302477	0.5319522394302477	1
chr1:994703-995203	ENSG00000188290	HES4	chr1	994703	995203	1000171	-	5218	stromal	method5_re2g	0.9977992321986849	0.9977992321986849	1
chr1:994703-995203	ENSG00000188976	NOC2L	chr1	994703	995203	959308	-	35645	stromal	method5_re2g	0.28401399922469006	0.28401399922469006	1
chr1:994703-995203	ENSG00000215915	ATAD3C	chr1	994703	995203	1449688	+	454735	stromal	method5_re2g	0.7712065900429859	0.7712065900429859	1
chr1:994703-995203	ENSG00000237330	RNF223	chr1	994703	995203	1074305	-	79352	stromal	method5_re2g	0.42267378036752573	0.42267378036752573	1
chr1:994703-995203	ENSG00000284662	OR4F16	chr1	994703	995203	686653	-	308300	stromal	method5_re2g	0.9402695386240904	0.9402695386240904	1
chr1:995630-996130	ENSG00000131591	C1orf159	chr1	995630	996130	1116360	-	120480	stromal	method5_re2g	0.17998984971444257	0.17998984971444257	1
chr1:995630-996130	ENSG00000162571	TTLL10	chr1	995630	996130	1173879	+	177999	stromal	method5_re2g	0.2144379166052498	0.2144379166052498	1
chr1:995630-996130	ENSG00000187583	PLEKHN1	chr1	995630	996130	966481	+	29399	stromal	method5_re2g	0.9960904330610566	0.9960904330610566	1
chr1:995630-996130	ENSG00000187608	ISG15	chr1	995630	996130	1001137	+	5257	stromal	method5_re2g	0.9985156136719529	0.9985156136719529	1
chr1:995630-996130	ENSG00000187634	SAMD11	chr1	995630	996130	923922	+	71958	stromal	method5_re2g	0.23010738616965778	0.23010738616965778	1
chr1:995630-996130	ENSG00000187642	PERM1	chr1	995630	996130	982116	-	13764	stromal	method5_re2g	0.9925917217402381	0.9925917217402381	1
chr1:995630-996130	ENSG00000187961	KLHL17	chr1	995630	996130	960583	+	35297	stromal	method5_re2g	0.5105888800609243	0.5105888800609243	1
chr1:995630-996130	ENSG00000188157	AGRN	chr1	995630	996130	1020119	+	24239	stromal	method5_re2g	0.5856013712031731	0.5856013712031731	1
chr1:995630-996130	ENSG00000188290	HES4	chr1	995630	996130	1000171	-	4291	stromal	method5_re2g	0.9986239806950161	0.9986239806950161	1
chr1:995630-996130	ENSG00000188976	NOC2L	chr1	995630	996130	959308	-	36572	stromal	method5_re2g	0.32734929351866326	0.32734929351866326	1
chr1:995630-996130	ENSG00000215915	ATAD3C	chr1	995630	996130	1449688	+	453808	stromal	method5_re2g	0.7835339083740359	0.7835339083740359	1
chr1:995630-996130	ENSG00000237330	RNF223	chr1	995630	996130	1074305	-	78425	stromal	method5_re2g	0.46090317321344004	0.46090317321344004	1
chr1:995630-996130	ENSG00000284662	OR4F16	chr1	995630	996130	686653	-	309227	stromal	method5_re2g	0.9523195100470553	0.9523195100470553	1
chr1:997119-997619	ENSG00000131591	C1orf159	chr1	997119	997619	1116360	-	118991	stromal	method5_re2g	0.18936948156479433	0.18936948156479433	1
chr1:997119-997619	ENSG00000162571	TTLL10	chr1	997119	997619	1173879	+	176510	stromal	method5_re2g	0.22427115780458579	0.22427115780458579	1
chr1:997119-997619	ENSG00000187583	PLEKHN1	chr1	997119	997619	966481	+	30888	stromal	method5_re2g	0.996551394756337	0.996551394756337	1
chr1:997119-997619	ENSG00000187608	ISG15	chr1	997119	997619	1001137	+	3768	stromal	method5_re2g	0.9990957347342159	0.9990957347342159	1
chr1:997119-997619	ENSG00000187634	SAMD11	chr1	997119	997619	923922	+	73447	stromal	method5_re2g	0.24411507912176658	0.24411507912176658	1
chr1:997119-997619	ENSG00000187642	PERM1	chr1	997119	997619	982116	-	15253	stromal	method5_re2g	0.9946893192238676	0.9946893192238676	1
chr1:997119-997619	ENSG00000187961	KLHL17	chr1	997119	997619	960583	+	36786	stromal	method5_re2g	0.5369191203776137	0.5369191203776137	1
chr1:997119-997619	ENSG00000188157	AGRN	chr1	997119	997619	1020119	+	22750	stromal	method5_re2g	0.6257837047914568	0.6257837047914568	1
chr1:997119-997619	ENSG00000188290	HES4	chr1	997119	997619	1000171	-	2802	stromal	method5_re2g	0.9992276564946506	0.9992276564946506	1
chr1:997119-997619	ENSG00000188976	NOC2L	chr1	997119	997619	959308	-	38061	stromal	method5_re2g	0.34993284817326725	0.34993284817326725	1
chr1:997119-997619	ENSG00000215915	ATAD3C	chr1	997119	997619	1449688	+	452319	stromal	method5_re2g	0.7884759546169534	0.7884759546169534	1
chr1:997119-997619	ENSG00000237330	RNF223	chr1	997119	997619	1074305	-	76936	stromal	method5_re2g	0.4854758074639215	0.4854758074639215	1
chr1:997119-997619	ENSG00000284662	OR4F16	chr1	997119	997619	686653	-	310716	stromal	method5_re2g	0.9583888978128718	0.9583888978128718	1
chr1:997835-998335	ENSG00000131591	C1orf159	chr1	997835	998335	1116360	-	118275	stromal	method5_re2g	0.1915619960057709	0.1915619960057709	1
chr1:997835-998335	ENSG00000162571	TTLL10	chr1	997835	998335	1173879	+	175794	stromal	method5_re2g	0.22672883848352385	0.22672883848352385	1
chr1:997835-998335	ENSG00000187583	PLEKHN1	chr1	997835	998335	966481	+	31604	stromal	method5_re2g	0.9967643056111074	0.9967643056111074	1
chr1:997835-998335	ENSG00000187608	ISG15	chr1	997835	998335	1001137	+	3052	stromal	method5_re2g	0.9992192231342599	0.9992192231342599	1
chr1:997835-998335	ENSG00000187634	SAMD11	chr1	997835	998335	923922	+	74163	stromal	method5_re2g	0.2499429563806786	0.2499429563806786	1
chr1:997835-998335	ENSG00000187642	PERM1	chr1	997835	998335	982116	-	15969	stromal	method5_re2g	0.9956997635586715	0.9956997635586715	1
chr1:997835-998335	ENSG00000187961	KLHL17	chr1	997835	998335	960583	+	37502	stromal	method5_re2g	0.5494596523370239	0.5494596523370239	1
chr1:997835-998335	ENSG00000188157	AGRN	chr1	997835	998335	1020119	+	22034	stromal	method5_re2g	0.6358808001249538	0.6358808001249538	1
chr1:997835-998335	ENSG00000188290	HES4	chr1	997835	998335	1000171	-	2086	stromal	method5_re2g	0.9993584764672853	0.9993584764672853	1
chr1:997835-998335	ENSG00000188976	NOC2L	chr1	997835	998335	959308	-	38777	stromal	method5_re2g	0.3606763196476646	0.3606763196476646	1
chr1:997835-998335	ENSG00000215915	ATAD3C	chr1	997835	998335	1449688	+	451603	stromal	method5_re2g	0.7894327689326365	0.7894327689326365	1
chr1:997835-998335	ENSG00000237330	RNF223	chr1	997835	998335	1074305	-	76220	stromal	method5_re2g	0.49234635681770106	0.49234635681770106	1
chr1:997835-998335	ENSG00000284662	OR4F16	chr1	997835	998335	686653	-	311432	stromal	method5_re2g	0.96046192937362	0.96046192937362	1
chr1:998362-998862	ENSG00000131591	C1orf159	chr1	998362	998862	1116360	-	117748	stromal	method5_re2g	0.20711176808220608	0.20711176808220608	1
chr1:998362-998862	ENSG00000162571	TTLL10	chr1	998362	998862	1173879	+	175267	stromal	method5_re2g	0.24311285213368947	0.24311285213368947	1
chr1:998362-998862	ENSG00000187583	PLEKHN1	chr1	998362	998862	966481	+	32131	stromal	method5_re2g	0.9975033056096548	0.9975033056096548	1
chr1:998362-998862	ENSG00000187608	ISG15	chr1	998362	998862	1001137	+	2525	stromal	method5_re2g	0.9994874933847202	0.9994874933847202	1
chr1:998362-998862	ENSG00000187634	SAMD11	chr1	998362	998862	923922	+	74690	stromal	method5_re2g	0.28044885331946423	0.28044885331946423	1
chr1:998362-998862	ENSG00000187642	PERM1	chr1	998362	998862	982116	-	16496	stromal	method5_re2g	0.9972737111430555	0.9972737111430555	1
chr1:998362-998862	ENSG00000187961	KLHL17	chr1	998362	998862	960583	+	38029	stromal	method5_re2g	0.6039012778004222	0.6039012778004222	1
chr1:998362-998862	ENSG00000188157	AGRN	chr1	998362	998862	1020119	+	21507	stromal	method5_re2g	0.6877315279553704	0.6877315279553704	1
chr1:998362-998862	ENSG00000188290	HES4	chr1	998362	998862	1000171	-	1559	stromal	method5_re2g	0.9995882706151463	0.9995882706151463	1
chr1:998362-998862	ENSG00000188976	NOC2L	chr1	998362	998862	959308	-	39304	stromal	method5_re2g	0.4118193843062417	0.4118193843062417	1
chr1:998362-998862	ENSG00000215915	ATAD3C	chr1	998362	998862	1449688	+	451076	stromal	method5_re2g	0.7955587719153135	0.7955587719153135	1
chr1:998362-998862	ENSG00000237330	RNF223	chr1	998362	998862	1074305	-	75693	stromal	method5_re2g	0.5316809407136601	0.5316809407136601	1
chr1:998362-998862	ENSG00000284662	OR4F16	chr1	998362	998862	686653	-	311959	stromal	method5_re2g	0.9690603136877053	0.9690603136877053	1
chr1:998929-999429	ENSG00000131591	C1orf159	chr1	998929	999429	1116360	-	117181	stromal	method5_re2g	0.24274588359886237	0.24274588359886237	1
chr1:998929-999429	ENSG00000162571	TTLL10	chr1	998929	999429	1173879	+	174700	stromal	method5_re2g	0.2799260480372473	0.2799260480372473	1
chr1:998929-999429	ENSG00000187583	PLEKHN1	chr1	998929	999429	966481	+	32698	stromal	method5_re2g	0.9983989072537678	0.9983989072537678	1
chr1:998929-999429	ENSG00000187608	ISG15	chr1	998929	999429	1001137	+	1958	stromal	method5_re2g	0.9997377172299076	0.9997377172299076	1
chr1:998929-999429	ENSG00000187634	SAMD11	chr1	998929	999429	923922	+	75257	stromal	method5_re2g	0.3438914486095374	0.3438914486095374	1
chr1:998929-999429	ENSG00000187642	PERM1	chr1	998929	999429	982116	-	17063	stromal	method5_re2g	0.998577409811379	0.998577409811379	1
chr1:998929-999429	ENSG00000187961	KLHL17	chr1	998929	999429	960583	+	38596	stromal	method5_re2g	0.6935496666391636	0.6935496666391636	1
chr1:998929-999429	ENSG00000188157	AGRN	chr1	998929	999429	1020119	+	20940	stromal	method5_re2g	0.7737075043556476	0.7737075043556476	1
chr1:998929-999429	ENSG00000188290	HES4	chr1	998929	999429	1000171	-	992	stromal	method5_re2g	0.9997825992463572	0.9997825992463572	1
chr1:998929-999429	ENSG00000188976	NOC2L	chr1	998929	999429	959308	-	39871	stromal	method5_re2g	0.507270567400923	0.507270567400923	1
chr1:998929-999429	ENSG00000215915	ATAD3C	chr1	998929	999429	1449688	+	450509	stromal	method5_re2g	0.8084300767807062	0.8084300767807062	1
chr1:998929-999429	ENSG00000237330	RNF223	chr1	998929	999429	1074305	-	75126	stromal	method5_re2g	0.6078032629600764	0.6078032629600764	1
chr1:998929-999429	ENSG00000284662	OR4F16	chr1	998929	999429	686653	-	312526	stromal	method5_re2g	0.9801024514366983	0.9801024514366983	1
chr1:999900-1000400	ENSG00000131591	C1orf159	chr1	999900	1000400	1116360	-	116210	stromal	method5_re2g	0.39932505493195286	0.39932505493195286	1
chr1:999900-1000400	ENSG00000162571	TTLL10	chr1	999900	1000400	1173879	+	173729	stromal	method5_re2g	0.435705588604028	0.435705588604028	1
chr1:999900-1000400	ENSG00000186827	TNFRSF4	chr1	999900	1000400	1214152	-	214002	stromal	method5_re2g	0.18416530274379275	0.18416530274379275	1
chr1:999900-1000400	ENSG00000186891	TNFRSF18	chr1	999900	1000400	1206591	-	206441	stromal	method5_re2g	0.20453067734102942	0.20453067734102942	1
chr1:999900-1000400	ENSG00000187583	PLEKHN1	chr1	999900	1000400	966481	+	33669	stromal	method5_re2g	0.9995060805908438	0.9995060805908438	1
chr1:999900-1000400	ENSG00000187608	ISG15	chr1	999900	1000400	1001137	+	987	stromal	method5_re2g	0.9999586105035009	0.9999586105035009	1
chr1:999900-1000400	ENSG00000187634	SAMD11	chr1	999900	1000400	923922	+	76228	stromal	method5_re2g	0.566798776404409	0.566798776404409	1
chr1:999900-1000400	ENSG00000187642	PERM1	chr1	999900	1000400	982116	-	18034	stromal	method5_re2g	0.9996560893773782	0.9996560893773782	1
chr1:999900-1000400	ENSG00000187961	KLHL17	chr1	999900	1000400	960583	+	39567	stromal	method5_re2g	0.8713482814957233	0.8713482814957233	1
chr1:999900-1000400	ENSG00000188157	AGRN	chr1	999900	1000400	1020119	+	19969	stromal	method5_re2g	0.9242214554409982	0.9242214554409982	1
chr1:999900-1000400	ENSG00000188290	HES4	chr1	999900	1000400	1000171	-	21	stromal	method5_re2g	0.99994446820923	0.99994446820923	1
chr1:999900-1000400	ENSG00000188976	NOC2L	chr1	999900	1000400	959308	-	40842	stromal	method5_re2g	0.7521932532903927	0.7521932532903927	1
chr1:999900-1000400	ENSG00000215915	ATAD3C	chr1	999900	1000400	1449688	+	449538	stromal	method5_re2g	0.8547818477633097	0.8547818477633097	1
chr1:999900-1000400	ENSG00000237330	RNF223	chr1	999900	1000400	1074305	-	74155	stromal	method5_re2g	0.8060313059081928	0.8060313059081928	1
chr1:999900-1000400	ENSG00000284662	OR4F16	chr1	999900	1000400	686653	-	313497	stromal	method5_re2g	0.9940970918940812	0.9940970918940812	1
chr1:1000604-1001104	ENSG00000131591	C1orf159	chr1	1000604	1001104	1116360	-	115506	stromal	method5_re2g	0.4459027693250093	0.4459027693250093	1
chr1:1000604-1001104	ENSG00000162571	TTLL10	chr1	1000604	1001104	1173879	+	173025	stromal	method5_re2g	0.4521594312022707	0.4521594312022707	1
chr1:1000604-1001104	ENSG00000186827	TNFRSF4	chr1	1000604	1001104	1214152	-	213298	stromal	method5_re2g	0.183799358369733	0.183799358369733	1
chr1:1000604-1001104	ENSG00000186891	TNFRSF18	chr1	1000604	1001104	1206591	-	205737	stromal	method5_re2g	0.21102449228698247	0.21102449228698247	1
chr1:1000604-1001104	ENSG00000187583	PLEKHN1	chr1	1000604	1001104	966481	+	34373	stromal	method5_re2g	0.8380053259532092	0.8380053259532092	1
chr1:1000604-1001104	ENSG00000187608	ISG15	chr1	1000604	1001104	1001137	+	283	stromal	method5_re2g	0.998653680482806	0.998653680482806	1
chr1:1000604-1001104	ENSG00000187634	SAMD11	chr1	1000604	1001104	923922	+	76932	stromal	method5_re2g	0.39366551138365585	0.39366551138365585	1
chr1:1000604-1001104	ENSG00000187642	PERM1	chr1	1000604	1001104	982116	-	18738	stromal	method5_re2g	0.9994579575975296	0.9994579575975296	1
chr1:1000604-1001104	ENSG00000187961	KLHL17	chr1	1000604	1001104	960583	+	40271	stromal	method5_re2g	0.6623873048622461	0.6623873048622461	1
chr1:1000604-1001104	ENSG00000188157	AGRN	chr1	1000604	1001104	1020119	+	19265	stromal	method5_re2g	0.9994961825838303	0.9994961825838303	1
chr1:1000604-1001104	ENSG00000188290	HES4	chr1	1000604	1001104	1000171	-	683	stromal	method5_re2g	0.9964542775151455	0.9964542775151455	1
chr1:1000604-1001104	ENSG00000188976	NOC2L	chr1	1000604	1001104	959308	-	41546	stromal	method5_re2g	0.5534947874937048	0.5534947874937048	1
chr1:1000604-1001104	ENSG00000215915	ATAD3C	chr1	1000604	1001104	1449688	+	448834	stromal	method5_re2g	0.8428355246631102	0.8428355246631102	1
chr1:1000604-1001104	ENSG00000237330	RNF223	chr1	1000604	1001104	1074305	-	73451	stromal	method5_re2g	0.8672911392929848	0.8672911392929848	1
chr1:1000604-1001104	ENSG00000284662	OR4F16	chr1	1000604	1001104	686653	-	314201	stromal	method5_re2g	0.9880503616891965	0.9880503616891965	1
chr1:1001159-1001659	ENSG00000131591	C1orf159	chr1	1001159	1001659	1116360	-	114951	stromal	method5_re2g	0.4963157401824315	0.4963157401824315	1
chr1:1001159-1001659	ENSG00000162571	TTLL10	chr1	1001159	1001659	1173879	+	172470	stromal	method5_re2g	0.4288938195511923	0.4288938195511923	1
chr1:1001159-1001659	ENSG00000186891	TNFRSF18	chr1	1001159	1001659	1206591	-	205182	stromal	method5_re2g	0.19377416052397423	0.19377416052397423	1
chr1:1001159-1001659	ENSG00000187583	PLEKHN1	chr1	1001159	1001659	966481	+	34928	stromal	method5_re2g	0.43683707421591783	0.43683707421591783	1
chr1:1001159-1001659	ENSG00000187608	ISG15	chr1	1001159	1001659	1001137	+	272	stromal	method5_re2g	0.9927250754126641	0.9927250754126641	1
chr1:1001159-1001659	ENSG00000187634	SAMD11	chr1	1001159	1001659	923922	+	77487	stromal	method5_re2g	0.18305479128932312	0.18305479128932312	1
chr1:1001159-1001659	ENSG00000187642	PERM1	chr1	1001159	1001659	982116	-	19293	stromal	method5_re2g	0.6687314782725174	0.6687314782725174	1
chr1:1001159-1001659	ENSG00000187961	KLHL17	chr1	1001159	1001659	960583	+	40826	stromal	method5_re2g	0.31065110930887246	0.31065110930887246	1
chr1:1001159-1001659	ENSG00000188157	AGRN	chr1	1001159	1001659	1020119	+	18710	stromal	method5_re2g	0.9983331966367405	0.9983331966367405	1
chr1:1001159-1001659	ENSG00000188290	HES4	chr1	1001159	1001659	1000171	-	1238	stromal	method5_re2g	0.9994809581878308	0.9994809581878308	1
chr1:1001159-1001659	ENSG00000188976	NOC2L	chr1	1001159	1001659	959308	-	42101	stromal	method5_re2g	0.2491710040263522	0.2491710040263522	1
chr1:1001159-1001659	ENSG00000215915	ATAD3C	chr1	1001159	1001659	1449688	+	448279	stromal	method5_re2g	0.8129556344988027	0.8129556344988027	1
chr1:1001159-1001659	ENSG00000237330	RNF223	chr1	1001159	1001659	1074305	-	72896	stromal	method5_re2g	0.9985485761182208	0.9985485761182208	1
chr1:1001159-1001659	ENSG00000284662	OR4F16	chr1	1001159	1001659	686653	-	314756	stromal	method5_re2g	0.9551044385725677	0.9551044385725677	1
chr1:1001721-1002221	ENSG00000131591	C1orf159	chr1	1001721	1002221	1116360	-	114389	stromal	method5_re2g	0.606533568359606	0.606533568359606	1
chr1:1001721-1002221	ENSG00000162571	TTLL10	chr1	1001721	1002221	1173879	+	171908	stromal	method5_re2g	0.5324774975734841	0.5324774975734841	1
chr1:1001721-1002221	ENSG00000186827	TNFRSF4	chr1	1001721	1002221	1214152	-	212181	stromal	method5_re2g	0.2058608848366155	0.2058608848366155	1
