peak_id	gene_id	gene_name	chrom	peak_start	peak_end	tss_pos	strand	distance_bp	compartment	method	score
chr1:819819-820319	ENSG00000078808	SDF4	chr1	819819	820319	1232030	-	411961	epithelial	method1_distance	1.0
chr1:819819-820319	ENSG00000131584	ACAP3	chr1	819819	820319	1309608	-	489539	epithelial	method1_distance	1.0
chr1:819819-820319	ENSG00000131591	C1orf159	chr1	819819	820319	1116360	-	296291	epithelial	method1_distance	1.0
chr1:819819-820319	ENSG00000160087	UBE2J2	chr1	819819	820319	1273863	-	453794	epithelial	method1_distance	1.0
chr1:819819-820319	ENSG00000162571	TTLL10	chr1	819819	820319	1173879	+	353810	epithelial	method1_distance	1.0
chr1:819819-820319	ENSG00000162572	SCNN1D	chr1	819819	820319	1280435	+	460366	epithelial	method1_distance	1.0
chr1:819819-820319	ENSG00000169972	PUSL1	chr1	819819	820319	1308596	+	488527	epithelial	method1_distance	1.0
chr1:819819-820319	ENSG00000176022	B3GALT6	chr1	819819	820319	1232236	+	412167	epithelial	method1_distance	1.0
chr1:819819-820319	ENSG00000184163	C1QTNF12	chr1	819819	820319	1246721	-	426652	epithelial	method1_distance	1.0
chr1:819819-820319	ENSG00000186827	TNFRSF4	chr1	819819	820319	1214152	-	394083	epithelial	method1_distance	1.0
chr1:819819-820319	ENSG00000186891	TNFRSF18	chr1	819819	820319	1206591	-	386522	epithelial	method1_distance	1.0
chr1:819819-820319	ENSG00000187583	PLEKHN1	chr1	819819	820319	966481	+	146412	epithelial	method1_distance	1.0
chr1:819819-820319	ENSG00000187608	ISG15	chr1	819819	820319	1001137	+	181068	epithelial	method1_distance	1.0
chr1:819819-820319	ENSG00000187634	SAMD11	chr1	819819	820319	923922	+	103853	epithelial	method1_distance	1.0
chr1:819819-820319	ENSG00000187642	PERM1	chr1	819819	820319	982116	-	162047	epithelial	method1_distance	1.0
chr1:819819-820319	ENSG00000187961	KLHL17	chr1	819819	820319	960583	+	140514	epithelial	method1_distance	1.0
chr1:819819-820319	ENSG00000188157	AGRN	chr1	819819	820319	1020119	+	200050	epithelial	method1_distance	1.0
chr1:819819-820319	ENSG00000188290	HES4	chr1	819819	820319	1000171	-	180102	epithelial	method1_distance	1.0
chr1:819819-820319	ENSG00000188976	NOC2L	chr1	819819	820319	959308	-	139239	epithelial	method1_distance	1.0
chr1:819819-820319	ENSG00000237330	RNF223	chr1	819819	820319	1074305	-	254236	epithelial	method1_distance	1.0
chr1:819819-820319	ENSG00000284662	OR4F16	chr1	819819	820319	686653	-	133416	epithelial	method1_distance	1.0
chr1:819819-820319	ENSG00000284733	OR4F29	chr1	819819	820319	500000	-	320069	epithelial	method1_distance	1.0
chr1:820554-821054	ENSG00000078808	SDF4	chr1	820554	821054	1232030	-	411226	epithelial	method1_distance	1.0
chr1:820554-821054	ENSG00000131584	ACAP3	chr1	820554	821054	1309608	-	488804	epithelial	method1_distance	1.0
chr1:820554-821054	ENSG00000131591	C1orf159	chr1	820554	821054	1116360	-	295556	epithelial	method1_distance	1.0
chr1:820554-821054	ENSG00000160087	UBE2J2	chr1	820554	821054	1273863	-	453059	epithelial	method1_distance	1.0
chr1:820554-821054	ENSG00000162571	TTLL10	chr1	820554	821054	1173879	+	353075	epithelial	method1_distance	1.0
chr1:820554-821054	ENSG00000162572	SCNN1D	chr1	820554	821054	1280435	+	459631	epithelial	method1_distance	1.0
chr1:820554-821054	ENSG00000169972	PUSL1	chr1	820554	821054	1308596	+	487792	epithelial	method1_distance	1.0
chr1:820554-821054	ENSG00000176022	B3GALT6	chr1	820554	821054	1232236	+	411432	epithelial	method1_distance	1.0
chr1:820554-821054	ENSG00000184163	C1QTNF12	chr1	820554	821054	1246721	-	425917	epithelial	method1_distance	1.0
chr1:820554-821054	ENSG00000186827	TNFRSF4	chr1	820554	821054	1214152	-	393348	epithelial	method1_distance	1.0
chr1:820554-821054	ENSG00000186891	TNFRSF18	chr1	820554	821054	1206591	-	385787	epithelial	method1_distance	1.0
chr1:820554-821054	ENSG00000187583	PLEKHN1	chr1	820554	821054	966481	+	145677	epithelial	method1_distance	1.0
chr1:820554-821054	ENSG00000187608	ISG15	chr1	820554	821054	1001137	+	180333	epithelial	method1_distance	1.0
chr1:820554-821054	ENSG00000187634	SAMD11	chr1	820554	821054	923922	+	103118	epithelial	method1_distance	1.0
chr1:820554-821054	ENSG00000187642	PERM1	chr1	820554	821054	982116	-	161312	epithelial	method1_distance	1.0
chr1:820554-821054	ENSG00000187961	KLHL17	chr1	820554	821054	960583	+	139779	epithelial	method1_distance	1.0
chr1:820554-821054	ENSG00000188157	AGRN	chr1	820554	821054	1020119	+	199315	epithelial	method1_distance	1.0
chr1:820554-821054	ENSG00000188290	HES4	chr1	820554	821054	1000171	-	179367	epithelial	method1_distance	1.0
chr1:820554-821054	ENSG00000188976	NOC2L	chr1	820554	821054	959308	-	138504	epithelial	method1_distance	1.0
chr1:820554-821054	ENSG00000237330	RNF223	chr1	820554	821054	1074305	-	253501	epithelial	method1_distance	1.0
chr1:820554-821054	ENSG00000284662	OR4F16	chr1	820554	821054	686653	-	134151	epithelial	method1_distance	1.0
chr1:820554-821054	ENSG00000284733	OR4F29	chr1	820554	821054	500000	-	320804	epithelial	method1_distance	1.0
chr1:821133-821633	ENSG00000078808	SDF4	chr1	821133	821633	1232030	-	410647	epithelial	method1_distance	1.0
chr1:821133-821633	ENSG00000131584	ACAP3	chr1	821133	821633	1309608	-	488225	epithelial	method1_distance	1.0
chr1:821133-821633	ENSG00000131591	C1orf159	chr1	821133	821633	1116360	-	294977	epithelial	method1_distance	1.0
chr1:821133-821633	ENSG00000160087	UBE2J2	chr1	821133	821633	1273863	-	452480	epithelial	method1_distance	1.0
chr1:821133-821633	ENSG00000162571	TTLL10	chr1	821133	821633	1173879	+	352496	epithelial	method1_distance	1.0
chr1:821133-821633	ENSG00000162572	SCNN1D	chr1	821133	821633	1280435	+	459052	epithelial	method1_distance	1.0
chr1:821133-821633	ENSG00000169972	PUSL1	chr1	821133	821633	1308596	+	487213	epithelial	method1_distance	1.0
chr1:821133-821633	ENSG00000176022	B3GALT6	chr1	821133	821633	1232236	+	410853	epithelial	method1_distance	1.0
chr1:821133-821633	ENSG00000184163	C1QTNF12	chr1	821133	821633	1246721	-	425338	epithelial	method1_distance	1.0
chr1:821133-821633	ENSG00000186827	TNFRSF4	chr1	821133	821633	1214152	-	392769	epithelial	method1_distance	1.0
chr1:821133-821633	ENSG00000186891	TNFRSF18	chr1	821133	821633	1206591	-	385208	epithelial	method1_distance	1.0
chr1:821133-821633	ENSG00000187583	PLEKHN1	chr1	821133	821633	966481	+	145098	epithelial	method1_distance	1.0
chr1:821133-821633	ENSG00000187608	ISG15	chr1	821133	821633	1001137	+	179754	epithelial	method1_distance	1.0
chr1:821133-821633	ENSG00000187634	SAMD11	chr1	821133	821633	923922	+	102539	epithelial	method1_distance	1.0
chr1:821133-821633	ENSG00000187642	PERM1	chr1	821133	821633	982116	-	160733	epithelial	method1_distance	1.0
chr1:821133-821633	ENSG00000187961	KLHL17	chr1	821133	821633	960583	+	139200	epithelial	method1_distance	1.0
chr1:821133-821633	ENSG00000188157	AGRN	chr1	821133	821633	1020119	+	198736	epithelial	method1_distance	1.0
chr1:821133-821633	ENSG00000188290	HES4	chr1	821133	821633	1000171	-	178788	epithelial	method1_distance	1.0
chr1:821133-821633	ENSG00000188976	NOC2L	chr1	821133	821633	959308	-	137925	epithelial	method1_distance	1.0
chr1:821133-821633	ENSG00000237330	RNF223	chr1	821133	821633	1074305	-	252922	epithelial	method1_distance	1.0
chr1:821133-821633	ENSG00000284662	OR4F16	chr1	821133	821633	686653	-	134730	epithelial	method1_distance	1.0
chr1:821133-821633	ENSG00000284733	OR4F29	chr1	821133	821633	500000	-	321383	epithelial	method1_distance	1.0
chr1:821860-822360	ENSG00000078808	SDF4	chr1	821860	822360	1232030	-	409920	epithelial	method1_distance	1.0
chr1:821860-822360	ENSG00000131584	ACAP3	chr1	821860	822360	1309608	-	487498	epithelial	method1_distance	1.0
chr1:821860-822360	ENSG00000131591	C1orf159	chr1	821860	822360	1116360	-	294250	epithelial	method1_distance	1.0
chr1:821860-822360	ENSG00000160087	UBE2J2	chr1	821860	822360	1273863	-	451753	epithelial	method1_distance	1.0
chr1:821860-822360	ENSG00000162571	TTLL10	chr1	821860	822360	1173879	+	351769	epithelial	method1_distance	1.0
chr1:821860-822360	ENSG00000162572	SCNN1D	chr1	821860	822360	1280435	+	458325	epithelial	method1_distance	1.0
chr1:821860-822360	ENSG00000169972	PUSL1	chr1	821860	822360	1308596	+	486486	epithelial	method1_distance	1.0
chr1:821860-822360	ENSG00000176022	B3GALT6	chr1	821860	822360	1232236	+	410126	epithelial	method1_distance	1.0
chr1:821860-822360	ENSG00000184163	C1QTNF12	chr1	821860	822360	1246721	-	424611	epithelial	method1_distance	1.0
chr1:821860-822360	ENSG00000186827	TNFRSF4	chr1	821860	822360	1214152	-	392042	epithelial	method1_distance	1.0
chr1:821860-822360	ENSG00000186891	TNFRSF18	chr1	821860	822360	1206591	-	384481	epithelial	method1_distance	1.0
chr1:821860-822360	ENSG00000187583	PLEKHN1	chr1	821860	822360	966481	+	144371	epithelial	method1_distance	1.0
chr1:821860-822360	ENSG00000187608	ISG15	chr1	821860	822360	1001137	+	179027	epithelial	method1_distance	1.0
chr1:821860-822360	ENSG00000187634	SAMD11	chr1	821860	822360	923922	+	101812	epithelial	method1_distance	1.0
chr1:821860-822360	ENSG00000187642	PERM1	chr1	821860	822360	982116	-	160006	epithelial	method1_distance	1.0
chr1:821860-822360	ENSG00000187961	KLHL17	chr1	821860	822360	960583	+	138473	epithelial	method1_distance	1.0
chr1:821860-822360	ENSG00000188157	AGRN	chr1	821860	822360	1020119	+	198009	epithelial	method1_distance	1.0
chr1:821860-822360	ENSG00000188290	HES4	chr1	821860	822360	1000171	-	178061	epithelial	method1_distance	1.0
chr1:821860-822360	ENSG00000188976	NOC2L	chr1	821860	822360	959308	-	137198	epithelial	method1_distance	1.0
chr1:821860-822360	ENSG00000237330	RNF223	chr1	821860	822360	1074305	-	252195	epithelial	method1_distance	1.0
chr1:821860-822360	ENSG00000284662	OR4F16	chr1	821860	822360	686653	-	135457	epithelial	method1_distance	1.0
chr1:821860-822360	ENSG00000284733	OR4F29	chr1	821860	822360	500000	-	322110	epithelial	method1_distance	1.0
chr1:822571-823071	ENSG00000078808	SDF4	chr1	822571	823071	1232030	-	409209	epithelial	method1_distance	1.0
chr1:822571-823071	ENSG00000131584	ACAP3	chr1	822571	823071	1309608	-	486787	epithelial	method1_distance	1.0
chr1:822571-823071	ENSG00000131591	C1orf159	chr1	822571	823071	1116360	-	293539	epithelial	method1_distance	1.0
chr1:822571-823071	ENSG00000160087	UBE2J2	chr1	822571	823071	1273863	-	451042	epithelial	method1_distance	1.0
chr1:822571-823071	ENSG00000162571	TTLL10	chr1	822571	823071	1173879	+	351058	epithelial	method1_distance	1.0
chr1:822571-823071	ENSG00000162572	SCNN1D	chr1	822571	823071	1280435	+	457614	epithelial	method1_distance	1.0
chr1:822571-823071	ENSG00000169972	PUSL1	chr1	822571	823071	1308596	+	485775	epithelial	method1_distance	1.0
chr1:822571-823071	ENSG00000176022	B3GALT6	chr1	822571	823071	1232236	+	409415	epithelial	method1_distance	1.0
chr1:822571-823071	ENSG00000184163	C1QTNF12	chr1	822571	823071	1246721	-	423900	epithelial	method1_distance	1.0
chr1:822571-823071	ENSG00000186827	TNFRSF4	chr1	822571	823071	1214152	-	391331	epithelial	method1_distance	1.0
chr1:822571-823071	ENSG00000186891	TNFRSF18	chr1	822571	823071	1206591	-	383770	epithelial	method1_distance	1.0
chr1:822571-823071	ENSG00000187583	PLEKHN1	chr1	822571	823071	966481	+	143660	epithelial	method1_distance	1.0
chr1:822571-823071	ENSG00000187608	ISG15	chr1	822571	823071	1001137	+	178316	epithelial	method1_distance	1.0
chr1:822571-823071	ENSG00000187634	SAMD11	chr1	822571	823071	923922	+	101101	epithelial	method1_distance	1.0
chr1:822571-823071	ENSG00000187642	PERM1	chr1	822571	823071	982116	-	159295	epithelial	method1_distance	1.0
chr1:822571-823071	ENSG00000187961	KLHL17	chr1	822571	823071	960583	+	137762	epithelial	method1_distance	1.0
chr1:822571-823071	ENSG00000188157	AGRN	chr1	822571	823071	1020119	+	197298	epithelial	method1_distance	1.0
chr1:822571-823071	ENSG00000188290	HES4	chr1	822571	823071	1000171	-	177350	epithelial	method1_distance	1.0
chr1:822571-823071	ENSG00000188976	NOC2L	chr1	822571	823071	959308	-	136487	epithelial	method1_distance	1.0
chr1:822571-823071	ENSG00000237330	RNF223	chr1	822571	823071	1074305	-	251484	epithelial	method1_distance	1.0
chr1:822571-823071	ENSG00000284662	OR4F16	chr1	822571	823071	686653	-	136168	epithelial	method1_distance	1.0
chr1:822571-823071	ENSG00000284733	OR4F29	chr1	822571	823071	500000	-	322821	epithelial	method1_distance	1.0
chr1:826595-827095	ENSG00000078808	SDF4	chr1	826595	827095	1232030	-	405185	epithelial	method1_distance	1.0
chr1:826595-827095	ENSG00000127054	INTS11	chr1	826595	827095	1324686	-	497841	epithelial	method1_distance	1.0
chr1:826595-827095	ENSG00000131584	ACAP3	chr1	826595	827095	1309608	-	482763	epithelial	method1_distance	1.0
chr1:826595-827095	ENSG00000131591	C1orf159	chr1	826595	827095	1116360	-	289515	epithelial	method1_distance	1.0
chr1:826595-827095	ENSG00000160087	UBE2J2	chr1	826595	827095	1273863	-	447018	epithelial	method1_distance	1.0
chr1:826595-827095	ENSG00000162571	TTLL10	chr1	826595	827095	1173879	+	347034	epithelial	method1_distance	1.0
chr1:826595-827095	ENSG00000162572	SCNN1D	chr1	826595	827095	1280435	+	453590	epithelial	method1_distance	1.0
chr1:826595-827095	ENSG00000169972	PUSL1	chr1	826595	827095	1308596	+	481751	epithelial	method1_distance	1.0
chr1:826595-827095	ENSG00000176022	B3GALT6	chr1	826595	827095	1232236	+	405391	epithelial	method1_distance	1.0
chr1:826595-827095	ENSG00000184163	C1QTNF12	chr1	826595	827095	1246721	-	419876	epithelial	method1_distance	1.0
chr1:826595-827095	ENSG00000186827	TNFRSF4	chr1	826595	827095	1214152	-	387307	epithelial	method1_distance	1.0
chr1:826595-827095	ENSG00000186891	TNFRSF18	chr1	826595	827095	1206591	-	379746	epithelial	method1_distance	1.0
chr1:826595-827095	ENSG00000187583	PLEKHN1	chr1	826595	827095	966481	+	139636	epithelial	method1_distance	1.0
chr1:826595-827095	ENSG00000187608	ISG15	chr1	826595	827095	1001137	+	174292	epithelial	method1_distance	1.0
chr1:826595-827095	ENSG00000187634	SAMD11	chr1	826595	827095	923922	+	97077	epithelial	method1_distance	1.0
chr1:826595-827095	ENSG00000187642	PERM1	chr1	826595	827095	982116	-	155271	epithelial	method1_distance	1.0
chr1:826595-827095	ENSG00000187961	KLHL17	chr1	826595	827095	960583	+	133738	epithelial	method1_distance	1.0
chr1:826595-827095	ENSG00000188157	AGRN	chr1	826595	827095	1020119	+	193274	epithelial	method1_distance	1.0
chr1:826595-827095	ENSG00000188290	HES4	chr1	826595	827095	1000171	-	173326	epithelial	method1_distance	1.0
chr1:826595-827095	ENSG00000188976	NOC2L	chr1	826595	827095	959308	-	132463	epithelial	method1_distance	1.0
chr1:826595-827095	ENSG00000224051	CPTP	chr1	826595	827095	1324755	+	497910	epithelial	method1_distance	1.0
chr1:826595-827095	ENSG00000237330	RNF223	chr1	826595	827095	1074305	-	247460	epithelial	method1_distance	1.0
chr1:826595-827095	ENSG00000284662	OR4F16	chr1	826595	827095	686653	-	140192	epithelial	method1_distance	1.0
chr1:826595-827095	ENSG00000284733	OR4F29	chr1	826595	827095	500000	-	326845	epithelial	method1_distance	1.0
chr1:827296-827796	ENSG00000078808	SDF4	chr1	827296	827796	1232030	-	404484	epithelial	method1_distance	1.0
chr1:827296-827796	ENSG00000127054	INTS11	chr1	827296	827796	1324686	-	497140	epithelial	method1_distance	1.0
chr1:827296-827796	ENSG00000131584	ACAP3	chr1	827296	827796	1309608	-	482062	epithelial	method1_distance	1.0
chr1:827296-827796	ENSG00000131591	C1orf159	chr1	827296	827796	1116360	-	288814	epithelial	method1_distance	1.0
chr1:827296-827796	ENSG00000160087	UBE2J2	chr1	827296	827796	1273863	-	446317	epithelial	method1_distance	1.0
chr1:827296-827796	ENSG00000162571	TTLL10	chr1	827296	827796	1173879	+	346333	epithelial	method1_distance	1.0
chr1:827296-827796	ENSG00000162572	SCNN1D	chr1	827296	827796	1280435	+	452889	epithelial	method1_distance	1.0
chr1:827296-827796	ENSG00000169972	PUSL1	chr1	827296	827796	1308596	+	481050	epithelial	method1_distance	1.0
chr1:827296-827796	ENSG00000176022	B3GALT6	chr1	827296	827796	1232236	+	404690	epithelial	method1_distance	1.0
chr1:827296-827796	ENSG00000184163	C1QTNF12	chr1	827296	827796	1246721	-	419175	epithelial	method1_distance	1.0
chr1:827296-827796	ENSG00000186827	TNFRSF4	chr1	827296	827796	1214152	-	386606	epithelial	method1_distance	1.0
chr1:827296-827796	ENSG00000186891	TNFRSF18	chr1	827296	827796	1206591	-	379045	epithelial	method1_distance	1.0
chr1:827296-827796	ENSG00000187583	PLEKHN1	chr1	827296	827796	966481	+	138935	epithelial	method1_distance	1.0
chr1:827296-827796	ENSG00000187608	ISG15	chr1	827296	827796	1001137	+	173591	epithelial	method1_distance	1.0
chr1:827296-827796	ENSG00000187634	SAMD11	chr1	827296	827796	923922	+	96376	epithelial	method1_distance	1.0
chr1:827296-827796	ENSG00000187642	PERM1	chr1	827296	827796	982116	-	154570	epithelial	method1_distance	1.0
chr1:827296-827796	ENSG00000187961	KLHL17	chr1	827296	827796	960583	+	133037	epithelial	method1_distance	1.0
chr1:827296-827796	ENSG00000188157	AGRN	chr1	827296	827796	1020119	+	192573	epithelial	method1_distance	1.0
chr1:827296-827796	ENSG00000188290	HES4	chr1	827296	827796	1000171	-	172625	epithelial	method1_distance	1.0
chr1:827296-827796	ENSG00000188976	NOC2L	chr1	827296	827796	959308	-	131762	epithelial	method1_distance	1.0
chr1:827296-827796	ENSG00000224051	CPTP	chr1	827296	827796	1324755	+	497209	epithelial	method1_distance	1.0
chr1:827296-827796	ENSG00000237330	RNF223	chr1	827296	827796	1074305	-	246759	epithelial	method1_distance	1.0
chr1:827296-827796	ENSG00000284662	OR4F16	chr1	827296	827796	686653	-	140893	epithelial	method1_distance	1.0
chr1:827296-827796	ENSG00000284733	OR4F29	chr1	827296	827796	500000	-	327546	epithelial	method1_distance	1.0
chr1:829414-829914	ENSG00000078808	SDF4	chr1	829414	829914	1232030	-	402366	epithelial	method1_distance	1.0
chr1:829414-829914	ENSG00000127054	INTS11	chr1	829414	829914	1324686	-	495022	epithelial	method1_distance	1.0
chr1:829414-829914	ENSG00000131584	ACAP3	chr1	829414	829914	1309608	-	479944	epithelial	method1_distance	1.0
chr1:829414-829914	ENSG00000131591	C1orf159	chr1	829414	829914	1116360	-	286696	epithelial	method1_distance	1.0
chr1:829414-829914	ENSG00000160087	UBE2J2	chr1	829414	829914	1273863	-	444199	epithelial	method1_distance	1.0
chr1:829414-829914	ENSG00000162571	TTLL10	chr1	829414	829914	1173879	+	344215	epithelial	method1_distance	1.0
chr1:829414-829914	ENSG00000162572	SCNN1D	chr1	829414	829914	1280435	+	450771	epithelial	method1_distance	1.0
chr1:829414-829914	ENSG00000169972	PUSL1	chr1	829414	829914	1308596	+	478932	epithelial	method1_distance	1.0
chr1:829414-829914	ENSG00000176022	B3GALT6	chr1	829414	829914	1232236	+	402572	epithelial	method1_distance	1.0
chr1:829414-829914	ENSG00000184163	C1QTNF12	chr1	829414	829914	1246721	-	417057	epithelial	method1_distance	1.0
chr1:829414-829914	ENSG00000186827	TNFRSF4	chr1	829414	829914	1214152	-	384488	epithelial	method1_distance	1.0
chr1:829414-829914	ENSG00000186891	TNFRSF18	chr1	829414	829914	1206591	-	376927	epithelial	method1_distance	1.0
chr1:829414-829914	ENSG00000187583	PLEKHN1	chr1	829414	829914	966481	+	136817	epithelial	method1_distance	1.0
chr1:829414-829914	ENSG00000187608	ISG15	chr1	829414	829914	1001137	+	171473	epithelial	method1_distance	1.0
chr1:829414-829914	ENSG00000187634	SAMD11	chr1	829414	829914	923922	+	94258	epithelial	method1_distance	1.0
chr1:829414-829914	ENSG00000187642	PERM1	chr1	829414	829914	982116	-	152452	epithelial	method1_distance	1.0
chr1:829414-829914	ENSG00000187961	KLHL17	chr1	829414	829914	960583	+	130919	epithelial	method1_distance	1.0
chr1:829414-829914	ENSG00000188157	AGRN	chr1	829414	829914	1020119	+	190455	epithelial	method1_distance	1.0
chr1:829414-829914	ENSG00000188290	HES4	chr1	829414	829914	1000171	-	170507	epithelial	method1_distance	1.0
chr1:829414-829914	ENSG00000188976	NOC2L	chr1	829414	829914	959308	-	129644	epithelial	method1_distance	1.0
chr1:829414-829914	ENSG00000224051	CPTP	chr1	829414	829914	1324755	+	495091	epithelial	method1_distance	1.0
chr1:829414-829914	ENSG00000237330	RNF223	chr1	829414	829914	1074305	-	244641	epithelial	method1_distance	1.0
chr1:829414-829914	ENSG00000284662	OR4F16	chr1	829414	829914	686653	-	143011	epithelial	method1_distance	1.0
chr1:829414-829914	ENSG00000284733	OR4F29	chr1	829414	829914	500000	-	329664	epithelial	method1_distance	1.0
chr1:832063-832563	ENSG00000078808	SDF4	chr1	832063	832563	1232030	-	399717	epithelial	method1_distance	1.0
chr1:832063-832563	ENSG00000127054	INTS11	chr1	832063	832563	1324686	-	492373	epithelial	method1_distance	1.0
chr1:832063-832563	ENSG00000131584	ACAP3	chr1	832063	832563	1309608	-	477295	epithelial	method1_distance	1.0
chr1:832063-832563	ENSG00000131591	C1orf159	chr1	832063	832563	1116360	-	284047	epithelial	method1_distance	1.0
chr1:832063-832563	ENSG00000160087	UBE2J2	chr1	832063	832563	1273863	-	441550	epithelial	method1_distance	1.0
chr1:832063-832563	ENSG00000162571	TTLL10	chr1	832063	832563	1173879	+	341566	epithelial	method1_distance	1.0
chr1:832063-832563	ENSG00000162572	SCNN1D	chr1	832063	832563	1280435	+	448122	epithelial	method1_distance	1.0
chr1:832063-832563	ENSG00000169962	TAS1R3	chr1	832063	832563	1331279	+	498966	epithelial	method1_distance	1.0
chr1:832063-832563	ENSG00000169972	PUSL1	chr1	832063	832563	1308596	+	476283	epithelial	method1_distance	1.0
chr1:832063-832563	ENSG00000176022	B3GALT6	chr1	832063	832563	1232236	+	399923	epithelial	method1_distance	1.0
chr1:832063-832563	ENSG00000184163	C1QTNF12	chr1	832063	832563	1246721	-	414408	epithelial	method1_distance	1.0
chr1:832063-832563	ENSG00000186827	TNFRSF4	chr1	832063	832563	1214152	-	381839	epithelial	method1_distance	1.0
chr1:832063-832563	ENSG00000186891	TNFRSF18	chr1	832063	832563	1206591	-	374278	epithelial	method1_distance	1.0
chr1:832063-832563	ENSG00000187583	PLEKHN1	chr1	832063	832563	966481	+	134168	epithelial	method1_distance	1.0
chr1:832063-832563	ENSG00000187608	ISG15	chr1	832063	832563	1001137	+	168824	epithelial	method1_distance	1.0
chr1:832063-832563	ENSG00000187634	SAMD11	chr1	832063	832563	923922	+	91609	epithelial	method1_distance	1.0
chr1:832063-832563	ENSG00000187642	PERM1	chr1	832063	832563	982116	-	149803	epithelial	method1_distance	1.0
chr1:832063-832563	ENSG00000187961	KLHL17	chr1	832063	832563	960583	+	128270	epithelial	method1_distance	1.0
chr1:832063-832563	ENSG00000188157	AGRN	chr1	832063	832563	1020119	+	187806	epithelial	method1_distance	1.0
chr1:832063-832563	ENSG00000188290	HES4	chr1	832063	832563	1000171	-	167858	epithelial	method1_distance	1.0
chr1:832063-832563	ENSG00000188976	NOC2L	chr1	832063	832563	959308	-	126995	epithelial	method1_distance	1.0
chr1:832063-832563	ENSG00000224051	CPTP	chr1	832063	832563	1324755	+	492442	epithelial	method1_distance	1.0
chr1:832063-832563	ENSG00000237330	RNF223	chr1	832063	832563	1074305	-	241992	epithelial	method1_distance	1.0
chr1:832063-832563	ENSG00000284662	OR4F16	chr1	832063	832563	686653	-	145660	epithelial	method1_distance	1.0
chr1:832063-832563	ENSG00000284733	OR4F29	chr1	832063	832563	500000	-	332313	epithelial	method1_distance	1.0
chr1:857894-858394	ENSG00000078808	SDF4	chr1	857894	858394	1232030	-	373886	epithelial	method1_distance	1.0
chr1:857894-858394	ENSG00000107404	DVL1	chr1	857894	858394	1349417	-	491273	epithelial	method1_distance	1.0
chr1:857894-858394	ENSG00000127054	INTS11	chr1	857894	858394	1324686	-	466542	epithelial	method1_distance	1.0
chr1:857894-858394	ENSG00000131584	ACAP3	chr1	857894	858394	1309608	-	451464	epithelial	method1_distance	1.0
chr1:857894-858394	ENSG00000131591	C1orf159	chr1	857894	858394	1116360	-	258216	epithelial	method1_distance	1.0
chr1:857894-858394	ENSG00000160087	UBE2J2	chr1	857894	858394	1273863	-	415719	epithelial	method1_distance	1.0
chr1:857894-858394	ENSG00000162571	TTLL10	chr1	857894	858394	1173879	+	315735	epithelial	method1_distance	1.0
chr1:857894-858394	ENSG00000162572	SCNN1D	chr1	857894	858394	1280435	+	422291	epithelial	method1_distance	1.0
chr1:857894-858394	ENSG00000169962	TAS1R3	chr1	857894	858394	1331279	+	473135	epithelial	method1_distance	1.0
chr1:857894-858394	ENSG00000169972	PUSL1	chr1	857894	858394	1308596	+	450452	epithelial	method1_distance	1.0
chr1:857894-858394	ENSG00000176022	B3GALT6	chr1	857894	858394	1232236	+	374092	epithelial	method1_distance	1.0
chr1:857894-858394	ENSG00000184163	C1QTNF12	chr1	857894	858394	1246721	-	388577	epithelial	method1_distance	1.0
chr1:857894-858394	ENSG00000186827	TNFRSF4	chr1	857894	858394	1214152	-	356008	epithelial	method1_distance	1.0
chr1:857894-858394	ENSG00000186891	TNFRSF18	chr1	857894	858394	1206591	-	348447	epithelial	method1_distance	1.0
chr1:857894-858394	ENSG00000187583	PLEKHN1	chr1	857894	858394	966481	+	108337	epithelial	method1_distance	1.0
chr1:857894-858394	ENSG00000187608	ISG15	chr1	857894	858394	1001137	+	142993	epithelial	method1_distance	1.0
chr1:857894-858394	ENSG00000187634	SAMD11	chr1	857894	858394	923922	+	65778	epithelial	method1_distance	1.0
chr1:857894-858394	ENSG00000187642	PERM1	chr1	857894	858394	982116	-	123972	epithelial	method1_distance	1.0
chr1:857894-858394	ENSG00000187961	KLHL17	chr1	857894	858394	960583	+	102439	epithelial	method1_distance	1.0
chr1:857894-858394	ENSG00000188157	AGRN	chr1	857894	858394	1020119	+	161975	epithelial	method1_distance	1.0
chr1:857894-858394	ENSG00000188290	HES4	chr1	857894	858394	1000171	-	142027	epithelial	method1_distance	1.0
chr1:857894-858394	ENSG00000188976	NOC2L	chr1	857894	858394	959308	-	101164	epithelial	method1_distance	1.0
chr1:857894-858394	ENSG00000224051	CPTP	chr1	857894	858394	1324755	+	466611	epithelial	method1_distance	1.0
chr1:857894-858394	ENSG00000237330	RNF223	chr1	857894	858394	1074305	-	216161	epithelial	method1_distance	1.0
chr1:857894-858394	ENSG00000284662	OR4F16	chr1	857894	858394	686653	-	171491	epithelial	method1_distance	1.0
chr1:857894-858394	ENSG00000284733	OR4F29	chr1	857894	858394	500000	-	358144	epithelial	method1_distance	1.0
chr1:858581-859081	ENSG00000078808	SDF4	chr1	858581	859081	1232030	-	373199	epithelial	method1_distance	1.0
chr1:858581-859081	ENSG00000107404	DVL1	chr1	858581	859081	1349417	-	490586	epithelial	method1_distance	1.0
chr1:858581-859081	ENSG00000127054	INTS11	chr1	858581	859081	1324686	-	465855	epithelial	method1_distance	1.0
chr1:858581-859081	ENSG00000131584	ACAP3	chr1	858581	859081	1309608	-	450777	epithelial	method1_distance	1.0
chr1:858581-859081	ENSG00000131591	C1orf159	chr1	858581	859081	1116360	-	257529	epithelial	method1_distance	1.0
chr1:858581-859081	ENSG00000160087	UBE2J2	chr1	858581	859081	1273863	-	415032	epithelial	method1_distance	1.0
chr1:858581-859081	ENSG00000162571	TTLL10	chr1	858581	859081	1173879	+	315048	epithelial	method1_distance	1.0
chr1:858581-859081	ENSG00000162572	SCNN1D	chr1	858581	859081	1280435	+	421604	epithelial	method1_distance	1.0
chr1:858581-859081	ENSG00000169962	TAS1R3	chr1	858581	859081	1331279	+	472448	epithelial	method1_distance	1.0
chr1:858581-859081	ENSG00000169972	PUSL1	chr1	858581	859081	1308596	+	449765	epithelial	method1_distance	1.0
chr1:858581-859081	ENSG00000176022	B3GALT6	chr1	858581	859081	1232236	+	373405	epithelial	method1_distance	1.0
chr1:858581-859081	ENSG00000184163	C1QTNF12	chr1	858581	859081	1246721	-	387890	epithelial	method1_distance	1.0
chr1:858581-859081	ENSG00000186827	TNFRSF4	chr1	858581	859081	1214152	-	355321	epithelial	method1_distance	1.0
chr1:858581-859081	ENSG00000186891	TNFRSF18	chr1	858581	859081	1206591	-	347760	epithelial	method1_distance	1.0
chr1:858581-859081	ENSG00000187583	PLEKHN1	chr1	858581	859081	966481	+	107650	epithelial	method1_distance	1.0
chr1:858581-859081	ENSG00000187608	ISG15	chr1	858581	859081	1001137	+	142306	epithelial	method1_distance	1.0
chr1:858581-859081	ENSG00000187634	SAMD11	chr1	858581	859081	923922	+	65091	epithelial	method1_distance	1.0
chr1:858581-859081	ENSG00000187642	PERM1	chr1	858581	859081	982116	-	123285	epithelial	method1_distance	1.0
chr1:858581-859081	ENSG00000187961	KLHL17	chr1	858581	859081	960583	+	101752	epithelial	method1_distance	1.0
chr1:858581-859081	ENSG00000188157	AGRN	chr1	858581	859081	1020119	+	161288	epithelial	method1_distance	1.0
chr1:858581-859081	ENSG00000188290	HES4	chr1	858581	859081	1000171	-	141340	epithelial	method1_distance	1.0
chr1:858581-859081	ENSG00000188976	NOC2L	chr1	858581	859081	959308	-	100477	epithelial	method1_distance	1.0
chr1:858581-859081	ENSG00000224051	CPTP	chr1	858581	859081	1324755	+	465924	epithelial	method1_distance	1.0
chr1:858581-859081	ENSG00000237330	RNF223	chr1	858581	859081	1074305	-	215474	epithelial	method1_distance	1.0
chr1:858581-859081	ENSG00000284662	OR4F16	chr1	858581	859081	686653	-	172178	epithelial	method1_distance	1.0
chr1:858581-859081	ENSG00000284733	OR4F29	chr1	858581	859081	500000	-	358831	epithelial	method1_distance	1.0
chr1:860785-861285	ENSG00000078808	SDF4	chr1	860785	861285	1232030	-	370995	epithelial	method1_distance	1.0
chr1:860785-861285	ENSG00000107404	DVL1	chr1	860785	861285	1349417	-	488382	epithelial	method1_distance	1.0
chr1:860785-861285	ENSG00000127054	INTS11	chr1	860785	861285	1324686	-	463651	epithelial	method1_distance	1.0
chr1:860785-861285	ENSG00000131584	ACAP3	chr1	860785	861285	1309608	-	448573	epithelial	method1_distance	1.0
chr1:860785-861285	ENSG00000131591	C1orf159	chr1	860785	861285	1116360	-	255325	epithelial	method1_distance	1.0
chr1:860785-861285	ENSG00000160087	UBE2J2	chr1	860785	861285	1273863	-	412828	epithelial	method1_distance	1.0
chr1:860785-861285	ENSG00000162571	TTLL10	chr1	860785	861285	1173879	+	312844	epithelial	method1_distance	1.0
chr1:860785-861285	ENSG00000162572	SCNN1D	chr1	860785	861285	1280435	+	419400	epithelial	method1_distance	1.0
chr1:860785-861285	ENSG00000169962	TAS1R3	chr1	860785	861285	1331279	+	470244	epithelial	method1_distance	1.0
chr1:860785-861285	ENSG00000169972	PUSL1	chr1	860785	861285	1308596	+	447561	epithelial	method1_distance	1.0
chr1:860785-861285	ENSG00000176022	B3GALT6	chr1	860785	861285	1232236	+	371201	epithelial	method1_distance	1.0
chr1:860785-861285	ENSG00000184163	C1QTNF12	chr1	860785	861285	1246721	-	385686	epithelial	method1_distance	1.0
chr1:860785-861285	ENSG00000186827	TNFRSF4	chr1	860785	861285	1214152	-	353117	epithelial	method1_distance	1.0
chr1:860785-861285	ENSG00000186891	TNFRSF18	chr1	860785	861285	1206591	-	345556	epithelial	method1_distance	1.0
chr1:860785-861285	ENSG00000187583	PLEKHN1	chr1	860785	861285	966481	+	105446	epithelial	method1_distance	1.0
chr1:860785-861285	ENSG00000187608	ISG15	chr1	860785	861285	1001137	+	140102	epithelial	method1_distance	1.0
chr1:860785-861285	ENSG00000187634	SAMD11	chr1	860785	861285	923922	+	62887	epithelial	method1_distance	1.0
chr1:860785-861285	ENSG00000187642	PERM1	chr1	860785	861285	982116	-	121081	epithelial	method1_distance	1.0
chr1:860785-861285	ENSG00000187961	KLHL17	chr1	860785	861285	960583	+	99548	epithelial	method1_distance	1.0
chr1:860785-861285	ENSG00000188157	AGRN	chr1	860785	861285	1020119	+	159084	epithelial	method1_distance	1.0
chr1:860785-861285	ENSG00000188290	HES4	chr1	860785	861285	1000171	-	139136	epithelial	method1_distance	1.0
chr1:860785-861285	ENSG00000188976	NOC2L	chr1	860785	861285	959308	-	98273	epithelial	method1_distance	1.0
chr1:860785-861285	ENSG00000224051	CPTP	chr1	860785	861285	1324755	+	463720	epithelial	method1_distance	1.0
chr1:860785-861285	ENSG00000237330	RNF223	chr1	860785	861285	1074305	-	213270	epithelial	method1_distance	1.0
chr1:860785-861285	ENSG00000284662	OR4F16	chr1	860785	861285	686653	-	174382	epithelial	method1_distance	1.0
chr1:860785-861285	ENSG00000284733	OR4F29	chr1	860785	861285	500000	-	361035	epithelial	method1_distance	1.0
chr1:868761-869261	ENSG00000078808	SDF4	chr1	868761	869261	1232030	-	363019	epithelial	method1_distance	1.0
chr1:868761-869261	ENSG00000107404	DVL1	chr1	868761	869261	1349417	-	480406	epithelial	method1_distance	1.0
chr1:868761-869261	ENSG00000127054	INTS11	chr1	868761	869261	1324686	-	455675	epithelial	method1_distance	1.0
chr1:868761-869261	ENSG00000131584	ACAP3	chr1	868761	869261	1309608	-	440597	epithelial	method1_distance	1.0
chr1:868761-869261	ENSG00000131591	C1orf159	chr1	868761	869261	1116360	-	247349	epithelial	method1_distance	1.0
chr1:868761-869261	ENSG00000160087	UBE2J2	chr1	868761	869261	1273863	-	404852	epithelial	method1_distance	1.0
chr1:868761-869261	ENSG00000162571	TTLL10	chr1	868761	869261	1173879	+	304868	epithelial	method1_distance	1.0
chr1:868761-869261	ENSG00000162572	SCNN1D	chr1	868761	869261	1280435	+	411424	epithelial	method1_distance	1.0
chr1:868761-869261	ENSG00000162576	MXRA8	chr1	868761	869261	1361776	-	492765	epithelial	method1_distance	1.0
chr1:868761-869261	ENSG00000169962	TAS1R3	chr1	868761	869261	1331279	+	462268	epithelial	method1_distance	1.0
chr1:868761-869261	ENSG00000169972	PUSL1	chr1	868761	869261	1308596	+	439585	epithelial	method1_distance	1.0
chr1:868761-869261	ENSG00000176022	B3GALT6	chr1	868761	869261	1232236	+	363225	epithelial	method1_distance	1.0
chr1:868761-869261	ENSG00000184163	C1QTNF12	chr1	868761	869261	1246721	-	377710	epithelial	method1_distance	1.0
chr1:868761-869261	ENSG00000186827	TNFRSF4	chr1	868761	869261	1214152	-	345141	epithelial	method1_distance	1.0
chr1:868761-869261	ENSG00000186891	TNFRSF18	chr1	868761	869261	1206591	-	337580	epithelial	method1_distance	1.0
chr1:868761-869261	ENSG00000187583	PLEKHN1	chr1	868761	869261	966481	+	97470	epithelial	method1_distance	1.0
chr1:868761-869261	ENSG00000187608	ISG15	chr1	868761	869261	1001137	+	132126	epithelial	method1_distance	1.0
chr1:868761-869261	ENSG00000187634	SAMD11	chr1	868761	869261	923922	+	54911	epithelial	method1_distance	1.0
chr1:868761-869261	ENSG00000187642	PERM1	chr1	868761	869261	982116	-	113105	epithelial	method1_distance	1.0
chr1:868761-869261	ENSG00000187961	KLHL17	chr1	868761	869261	960583	+	91572	epithelial	method1_distance	1.0
chr1:868761-869261	ENSG00000188157	AGRN	chr1	868761	869261	1020119	+	151108	epithelial	method1_distance	1.0
chr1:868761-869261	ENSG00000188290	HES4	chr1	868761	869261	1000171	-	131160	epithelial	method1_distance	1.0
chr1:868761-869261	ENSG00000188976	NOC2L	chr1	868761	869261	959308	-	90297	epithelial	method1_distance	1.0
chr1:868761-869261	ENSG00000224051	CPTP	chr1	868761	869261	1324755	+	455744	epithelial	method1_distance	1.0
chr1:868761-869261	ENSG00000237330	RNF223	chr1	868761	869261	1074305	-	205294	epithelial	method1_distance	1.0
chr1:868761-869261	ENSG00000284662	OR4F16	chr1	868761	869261	686653	-	182358	epithelial	method1_distance	1.0
chr1:868761-869261	ENSG00000284733	OR4F29	chr1	868761	869261	500000	-	369011	epithelial	method1_distance	1.0
chr1:869661-870161	ENSG00000078808	SDF4	chr1	869661	870161	1232030	-	362119	epithelial	method1_distance	1.0
chr1:869661-870161	ENSG00000107404	DVL1	chr1	869661	870161	1349417	-	479506	epithelial	method1_distance	1.0
chr1:869661-870161	ENSG00000127054	INTS11	chr1	869661	870161	1324686	-	454775	epithelial	method1_distance	1.0
chr1:869661-870161	ENSG00000131584	ACAP3	chr1	869661	870161	1309608	-	439697	epithelial	method1_distance	1.0
chr1:869661-870161	ENSG00000131591	C1orf159	chr1	869661	870161	1116360	-	246449	epithelial	method1_distance	1.0
chr1:869661-870161	ENSG00000160087	UBE2J2	chr1	869661	870161	1273863	-	403952	epithelial	method1_distance	1.0
chr1:869661-870161	ENSG00000162571	TTLL10	chr1	869661	870161	1173879	+	303968	epithelial	method1_distance	1.0
chr1:869661-870161	ENSG00000162572	SCNN1D	chr1	869661	870161	1280435	+	410524	epithelial	method1_distance	1.0
chr1:869661-870161	ENSG00000162576	MXRA8	chr1	869661	870161	1361776	-	491865	epithelial	method1_distance	1.0
chr1:869661-870161	ENSG00000169962	TAS1R3	chr1	869661	870161	1331279	+	461368	epithelial	method1_distance	1.0
chr1:869661-870161	ENSG00000169972	PUSL1	chr1	869661	870161	1308596	+	438685	epithelial	method1_distance	1.0
chr1:869661-870161	ENSG00000176022	B3GALT6	chr1	869661	870161	1232236	+	362325	epithelial	method1_distance	1.0
chr1:869661-870161	ENSG00000184163	C1QTNF12	chr1	869661	870161	1246721	-	376810	epithelial	method1_distance	1.0
chr1:869661-870161	ENSG00000186827	TNFRSF4	chr1	869661	870161	1214152	-	344241	epithelial	method1_distance	1.0
chr1:869661-870161	ENSG00000186891	TNFRSF18	chr1	869661	870161	1206591	-	336680	epithelial	method1_distance	1.0
chr1:869661-870161	ENSG00000187583	PLEKHN1	chr1	869661	870161	966481	+	96570	epithelial	method1_distance	1.0
chr1:869661-870161	ENSG00000187608	ISG15	chr1	869661	870161	1001137	+	131226	epithelial	method1_distance	1.0
chr1:869661-870161	ENSG00000187634	SAMD11	chr1	869661	870161	923922	+	54011	epithelial	method1_distance	1.0
chr1:869661-870161	ENSG00000187642	PERM1	chr1	869661	870161	982116	-	112205	epithelial	method1_distance	1.0
chr1:869661-870161	ENSG00000187961	KLHL17	chr1	869661	870161	960583	+	90672	epithelial	method1_distance	1.0
chr1:869661-870161	ENSG00000188157	AGRN	chr1	869661	870161	1020119	+	150208	epithelial	method1_distance	1.0
chr1:869661-870161	ENSG00000188290	HES4	chr1	869661	870161	1000171	-	130260	epithelial	method1_distance	1.0
chr1:869661-870161	ENSG00000188976	NOC2L	chr1	869661	870161	959308	-	89397	epithelial	method1_distance	1.0
chr1:869661-870161	ENSG00000224051	CPTP	chr1	869661	870161	1324755	+	454844	epithelial	method1_distance	1.0
chr1:869661-870161	ENSG00000237330	RNF223	chr1	869661	870161	1074305	-	204394	epithelial	method1_distance	1.0
chr1:869661-870161	ENSG00000284662	OR4F16	chr1	869661	870161	686653	-	183258	epithelial	method1_distance	1.0
chr1:869661-870161	ENSG00000284733	OR4F29	chr1	869661	870161	500000	-	369911	epithelial	method1_distance	1.0
chr1:875158-875658	ENSG00000078808	SDF4	chr1	875158	875658	1232030	-	356622	epithelial	method1_distance	1.0
chr1:875158-875658	ENSG00000107404	DVL1	chr1	875158	875658	1349417	-	474009	epithelial	method1_distance	1.0
chr1:875158-875658	ENSG00000127054	INTS11	chr1	875158	875658	1324686	-	449278	epithelial	method1_distance	1.0
chr1:875158-875658	ENSG00000131584	ACAP3	chr1	875158	875658	1309608	-	434200	epithelial	method1_distance	1.0
chr1:875158-875658	ENSG00000131591	C1orf159	chr1	875158	875658	1116360	-	240952	epithelial	method1_distance	1.0
chr1:875158-875658	ENSG00000160087	UBE2J2	chr1	875158	875658	1273863	-	398455	epithelial	method1_distance	1.0
chr1:875158-875658	ENSG00000162571	TTLL10	chr1	875158	875658	1173879	+	298471	epithelial	method1_distance	1.0
chr1:875158-875658	ENSG00000162572	SCNN1D	chr1	875158	875658	1280435	+	405027	epithelial	method1_distance	1.0
chr1:875158-875658	ENSG00000162576	MXRA8	chr1	875158	875658	1361776	-	486368	epithelial	method1_distance	1.0
chr1:875158-875658	ENSG00000169962	TAS1R3	chr1	875158	875658	1331279	+	455871	epithelial	method1_distance	1.0
chr1:875158-875658	ENSG00000169972	PUSL1	chr1	875158	875658	1308596	+	433188	epithelial	method1_distance	1.0
chr1:875158-875658	ENSG00000175756	AURKAIP1	chr1	875158	875658	1375206	-	499798	epithelial	method1_distance	1.0
chr1:875158-875658	ENSG00000176022	B3GALT6	chr1	875158	875658	1232236	+	356828	epithelial	method1_distance	1.0
chr1:875158-875658	ENSG00000184163	C1QTNF12	chr1	875158	875658	1246721	-	371313	epithelial	method1_distance	1.0
chr1:875158-875658	ENSG00000186827	TNFRSF4	chr1	875158	875658	1214152	-	338744	epithelial	method1_distance	1.0
chr1:875158-875658	ENSG00000186891	TNFRSF18	chr1	875158	875658	1206591	-	331183	epithelial	method1_distance	1.0
chr1:875158-875658	ENSG00000187583	PLEKHN1	chr1	875158	875658	966481	+	91073	epithelial	method1_distance	1.0
chr1:875158-875658	ENSG00000187608	ISG15	chr1	875158	875658	1001137	+	125729	epithelial	method1_distance	1.0
chr1:875158-875658	ENSG00000187634	SAMD11	chr1	875158	875658	923922	+	48514	epithelial	method1_distance	1.0
chr1:875158-875658	ENSG00000187642	PERM1	chr1	875158	875658	982116	-	106708	epithelial	method1_distance	1.0
chr1:875158-875658	ENSG00000187961	KLHL17	chr1	875158	875658	960583	+	85175	epithelial	method1_distance	1.0
chr1:875158-875658	ENSG00000188157	AGRN	chr1	875158	875658	1020119	+	144711	epithelial	method1_distance	1.0
chr1:875158-875658	ENSG00000188290	HES4	chr1	875158	875658	1000171	-	124763	epithelial	method1_distance	1.0
chr1:875158-875658	ENSG00000188976	NOC2L	chr1	875158	875658	959308	-	83900	epithelial	method1_distance	1.0
chr1:875158-875658	ENSG00000224051	CPTP	chr1	875158	875658	1324755	+	449347	epithelial	method1_distance	1.0
chr1:875158-875658	ENSG00000237330	RNF223	chr1	875158	875658	1074305	-	198897	epithelial	method1_distance	1.0
chr1:875158-875658	ENSG00000284662	OR4F16	chr1	875158	875658	686653	-	188755	epithelial	method1_distance	1.0
chr1:875158-875658	ENSG00000284733	OR4F29	chr1	875158	875658	500000	-	375408	epithelial	method1_distance	1.0
chr1:898602-899102	ENSG00000078808	SDF4	chr1	898602	899102	1232030	-	333178	epithelial	method1_distance	1.0
chr1:898602-899102	ENSG00000107404	DVL1	chr1	898602	899102	1349417	-	450565	epithelial	method1_distance	1.0
chr1:898602-899102	ENSG00000127054	INTS11	chr1	898602	899102	1324686	-	425834	epithelial	method1_distance	1.0
chr1:898602-899102	ENSG00000131584	ACAP3	chr1	898602	899102	1309608	-	410756	epithelial	method1_distance	1.0
chr1:898602-899102	ENSG00000131591	C1orf159	chr1	898602	899102	1116360	-	217508	epithelial	method1_distance	1.0
chr1:898602-899102	ENSG00000160087	UBE2J2	chr1	898602	899102	1273863	-	375011	epithelial	method1_distance	1.0
chr1:898602-899102	ENSG00000162571	TTLL10	chr1	898602	899102	1173879	+	275027	epithelial	method1_distance	1.0
chr1:898602-899102	ENSG00000162572	SCNN1D	chr1	898602	899102	1280435	+	381583	epithelial	method1_distance	1.0
chr1:898602-899102	ENSG00000162576	MXRA8	chr1	898602	899102	1361776	-	462924	epithelial	method1_distance	1.0
chr1:898602-899102	ENSG00000169962	TAS1R3	chr1	898602	899102	1331279	+	432427	epithelial	method1_distance	1.0
chr1:898602-899102	ENSG00000169972	PUSL1	chr1	898602	899102	1308596	+	409744	epithelial	method1_distance	1.0
chr1:898602-899102	ENSG00000175756	AURKAIP1	chr1	898602	899102	1375206	-	476354	epithelial	method1_distance	1.0
chr1:898602-899102	ENSG00000176022	B3GALT6	chr1	898602	899102	1232236	+	333384	epithelial	method1_distance	1.0
chr1:898602-899102	ENSG00000184163	C1QTNF12	chr1	898602	899102	1246721	-	347869	epithelial	method1_distance	1.0
chr1:898602-899102	ENSG00000186827	TNFRSF4	chr1	898602	899102	1214152	-	315300	epithelial	method1_distance	1.0
chr1:898602-899102	ENSG00000186891	TNFRSF18	chr1	898602	899102	1206591	-	307739	epithelial	method1_distance	1.0
chr1:898602-899102	ENSG00000187583	PLEKHN1	chr1	898602	899102	966481	+	67629	epithelial	method1_distance	1.0
chr1:898602-899102	ENSG00000187608	ISG15	chr1	898602	899102	1001137	+	102285	epithelial	method1_distance	1.0
chr1:898602-899102	ENSG00000187634	SAMD11	chr1	898602	899102	923922	+	25070	epithelial	method1_distance	1.0
chr1:898602-899102	ENSG00000187642	PERM1	chr1	898602	899102	982116	-	83264	epithelial	method1_distance	1.0
chr1:898602-899102	ENSG00000187961	KLHL17	chr1	898602	899102	960583	+	61731	epithelial	method1_distance	1.0
chr1:898602-899102	ENSG00000188157	AGRN	chr1	898602	899102	1020119	+	121267	epithelial	method1_distance	1.0
chr1:898602-899102	ENSG00000188290	HES4	chr1	898602	899102	1000171	-	101319	epithelial	method1_distance	1.0
chr1:898602-899102	ENSG00000188976	NOC2L	chr1	898602	899102	959308	-	60456	epithelial	method1_distance	1.0
chr1:898602-899102	ENSG00000224051	CPTP	chr1	898602	899102	1324755	+	425903	epithelial	method1_distance	1.0
chr1:898602-899102	ENSG00000237330	RNF223	chr1	898602	899102	1074305	-	175453	epithelial	method1_distance	1.0
chr1:898602-899102	ENSG00000284662	OR4F16	chr1	898602	899102	686653	-	212199	epithelial	method1_distance	1.0
chr1:898602-899102	ENSG00000284733	OR4F29	chr1	898602	899102	500000	-	398852	epithelial	method1_distance	1.0
chr1:899647-900147	ENSG00000078808	SDF4	chr1	899647	900147	1232030	-	332133	epithelial	method1_distance	1.0
chr1:899647-900147	ENSG00000107404	DVL1	chr1	899647	900147	1349417	-	449520	epithelial	method1_distance	1.0
chr1:899647-900147	ENSG00000127054	INTS11	chr1	899647	900147	1324686	-	424789	epithelial	method1_distance	1.0
chr1:899647-900147	ENSG00000131584	ACAP3	chr1	899647	900147	1309608	-	409711	epithelial	method1_distance	1.0
chr1:899647-900147	ENSG00000131591	C1orf159	chr1	899647	900147	1116360	-	216463	epithelial	method1_distance	1.0
chr1:899647-900147	ENSG00000160087	UBE2J2	chr1	899647	900147	1273863	-	373966	epithelial	method1_distance	1.0
chr1:899647-900147	ENSG00000162571	TTLL10	chr1	899647	900147	1173879	+	273982	epithelial	method1_distance	1.0
chr1:899647-900147	ENSG00000162572	SCNN1D	chr1	899647	900147	1280435	+	380538	epithelial	method1_distance	1.0
chr1:899647-900147	ENSG00000162576	MXRA8	chr1	899647	900147	1361776	-	461879	epithelial	method1_distance	1.0
chr1:899647-900147	ENSG00000169962	TAS1R3	chr1	899647	900147	1331279	+	431382	epithelial	method1_distance	1.0
chr1:899647-900147	ENSG00000169972	PUSL1	chr1	899647	900147	1308596	+	408699	epithelial	method1_distance	1.0
chr1:899647-900147	ENSG00000175756	AURKAIP1	chr1	899647	900147	1375206	-	475309	epithelial	method1_distance	1.0
chr1:899647-900147	ENSG00000176022	B3GALT6	chr1	899647	900147	1232236	+	332339	epithelial	method1_distance	1.0
chr1:899647-900147	ENSG00000184163	C1QTNF12	chr1	899647	900147	1246721	-	346824	epithelial	method1_distance	1.0
chr1:899647-900147	ENSG00000186827	TNFRSF4	chr1	899647	900147	1214152	-	314255	epithelial	method1_distance	1.0
chr1:899647-900147	ENSG00000186891	TNFRSF18	chr1	899647	900147	1206591	-	306694	epithelial	method1_distance	1.0
chr1:899647-900147	ENSG00000187583	PLEKHN1	chr1	899647	900147	966481	+	66584	epithelial	method1_distance	1.0
chr1:899647-900147	ENSG00000187608	ISG15	chr1	899647	900147	1001137	+	101240	epithelial	method1_distance	1.0
chr1:899647-900147	ENSG00000187634	SAMD11	chr1	899647	900147	923922	+	24025	epithelial	method1_distance	1.0
chr1:899647-900147	ENSG00000187642	PERM1	chr1	899647	900147	982116	-	82219	epithelial	method1_distance	1.0
chr1:899647-900147	ENSG00000187961	KLHL17	chr1	899647	900147	960583	+	60686	epithelial	method1_distance	1.0
chr1:899647-900147	ENSG00000188157	AGRN	chr1	899647	900147	1020119	+	120222	epithelial	method1_distance	1.0
chr1:899647-900147	ENSG00000188290	HES4	chr1	899647	900147	1000171	-	100274	epithelial	method1_distance	1.0
chr1:899647-900147	ENSG00000188976	NOC2L	chr1	899647	900147	959308	-	59411	epithelial	method1_distance	1.0
chr1:899647-900147	ENSG00000221978	CCNL2	chr1	899647	900147	1399334	-	499437	epithelial	method1_distance	1.0
chr1:899647-900147	ENSG00000224051	CPTP	chr1	899647	900147	1324755	+	424858	epithelial	method1_distance	1.0
chr1:899647-900147	ENSG00000237330	RNF223	chr1	899647	900147	1074305	-	174408	epithelial	method1_distance	1.0
chr1:899647-900147	ENSG00000284662	OR4F16	chr1	899647	900147	686653	-	213244	epithelial	method1_distance	1.0
chr1:899647-900147	ENSG00000284733	OR4F29	chr1	899647	900147	500000	-	399897	epithelial	method1_distance	1.0
chr1:901655-902155	ENSG00000078808	SDF4	chr1	901655	902155	1232030	-	330125	epithelial	method1_distance	1.0
chr1:901655-902155	ENSG00000107404	DVL1	chr1	901655	902155	1349417	-	447512	epithelial	method1_distance	1.0
chr1:901655-902155	ENSG00000127054	INTS11	chr1	901655	902155	1324686	-	422781	epithelial	method1_distance	1.0
chr1:901655-902155	ENSG00000131584	ACAP3	chr1	901655	902155	1309608	-	407703	epithelial	method1_distance	1.0
chr1:901655-902155	ENSG00000131591	C1orf159	chr1	901655	902155	1116360	-	214455	epithelial	method1_distance	1.0
chr1:901655-902155	ENSG00000160087	UBE2J2	chr1	901655	902155	1273863	-	371958	epithelial	method1_distance	1.0
chr1:901655-902155	ENSG00000162571	TTLL10	chr1	901655	902155	1173879	+	271974	epithelial	method1_distance	1.0
chr1:901655-902155	ENSG00000162572	SCNN1D	chr1	901655	902155	1280435	+	378530	epithelial	method1_distance	1.0
chr1:901655-902155	ENSG00000162576	MXRA8	chr1	901655	902155	1361776	-	459871	epithelial	method1_distance	1.0
chr1:901655-902155	ENSG00000169962	TAS1R3	chr1	901655	902155	1331279	+	429374	epithelial	method1_distance	1.0
chr1:901655-902155	ENSG00000169972	PUSL1	chr1	901655	902155	1308596	+	406691	epithelial	method1_distance	1.0
chr1:901655-902155	ENSG00000175756	AURKAIP1	chr1	901655	902155	1375206	-	473301	epithelial	method1_distance	1.0
chr1:901655-902155	ENSG00000176022	B3GALT6	chr1	901655	902155	1232236	+	330331	epithelial	method1_distance	1.0
chr1:901655-902155	ENSG00000184163	C1QTNF12	chr1	901655	902155	1246721	-	344816	epithelial	method1_distance	1.0
chr1:901655-902155	ENSG00000186827	TNFRSF4	chr1	901655	902155	1214152	-	312247	epithelial	method1_distance	1.0
chr1:901655-902155	ENSG00000186891	TNFRSF18	chr1	901655	902155	1206591	-	304686	epithelial	method1_distance	1.0
chr1:901655-902155	ENSG00000187583	PLEKHN1	chr1	901655	902155	966481	+	64576	epithelial	method1_distance	1.0
chr1:901655-902155	ENSG00000187608	ISG15	chr1	901655	902155	1001137	+	99232	epithelial	method1_distance	1.0
chr1:901655-902155	ENSG00000187634	SAMD11	chr1	901655	902155	923922	+	22017	epithelial	method1_distance	1.0
chr1:901655-902155	ENSG00000187642	PERM1	chr1	901655	902155	982116	-	80211	epithelial	method1_distance	1.0
chr1:901655-902155	ENSG00000187961	KLHL17	chr1	901655	902155	960583	+	58678	epithelial	method1_distance	1.0
chr1:901655-902155	ENSG00000188157	AGRN	chr1	901655	902155	1020119	+	118214	epithelial	method1_distance	1.0
chr1:901655-902155	ENSG00000188290	HES4	chr1	901655	902155	1000171	-	98266	epithelial	method1_distance	1.0
chr1:901655-902155	ENSG00000188976	NOC2L	chr1	901655	902155	959308	-	57403	epithelial	method1_distance	1.0
chr1:901655-902155	ENSG00000221978	CCNL2	chr1	901655	902155	1399334	-	497429	epithelial	method1_distance	1.0
chr1:901655-902155	ENSG00000224051	CPTP	chr1	901655	902155	1324755	+	422850	epithelial	method1_distance	1.0
chr1:901655-902155	ENSG00000237330	RNF223	chr1	901655	902155	1074305	-	172400	epithelial	method1_distance	1.0
chr1:901655-902155	ENSG00000284662	OR4F16	chr1	901655	902155	686653	-	215252	epithelial	method1_distance	1.0
chr1:901655-902155	ENSG00000284733	OR4F29	chr1	901655	902155	500000	-	401905	epithelial	method1_distance	1.0
chr1:902423-902923	ENSG00000078808	SDF4	chr1	902423	902923	1232030	-	329357	epithelial	method1_distance	1.0
chr1:902423-902923	ENSG00000107404	DVL1	chr1	902423	902923	1349417	-	446744	epithelial	method1_distance	1.0
chr1:902423-902923	ENSG00000127054	INTS11	chr1	902423	902923	1324686	-	422013	epithelial	method1_distance	1.0
chr1:902423-902923	ENSG00000131584	ACAP3	chr1	902423	902923	1309608	-	406935	epithelial	method1_distance	1.0
chr1:902423-902923	ENSG00000131591	C1orf159	chr1	902423	902923	1116360	-	213687	epithelial	method1_distance	1.0
chr1:902423-902923	ENSG00000160087	UBE2J2	chr1	902423	902923	1273863	-	371190	epithelial	method1_distance	1.0
chr1:902423-902923	ENSG00000162571	TTLL10	chr1	902423	902923	1173879	+	271206	epithelial	method1_distance	1.0
chr1:902423-902923	ENSG00000162572	SCNN1D	chr1	902423	902923	1280435	+	377762	epithelial	method1_distance	1.0
chr1:902423-902923	ENSG00000162576	MXRA8	chr1	902423	902923	1361776	-	459103	epithelial	method1_distance	1.0
chr1:902423-902923	ENSG00000169962	TAS1R3	chr1	902423	902923	1331279	+	428606	epithelial	method1_distance	1.0
chr1:902423-902923	ENSG00000169972	PUSL1	chr1	902423	902923	1308596	+	405923	epithelial	method1_distance	1.0
chr1:902423-902923	ENSG00000175756	AURKAIP1	chr1	902423	902923	1375206	-	472533	epithelial	method1_distance	1.0
chr1:902423-902923	ENSG00000176022	B3GALT6	chr1	902423	902923	1232236	+	329563	epithelial	method1_distance	1.0
chr1:902423-902923	ENSG00000184163	C1QTNF12	chr1	902423	902923	1246721	-	344048	epithelial	method1_distance	1.0
chr1:902423-902923	ENSG00000186827	TNFRSF4	chr1	902423	902923	1214152	-	311479	epithelial	method1_distance	1.0
chr1:902423-902923	ENSG00000186891	TNFRSF18	chr1	902423	902923	1206591	-	303918	epithelial	method1_distance	1.0
chr1:902423-902923	ENSG00000187583	PLEKHN1	chr1	902423	902923	966481	+	63808	epithelial	method1_distance	1.0
chr1:902423-902923	ENSG00000187608	ISG15	chr1	902423	902923	1001137	+	98464	epithelial	method1_distance	1.0
chr1:902423-902923	ENSG00000187634	SAMD11	chr1	902423	902923	923922	+	21249	epithelial	method1_distance	1.0
chr1:902423-902923	ENSG00000187642	PERM1	chr1	902423	902923	982116	-	79443	epithelial	method1_distance	1.0
chr1:902423-902923	ENSG00000187961	KLHL17	chr1	902423	902923	960583	+	57910	epithelial	method1_distance	1.0
chr1:902423-902923	ENSG00000188157	AGRN	chr1	902423	902923	1020119	+	117446	epithelial	method1_distance	1.0
chr1:902423-902923	ENSG00000188290	HES4	chr1	902423	902923	1000171	-	97498	epithelial	method1_distance	1.0
chr1:902423-902923	ENSG00000188976	NOC2L	chr1	902423	902923	959308	-	56635	epithelial	method1_distance	1.0
chr1:902423-902923	ENSG00000221978	CCNL2	chr1	902423	902923	1399334	-	496661	epithelial	method1_distance	1.0
chr1:902423-902923	ENSG00000224051	CPTP	chr1	902423	902923	1324755	+	422082	epithelial	method1_distance	1.0
chr1:902423-902923	ENSG00000237330	RNF223	chr1	902423	902923	1074305	-	171632	epithelial	method1_distance	1.0
chr1:902423-902923	ENSG00000284662	OR4F16	chr1	902423	902923	686653	-	216020	epithelial	method1_distance	1.0
chr1:902423-902923	ENSG00000284733	OR4F29	chr1	902423	902923	500000	-	402673	epithelial	method1_distance	1.0
chr1:903755-904255	ENSG00000078808	SDF4	chr1	903755	904255	1232030	-	328025	epithelial	method1_distance	1.0
chr1:903755-904255	ENSG00000107404	DVL1	chr1	903755	904255	1349417	-	445412	epithelial	method1_distance	1.0
chr1:903755-904255	ENSG00000127054	INTS11	chr1	903755	904255	1324686	-	420681	epithelial	method1_distance	1.0
chr1:903755-904255	ENSG00000131584	ACAP3	chr1	903755	904255	1309608	-	405603	epithelial	method1_distance	1.0
chr1:903755-904255	ENSG00000131591	C1orf159	chr1	903755	904255	1116360	-	212355	epithelial	method1_distance	1.0
chr1:903755-904255	ENSG00000160087	UBE2J2	chr1	903755	904255	1273863	-	369858	epithelial	method1_distance	1.0
chr1:903755-904255	ENSG00000162571	TTLL10	chr1	903755	904255	1173879	+	269874	epithelial	method1_distance	1.0
chr1:903755-904255	ENSG00000162572	SCNN1D	chr1	903755	904255	1280435	+	376430	epithelial	method1_distance	1.0
chr1:903755-904255	ENSG00000162576	MXRA8	chr1	903755	904255	1361776	-	457771	epithelial	method1_distance	1.0
chr1:903755-904255	ENSG00000169962	TAS1R3	chr1	903755	904255	1331279	+	427274	epithelial	method1_distance	1.0
chr1:903755-904255	ENSG00000169972	PUSL1	chr1	903755	904255	1308596	+	404591	epithelial	method1_distance	1.0
chr1:903755-904255	ENSG00000175756	AURKAIP1	chr1	903755	904255	1375206	-	471201	epithelial	method1_distance	1.0
chr1:903755-904255	ENSG00000176022	B3GALT6	chr1	903755	904255	1232236	+	328231	epithelial	method1_distance	1.0
chr1:903755-904255	ENSG00000184163	C1QTNF12	chr1	903755	904255	1246721	-	342716	epithelial	method1_distance	1.0
chr1:903755-904255	ENSG00000186827	TNFRSF4	chr1	903755	904255	1214152	-	310147	epithelial	method1_distance	1.0
chr1:903755-904255	ENSG00000186891	TNFRSF18	chr1	903755	904255	1206591	-	302586	epithelial	method1_distance	1.0
chr1:903755-904255	ENSG00000187583	PLEKHN1	chr1	903755	904255	966481	+	62476	epithelial	method1_distance	1.0
chr1:903755-904255	ENSG00000187608	ISG15	chr1	903755	904255	1001137	+	97132	epithelial	method1_distance	1.0
chr1:903755-904255	ENSG00000187634	SAMD11	chr1	903755	904255	923922	+	19917	epithelial	method1_distance	1.0
chr1:903755-904255	ENSG00000187642	PERM1	chr1	903755	904255	982116	-	78111	epithelial	method1_distance	1.0
chr1:903755-904255	ENSG00000187961	KLHL17	chr1	903755	904255	960583	+	56578	epithelial	method1_distance	1.0
chr1:903755-904255	ENSG00000188157	AGRN	chr1	903755	904255	1020119	+	116114	epithelial	method1_distance	1.0
chr1:903755-904255	ENSG00000188290	HES4	chr1	903755	904255	1000171	-	96166	epithelial	method1_distance	1.0
chr1:903755-904255	ENSG00000188976	NOC2L	chr1	903755	904255	959308	-	55303	epithelial	method1_distance	1.0
chr1:903755-904255	ENSG00000221978	CCNL2	chr1	903755	904255	1399334	-	495329	epithelial	method1_distance	1.0
chr1:903755-904255	ENSG00000224051	CPTP	chr1	903755	904255	1324755	+	420750	epithelial	method1_distance	1.0
chr1:903755-904255	ENSG00000237330	RNF223	chr1	903755	904255	1074305	-	170300	epithelial	method1_distance	1.0
chr1:903755-904255	ENSG00000284662	OR4F16	chr1	903755	904255	686653	-	217352	epithelial	method1_distance	1.0
chr1:903755-904255	ENSG00000284733	OR4F29	chr1	903755	904255	500000	-	404005	epithelial	method1_distance	1.0
chr1:904517-905017	ENSG00000078808	SDF4	chr1	904517	905017	1232030	-	327263	epithelial	method1_distance	1.0
chr1:904517-905017	ENSG00000107404	DVL1	chr1	904517	905017	1349417	-	444650	epithelial	method1_distance	1.0
chr1:904517-905017	ENSG00000127054	INTS11	chr1	904517	905017	1324686	-	419919	epithelial	method1_distance	1.0
chr1:904517-905017	ENSG00000131584	ACAP3	chr1	904517	905017	1309608	-	404841	epithelial	method1_distance	1.0
chr1:904517-905017	ENSG00000131591	C1orf159	chr1	904517	905017	1116360	-	211593	epithelial	method1_distance	1.0
chr1:904517-905017	ENSG00000160087	UBE2J2	chr1	904517	905017	1273863	-	369096	epithelial	method1_distance	1.0
chr1:904517-905017	ENSG00000162571	TTLL10	chr1	904517	905017	1173879	+	269112	epithelial	method1_distance	1.0
chr1:904517-905017	ENSG00000162572	SCNN1D	chr1	904517	905017	1280435	+	375668	epithelial	method1_distance	1.0
chr1:904517-905017	ENSG00000162576	MXRA8	chr1	904517	905017	1361776	-	457009	epithelial	method1_distance	1.0
chr1:904517-905017	ENSG00000169962	TAS1R3	chr1	904517	905017	1331279	+	426512	epithelial	method1_distance	1.0
chr1:904517-905017	ENSG00000169972	PUSL1	chr1	904517	905017	1308596	+	403829	epithelial	method1_distance	1.0
chr1:904517-905017	ENSG00000175756	AURKAIP1	chr1	904517	905017	1375206	-	470439	epithelial	method1_distance	1.0
chr1:904517-905017	ENSG00000176022	B3GALT6	chr1	904517	905017	1232236	+	327469	epithelial	method1_distance	1.0
chr1:904517-905017	ENSG00000184163	C1QTNF12	chr1	904517	905017	1246721	-	341954	epithelial	method1_distance	1.0
chr1:904517-905017	ENSG00000186827	TNFRSF4	chr1	904517	905017	1214152	-	309385	epithelial	method1_distance	1.0
chr1:904517-905017	ENSG00000186891	TNFRSF18	chr1	904517	905017	1206591	-	301824	epithelial	method1_distance	1.0
chr1:904517-905017	ENSG00000187583	PLEKHN1	chr1	904517	905017	966481	+	61714	epithelial	method1_distance	1.0
chr1:904517-905017	ENSG00000187608	ISG15	chr1	904517	905017	1001137	+	96370	epithelial	method1_distance	1.0
chr1:904517-905017	ENSG00000187634	SAMD11	chr1	904517	905017	923922	+	19155	epithelial	method1_distance	1.0
chr1:904517-905017	ENSG00000187642	PERM1	chr1	904517	905017	982116	-	77349	epithelial	method1_distance	1.0
chr1:904517-905017	ENSG00000187961	KLHL17	chr1	904517	905017	960583	+	55816	epithelial	method1_distance	1.0
chr1:904517-905017	ENSG00000188157	AGRN	chr1	904517	905017	1020119	+	115352	epithelial	method1_distance	1.0
chr1:904517-905017	ENSG00000188290	HES4	chr1	904517	905017	1000171	-	95404	epithelial	method1_distance	1.0
chr1:904517-905017	ENSG00000188976	NOC2L	chr1	904517	905017	959308	-	54541	epithelial	method1_distance	1.0
chr1:904517-905017	ENSG00000221978	CCNL2	chr1	904517	905017	1399334	-	494567	epithelial	method1_distance	1.0
chr1:904517-905017	ENSG00000224051	CPTP	chr1	904517	905017	1324755	+	419988	epithelial	method1_distance	1.0
chr1:904517-905017	ENSG00000237330	RNF223	chr1	904517	905017	1074305	-	169538	epithelial	method1_distance	1.0
chr1:904517-905017	ENSG00000284662	OR4F16	chr1	904517	905017	686653	-	218114	epithelial	method1_distance	1.0
chr1:904517-905017	ENSG00000284733	OR4F29	chr1	904517	905017	500000	-	404767	epithelial	method1_distance	1.0
chr1:905597-906097	ENSG00000078808	SDF4	chr1	905597	906097	1232030	-	326183	epithelial	method1_distance	1.0
chr1:905597-906097	ENSG00000107404	DVL1	chr1	905597	906097	1349417	-	443570	epithelial	method1_distance	1.0
chr1:905597-906097	ENSG00000127054	INTS11	chr1	905597	906097	1324686	-	418839	epithelial	method1_distance	1.0
chr1:905597-906097	ENSG00000131584	ACAP3	chr1	905597	906097	1309608	-	403761	epithelial	method1_distance	1.0
chr1:905597-906097	ENSG00000131591	C1orf159	chr1	905597	906097	1116360	-	210513	epithelial	method1_distance	1.0
chr1:905597-906097	ENSG00000160087	UBE2J2	chr1	905597	906097	1273863	-	368016	epithelial	method1_distance	1.0
chr1:905597-906097	ENSG00000162571	TTLL10	chr1	905597	906097	1173879	+	268032	epithelial	method1_distance	1.0
chr1:905597-906097	ENSG00000162572	SCNN1D	chr1	905597	906097	1280435	+	374588	epithelial	method1_distance	1.0
chr1:905597-906097	ENSG00000162576	MXRA8	chr1	905597	906097	1361776	-	455929	epithelial	method1_distance	1.0
chr1:905597-906097	ENSG00000169962	TAS1R3	chr1	905597	906097	1331279	+	425432	epithelial	method1_distance	1.0
chr1:905597-906097	ENSG00000169972	PUSL1	chr1	905597	906097	1308596	+	402749	epithelial	method1_distance	1.0
chr1:905597-906097	ENSG00000175756	AURKAIP1	chr1	905597	906097	1375206	-	469359	epithelial	method1_distance	1.0
chr1:905597-906097	ENSG00000176022	B3GALT6	chr1	905597	906097	1232236	+	326389	epithelial	method1_distance	1.0
chr1:905597-906097	ENSG00000184163	C1QTNF12	chr1	905597	906097	1246721	-	340874	epithelial	method1_distance	1.0
chr1:905597-906097	ENSG00000186827	TNFRSF4	chr1	905597	906097	1214152	-	308305	epithelial	method1_distance	1.0
chr1:905597-906097	ENSG00000186891	TNFRSF18	chr1	905597	906097	1206591	-	300744	epithelial	method1_distance	1.0
chr1:905597-906097	ENSG00000187583	PLEKHN1	chr1	905597	906097	966481	+	60634	epithelial	method1_distance	1.0
chr1:905597-906097	ENSG00000187608	ISG15	chr1	905597	906097	1001137	+	95290	epithelial	method1_distance	1.0
chr1:905597-906097	ENSG00000187634	SAMD11	chr1	905597	906097	923922	+	18075	epithelial	method1_distance	1.0
chr1:905597-906097	ENSG00000187642	PERM1	chr1	905597	906097	982116	-	76269	epithelial	method1_distance	1.0
chr1:905597-906097	ENSG00000187961	KLHL17	chr1	905597	906097	960583	+	54736	epithelial	method1_distance	1.0
chr1:905597-906097	ENSG00000188157	AGRN	chr1	905597	906097	1020119	+	114272	epithelial	method1_distance	1.0
chr1:905597-906097	ENSG00000188290	HES4	chr1	905597	906097	1000171	-	94324	epithelial	method1_distance	1.0
chr1:905597-906097	ENSG00000188976	NOC2L	chr1	905597	906097	959308	-	53461	epithelial	method1_distance	1.0
chr1:905597-906097	ENSG00000221978	CCNL2	chr1	905597	906097	1399334	-	493487	epithelial	method1_distance	1.0
chr1:905597-906097	ENSG00000224051	CPTP	chr1	905597	906097	1324755	+	418908	epithelial	method1_distance	1.0
chr1:905597-906097	ENSG00000237330	RNF223	chr1	905597	906097	1074305	-	168458	epithelial	method1_distance	1.0
chr1:905597-906097	ENSG00000284662	OR4F16	chr1	905597	906097	686653	-	219194	epithelial	method1_distance	1.0
chr1:905597-906097	ENSG00000284733	OR4F29	chr1	905597	906097	500000	-	405847	epithelial	method1_distance	1.0
chr1:906112-906612	ENSG00000078808	SDF4	chr1	906112	906612	1232030	-	325668	epithelial	method1_distance	1.0
chr1:906112-906612	ENSG00000107404	DVL1	chr1	906112	906612	1349417	-	443055	epithelial	method1_distance	1.0
chr1:906112-906612	ENSG00000127054	INTS11	chr1	906112	906612	1324686	-	418324	epithelial	method1_distance	1.0
chr1:906112-906612	ENSG00000131584	ACAP3	chr1	906112	906612	1309608	-	403246	epithelial	method1_distance	1.0
chr1:906112-906612	ENSG00000131591	C1orf159	chr1	906112	906612	1116360	-	209998	epithelial	method1_distance	1.0
chr1:906112-906612	ENSG00000160087	UBE2J2	chr1	906112	906612	1273863	-	367501	epithelial	method1_distance	1.0
chr1:906112-906612	ENSG00000162571	TTLL10	chr1	906112	906612	1173879	+	267517	epithelial	method1_distance	1.0
chr1:906112-906612	ENSG00000162572	SCNN1D	chr1	906112	906612	1280435	+	374073	epithelial	method1_distance	1.0
chr1:906112-906612	ENSG00000162576	MXRA8	chr1	906112	906612	1361776	-	455414	epithelial	method1_distance	1.0
chr1:906112-906612	ENSG00000169962	TAS1R3	chr1	906112	906612	1331279	+	424917	epithelial	method1_distance	1.0
chr1:906112-906612	ENSG00000169972	PUSL1	chr1	906112	906612	1308596	+	402234	epithelial	method1_distance	1.0
chr1:906112-906612	ENSG00000175756	AURKAIP1	chr1	906112	906612	1375206	-	468844	epithelial	method1_distance	1.0
chr1:906112-906612	ENSG00000176022	B3GALT6	chr1	906112	906612	1232236	+	325874	epithelial	method1_distance	1.0
chr1:906112-906612	ENSG00000184163	C1QTNF12	chr1	906112	906612	1246721	-	340359	epithelial	method1_distance	1.0
chr1:906112-906612	ENSG00000186827	TNFRSF4	chr1	906112	906612	1214152	-	307790	epithelial	method1_distance	1.0
chr1:906112-906612	ENSG00000186891	TNFRSF18	chr1	906112	906612	1206591	-	300229	epithelial	method1_distance	1.0
chr1:906112-906612	ENSG00000187583	PLEKHN1	chr1	906112	906612	966481	+	60119	epithelial	method1_distance	1.0
chr1:906112-906612	ENSG00000187608	ISG15	chr1	906112	906612	1001137	+	94775	epithelial	method1_distance	1.0
chr1:906112-906612	ENSG00000187634	SAMD11	chr1	906112	906612	923922	+	17560	epithelial	method1_distance	1.0
chr1:906112-906612	ENSG00000187642	PERM1	chr1	906112	906612	982116	-	75754	epithelial	method1_distance	1.0
chr1:906112-906612	ENSG00000187961	KLHL17	chr1	906112	906612	960583	+	54221	epithelial	method1_distance	1.0
chr1:906112-906612	ENSG00000188157	AGRN	chr1	906112	906612	1020119	+	113757	epithelial	method1_distance	1.0
chr1:906112-906612	ENSG00000188290	HES4	chr1	906112	906612	1000171	-	93809	epithelial	method1_distance	1.0
chr1:906112-906612	ENSG00000188976	NOC2L	chr1	906112	906612	959308	-	52946	epithelial	method1_distance	1.0
chr1:906112-906612	ENSG00000221978	CCNL2	chr1	906112	906612	1399334	-	492972	epithelial	method1_distance	1.0
chr1:906112-906612	ENSG00000224051	CPTP	chr1	906112	906612	1324755	+	418393	epithelial	method1_distance	1.0
chr1:906112-906612	ENSG00000237330	RNF223	chr1	906112	906612	1074305	-	167943	epithelial	method1_distance	1.0
chr1:906112-906612	ENSG00000284662	OR4F16	chr1	906112	906612	686653	-	219709	epithelial	method1_distance	1.0
chr1:906112-906612	ENSG00000284733	OR4F29	chr1	906112	906612	500000	-	406362	epithelial	method1_distance	1.0
chr1:906663-907163	ENSG00000078808	SDF4	chr1	906663	907163	1232030	-	325117	epithelial	method1_distance	1.0
chr1:906663-907163	ENSG00000107404	DVL1	chr1	906663	907163	1349417	-	442504	epithelial	method1_distance	1.0
chr1:906663-907163	ENSG00000127054	INTS11	chr1	906663	907163	1324686	-	417773	epithelial	method1_distance	1.0
chr1:906663-907163	ENSG00000131584	ACAP3	chr1	906663	907163	1309608	-	402695	epithelial	method1_distance	1.0
chr1:906663-907163	ENSG00000131591	C1orf159	chr1	906663	907163	1116360	-	209447	epithelial	method1_distance	1.0
chr1:906663-907163	ENSG00000160087	UBE2J2	chr1	906663	907163	1273863	-	366950	epithelial	method1_distance	1.0
chr1:906663-907163	ENSG00000162571	TTLL10	chr1	906663	907163	1173879	+	266966	epithelial	method1_distance	1.0
chr1:906663-907163	ENSG00000162572	SCNN1D	chr1	906663	907163	1280435	+	373522	epithelial	method1_distance	1.0
chr1:906663-907163	ENSG00000162576	MXRA8	chr1	906663	907163	1361776	-	454863	epithelial	method1_distance	1.0
chr1:906663-907163	ENSG00000169962	TAS1R3	chr1	906663	907163	1331279	+	424366	epithelial	method1_distance	1.0
chr1:906663-907163	ENSG00000169972	PUSL1	chr1	906663	907163	1308596	+	401683	epithelial	method1_distance	1.0
chr1:906663-907163	ENSG00000175756	AURKAIP1	chr1	906663	907163	1375206	-	468293	epithelial	method1_distance	1.0
chr1:906663-907163	ENSG00000176022	B3GALT6	chr1	906663	907163	1232236	+	325323	epithelial	method1_distance	1.0
chr1:906663-907163	ENSG00000184163	C1QTNF12	chr1	906663	907163	1246721	-	339808	epithelial	method1_distance	1.0
chr1:906663-907163	ENSG00000186827	TNFRSF4	chr1	906663	907163	1214152	-	307239	epithelial	method1_distance	1.0
chr1:906663-907163	ENSG00000186891	TNFRSF18	chr1	906663	907163	1206591	-	299678	epithelial	method1_distance	1.0
chr1:906663-907163	ENSG00000187583	PLEKHN1	chr1	906663	907163	966481	+	59568	epithelial	method1_distance	1.0
chr1:906663-907163	ENSG00000187608	ISG15	chr1	906663	907163	1001137	+	94224	epithelial	method1_distance	1.0
chr1:906663-907163	ENSG00000187634	SAMD11	chr1	906663	907163	923922	+	17009	epithelial	method1_distance	1.0
chr1:906663-907163	ENSG00000187642	PERM1	chr1	906663	907163	982116	-	75203	epithelial	method1_distance	1.0
chr1:906663-907163	ENSG00000187961	KLHL17	chr1	906663	907163	960583	+	53670	epithelial	method1_distance	1.0
chr1:906663-907163	ENSG00000188157	AGRN	chr1	906663	907163	1020119	+	113206	epithelial	method1_distance	1.0
chr1:906663-907163	ENSG00000188290	HES4	chr1	906663	907163	1000171	-	93258	epithelial	method1_distance	1.0
chr1:906663-907163	ENSG00000188976	NOC2L	chr1	906663	907163	959308	-	52395	epithelial	method1_distance	1.0
chr1:906663-907163	ENSG00000221978	CCNL2	chr1	906663	907163	1399334	-	492421	epithelial	method1_distance	1.0
chr1:906663-907163	ENSG00000224051	CPTP	chr1	906663	907163	1324755	+	417842	epithelial	method1_distance	1.0
chr1:906663-907163	ENSG00000237330	RNF223	chr1	906663	907163	1074305	-	167392	epithelial	method1_distance	1.0
chr1:906663-907163	ENSG00000284662	OR4F16	chr1	906663	907163	686653	-	220260	epithelial	method1_distance	1.0
chr1:906663-907163	ENSG00000284733	OR4F29	chr1	906663	907163	500000	-	406913	epithelial	method1_distance	1.0
chr1:907974-908474	ENSG00000078808	SDF4	chr1	907974	908474	1232030	-	323806	epithelial	method1_distance	1.0
chr1:907974-908474	ENSG00000107404	DVL1	chr1	907974	908474	1349417	-	441193	epithelial	method1_distance	1.0
chr1:907974-908474	ENSG00000127054	INTS11	chr1	907974	908474	1324686	-	416462	epithelial	method1_distance	1.0
chr1:907974-908474	ENSG00000131584	ACAP3	chr1	907974	908474	1309608	-	401384	epithelial	method1_distance	1.0
chr1:907974-908474	ENSG00000131591	C1orf159	chr1	907974	908474	1116360	-	208136	epithelial	method1_distance	1.0
chr1:907974-908474	ENSG00000160087	UBE2J2	chr1	907974	908474	1273863	-	365639	epithelial	method1_distance	1.0
chr1:907974-908474	ENSG00000162571	TTLL10	chr1	907974	908474	1173879	+	265655	epithelial	method1_distance	1.0
chr1:907974-908474	ENSG00000162572	SCNN1D	chr1	907974	908474	1280435	+	372211	epithelial	method1_distance	1.0
chr1:907974-908474	ENSG00000162576	MXRA8	chr1	907974	908474	1361776	-	453552	epithelial	method1_distance	1.0
chr1:907974-908474	ENSG00000169962	TAS1R3	chr1	907974	908474	1331279	+	423055	epithelial	method1_distance	1.0
chr1:907974-908474	ENSG00000169972	PUSL1	chr1	907974	908474	1308596	+	400372	epithelial	method1_distance	1.0
chr1:907974-908474	ENSG00000175756	AURKAIP1	chr1	907974	908474	1375206	-	466982	epithelial	method1_distance	1.0
chr1:907974-908474	ENSG00000176022	B3GALT6	chr1	907974	908474	1232236	+	324012	epithelial	method1_distance	1.0
chr1:907974-908474	ENSG00000184163	C1QTNF12	chr1	907974	908474	1246721	-	338497	epithelial	method1_distance	1.0
chr1:907974-908474	ENSG00000186827	TNFRSF4	chr1	907974	908474	1214152	-	305928	epithelial	method1_distance	1.0
chr1:907974-908474	ENSG00000186891	TNFRSF18	chr1	907974	908474	1206591	-	298367	epithelial	method1_distance	1.0
chr1:907974-908474	ENSG00000187583	PLEKHN1	chr1	907974	908474	966481	+	58257	epithelial	method1_distance	1.0
chr1:907974-908474	ENSG00000187608	ISG15	chr1	907974	908474	1001137	+	92913	epithelial	method1_distance	1.0
chr1:907974-908474	ENSG00000187634	SAMD11	chr1	907974	908474	923922	+	15698	epithelial	method1_distance	1.0
chr1:907974-908474	ENSG00000187642	PERM1	chr1	907974	908474	982116	-	73892	epithelial	method1_distance	1.0
chr1:907974-908474	ENSG00000187961	KLHL17	chr1	907974	908474	960583	+	52359	epithelial	method1_distance	1.0
chr1:907974-908474	ENSG00000188157	AGRN	chr1	907974	908474	1020119	+	111895	epithelial	method1_distance	1.0
chr1:907974-908474	ENSG00000188290	HES4	chr1	907974	908474	1000171	-	91947	epithelial	method1_distance	1.0
chr1:907974-908474	ENSG00000188976	NOC2L	chr1	907974	908474	959308	-	51084	epithelial	method1_distance	1.0
chr1:907974-908474	ENSG00000221978	CCNL2	chr1	907974	908474	1399334	-	491110	epithelial	method1_distance	1.0
chr1:907974-908474	ENSG00000224051	CPTP	chr1	907974	908474	1324755	+	416531	epithelial	method1_distance	1.0
chr1:907974-908474	ENSG00000237330	RNF223	chr1	907974	908474	1074305	-	166081	epithelial	method1_distance	1.0
chr1:907974-908474	ENSG00000242485	MRPL20	chr1	907974	908474	1407292	-	499068	epithelial	method1_distance	1.0
chr1:907974-908474	ENSG00000284662	OR4F16	chr1	907974	908474	686653	-	221571	epithelial	method1_distance	1.0
chr1:907974-908474	ENSG00000284733	OR4F29	chr1	907974	908474	500000	-	408224	epithelial	method1_distance	1.0
chr1:909902-910402	ENSG00000078808	SDF4	chr1	909902	910402	1232030	-	321878	epithelial	method1_distance	1.0
chr1:909902-910402	ENSG00000107404	DVL1	chr1	909902	910402	1349417	-	439265	epithelial	method1_distance	1.0
chr1:909902-910402	ENSG00000127054	INTS11	chr1	909902	910402	1324686	-	414534	epithelial	method1_distance	1.0
chr1:909902-910402	ENSG00000131584	ACAP3	chr1	909902	910402	1309608	-	399456	epithelial	method1_distance	1.0
chr1:909902-910402	ENSG00000131591	C1orf159	chr1	909902	910402	1116360	-	206208	epithelial	method1_distance	1.0
chr1:909902-910402	ENSG00000160087	UBE2J2	chr1	909902	910402	1273863	-	363711	epithelial	method1_distance	1.0
chr1:909902-910402	ENSG00000162571	TTLL10	chr1	909902	910402	1173879	+	263727	epithelial	method1_distance	1.0
chr1:909902-910402	ENSG00000162572	SCNN1D	chr1	909902	910402	1280435	+	370283	epithelial	method1_distance	1.0
chr1:909902-910402	ENSG00000162576	MXRA8	chr1	909902	910402	1361776	-	451624	epithelial	method1_distance	1.0
chr1:909902-910402	ENSG00000169962	TAS1R3	chr1	909902	910402	1331279	+	421127	epithelial	method1_distance	1.0
chr1:909902-910402	ENSG00000169972	PUSL1	chr1	909902	910402	1308596	+	398444	epithelial	method1_distance	1.0
chr1:909902-910402	ENSG00000175756	AURKAIP1	chr1	909902	910402	1375206	-	465054	epithelial	method1_distance	1.0
chr1:909902-910402	ENSG00000176022	B3GALT6	chr1	909902	910402	1232236	+	322084	epithelial	method1_distance	1.0
chr1:909902-910402	ENSG00000184163	C1QTNF12	chr1	909902	910402	1246721	-	336569	epithelial	method1_distance	1.0
chr1:909902-910402	ENSG00000186827	TNFRSF4	chr1	909902	910402	1214152	-	304000	epithelial	method1_distance	1.0
chr1:909902-910402	ENSG00000186891	TNFRSF18	chr1	909902	910402	1206591	-	296439	epithelial	method1_distance	1.0
chr1:909902-910402	ENSG00000187583	PLEKHN1	chr1	909902	910402	966481	+	56329	epithelial	method1_distance	1.0
chr1:909902-910402	ENSG00000187608	ISG15	chr1	909902	910402	1001137	+	90985	epithelial	method1_distance	1.0
chr1:909902-910402	ENSG00000187634	SAMD11	chr1	909902	910402	923922	+	13770	epithelial	method1_distance	1.0
chr1:909902-910402	ENSG00000187642	PERM1	chr1	909902	910402	982116	-	71964	epithelial	method1_distance	1.0
chr1:909902-910402	ENSG00000187961	KLHL17	chr1	909902	910402	960583	+	50431	epithelial	method1_distance	1.0
chr1:909902-910402	ENSG00000188157	AGRN	chr1	909902	910402	1020119	+	109967	epithelial	method1_distance	1.0
chr1:909902-910402	ENSG00000188290	HES4	chr1	909902	910402	1000171	-	90019	epithelial	method1_distance	1.0
chr1:909902-910402	ENSG00000188976	NOC2L	chr1	909902	910402	959308	-	49156	epithelial	method1_distance	1.0
chr1:909902-910402	ENSG00000221978	CCNL2	chr1	909902	910402	1399334	-	489182	epithelial	method1_distance	1.0
chr1:909902-910402	ENSG00000224051	CPTP	chr1	909902	910402	1324755	+	414603	epithelial	method1_distance	1.0
chr1:909902-910402	ENSG00000237330	RNF223	chr1	909902	910402	1074305	-	164153	epithelial	method1_distance	1.0
chr1:909902-910402	ENSG00000242485	MRPL20	chr1	909902	910402	1407292	-	497140	epithelial	method1_distance	1.0
chr1:909902-910402	ENSG00000284662	OR4F16	chr1	909902	910402	686653	-	223499	epithelial	method1_distance	1.0
chr1:909902-910402	ENSG00000284733	OR4F29	chr1	909902	910402	500000	-	410152	epithelial	method1_distance	1.0
chr1:910415-910915	ENSG00000078808	SDF4	chr1	910415	910915	1232030	-	321365	epithelial	method1_distance	1.0
chr1:910415-910915	ENSG00000107404	DVL1	chr1	910415	910915	1349417	-	438752	epithelial	method1_distance	1.0
chr1:910415-910915	ENSG00000127054	INTS11	chr1	910415	910915	1324686	-	414021	epithelial	method1_distance	1.0
chr1:910415-910915	ENSG00000131584	ACAP3	chr1	910415	910915	1309608	-	398943	epithelial	method1_distance	1.0
chr1:910415-910915	ENSG00000131591	C1orf159	chr1	910415	910915	1116360	-	205695	epithelial	method1_distance	1.0
chr1:910415-910915	ENSG00000160087	UBE2J2	chr1	910415	910915	1273863	-	363198	epithelial	method1_distance	1.0
chr1:910415-910915	ENSG00000162571	TTLL10	chr1	910415	910915	1173879	+	263214	epithelial	method1_distance	1.0
chr1:910415-910915	ENSG00000162572	SCNN1D	chr1	910415	910915	1280435	+	369770	epithelial	method1_distance	1.0
chr1:910415-910915	ENSG00000162576	MXRA8	chr1	910415	910915	1361776	-	451111	epithelial	method1_distance	1.0
chr1:910415-910915	ENSG00000169962	TAS1R3	chr1	910415	910915	1331279	+	420614	epithelial	method1_distance	1.0
chr1:910415-910915	ENSG00000169972	PUSL1	chr1	910415	910915	1308596	+	397931	epithelial	method1_distance	1.0
chr1:910415-910915	ENSG00000175756	AURKAIP1	chr1	910415	910915	1375206	-	464541	epithelial	method1_distance	1.0
chr1:910415-910915	ENSG00000176022	B3GALT6	chr1	910415	910915	1232236	+	321571	epithelial	method1_distance	1.0
chr1:910415-910915	ENSG00000184163	C1QTNF12	chr1	910415	910915	1246721	-	336056	epithelial	method1_distance	1.0
chr1:910415-910915	ENSG00000186827	TNFRSF4	chr1	910415	910915	1214152	-	303487	epithelial	method1_distance	1.0
chr1:910415-910915	ENSG00000186891	TNFRSF18	chr1	910415	910915	1206591	-	295926	epithelial	method1_distance	1.0
chr1:910415-910915	ENSG00000187583	PLEKHN1	chr1	910415	910915	966481	+	55816	epithelial	method1_distance	1.0
chr1:910415-910915	ENSG00000187608	ISG15	chr1	910415	910915	1001137	+	90472	epithelial	method1_distance	1.0
chr1:910415-910915	ENSG00000187634	SAMD11	chr1	910415	910915	923922	+	13257	epithelial	method1_distance	1.0
chr1:910415-910915	ENSG00000187642	PERM1	chr1	910415	910915	982116	-	71451	epithelial	method1_distance	1.0
chr1:910415-910915	ENSG00000187961	KLHL17	chr1	910415	910915	960583	+	49918	epithelial	method1_distance	1.0
chr1:910415-910915	ENSG00000188157	AGRN	chr1	910415	910915	1020119	+	109454	epithelial	method1_distance	1.0
chr1:910415-910915	ENSG00000188290	HES4	chr1	910415	910915	1000171	-	89506	epithelial	method1_distance	1.0
chr1:910415-910915	ENSG00000188976	NOC2L	chr1	910415	910915	959308	-	48643	epithelial	method1_distance	1.0
chr1:910415-910915	ENSG00000221978	CCNL2	chr1	910415	910915	1399334	-	488669	epithelial	method1_distance	1.0
chr1:910415-910915	ENSG00000224051	CPTP	chr1	910415	910915	1324755	+	414090	epithelial	method1_distance	1.0
chr1:910415-910915	ENSG00000237330	RNF223	chr1	910415	910915	1074305	-	163640	epithelial	method1_distance	1.0
chr1:910415-910915	ENSG00000242485	MRPL20	chr1	910415	910915	1407292	-	496627	epithelial	method1_distance	1.0
chr1:910415-910915	ENSG00000284662	OR4F16	chr1	910415	910915	686653	-	224012	epithelial	method1_distance	1.0
chr1:910415-910915	ENSG00000284733	OR4F29	chr1	910415	910915	500000	-	410665	epithelial	method1_distance	1.0
chr1:911137-911637	ENSG00000078808	SDF4	chr1	911137	911637	1232030	-	320643	epithelial	method1_distance	1.0
chr1:911137-911637	ENSG00000107404	DVL1	chr1	911137	911637	1349417	-	438030	epithelial	method1_distance	1.0
chr1:911137-911637	ENSG00000127054	INTS11	chr1	911137	911637	1324686	-	413299	epithelial	method1_distance	1.0
chr1:911137-911637	ENSG00000131584	ACAP3	chr1	911137	911637	1309608	-	398221	epithelial	method1_distance	1.0
chr1:911137-911637	ENSG00000131591	C1orf159	chr1	911137	911637	1116360	-	204973	epithelial	method1_distance	1.0
chr1:911137-911637	ENSG00000160087	UBE2J2	chr1	911137	911637	1273863	-	362476	epithelial	method1_distance	1.0
chr1:911137-911637	ENSG00000162571	TTLL10	chr1	911137	911637	1173879	+	262492	epithelial	method1_distance	1.0
chr1:911137-911637	ENSG00000162572	SCNN1D	chr1	911137	911637	1280435	+	369048	epithelial	method1_distance	1.0
chr1:911137-911637	ENSG00000162576	MXRA8	chr1	911137	911637	1361776	-	450389	epithelial	method1_distance	1.0
chr1:911137-911637	ENSG00000169962	TAS1R3	chr1	911137	911637	1331279	+	419892	epithelial	method1_distance	1.0
chr1:911137-911637	ENSG00000169972	PUSL1	chr1	911137	911637	1308596	+	397209	epithelial	method1_distance	1.0
chr1:911137-911637	ENSG00000175756	AURKAIP1	chr1	911137	911637	1375206	-	463819	epithelial	method1_distance	1.0
chr1:911137-911637	ENSG00000176022	B3GALT6	chr1	911137	911637	1232236	+	320849	epithelial	method1_distance	1.0
chr1:911137-911637	ENSG00000184163	C1QTNF12	chr1	911137	911637	1246721	-	335334	epithelial	method1_distance	1.0
chr1:911137-911637	ENSG00000186827	TNFRSF4	chr1	911137	911637	1214152	-	302765	epithelial	method1_distance	1.0
chr1:911137-911637	ENSG00000186891	TNFRSF18	chr1	911137	911637	1206591	-	295204	epithelial	method1_distance	1.0
chr1:911137-911637	ENSG00000187583	PLEKHN1	chr1	911137	911637	966481	+	55094	epithelial	method1_distance	1.0
chr1:911137-911637	ENSG00000187608	ISG15	chr1	911137	911637	1001137	+	89750	epithelial	method1_distance	1.0
chr1:911137-911637	ENSG00000187634	SAMD11	chr1	911137	911637	923922	+	12535	epithelial	method1_distance	1.0
chr1:911137-911637	ENSG00000187642	PERM1	chr1	911137	911637	982116	-	70729	epithelial	method1_distance	1.0
chr1:911137-911637	ENSG00000187961	KLHL17	chr1	911137	911637	960583	+	49196	epithelial	method1_distance	1.0
chr1:911137-911637	ENSG00000188157	AGRN	chr1	911137	911637	1020119	+	108732	epithelial	method1_distance	1.0
chr1:911137-911637	ENSG00000188290	HES4	chr1	911137	911637	1000171	-	88784	epithelial	method1_distance	1.0
chr1:911137-911637	ENSG00000188976	NOC2L	chr1	911137	911637	959308	-	47921	epithelial	method1_distance	1.0
chr1:911137-911637	ENSG00000221978	CCNL2	chr1	911137	911637	1399334	-	487947	epithelial	method1_distance	1.0
chr1:911137-911637	ENSG00000224051	CPTP	chr1	911137	911637	1324755	+	413368	epithelial	method1_distance	1.0
chr1:911137-911637	ENSG00000237330	RNF223	chr1	911137	911637	1074305	-	162918	epithelial	method1_distance	1.0
chr1:911137-911637	ENSG00000242485	MRPL20	chr1	911137	911637	1407292	-	495905	epithelial	method1_distance	1.0
chr1:911137-911637	ENSG00000284662	OR4F16	chr1	911137	911637	686653	-	224734	epithelial	method1_distance	1.0
chr1:911137-911637	ENSG00000284733	OR4F29	chr1	911137	911637	500000	-	411387	epithelial	method1_distance	1.0
chr1:911809-912309	ENSG00000078808	SDF4	chr1	911809	912309	1232030	-	319971	epithelial	method1_distance	1.0
chr1:911809-912309	ENSG00000107404	DVL1	chr1	911809	912309	1349417	-	437358	epithelial	method1_distance	1.0
chr1:911809-912309	ENSG00000127054	INTS11	chr1	911809	912309	1324686	-	412627	epithelial	method1_distance	1.0
chr1:911809-912309	ENSG00000131584	ACAP3	chr1	911809	912309	1309608	-	397549	epithelial	method1_distance	1.0
chr1:911809-912309	ENSG00000131591	C1orf159	chr1	911809	912309	1116360	-	204301	epithelial	method1_distance	1.0
chr1:911809-912309	ENSG00000160087	UBE2J2	chr1	911809	912309	1273863	-	361804	epithelial	method1_distance	1.0
chr1:911809-912309	ENSG00000162571	TTLL10	chr1	911809	912309	1173879	+	261820	epithelial	method1_distance	1.0
chr1:911809-912309	ENSG00000162572	SCNN1D	chr1	911809	912309	1280435	+	368376	epithelial	method1_distance	1.0
chr1:911809-912309	ENSG00000162576	MXRA8	chr1	911809	912309	1361776	-	449717	epithelial	method1_distance	1.0
chr1:911809-912309	ENSG00000169962	TAS1R3	chr1	911809	912309	1331279	+	419220	epithelial	method1_distance	1.0
chr1:911809-912309	ENSG00000169972	PUSL1	chr1	911809	912309	1308596	+	396537	epithelial	method1_distance	1.0
chr1:911809-912309	ENSG00000175756	AURKAIP1	chr1	911809	912309	1375206	-	463147	epithelial	method1_distance	1.0
chr1:911809-912309	ENSG00000176022	B3GALT6	chr1	911809	912309	1232236	+	320177	epithelial	method1_distance	1.0
chr1:911809-912309	ENSG00000184163	C1QTNF12	chr1	911809	912309	1246721	-	334662	epithelial	method1_distance	1.0
chr1:911809-912309	ENSG00000186827	TNFRSF4	chr1	911809	912309	1214152	-	302093	epithelial	method1_distance	1.0
chr1:911809-912309	ENSG00000186891	TNFRSF18	chr1	911809	912309	1206591	-	294532	epithelial	method1_distance	1.0
chr1:911809-912309	ENSG00000187583	PLEKHN1	chr1	911809	912309	966481	+	54422	epithelial	method1_distance	1.0
chr1:911809-912309	ENSG00000187608	ISG15	chr1	911809	912309	1001137	+	89078	epithelial	method1_distance	1.0
chr1:911809-912309	ENSG00000187634	SAMD11	chr1	911809	912309	923922	+	11863	epithelial	method1_distance	1.0
chr1:911809-912309	ENSG00000187642	PERM1	chr1	911809	912309	982116	-	70057	epithelial	method1_distance	1.0
chr1:911809-912309	ENSG00000187961	KLHL17	chr1	911809	912309	960583	+	48524	epithelial	method1_distance	1.0
chr1:911809-912309	ENSG00000188157	AGRN	chr1	911809	912309	1020119	+	108060	epithelial	method1_distance	1.0
chr1:911809-912309	ENSG00000188290	HES4	chr1	911809	912309	1000171	-	88112	epithelial	method1_distance	1.0
chr1:911809-912309	ENSG00000188976	NOC2L	chr1	911809	912309	959308	-	47249	epithelial	method1_distance	1.0
chr1:911809-912309	ENSG00000221978	CCNL2	chr1	911809	912309	1399334	-	487275	epithelial	method1_distance	1.0
chr1:911809-912309	ENSG00000224051	CPTP	chr1	911809	912309	1324755	+	412696	epithelial	method1_distance	1.0
chr1:911809-912309	ENSG00000237330	RNF223	chr1	911809	912309	1074305	-	162246	epithelial	method1_distance	1.0
chr1:911809-912309	ENSG00000242485	MRPL20	chr1	911809	912309	1407292	-	495233	epithelial	method1_distance	1.0
chr1:911809-912309	ENSG00000284662	OR4F16	chr1	911809	912309	686653	-	225406	epithelial	method1_distance	1.0
chr1:911809-912309	ENSG00000284733	OR4F29	chr1	911809	912309	500000	-	412059	epithelial	method1_distance	1.0
chr1:912779-913279	ENSG00000078808	SDF4	chr1	912779	913279	1232030	-	319001	epithelial	method1_distance	1.0
chr1:912779-913279	ENSG00000107404	DVL1	chr1	912779	913279	1349417	-	436388	epithelial	method1_distance	1.0
chr1:912779-913279	ENSG00000127054	INTS11	chr1	912779	913279	1324686	-	411657	epithelial	method1_distance	1.0
chr1:912779-913279	ENSG00000131584	ACAP3	chr1	912779	913279	1309608	-	396579	epithelial	method1_distance	1.0
chr1:912779-913279	ENSG00000131591	C1orf159	chr1	912779	913279	1116360	-	203331	epithelial	method1_distance	1.0
chr1:912779-913279	ENSG00000160087	UBE2J2	chr1	912779	913279	1273863	-	360834	epithelial	method1_distance	1.0
chr1:912779-913279	ENSG00000162571	TTLL10	chr1	912779	913279	1173879	+	260850	epithelial	method1_distance	1.0
chr1:912779-913279	ENSG00000162572	SCNN1D	chr1	912779	913279	1280435	+	367406	epithelial	method1_distance	1.0
chr1:912779-913279	ENSG00000162576	MXRA8	chr1	912779	913279	1361776	-	448747	epithelial	method1_distance	1.0
chr1:912779-913279	ENSG00000169962	TAS1R3	chr1	912779	913279	1331279	+	418250	epithelial	method1_distance	1.0
chr1:912779-913279	ENSG00000169972	PUSL1	chr1	912779	913279	1308596	+	395567	epithelial	method1_distance	1.0
chr1:912779-913279	ENSG00000175756	AURKAIP1	chr1	912779	913279	1375206	-	462177	epithelial	method1_distance	1.0
chr1:912779-913279	ENSG00000176022	B3GALT6	chr1	912779	913279	1232236	+	319207	epithelial	method1_distance	1.0
chr1:912779-913279	ENSG00000184163	C1QTNF12	chr1	912779	913279	1246721	-	333692	epithelial	method1_distance	1.0
chr1:912779-913279	ENSG00000186827	TNFRSF4	chr1	912779	913279	1214152	-	301123	epithelial	method1_distance	1.0
chr1:912779-913279	ENSG00000186891	TNFRSF18	chr1	912779	913279	1206591	-	293562	epithelial	method1_distance	1.0
chr1:912779-913279	ENSG00000187583	PLEKHN1	chr1	912779	913279	966481	+	53452	epithelial	method1_distance	1.0
chr1:912779-913279	ENSG00000187608	ISG15	chr1	912779	913279	1001137	+	88108	epithelial	method1_distance	1.0
chr1:912779-913279	ENSG00000187634	SAMD11	chr1	912779	913279	923922	+	10893	epithelial	method1_distance	1.0
chr1:912779-913279	ENSG00000187642	PERM1	chr1	912779	913279	982116	-	69087	epithelial	method1_distance	1.0
chr1:912779-913279	ENSG00000187961	KLHL17	chr1	912779	913279	960583	+	47554	epithelial	method1_distance	1.0
chr1:912779-913279	ENSG00000188157	AGRN	chr1	912779	913279	1020119	+	107090	epithelial	method1_distance	1.0
chr1:912779-913279	ENSG00000188290	HES4	chr1	912779	913279	1000171	-	87142	epithelial	method1_distance	1.0
chr1:912779-913279	ENSG00000188976	NOC2L	chr1	912779	913279	959308	-	46279	epithelial	method1_distance	1.0
chr1:912779-913279	ENSG00000221978	CCNL2	chr1	912779	913279	1399334	-	486305	epithelial	method1_distance	1.0
chr1:912779-913279	ENSG00000224051	CPTP	chr1	912779	913279	1324755	+	411726	epithelial	method1_distance	1.0
chr1:912779-913279	ENSG00000237330	RNF223	chr1	912779	913279	1074305	-	161276	epithelial	method1_distance	1.0
chr1:912779-913279	ENSG00000242485	MRPL20	chr1	912779	913279	1407292	-	494263	epithelial	method1_distance	1.0
chr1:912779-913279	ENSG00000284662	OR4F16	chr1	912779	913279	686653	-	226376	epithelial	method1_distance	1.0
chr1:912779-913279	ENSG00000284733	OR4F29	chr1	912779	913279	500000	-	413029	epithelial	method1_distance	1.0
chr1:913557-914057	ENSG00000078808	SDF4	chr1	913557	914057	1232030	-	318223	epithelial	method1_distance	1.0
chr1:913557-914057	ENSG00000107404	DVL1	chr1	913557	914057	1349417	-	435610	epithelial	method1_distance	1.0
chr1:913557-914057	ENSG00000127054	INTS11	chr1	913557	914057	1324686	-	410879	epithelial	method1_distance	1.0
chr1:913557-914057	ENSG00000131584	ACAP3	chr1	913557	914057	1309608	-	395801	epithelial	method1_distance	1.0
chr1:913557-914057	ENSG00000131591	C1orf159	chr1	913557	914057	1116360	-	202553	epithelial	method1_distance	1.0
chr1:913557-914057	ENSG00000160087	UBE2J2	chr1	913557	914057	1273863	-	360056	epithelial	method1_distance	1.0
chr1:913557-914057	ENSG00000162571	TTLL10	chr1	913557	914057	1173879	+	260072	epithelial	method1_distance	1.0
chr1:913557-914057	ENSG00000162572	SCNN1D	chr1	913557	914057	1280435	+	366628	epithelial	method1_distance	1.0
chr1:913557-914057	ENSG00000162576	MXRA8	chr1	913557	914057	1361776	-	447969	epithelial	method1_distance	1.0
chr1:913557-914057	ENSG00000169962	TAS1R3	chr1	913557	914057	1331279	+	417472	epithelial	method1_distance	1.0
chr1:913557-914057	ENSG00000169972	PUSL1	chr1	913557	914057	1308596	+	394789	epithelial	method1_distance	1.0
chr1:913557-914057	ENSG00000175756	AURKAIP1	chr1	913557	914057	1375206	-	461399	epithelial	method1_distance	1.0
chr1:913557-914057	ENSG00000176022	B3GALT6	chr1	913557	914057	1232236	+	318429	epithelial	method1_distance	1.0
chr1:913557-914057	ENSG00000184163	C1QTNF12	chr1	913557	914057	1246721	-	332914	epithelial	method1_distance	1.0
chr1:913557-914057	ENSG00000186827	TNFRSF4	chr1	913557	914057	1214152	-	300345	epithelial	method1_distance	1.0
chr1:913557-914057	ENSG00000186891	TNFRSF18	chr1	913557	914057	1206591	-	292784	epithelial	method1_distance	1.0
chr1:913557-914057	ENSG00000187583	PLEKHN1	chr1	913557	914057	966481	+	52674	epithelial	method1_distance	1.0
chr1:913557-914057	ENSG00000187608	ISG15	chr1	913557	914057	1001137	+	87330	epithelial	method1_distance	1.0
chr1:913557-914057	ENSG00000187634	SAMD11	chr1	913557	914057	923922	+	10115	epithelial	method1_distance	1.0
chr1:913557-914057	ENSG00000187642	PERM1	chr1	913557	914057	982116	-	68309	epithelial	method1_distance	1.0
chr1:913557-914057	ENSG00000187961	KLHL17	chr1	913557	914057	960583	+	46776	epithelial	method1_distance	1.0
chr1:913557-914057	ENSG00000188157	AGRN	chr1	913557	914057	1020119	+	106312	epithelial	method1_distance	1.0
chr1:913557-914057	ENSG00000188290	HES4	chr1	913557	914057	1000171	-	86364	epithelial	method1_distance	1.0
chr1:913557-914057	ENSG00000188976	NOC2L	chr1	913557	914057	959308	-	45501	epithelial	method1_distance	1.0
chr1:913557-914057	ENSG00000221978	CCNL2	chr1	913557	914057	1399334	-	485527	epithelial	method1_distance	1.0
chr1:913557-914057	ENSG00000224051	CPTP	chr1	913557	914057	1324755	+	410948	epithelial	method1_distance	1.0
chr1:913557-914057	ENSG00000237330	RNF223	chr1	913557	914057	1074305	-	160498	epithelial	method1_distance	1.0
chr1:913557-914057	ENSG00000242485	MRPL20	chr1	913557	914057	1407292	-	493485	epithelial	method1_distance	1.0
chr1:913557-914057	ENSG00000284662	OR4F16	chr1	913557	914057	686653	-	227154	epithelial	method1_distance	1.0
chr1:913557-914057	ENSG00000284733	OR4F29	chr1	913557	914057	500000	-	413807	epithelial	method1_distance	1.0
chr1:914858-915358	ENSG00000078808	SDF4	chr1	914858	915358	1232030	-	316922	epithelial	method1_distance	1.0
chr1:914858-915358	ENSG00000107404	DVL1	chr1	914858	915358	1349417	-	434309	epithelial	method1_distance	1.0
chr1:914858-915358	ENSG00000127054	INTS11	chr1	914858	915358	1324686	-	409578	epithelial	method1_distance	1.0
chr1:914858-915358	ENSG00000131584	ACAP3	chr1	914858	915358	1309608	-	394500	epithelial	method1_distance	1.0
chr1:914858-915358	ENSG00000131591	C1orf159	chr1	914858	915358	1116360	-	201252	epithelial	method1_distance	1.0
chr1:914858-915358	ENSG00000160087	UBE2J2	chr1	914858	915358	1273863	-	358755	epithelial	method1_distance	1.0
chr1:914858-915358	ENSG00000162571	TTLL10	chr1	914858	915358	1173879	+	258771	epithelial	method1_distance	1.0
chr1:914858-915358	ENSG00000162572	SCNN1D	chr1	914858	915358	1280435	+	365327	epithelial	method1_distance	1.0
chr1:914858-915358	ENSG00000162576	MXRA8	chr1	914858	915358	1361776	-	446668	epithelial	method1_distance	1.0
chr1:914858-915358	ENSG00000169962	TAS1R3	chr1	914858	915358	1331279	+	416171	epithelial	method1_distance	1.0
chr1:914858-915358	ENSG00000169972	PUSL1	chr1	914858	915358	1308596	+	393488	epithelial	method1_distance	1.0
chr1:914858-915358	ENSG00000175756	AURKAIP1	chr1	914858	915358	1375206	-	460098	epithelial	method1_distance	1.0
chr1:914858-915358	ENSG00000176022	B3GALT6	chr1	914858	915358	1232236	+	317128	epithelial	method1_distance	1.0
chr1:914858-915358	ENSG00000184163	C1QTNF12	chr1	914858	915358	1246721	-	331613	epithelial	method1_distance	1.0
chr1:914858-915358	ENSG00000186827	TNFRSF4	chr1	914858	915358	1214152	-	299044	epithelial	method1_distance	1.0
chr1:914858-915358	ENSG00000186891	TNFRSF18	chr1	914858	915358	1206591	-	291483	epithelial	method1_distance	1.0
chr1:914858-915358	ENSG00000187583	PLEKHN1	chr1	914858	915358	966481	+	51373	epithelial	method1_distance	1.0
chr1:914858-915358	ENSG00000187608	ISG15	chr1	914858	915358	1001137	+	86029	epithelial	method1_distance	1.0
chr1:914858-915358	ENSG00000187634	SAMD11	chr1	914858	915358	923922	+	8814	epithelial	method1_distance	1.0
chr1:914858-915358	ENSG00000187642	PERM1	chr1	914858	915358	982116	-	67008	epithelial	method1_distance	1.0
chr1:914858-915358	ENSG00000187961	KLHL17	chr1	914858	915358	960583	+	45475	epithelial	method1_distance	1.0
chr1:914858-915358	ENSG00000188157	AGRN	chr1	914858	915358	1020119	+	105011	epithelial	method1_distance	1.0
chr1:914858-915358	ENSG00000188290	HES4	chr1	914858	915358	1000171	-	85063	epithelial	method1_distance	1.0
chr1:914858-915358	ENSG00000188976	NOC2L	chr1	914858	915358	959308	-	44200	epithelial	method1_distance	1.0
chr1:914858-915358	ENSG00000221978	CCNL2	chr1	914858	915358	1399334	-	484226	epithelial	method1_distance	1.0
chr1:914858-915358	ENSG00000224051	CPTP	chr1	914858	915358	1324755	+	409647	epithelial	method1_distance	1.0
chr1:914858-915358	ENSG00000237330	RNF223	chr1	914858	915358	1074305	-	159197	epithelial	method1_distance	1.0
chr1:914858-915358	ENSG00000242485	MRPL20	chr1	914858	915358	1407292	-	492184	epithelial	method1_distance	1.0
chr1:914858-915358	ENSG00000284662	OR4F16	chr1	914858	915358	686653	-	228455	epithelial	method1_distance	1.0
chr1:914858-915358	ENSG00000284733	OR4F29	chr1	914858	915358	500000	-	415108	epithelial	method1_distance	1.0
chr1:915562-916062	ENSG00000078808	SDF4	chr1	915562	916062	1232030	-	316218	epithelial	method1_distance	1.0
chr1:915562-916062	ENSG00000107404	DVL1	chr1	915562	916062	1349417	-	433605	epithelial	method1_distance	1.0
chr1:915562-916062	ENSG00000127054	INTS11	chr1	915562	916062	1324686	-	408874	epithelial	method1_distance	1.0
chr1:915562-916062	ENSG00000131584	ACAP3	chr1	915562	916062	1309608	-	393796	epithelial	method1_distance	1.0
chr1:915562-916062	ENSG00000131591	C1orf159	chr1	915562	916062	1116360	-	200548	epithelial	method1_distance	1.0
chr1:915562-916062	ENSG00000160087	UBE2J2	chr1	915562	916062	1273863	-	358051	epithelial	method1_distance	1.0
chr1:915562-916062	ENSG00000162571	TTLL10	chr1	915562	916062	1173879	+	258067	epithelial	method1_distance	1.0
chr1:915562-916062	ENSG00000162572	SCNN1D	chr1	915562	916062	1280435	+	364623	epithelial	method1_distance	1.0
chr1:915562-916062	ENSG00000162576	MXRA8	chr1	915562	916062	1361776	-	445964	epithelial	method1_distance	1.0
chr1:915562-916062	ENSG00000169962	TAS1R3	chr1	915562	916062	1331279	+	415467	epithelial	method1_distance	1.0
chr1:915562-916062	ENSG00000169972	PUSL1	chr1	915562	916062	1308596	+	392784	epithelial	method1_distance	1.0
chr1:915562-916062	ENSG00000175756	AURKAIP1	chr1	915562	916062	1375206	-	459394	epithelial	method1_distance	1.0
chr1:915562-916062	ENSG00000176022	B3GALT6	chr1	915562	916062	1232236	+	316424	epithelial	method1_distance	1.0
chr1:915562-916062	ENSG00000184163	C1QTNF12	chr1	915562	916062	1246721	-	330909	epithelial	method1_distance	1.0
chr1:915562-916062	ENSG00000186827	TNFRSF4	chr1	915562	916062	1214152	-	298340	epithelial	method1_distance	1.0
chr1:915562-916062	ENSG00000186891	TNFRSF18	chr1	915562	916062	1206591	-	290779	epithelial	method1_distance	1.0
chr1:915562-916062	ENSG00000187583	PLEKHN1	chr1	915562	916062	966481	+	50669	epithelial	method1_distance	1.0
chr1:915562-916062	ENSG00000187608	ISG15	chr1	915562	916062	1001137	+	85325	epithelial	method1_distance	1.0
chr1:915562-916062	ENSG00000187634	SAMD11	chr1	915562	916062	923922	+	8110	epithelial	method1_distance	1.0
chr1:915562-916062	ENSG00000187642	PERM1	chr1	915562	916062	982116	-	66304	epithelial	method1_distance	1.0
chr1:915562-916062	ENSG00000187961	KLHL17	chr1	915562	916062	960583	+	44771	epithelial	method1_distance	1.0
chr1:915562-916062	ENSG00000188157	AGRN	chr1	915562	916062	1020119	+	104307	epithelial	method1_distance	1.0
chr1:915562-916062	ENSG00000188290	HES4	chr1	915562	916062	1000171	-	84359	epithelial	method1_distance	1.0
chr1:915562-916062	ENSG00000188976	NOC2L	chr1	915562	916062	959308	-	43496	epithelial	method1_distance	1.0
chr1:915562-916062	ENSG00000221978	CCNL2	chr1	915562	916062	1399334	-	483522	epithelial	method1_distance	1.0
chr1:915562-916062	ENSG00000224051	CPTP	chr1	915562	916062	1324755	+	408943	epithelial	method1_distance	1.0
chr1:915562-916062	ENSG00000237330	RNF223	chr1	915562	916062	1074305	-	158493	epithelial	method1_distance	1.0
chr1:915562-916062	ENSG00000242485	MRPL20	chr1	915562	916062	1407292	-	491480	epithelial	method1_distance	1.0
chr1:915562-916062	ENSG00000284662	OR4F16	chr1	915562	916062	686653	-	229159	epithelial	method1_distance	1.0
chr1:915562-916062	ENSG00000284733	OR4F29	chr1	915562	916062	500000	-	415812	epithelial	method1_distance	1.0
chr1:916446-916946	ENSG00000078808	SDF4	chr1	916446	916946	1232030	-	315334	epithelial	method1_distance	1.0
chr1:916446-916946	ENSG00000107404	DVL1	chr1	916446	916946	1349417	-	432721	epithelial	method1_distance	1.0
chr1:916446-916946	ENSG00000127054	INTS11	chr1	916446	916946	1324686	-	407990	epithelial	method1_distance	1.0
chr1:916446-916946	ENSG00000131584	ACAP3	chr1	916446	916946	1309608	-	392912	epithelial	method1_distance	1.0
chr1:916446-916946	ENSG00000131591	C1orf159	chr1	916446	916946	1116360	-	199664	epithelial	method1_distance	1.0
chr1:916446-916946	ENSG00000160087	UBE2J2	chr1	916446	916946	1273863	-	357167	epithelial	method1_distance	1.0
chr1:916446-916946	ENSG00000162571	TTLL10	chr1	916446	916946	1173879	+	257183	epithelial	method1_distance	1.0
chr1:916446-916946	ENSG00000162572	SCNN1D	chr1	916446	916946	1280435	+	363739	epithelial	method1_distance	1.0
chr1:916446-916946	ENSG00000162576	MXRA8	chr1	916446	916946	1361776	-	445080	epithelial	method1_distance	1.0
chr1:916446-916946	ENSG00000169962	TAS1R3	chr1	916446	916946	1331279	+	414583	epithelial	method1_distance	1.0
chr1:916446-916946	ENSG00000169972	PUSL1	chr1	916446	916946	1308596	+	391900	epithelial	method1_distance	1.0
chr1:916446-916946	ENSG00000175756	AURKAIP1	chr1	916446	916946	1375206	-	458510	epithelial	method1_distance	1.0
chr1:916446-916946	ENSG00000176022	B3GALT6	chr1	916446	916946	1232236	+	315540	epithelial	method1_distance	1.0
chr1:916446-916946	ENSG00000184163	C1QTNF12	chr1	916446	916946	1246721	-	330025	epithelial	method1_distance	1.0
chr1:916446-916946	ENSG00000186827	TNFRSF4	chr1	916446	916946	1214152	-	297456	epithelial	method1_distance	1.0
chr1:916446-916946	ENSG00000186891	TNFRSF18	chr1	916446	916946	1206591	-	289895	epithelial	method1_distance	1.0
chr1:916446-916946	ENSG00000187583	PLEKHN1	chr1	916446	916946	966481	+	49785	epithelial	method1_distance	1.0
chr1:916446-916946	ENSG00000187608	ISG15	chr1	916446	916946	1001137	+	84441	epithelial	method1_distance	1.0
chr1:916446-916946	ENSG00000187634	SAMD11	chr1	916446	916946	923922	+	7226	epithelial	method1_distance	1.0
chr1:916446-916946	ENSG00000187642	PERM1	chr1	916446	916946	982116	-	65420	epithelial	method1_distance	1.0
chr1:916446-916946	ENSG00000187961	KLHL17	chr1	916446	916946	960583	+	43887	epithelial	method1_distance	1.0
chr1:916446-916946	ENSG00000188157	AGRN	chr1	916446	916946	1020119	+	103423	epithelial	method1_distance	1.0
chr1:916446-916946	ENSG00000188290	HES4	chr1	916446	916946	1000171	-	83475	epithelial	method1_distance	1.0
chr1:916446-916946	ENSG00000188976	NOC2L	chr1	916446	916946	959308	-	42612	epithelial	method1_distance	1.0
chr1:916446-916946	ENSG00000221978	CCNL2	chr1	916446	916946	1399334	-	482638	epithelial	method1_distance	1.0
chr1:916446-916946	ENSG00000224051	CPTP	chr1	916446	916946	1324755	+	408059	epithelial	method1_distance	1.0
chr1:916446-916946	ENSG00000237330	RNF223	chr1	916446	916946	1074305	-	157609	epithelial	method1_distance	1.0
chr1:916446-916946	ENSG00000242485	MRPL20	chr1	916446	916946	1407292	-	490596	epithelial	method1_distance	1.0
chr1:916446-916946	ENSG00000284662	OR4F16	chr1	916446	916946	686653	-	230043	epithelial	method1_distance	1.0
chr1:916446-916946	ENSG00000284733	OR4F29	chr1	916446	916946	500000	-	416696	epithelial	method1_distance	1.0
chr1:916965-917465	ENSG00000078808	SDF4	chr1	916965	917465	1232030	-	314815	epithelial	method1_distance	1.0
chr1:916965-917465	ENSG00000107404	DVL1	chr1	916965	917465	1349417	-	432202	epithelial	method1_distance	1.0
chr1:916965-917465	ENSG00000127054	INTS11	chr1	916965	917465	1324686	-	407471	epithelial	method1_distance	1.0
chr1:916965-917465	ENSG00000131584	ACAP3	chr1	916965	917465	1309608	-	392393	epithelial	method1_distance	1.0
chr1:916965-917465	ENSG00000131591	C1orf159	chr1	916965	917465	1116360	-	199145	epithelial	method1_distance	1.0
chr1:916965-917465	ENSG00000160087	UBE2J2	chr1	916965	917465	1273863	-	356648	epithelial	method1_distance	1.0
chr1:916965-917465	ENSG00000162571	TTLL10	chr1	916965	917465	1173879	+	256664	epithelial	method1_distance	1.0
chr1:916965-917465	ENSG00000162572	SCNN1D	chr1	916965	917465	1280435	+	363220	epithelial	method1_distance	1.0
chr1:916965-917465	ENSG00000162576	MXRA8	chr1	916965	917465	1361776	-	444561	epithelial	method1_distance	1.0
chr1:916965-917465	ENSG00000169962	TAS1R3	chr1	916965	917465	1331279	+	414064	epithelial	method1_distance	1.0
chr1:916965-917465	ENSG00000169972	PUSL1	chr1	916965	917465	1308596	+	391381	epithelial	method1_distance	1.0
chr1:916965-917465	ENSG00000175756	AURKAIP1	chr1	916965	917465	1375206	-	457991	epithelial	method1_distance	1.0
chr1:916965-917465	ENSG00000176022	B3GALT6	chr1	916965	917465	1232236	+	315021	epithelial	method1_distance	1.0
chr1:916965-917465	ENSG00000184163	C1QTNF12	chr1	916965	917465	1246721	-	329506	epithelial	method1_distance	1.0
chr1:916965-917465	ENSG00000186827	TNFRSF4	chr1	916965	917465	1214152	-	296937	epithelial	method1_distance	1.0
chr1:916965-917465	ENSG00000186891	TNFRSF18	chr1	916965	917465	1206591	-	289376	epithelial	method1_distance	1.0
chr1:916965-917465	ENSG00000187583	PLEKHN1	chr1	916965	917465	966481	+	49266	epithelial	method1_distance	1.0
chr1:916965-917465	ENSG00000187608	ISG15	chr1	916965	917465	1001137	+	83922	epithelial	method1_distance	1.0
chr1:916965-917465	ENSG00000187634	SAMD11	chr1	916965	917465	923922	+	6707	epithelial	method1_distance	1.0
chr1:916965-917465	ENSG00000187642	PERM1	chr1	916965	917465	982116	-	64901	epithelial	method1_distance	1.0
chr1:916965-917465	ENSG00000187961	KLHL17	chr1	916965	917465	960583	+	43368	epithelial	method1_distance	1.0
chr1:916965-917465	ENSG00000188157	AGRN	chr1	916965	917465	1020119	+	102904	epithelial	method1_distance	1.0
chr1:916965-917465	ENSG00000188290	HES4	chr1	916965	917465	1000171	-	82956	epithelial	method1_distance	1.0
chr1:916965-917465	ENSG00000188976	NOC2L	chr1	916965	917465	959308	-	42093	epithelial	method1_distance	1.0
chr1:916965-917465	ENSG00000221978	CCNL2	chr1	916965	917465	1399334	-	482119	epithelial	method1_distance	1.0
chr1:916965-917465	ENSG00000224051	CPTP	chr1	916965	917465	1324755	+	407540	epithelial	method1_distance	1.0
chr1:916965-917465	ENSG00000237330	RNF223	chr1	916965	917465	1074305	-	157090	epithelial	method1_distance	1.0
chr1:916965-917465	ENSG00000242485	MRPL20	chr1	916965	917465	1407292	-	490077	epithelial	method1_distance	1.0
chr1:916965-917465	ENSG00000284662	OR4F16	chr1	916965	917465	686653	-	230562	epithelial	method1_distance	1.0
chr1:916965-917465	ENSG00000284733	OR4F29	chr1	916965	917465	500000	-	417215	epithelial	method1_distance	1.0
chr1:917915-918415	ENSG00000078808	SDF4	chr1	917915	918415	1232030	-	313865	epithelial	method1_distance	1.0
chr1:917915-918415	ENSG00000107404	DVL1	chr1	917915	918415	1349417	-	431252	epithelial	method1_distance	1.0
chr1:917915-918415	ENSG00000127054	INTS11	chr1	917915	918415	1324686	-	406521	epithelial	method1_distance	1.0
chr1:917915-918415	ENSG00000131584	ACAP3	chr1	917915	918415	1309608	-	391443	epithelial	method1_distance	1.0
chr1:917915-918415	ENSG00000131591	C1orf159	chr1	917915	918415	1116360	-	198195	epithelial	method1_distance	1.0
chr1:917915-918415	ENSG00000160087	UBE2J2	chr1	917915	918415	1273863	-	355698	epithelial	method1_distance	1.0
chr1:917915-918415	ENSG00000162571	TTLL10	chr1	917915	918415	1173879	+	255714	epithelial	method1_distance	1.0
chr1:917915-918415	ENSG00000162572	SCNN1D	chr1	917915	918415	1280435	+	362270	epithelial	method1_distance	1.0
chr1:917915-918415	ENSG00000162576	MXRA8	chr1	917915	918415	1361776	-	443611	epithelial	method1_distance	1.0
chr1:917915-918415	ENSG00000169962	TAS1R3	chr1	917915	918415	1331279	+	413114	epithelial	method1_distance	1.0
chr1:917915-918415	ENSG00000169972	PUSL1	chr1	917915	918415	1308596	+	390431	epithelial	method1_distance	1.0
chr1:917915-918415	ENSG00000175756	AURKAIP1	chr1	917915	918415	1375206	-	457041	epithelial	method1_distance	1.0
chr1:917915-918415	ENSG00000176022	B3GALT6	chr1	917915	918415	1232236	+	314071	epithelial	method1_distance	1.0
chr1:917915-918415	ENSG00000184163	C1QTNF12	chr1	917915	918415	1246721	-	328556	epithelial	method1_distance	1.0
chr1:917915-918415	ENSG00000186827	TNFRSF4	chr1	917915	918415	1214152	-	295987	epithelial	method1_distance	1.0
chr1:917915-918415	ENSG00000186891	TNFRSF18	chr1	917915	918415	1206591	-	288426	epithelial	method1_distance	1.0
chr1:917915-918415	ENSG00000187583	PLEKHN1	chr1	917915	918415	966481	+	48316	epithelial	method1_distance	1.0
chr1:917915-918415	ENSG00000187608	ISG15	chr1	917915	918415	1001137	+	82972	epithelial	method1_distance	1.0
chr1:917915-918415	ENSG00000187634	SAMD11	chr1	917915	918415	923922	+	5757	epithelial	method1_distance	1.0
chr1:917915-918415	ENSG00000187642	PERM1	chr1	917915	918415	982116	-	63951	epithelial	method1_distance	1.0
chr1:917915-918415	ENSG00000187961	KLHL17	chr1	917915	918415	960583	+	42418	epithelial	method1_distance	1.0
chr1:917915-918415	ENSG00000188157	AGRN	chr1	917915	918415	1020119	+	101954	epithelial	method1_distance	1.0
chr1:917915-918415	ENSG00000188290	HES4	chr1	917915	918415	1000171	-	82006	epithelial	method1_distance	1.0
chr1:917915-918415	ENSG00000188976	NOC2L	chr1	917915	918415	959308	-	41143	epithelial	method1_distance	1.0
chr1:917915-918415	ENSG00000221978	CCNL2	chr1	917915	918415	1399334	-	481169	epithelial	method1_distance	1.0
chr1:917915-918415	ENSG00000224051	CPTP	chr1	917915	918415	1324755	+	406590	epithelial	method1_distance	1.0
chr1:917915-918415	ENSG00000237330	RNF223	chr1	917915	918415	1074305	-	156140	epithelial	method1_distance	1.0
chr1:917915-918415	ENSG00000242485	MRPL20	chr1	917915	918415	1407292	-	489127	epithelial	method1_distance	1.0
chr1:917915-918415	ENSG00000284662	OR4F16	chr1	917915	918415	686653	-	231512	epithelial	method1_distance	1.0
chr1:917915-918415	ENSG00000284733	OR4F29	chr1	917915	918415	500000	-	418165	epithelial	method1_distance	1.0
chr1:918522-919022	ENSG00000078808	SDF4	chr1	918522	919022	1232030	-	313258	epithelial	method1_distance	1.0
chr1:918522-919022	ENSG00000107404	DVL1	chr1	918522	919022	1349417	-	430645	epithelial	method1_distance	1.0
chr1:918522-919022	ENSG00000127054	INTS11	chr1	918522	919022	1324686	-	405914	epithelial	method1_distance	1.0
chr1:918522-919022	ENSG00000131584	ACAP3	chr1	918522	919022	1309608	-	390836	epithelial	method1_distance	1.0
chr1:918522-919022	ENSG00000131591	C1orf159	chr1	918522	919022	1116360	-	197588	epithelial	method1_distance	1.0
chr1:918522-919022	ENSG00000160087	UBE2J2	chr1	918522	919022	1273863	-	355091	epithelial	method1_distance	1.0
chr1:918522-919022	ENSG00000162571	TTLL10	chr1	918522	919022	1173879	+	255107	epithelial	method1_distance	1.0
chr1:918522-919022	ENSG00000162572	SCNN1D	chr1	918522	919022	1280435	+	361663	epithelial	method1_distance	1.0
chr1:918522-919022	ENSG00000162576	MXRA8	chr1	918522	919022	1361776	-	443004	epithelial	method1_distance	1.0
chr1:918522-919022	ENSG00000169962	TAS1R3	chr1	918522	919022	1331279	+	412507	epithelial	method1_distance	1.0
chr1:918522-919022	ENSG00000169972	PUSL1	chr1	918522	919022	1308596	+	389824	epithelial	method1_distance	1.0
chr1:918522-919022	ENSG00000175756	AURKAIP1	chr1	918522	919022	1375206	-	456434	epithelial	method1_distance	1.0
chr1:918522-919022	ENSG00000176022	B3GALT6	chr1	918522	919022	1232236	+	313464	epithelial	method1_distance	1.0
