peak_id	gene_id	gene_name	chrom	peak_start	peak_end	tss_pos	strand	distance_bp	compartment	method	score
chr1:817081-817581	ENSG00000078808	SDF4	chr1	817081	817581	1232030	-	414699	immune	method1_distance	1.0
chr1:817081-817581	ENSG00000131584	ACAP3	chr1	817081	817581	1309608	-	492277	immune	method1_distance	1.0
chr1:817081-817581	ENSG00000131591	C1orf159	chr1	817081	817581	1116360	-	299029	immune	method1_distance	1.0
chr1:817081-817581	ENSG00000160087	UBE2J2	chr1	817081	817581	1273863	-	456532	immune	method1_distance	1.0
chr1:817081-817581	ENSG00000162571	TTLL10	chr1	817081	817581	1173879	+	356548	immune	method1_distance	1.0
chr1:817081-817581	ENSG00000162572	SCNN1D	chr1	817081	817581	1280435	+	463104	immune	method1_distance	1.0
chr1:817081-817581	ENSG00000169972	PUSL1	chr1	817081	817581	1308596	+	491265	immune	method1_distance	1.0
chr1:817081-817581	ENSG00000176022	B3GALT6	chr1	817081	817581	1232236	+	414905	immune	method1_distance	1.0
chr1:817081-817581	ENSG00000184163	C1QTNF12	chr1	817081	817581	1246721	-	429390	immune	method1_distance	1.0
chr1:817081-817581	ENSG00000186827	TNFRSF4	chr1	817081	817581	1214152	-	396821	immune	method1_distance	1.0
chr1:817081-817581	ENSG00000186891	TNFRSF18	chr1	817081	817581	1206591	-	389260	immune	method1_distance	1.0
chr1:817081-817581	ENSG00000187583	PLEKHN1	chr1	817081	817581	966481	+	149150	immune	method1_distance	1.0
chr1:817081-817581	ENSG00000187608	ISG15	chr1	817081	817581	1001137	+	183806	immune	method1_distance	1.0
chr1:817081-817581	ENSG00000187634	SAMD11	chr1	817081	817581	923922	+	106591	immune	method1_distance	1.0
chr1:817081-817581	ENSG00000187642	PERM1	chr1	817081	817581	982116	-	164785	immune	method1_distance	1.0
chr1:817081-817581	ENSG00000187961	KLHL17	chr1	817081	817581	960583	+	143252	immune	method1_distance	1.0
chr1:817081-817581	ENSG00000188157	AGRN	chr1	817081	817581	1020119	+	202788	immune	method1_distance	1.0
chr1:817081-817581	ENSG00000188290	HES4	chr1	817081	817581	1000171	-	182840	immune	method1_distance	1.0
chr1:817081-817581	ENSG00000188976	NOC2L	chr1	817081	817581	959308	-	141977	immune	method1_distance	1.0
chr1:817081-817581	ENSG00000237330	RNF223	chr1	817081	817581	1074305	-	256974	immune	method1_distance	1.0
chr1:817081-817581	ENSG00000284662	OR4F16	chr1	817081	817581	686653	-	130678	immune	method1_distance	1.0
chr1:817081-817581	ENSG00000284733	OR4F29	chr1	817081	817581	500000	-	317331	immune	method1_distance	1.0
chr1:819790-820290	ENSG00000078808	SDF4	chr1	819790	820290	1232030	-	411990	immune	method1_distance	1.0
chr1:819790-820290	ENSG00000131584	ACAP3	chr1	819790	820290	1309608	-	489568	immune	method1_distance	1.0
chr1:819790-820290	ENSG00000131591	C1orf159	chr1	819790	820290	1116360	-	296320	immune	method1_distance	1.0
chr1:819790-820290	ENSG00000160087	UBE2J2	chr1	819790	820290	1273863	-	453823	immune	method1_distance	1.0
chr1:819790-820290	ENSG00000162571	TTLL10	chr1	819790	820290	1173879	+	353839	immune	method1_distance	1.0
chr1:819790-820290	ENSG00000162572	SCNN1D	chr1	819790	820290	1280435	+	460395	immune	method1_distance	1.0
chr1:819790-820290	ENSG00000169972	PUSL1	chr1	819790	820290	1308596	+	488556	immune	method1_distance	1.0
chr1:819790-820290	ENSG00000176022	B3GALT6	chr1	819790	820290	1232236	+	412196	immune	method1_distance	1.0
chr1:819790-820290	ENSG00000184163	C1QTNF12	chr1	819790	820290	1246721	-	426681	immune	method1_distance	1.0
chr1:819790-820290	ENSG00000186827	TNFRSF4	chr1	819790	820290	1214152	-	394112	immune	method1_distance	1.0
chr1:819790-820290	ENSG00000186891	TNFRSF18	chr1	819790	820290	1206591	-	386551	immune	method1_distance	1.0
chr1:819790-820290	ENSG00000187583	PLEKHN1	chr1	819790	820290	966481	+	146441	immune	method1_distance	1.0
chr1:819790-820290	ENSG00000187608	ISG15	chr1	819790	820290	1001137	+	181097	immune	method1_distance	1.0
chr1:819790-820290	ENSG00000187634	SAMD11	chr1	819790	820290	923922	+	103882	immune	method1_distance	1.0
chr1:819790-820290	ENSG00000187642	PERM1	chr1	819790	820290	982116	-	162076	immune	method1_distance	1.0
chr1:819790-820290	ENSG00000187961	KLHL17	chr1	819790	820290	960583	+	140543	immune	method1_distance	1.0
chr1:819790-820290	ENSG00000188157	AGRN	chr1	819790	820290	1020119	+	200079	immune	method1_distance	1.0
chr1:819790-820290	ENSG00000188290	HES4	chr1	819790	820290	1000171	-	180131	immune	method1_distance	1.0
chr1:819790-820290	ENSG00000188976	NOC2L	chr1	819790	820290	959308	-	139268	immune	method1_distance	1.0
chr1:819790-820290	ENSG00000237330	RNF223	chr1	819790	820290	1074305	-	254265	immune	method1_distance	1.0
chr1:819790-820290	ENSG00000284662	OR4F16	chr1	819790	820290	686653	-	133387	immune	method1_distance	1.0
chr1:819790-820290	ENSG00000284733	OR4F29	chr1	819790	820290	500000	-	320040	immune	method1_distance	1.0
chr1:821222-821722	ENSG00000078808	SDF4	chr1	821222	821722	1232030	-	410558	immune	method1_distance	1.0
chr1:821222-821722	ENSG00000131584	ACAP3	chr1	821222	821722	1309608	-	488136	immune	method1_distance	1.0
chr1:821222-821722	ENSG00000131591	C1orf159	chr1	821222	821722	1116360	-	294888	immune	method1_distance	1.0
chr1:821222-821722	ENSG00000160087	UBE2J2	chr1	821222	821722	1273863	-	452391	immune	method1_distance	1.0
chr1:821222-821722	ENSG00000162571	TTLL10	chr1	821222	821722	1173879	+	352407	immune	method1_distance	1.0
chr1:821222-821722	ENSG00000162572	SCNN1D	chr1	821222	821722	1280435	+	458963	immune	method1_distance	1.0
chr1:821222-821722	ENSG00000169972	PUSL1	chr1	821222	821722	1308596	+	487124	immune	method1_distance	1.0
chr1:821222-821722	ENSG00000176022	B3GALT6	chr1	821222	821722	1232236	+	410764	immune	method1_distance	1.0
chr1:821222-821722	ENSG00000184163	C1QTNF12	chr1	821222	821722	1246721	-	425249	immune	method1_distance	1.0
chr1:821222-821722	ENSG00000186827	TNFRSF4	chr1	821222	821722	1214152	-	392680	immune	method1_distance	1.0
chr1:821222-821722	ENSG00000186891	TNFRSF18	chr1	821222	821722	1206591	-	385119	immune	method1_distance	1.0
chr1:821222-821722	ENSG00000187583	PLEKHN1	chr1	821222	821722	966481	+	145009	immune	method1_distance	1.0
chr1:821222-821722	ENSG00000187608	ISG15	chr1	821222	821722	1001137	+	179665	immune	method1_distance	1.0
chr1:821222-821722	ENSG00000187634	SAMD11	chr1	821222	821722	923922	+	102450	immune	method1_distance	1.0
chr1:821222-821722	ENSG00000187642	PERM1	chr1	821222	821722	982116	-	160644	immune	method1_distance	1.0
chr1:821222-821722	ENSG00000187961	KLHL17	chr1	821222	821722	960583	+	139111	immune	method1_distance	1.0
chr1:821222-821722	ENSG00000188157	AGRN	chr1	821222	821722	1020119	+	198647	immune	method1_distance	1.0
chr1:821222-821722	ENSG00000188290	HES4	chr1	821222	821722	1000171	-	178699	immune	method1_distance	1.0
chr1:821222-821722	ENSG00000188976	NOC2L	chr1	821222	821722	959308	-	137836	immune	method1_distance	1.0
chr1:821222-821722	ENSG00000237330	RNF223	chr1	821222	821722	1074305	-	252833	immune	method1_distance	1.0
chr1:821222-821722	ENSG00000284662	OR4F16	chr1	821222	821722	686653	-	134819	immune	method1_distance	1.0
chr1:821222-821722	ENSG00000284733	OR4F29	chr1	821222	821722	500000	-	321472	immune	method1_distance	1.0
chr1:821833-822333	ENSG00000078808	SDF4	chr1	821833	822333	1232030	-	409947	immune	method1_distance	1.0
chr1:821833-822333	ENSG00000131584	ACAP3	chr1	821833	822333	1309608	-	487525	immune	method1_distance	1.0
chr1:821833-822333	ENSG00000131591	C1orf159	chr1	821833	822333	1116360	-	294277	immune	method1_distance	1.0
chr1:821833-822333	ENSG00000160087	UBE2J2	chr1	821833	822333	1273863	-	451780	immune	method1_distance	1.0
chr1:821833-822333	ENSG00000162571	TTLL10	chr1	821833	822333	1173879	+	351796	immune	method1_distance	1.0
chr1:821833-822333	ENSG00000162572	SCNN1D	chr1	821833	822333	1280435	+	458352	immune	method1_distance	1.0
chr1:821833-822333	ENSG00000169972	PUSL1	chr1	821833	822333	1308596	+	486513	immune	method1_distance	1.0
chr1:821833-822333	ENSG00000176022	B3GALT6	chr1	821833	822333	1232236	+	410153	immune	method1_distance	1.0
chr1:821833-822333	ENSG00000184163	C1QTNF12	chr1	821833	822333	1246721	-	424638	immune	method1_distance	1.0
chr1:821833-822333	ENSG00000186827	TNFRSF4	chr1	821833	822333	1214152	-	392069	immune	method1_distance	1.0
chr1:821833-822333	ENSG00000186891	TNFRSF18	chr1	821833	822333	1206591	-	384508	immune	method1_distance	1.0
chr1:821833-822333	ENSG00000187583	PLEKHN1	chr1	821833	822333	966481	+	144398	immune	method1_distance	1.0
chr1:821833-822333	ENSG00000187608	ISG15	chr1	821833	822333	1001137	+	179054	immune	method1_distance	1.0
chr1:821833-822333	ENSG00000187634	SAMD11	chr1	821833	822333	923922	+	101839	immune	method1_distance	1.0
chr1:821833-822333	ENSG00000187642	PERM1	chr1	821833	822333	982116	-	160033	immune	method1_distance	1.0
chr1:821833-822333	ENSG00000187961	KLHL17	chr1	821833	822333	960583	+	138500	immune	method1_distance	1.0
chr1:821833-822333	ENSG00000188157	AGRN	chr1	821833	822333	1020119	+	198036	immune	method1_distance	1.0
chr1:821833-822333	ENSG00000188290	HES4	chr1	821833	822333	1000171	-	178088	immune	method1_distance	1.0
chr1:821833-822333	ENSG00000188976	NOC2L	chr1	821833	822333	959308	-	137225	immune	method1_distance	1.0
chr1:821833-822333	ENSG00000237330	RNF223	chr1	821833	822333	1074305	-	252222	immune	method1_distance	1.0
chr1:821833-822333	ENSG00000284662	OR4F16	chr1	821833	822333	686653	-	135430	immune	method1_distance	1.0
chr1:821833-822333	ENSG00000284733	OR4F29	chr1	821833	822333	500000	-	322083	immune	method1_distance	1.0
chr1:822620-823120	ENSG00000078808	SDF4	chr1	822620	823120	1232030	-	409160	immune	method1_distance	1.0
chr1:822620-823120	ENSG00000131584	ACAP3	chr1	822620	823120	1309608	-	486738	immune	method1_distance	1.0
chr1:822620-823120	ENSG00000131591	C1orf159	chr1	822620	823120	1116360	-	293490	immune	method1_distance	1.0
chr1:822620-823120	ENSG00000160087	UBE2J2	chr1	822620	823120	1273863	-	450993	immune	method1_distance	1.0
chr1:822620-823120	ENSG00000162571	TTLL10	chr1	822620	823120	1173879	+	351009	immune	method1_distance	1.0
chr1:822620-823120	ENSG00000162572	SCNN1D	chr1	822620	823120	1280435	+	457565	immune	method1_distance	1.0
chr1:822620-823120	ENSG00000169972	PUSL1	chr1	822620	823120	1308596	+	485726	immune	method1_distance	1.0
chr1:822620-823120	ENSG00000176022	B3GALT6	chr1	822620	823120	1232236	+	409366	immune	method1_distance	1.0
chr1:822620-823120	ENSG00000184163	C1QTNF12	chr1	822620	823120	1246721	-	423851	immune	method1_distance	1.0
chr1:822620-823120	ENSG00000186827	TNFRSF4	chr1	822620	823120	1214152	-	391282	immune	method1_distance	1.0
chr1:822620-823120	ENSG00000186891	TNFRSF18	chr1	822620	823120	1206591	-	383721	immune	method1_distance	1.0
chr1:822620-823120	ENSG00000187583	PLEKHN1	chr1	822620	823120	966481	+	143611	immune	method1_distance	1.0
chr1:822620-823120	ENSG00000187608	ISG15	chr1	822620	823120	1001137	+	178267	immune	method1_distance	1.0
chr1:822620-823120	ENSG00000187634	SAMD11	chr1	822620	823120	923922	+	101052	immune	method1_distance	1.0
chr1:822620-823120	ENSG00000187642	PERM1	chr1	822620	823120	982116	-	159246	immune	method1_distance	1.0
chr1:822620-823120	ENSG00000187961	KLHL17	chr1	822620	823120	960583	+	137713	immune	method1_distance	1.0
chr1:822620-823120	ENSG00000188157	AGRN	chr1	822620	823120	1020119	+	197249	immune	method1_distance	1.0
chr1:822620-823120	ENSG00000188290	HES4	chr1	822620	823120	1000171	-	177301	immune	method1_distance	1.0
chr1:822620-823120	ENSG00000188976	NOC2L	chr1	822620	823120	959308	-	136438	immune	method1_distance	1.0
chr1:822620-823120	ENSG00000237330	RNF223	chr1	822620	823120	1074305	-	251435	immune	method1_distance	1.0
chr1:822620-823120	ENSG00000284662	OR4F16	chr1	822620	823120	686653	-	136217	immune	method1_distance	1.0
chr1:822620-823120	ENSG00000284733	OR4F29	chr1	822620	823120	500000	-	322870	immune	method1_distance	1.0
chr1:827273-827773	ENSG00000078808	SDF4	chr1	827273	827773	1232030	-	404507	immune	method1_distance	1.0
chr1:827273-827773	ENSG00000127054	INTS11	chr1	827273	827773	1324686	-	497163	immune	method1_distance	1.0
chr1:827273-827773	ENSG00000131584	ACAP3	chr1	827273	827773	1309608	-	482085	immune	method1_distance	1.0
chr1:827273-827773	ENSG00000131591	C1orf159	chr1	827273	827773	1116360	-	288837	immune	method1_distance	1.0
chr1:827273-827773	ENSG00000160087	UBE2J2	chr1	827273	827773	1273863	-	446340	immune	method1_distance	1.0
chr1:827273-827773	ENSG00000162571	TTLL10	chr1	827273	827773	1173879	+	346356	immune	method1_distance	1.0
chr1:827273-827773	ENSG00000162572	SCNN1D	chr1	827273	827773	1280435	+	452912	immune	method1_distance	1.0
chr1:827273-827773	ENSG00000169972	PUSL1	chr1	827273	827773	1308596	+	481073	immune	method1_distance	1.0
chr1:827273-827773	ENSG00000176022	B3GALT6	chr1	827273	827773	1232236	+	404713	immune	method1_distance	1.0
chr1:827273-827773	ENSG00000184163	C1QTNF12	chr1	827273	827773	1246721	-	419198	immune	method1_distance	1.0
chr1:827273-827773	ENSG00000186827	TNFRSF4	chr1	827273	827773	1214152	-	386629	immune	method1_distance	1.0
chr1:827273-827773	ENSG00000186891	TNFRSF18	chr1	827273	827773	1206591	-	379068	immune	method1_distance	1.0
chr1:827273-827773	ENSG00000187583	PLEKHN1	chr1	827273	827773	966481	+	138958	immune	method1_distance	1.0
chr1:827273-827773	ENSG00000187608	ISG15	chr1	827273	827773	1001137	+	173614	immune	method1_distance	1.0
chr1:827273-827773	ENSG00000187634	SAMD11	chr1	827273	827773	923922	+	96399	immune	method1_distance	1.0
chr1:827273-827773	ENSG00000187642	PERM1	chr1	827273	827773	982116	-	154593	immune	method1_distance	1.0
chr1:827273-827773	ENSG00000187961	KLHL17	chr1	827273	827773	960583	+	133060	immune	method1_distance	1.0
chr1:827273-827773	ENSG00000188157	AGRN	chr1	827273	827773	1020119	+	192596	immune	method1_distance	1.0
chr1:827273-827773	ENSG00000188290	HES4	chr1	827273	827773	1000171	-	172648	immune	method1_distance	1.0
chr1:827273-827773	ENSG00000188976	NOC2L	chr1	827273	827773	959308	-	131785	immune	method1_distance	1.0
chr1:827273-827773	ENSG00000224051	CPTP	chr1	827273	827773	1324755	+	497232	immune	method1_distance	1.0
chr1:827273-827773	ENSG00000237330	RNF223	chr1	827273	827773	1074305	-	246782	immune	method1_distance	1.0
chr1:827273-827773	ENSG00000284662	OR4F16	chr1	827273	827773	686653	-	140870	immune	method1_distance	1.0
chr1:827273-827773	ENSG00000284733	OR4F29	chr1	827273	827773	500000	-	327523	immune	method1_distance	1.0
chr1:869650-870150	ENSG00000078808	SDF4	chr1	869650	870150	1232030	-	362130	immune	method1_distance	1.0
chr1:869650-870150	ENSG00000107404	DVL1	chr1	869650	870150	1349417	-	479517	immune	method1_distance	1.0
chr1:869650-870150	ENSG00000127054	INTS11	chr1	869650	870150	1324686	-	454786	immune	method1_distance	1.0
chr1:869650-870150	ENSG00000131584	ACAP3	chr1	869650	870150	1309608	-	439708	immune	method1_distance	1.0
chr1:869650-870150	ENSG00000131591	C1orf159	chr1	869650	870150	1116360	-	246460	immune	method1_distance	1.0
chr1:869650-870150	ENSG00000160087	UBE2J2	chr1	869650	870150	1273863	-	403963	immune	method1_distance	1.0
chr1:869650-870150	ENSG00000162571	TTLL10	chr1	869650	870150	1173879	+	303979	immune	method1_distance	1.0
chr1:869650-870150	ENSG00000162572	SCNN1D	chr1	869650	870150	1280435	+	410535	immune	method1_distance	1.0
chr1:869650-870150	ENSG00000162576	MXRA8	chr1	869650	870150	1361776	-	491876	immune	method1_distance	1.0
chr1:869650-870150	ENSG00000169962	TAS1R3	chr1	869650	870150	1331279	+	461379	immune	method1_distance	1.0
chr1:869650-870150	ENSG00000169972	PUSL1	chr1	869650	870150	1308596	+	438696	immune	method1_distance	1.0
chr1:869650-870150	ENSG00000176022	B3GALT6	chr1	869650	870150	1232236	+	362336	immune	method1_distance	1.0
chr1:869650-870150	ENSG00000184163	C1QTNF12	chr1	869650	870150	1246721	-	376821	immune	method1_distance	1.0
chr1:869650-870150	ENSG00000186827	TNFRSF4	chr1	869650	870150	1214152	-	344252	immune	method1_distance	1.0
chr1:869650-870150	ENSG00000186891	TNFRSF18	chr1	869650	870150	1206591	-	336691	immune	method1_distance	1.0
chr1:869650-870150	ENSG00000187583	PLEKHN1	chr1	869650	870150	966481	+	96581	immune	method1_distance	1.0
chr1:869650-870150	ENSG00000187608	ISG15	chr1	869650	870150	1001137	+	131237	immune	method1_distance	1.0
chr1:869650-870150	ENSG00000187634	SAMD11	chr1	869650	870150	923922	+	54022	immune	method1_distance	1.0
chr1:869650-870150	ENSG00000187642	PERM1	chr1	869650	870150	982116	-	112216	immune	method1_distance	1.0
chr1:869650-870150	ENSG00000187961	KLHL17	chr1	869650	870150	960583	+	90683	immune	method1_distance	1.0
chr1:869650-870150	ENSG00000188157	AGRN	chr1	869650	870150	1020119	+	150219	immune	method1_distance	1.0
chr1:869650-870150	ENSG00000188290	HES4	chr1	869650	870150	1000171	-	130271	immune	method1_distance	1.0
chr1:869650-870150	ENSG00000188976	NOC2L	chr1	869650	870150	959308	-	89408	immune	method1_distance	1.0
chr1:869650-870150	ENSG00000224051	CPTP	chr1	869650	870150	1324755	+	454855	immune	method1_distance	1.0
chr1:869650-870150	ENSG00000237330	RNF223	chr1	869650	870150	1074305	-	204405	immune	method1_distance	1.0
chr1:869650-870150	ENSG00000284662	OR4F16	chr1	869650	870150	686653	-	183247	immune	method1_distance	1.0
chr1:869650-870150	ENSG00000284733	OR4F29	chr1	869650	870150	500000	-	369900	immune	method1_distance	1.0
chr1:897299-897799	ENSG00000078808	SDF4	chr1	897299	897799	1232030	-	334481	immune	method1_distance	1.0
chr1:897299-897799	ENSG00000107404	DVL1	chr1	897299	897799	1349417	-	451868	immune	method1_distance	1.0
chr1:897299-897799	ENSG00000127054	INTS11	chr1	897299	897799	1324686	-	427137	immune	method1_distance	1.0
chr1:897299-897799	ENSG00000131584	ACAP3	chr1	897299	897799	1309608	-	412059	immune	method1_distance	1.0
chr1:897299-897799	ENSG00000131591	C1orf159	chr1	897299	897799	1116360	-	218811	immune	method1_distance	1.0
chr1:897299-897799	ENSG00000160087	UBE2J2	chr1	897299	897799	1273863	-	376314	immune	method1_distance	1.0
chr1:897299-897799	ENSG00000162571	TTLL10	chr1	897299	897799	1173879	+	276330	immune	method1_distance	1.0
chr1:897299-897799	ENSG00000162572	SCNN1D	chr1	897299	897799	1280435	+	382886	immune	method1_distance	1.0
chr1:897299-897799	ENSG00000162576	MXRA8	chr1	897299	897799	1361776	-	464227	immune	method1_distance	1.0
chr1:897299-897799	ENSG00000169962	TAS1R3	chr1	897299	897799	1331279	+	433730	immune	method1_distance	1.0
chr1:897299-897799	ENSG00000169972	PUSL1	chr1	897299	897799	1308596	+	411047	immune	method1_distance	1.0
chr1:897299-897799	ENSG00000175756	AURKAIP1	chr1	897299	897799	1375206	-	477657	immune	method1_distance	1.0
chr1:897299-897799	ENSG00000176022	B3GALT6	chr1	897299	897799	1232236	+	334687	immune	method1_distance	1.0
chr1:897299-897799	ENSG00000184163	C1QTNF12	chr1	897299	897799	1246721	-	349172	immune	method1_distance	1.0
chr1:897299-897799	ENSG00000186827	TNFRSF4	chr1	897299	897799	1214152	-	316603	immune	method1_distance	1.0
chr1:897299-897799	ENSG00000186891	TNFRSF18	chr1	897299	897799	1206591	-	309042	immune	method1_distance	1.0
chr1:897299-897799	ENSG00000187583	PLEKHN1	chr1	897299	897799	966481	+	68932	immune	method1_distance	1.0
chr1:897299-897799	ENSG00000187608	ISG15	chr1	897299	897799	1001137	+	103588	immune	method1_distance	1.0
chr1:897299-897799	ENSG00000187634	SAMD11	chr1	897299	897799	923922	+	26373	immune	method1_distance	1.0
chr1:897299-897799	ENSG00000187642	PERM1	chr1	897299	897799	982116	-	84567	immune	method1_distance	1.0
chr1:897299-897799	ENSG00000187961	KLHL17	chr1	897299	897799	960583	+	63034	immune	method1_distance	1.0
chr1:897299-897799	ENSG00000188157	AGRN	chr1	897299	897799	1020119	+	122570	immune	method1_distance	1.0
chr1:897299-897799	ENSG00000188290	HES4	chr1	897299	897799	1000171	-	102622	immune	method1_distance	1.0
chr1:897299-897799	ENSG00000188976	NOC2L	chr1	897299	897799	959308	-	61759	immune	method1_distance	1.0
chr1:897299-897799	ENSG00000224051	CPTP	chr1	897299	897799	1324755	+	427206	immune	method1_distance	1.0
chr1:897299-897799	ENSG00000237330	RNF223	chr1	897299	897799	1074305	-	176756	immune	method1_distance	1.0
chr1:897299-897799	ENSG00000284662	OR4F16	chr1	897299	897799	686653	-	210896	immune	method1_distance	1.0
chr1:897299-897799	ENSG00000284733	OR4F29	chr1	897299	897799	500000	-	397549	immune	method1_distance	1.0
chr1:898270-898770	ENSG00000078808	SDF4	chr1	898270	898770	1232030	-	333510	immune	method1_distance	1.0
chr1:898270-898770	ENSG00000107404	DVL1	chr1	898270	898770	1349417	-	450897	immune	method1_distance	1.0
chr1:898270-898770	ENSG00000127054	INTS11	chr1	898270	898770	1324686	-	426166	immune	method1_distance	1.0
chr1:898270-898770	ENSG00000131584	ACAP3	chr1	898270	898770	1309608	-	411088	immune	method1_distance	1.0
chr1:898270-898770	ENSG00000131591	C1orf159	chr1	898270	898770	1116360	-	217840	immune	method1_distance	1.0
chr1:898270-898770	ENSG00000160087	UBE2J2	chr1	898270	898770	1273863	-	375343	immune	method1_distance	1.0
chr1:898270-898770	ENSG00000162571	TTLL10	chr1	898270	898770	1173879	+	275359	immune	method1_distance	1.0
chr1:898270-898770	ENSG00000162572	SCNN1D	chr1	898270	898770	1280435	+	381915	immune	method1_distance	1.0
chr1:898270-898770	ENSG00000162576	MXRA8	chr1	898270	898770	1361776	-	463256	immune	method1_distance	1.0
chr1:898270-898770	ENSG00000169962	TAS1R3	chr1	898270	898770	1331279	+	432759	immune	method1_distance	1.0
chr1:898270-898770	ENSG00000169972	PUSL1	chr1	898270	898770	1308596	+	410076	immune	method1_distance	1.0
chr1:898270-898770	ENSG00000175756	AURKAIP1	chr1	898270	898770	1375206	-	476686	immune	method1_distance	1.0
chr1:898270-898770	ENSG00000176022	B3GALT6	chr1	898270	898770	1232236	+	333716	immune	method1_distance	1.0
chr1:898270-898770	ENSG00000184163	C1QTNF12	chr1	898270	898770	1246721	-	348201	immune	method1_distance	1.0
chr1:898270-898770	ENSG00000186827	TNFRSF4	chr1	898270	898770	1214152	-	315632	immune	method1_distance	1.0
chr1:898270-898770	ENSG00000186891	TNFRSF18	chr1	898270	898770	1206591	-	308071	immune	method1_distance	1.0
chr1:898270-898770	ENSG00000187583	PLEKHN1	chr1	898270	898770	966481	+	67961	immune	method1_distance	1.0
chr1:898270-898770	ENSG00000187608	ISG15	chr1	898270	898770	1001137	+	102617	immune	method1_distance	1.0
chr1:898270-898770	ENSG00000187634	SAMD11	chr1	898270	898770	923922	+	25402	immune	method1_distance	1.0
chr1:898270-898770	ENSG00000187642	PERM1	chr1	898270	898770	982116	-	83596	immune	method1_distance	1.0
chr1:898270-898770	ENSG00000187961	KLHL17	chr1	898270	898770	960583	+	62063	immune	method1_distance	1.0
chr1:898270-898770	ENSG00000188157	AGRN	chr1	898270	898770	1020119	+	121599	immune	method1_distance	1.0
chr1:898270-898770	ENSG00000188290	HES4	chr1	898270	898770	1000171	-	101651	immune	method1_distance	1.0
chr1:898270-898770	ENSG00000188976	NOC2L	chr1	898270	898770	959308	-	60788	immune	method1_distance	1.0
chr1:898270-898770	ENSG00000224051	CPTP	chr1	898270	898770	1324755	+	426235	immune	method1_distance	1.0
chr1:898270-898770	ENSG00000237330	RNF223	chr1	898270	898770	1074305	-	175785	immune	method1_distance	1.0
chr1:898270-898770	ENSG00000284662	OR4F16	chr1	898270	898770	686653	-	211867	immune	method1_distance	1.0
chr1:898270-898770	ENSG00000284733	OR4F29	chr1	898270	898770	500000	-	398520	immune	method1_distance	1.0
chr1:899626-900126	ENSG00000078808	SDF4	chr1	899626	900126	1232030	-	332154	immune	method1_distance	1.0
chr1:899626-900126	ENSG00000107404	DVL1	chr1	899626	900126	1349417	-	449541	immune	method1_distance	1.0
chr1:899626-900126	ENSG00000127054	INTS11	chr1	899626	900126	1324686	-	424810	immune	method1_distance	1.0
chr1:899626-900126	ENSG00000131584	ACAP3	chr1	899626	900126	1309608	-	409732	immune	method1_distance	1.0
chr1:899626-900126	ENSG00000131591	C1orf159	chr1	899626	900126	1116360	-	216484	immune	method1_distance	1.0
chr1:899626-900126	ENSG00000160087	UBE2J2	chr1	899626	900126	1273863	-	373987	immune	method1_distance	1.0
chr1:899626-900126	ENSG00000162571	TTLL10	chr1	899626	900126	1173879	+	274003	immune	method1_distance	1.0
chr1:899626-900126	ENSG00000162572	SCNN1D	chr1	899626	900126	1280435	+	380559	immune	method1_distance	1.0
chr1:899626-900126	ENSG00000162576	MXRA8	chr1	899626	900126	1361776	-	461900	immune	method1_distance	1.0
chr1:899626-900126	ENSG00000169962	TAS1R3	chr1	899626	900126	1331279	+	431403	immune	method1_distance	1.0
chr1:899626-900126	ENSG00000169972	PUSL1	chr1	899626	900126	1308596	+	408720	immune	method1_distance	1.0
chr1:899626-900126	ENSG00000175756	AURKAIP1	chr1	899626	900126	1375206	-	475330	immune	method1_distance	1.0
chr1:899626-900126	ENSG00000176022	B3GALT6	chr1	899626	900126	1232236	+	332360	immune	method1_distance	1.0
chr1:899626-900126	ENSG00000184163	C1QTNF12	chr1	899626	900126	1246721	-	346845	immune	method1_distance	1.0
chr1:899626-900126	ENSG00000186827	TNFRSF4	chr1	899626	900126	1214152	-	314276	immune	method1_distance	1.0
chr1:899626-900126	ENSG00000186891	TNFRSF18	chr1	899626	900126	1206591	-	306715	immune	method1_distance	1.0
chr1:899626-900126	ENSG00000187583	PLEKHN1	chr1	899626	900126	966481	+	66605	immune	method1_distance	1.0
chr1:899626-900126	ENSG00000187608	ISG15	chr1	899626	900126	1001137	+	101261	immune	method1_distance	1.0
chr1:899626-900126	ENSG00000187634	SAMD11	chr1	899626	900126	923922	+	24046	immune	method1_distance	1.0
chr1:899626-900126	ENSG00000187642	PERM1	chr1	899626	900126	982116	-	82240	immune	method1_distance	1.0
chr1:899626-900126	ENSG00000187961	KLHL17	chr1	899626	900126	960583	+	60707	immune	method1_distance	1.0
chr1:899626-900126	ENSG00000188157	AGRN	chr1	899626	900126	1020119	+	120243	immune	method1_distance	1.0
chr1:899626-900126	ENSG00000188290	HES4	chr1	899626	900126	1000171	-	100295	immune	method1_distance	1.0
chr1:899626-900126	ENSG00000188976	NOC2L	chr1	899626	900126	959308	-	59432	immune	method1_distance	1.0
chr1:899626-900126	ENSG00000221978	CCNL2	chr1	899626	900126	1399334	-	499458	immune	method1_distance	1.0
chr1:899626-900126	ENSG00000224051	CPTP	chr1	899626	900126	1324755	+	424879	immune	method1_distance	1.0
chr1:899626-900126	ENSG00000237330	RNF223	chr1	899626	900126	1074305	-	174429	immune	method1_distance	1.0
chr1:899626-900126	ENSG00000284662	OR4F16	chr1	899626	900126	686653	-	213223	immune	method1_distance	1.0
chr1:899626-900126	ENSG00000284733	OR4F29	chr1	899626	900126	500000	-	399876	immune	method1_distance	1.0
chr1:903544-904044	ENSG00000078808	SDF4	chr1	903544	904044	1232030	-	328236	immune	method1_distance	1.0
chr1:903544-904044	ENSG00000107404	DVL1	chr1	903544	904044	1349417	-	445623	immune	method1_distance	1.0
chr1:903544-904044	ENSG00000127054	INTS11	chr1	903544	904044	1324686	-	420892	immune	method1_distance	1.0
chr1:903544-904044	ENSG00000131584	ACAP3	chr1	903544	904044	1309608	-	405814	immune	method1_distance	1.0
chr1:903544-904044	ENSG00000131591	C1orf159	chr1	903544	904044	1116360	-	212566	immune	method1_distance	1.0
chr1:903544-904044	ENSG00000160087	UBE2J2	chr1	903544	904044	1273863	-	370069	immune	method1_distance	1.0
chr1:903544-904044	ENSG00000162571	TTLL10	chr1	903544	904044	1173879	+	270085	immune	method1_distance	1.0
chr1:903544-904044	ENSG00000162572	SCNN1D	chr1	903544	904044	1280435	+	376641	immune	method1_distance	1.0
chr1:903544-904044	ENSG00000162576	MXRA8	chr1	903544	904044	1361776	-	457982	immune	method1_distance	1.0
chr1:903544-904044	ENSG00000169962	TAS1R3	chr1	903544	904044	1331279	+	427485	immune	method1_distance	1.0
chr1:903544-904044	ENSG00000169972	PUSL1	chr1	903544	904044	1308596	+	404802	immune	method1_distance	1.0
chr1:903544-904044	ENSG00000175756	AURKAIP1	chr1	903544	904044	1375206	-	471412	immune	method1_distance	1.0
chr1:903544-904044	ENSG00000176022	B3GALT6	chr1	903544	904044	1232236	+	328442	immune	method1_distance	1.0
chr1:903544-904044	ENSG00000184163	C1QTNF12	chr1	903544	904044	1246721	-	342927	immune	method1_distance	1.0
chr1:903544-904044	ENSG00000186827	TNFRSF4	chr1	903544	904044	1214152	-	310358	immune	method1_distance	1.0
chr1:903544-904044	ENSG00000186891	TNFRSF18	chr1	903544	904044	1206591	-	302797	immune	method1_distance	1.0
chr1:903544-904044	ENSG00000187583	PLEKHN1	chr1	903544	904044	966481	+	62687	immune	method1_distance	1.0
chr1:903544-904044	ENSG00000187608	ISG15	chr1	903544	904044	1001137	+	97343	immune	method1_distance	1.0
chr1:903544-904044	ENSG00000187634	SAMD11	chr1	903544	904044	923922	+	20128	immune	method1_distance	1.0
chr1:903544-904044	ENSG00000187642	PERM1	chr1	903544	904044	982116	-	78322	immune	method1_distance	1.0
chr1:903544-904044	ENSG00000187961	KLHL17	chr1	903544	904044	960583	+	56789	immune	method1_distance	1.0
chr1:903544-904044	ENSG00000188157	AGRN	chr1	903544	904044	1020119	+	116325	immune	method1_distance	1.0
chr1:903544-904044	ENSG00000188290	HES4	chr1	903544	904044	1000171	-	96377	immune	method1_distance	1.0
chr1:903544-904044	ENSG00000188976	NOC2L	chr1	903544	904044	959308	-	55514	immune	method1_distance	1.0
chr1:903544-904044	ENSG00000221978	CCNL2	chr1	903544	904044	1399334	-	495540	immune	method1_distance	1.0
chr1:903544-904044	ENSG00000224051	CPTP	chr1	903544	904044	1324755	+	420961	immune	method1_distance	1.0
chr1:903544-904044	ENSG00000237330	RNF223	chr1	903544	904044	1074305	-	170511	immune	method1_distance	1.0
chr1:903544-904044	ENSG00000284662	OR4F16	chr1	903544	904044	686653	-	217141	immune	method1_distance	1.0
chr1:903544-904044	ENSG00000284733	OR4F29	chr1	903544	904044	500000	-	403794	immune	method1_distance	1.0
chr1:904528-905028	ENSG00000078808	SDF4	chr1	904528	905028	1232030	-	327252	immune	method1_distance	1.0
chr1:904528-905028	ENSG00000107404	DVL1	chr1	904528	905028	1349417	-	444639	immune	method1_distance	1.0
chr1:904528-905028	ENSG00000127054	INTS11	chr1	904528	905028	1324686	-	419908	immune	method1_distance	1.0
chr1:904528-905028	ENSG00000131584	ACAP3	chr1	904528	905028	1309608	-	404830	immune	method1_distance	1.0
chr1:904528-905028	ENSG00000131591	C1orf159	chr1	904528	905028	1116360	-	211582	immune	method1_distance	1.0
chr1:904528-905028	ENSG00000160087	UBE2J2	chr1	904528	905028	1273863	-	369085	immune	method1_distance	1.0
chr1:904528-905028	ENSG00000162571	TTLL10	chr1	904528	905028	1173879	+	269101	immune	method1_distance	1.0
chr1:904528-905028	ENSG00000162572	SCNN1D	chr1	904528	905028	1280435	+	375657	immune	method1_distance	1.0
chr1:904528-905028	ENSG00000162576	MXRA8	chr1	904528	905028	1361776	-	456998	immune	method1_distance	1.0
chr1:904528-905028	ENSG00000169962	TAS1R3	chr1	904528	905028	1331279	+	426501	immune	method1_distance	1.0
chr1:904528-905028	ENSG00000169972	PUSL1	chr1	904528	905028	1308596	+	403818	immune	method1_distance	1.0
chr1:904528-905028	ENSG00000175756	AURKAIP1	chr1	904528	905028	1375206	-	470428	immune	method1_distance	1.0
chr1:904528-905028	ENSG00000176022	B3GALT6	chr1	904528	905028	1232236	+	327458	immune	method1_distance	1.0
chr1:904528-905028	ENSG00000184163	C1QTNF12	chr1	904528	905028	1246721	-	341943	immune	method1_distance	1.0
chr1:904528-905028	ENSG00000186827	TNFRSF4	chr1	904528	905028	1214152	-	309374	immune	method1_distance	1.0
chr1:904528-905028	ENSG00000186891	TNFRSF18	chr1	904528	905028	1206591	-	301813	immune	method1_distance	1.0
chr1:904528-905028	ENSG00000187583	PLEKHN1	chr1	904528	905028	966481	+	61703	immune	method1_distance	1.0
chr1:904528-905028	ENSG00000187608	ISG15	chr1	904528	905028	1001137	+	96359	immune	method1_distance	1.0
chr1:904528-905028	ENSG00000187634	SAMD11	chr1	904528	905028	923922	+	19144	immune	method1_distance	1.0
chr1:904528-905028	ENSG00000187642	PERM1	chr1	904528	905028	982116	-	77338	immune	method1_distance	1.0
chr1:904528-905028	ENSG00000187961	KLHL17	chr1	904528	905028	960583	+	55805	immune	method1_distance	1.0
chr1:904528-905028	ENSG00000188157	AGRN	chr1	904528	905028	1020119	+	115341	immune	method1_distance	1.0
chr1:904528-905028	ENSG00000188290	HES4	chr1	904528	905028	1000171	-	95393	immune	method1_distance	1.0
chr1:904528-905028	ENSG00000188976	NOC2L	chr1	904528	905028	959308	-	54530	immune	method1_distance	1.0
chr1:904528-905028	ENSG00000221978	CCNL2	chr1	904528	905028	1399334	-	494556	immune	method1_distance	1.0
chr1:904528-905028	ENSG00000224051	CPTP	chr1	904528	905028	1324755	+	419977	immune	method1_distance	1.0
chr1:904528-905028	ENSG00000237330	RNF223	chr1	904528	905028	1074305	-	169527	immune	method1_distance	1.0
chr1:904528-905028	ENSG00000284662	OR4F16	chr1	904528	905028	686653	-	218125	immune	method1_distance	1.0
chr1:904528-905028	ENSG00000284733	OR4F29	chr1	904528	905028	500000	-	404778	immune	method1_distance	1.0
chr1:905239-905739	ENSG00000078808	SDF4	chr1	905239	905739	1232030	-	326541	immune	method1_distance	1.0
chr1:905239-905739	ENSG00000107404	DVL1	chr1	905239	905739	1349417	-	443928	immune	method1_distance	1.0
chr1:905239-905739	ENSG00000127054	INTS11	chr1	905239	905739	1324686	-	419197	immune	method1_distance	1.0
chr1:905239-905739	ENSG00000131584	ACAP3	chr1	905239	905739	1309608	-	404119	immune	method1_distance	1.0
chr1:905239-905739	ENSG00000131591	C1orf159	chr1	905239	905739	1116360	-	210871	immune	method1_distance	1.0
chr1:905239-905739	ENSG00000160087	UBE2J2	chr1	905239	905739	1273863	-	368374	immune	method1_distance	1.0
chr1:905239-905739	ENSG00000162571	TTLL10	chr1	905239	905739	1173879	+	268390	immune	method1_distance	1.0
chr1:905239-905739	ENSG00000162572	SCNN1D	chr1	905239	905739	1280435	+	374946	immune	method1_distance	1.0
chr1:905239-905739	ENSG00000162576	MXRA8	chr1	905239	905739	1361776	-	456287	immune	method1_distance	1.0
chr1:905239-905739	ENSG00000169962	TAS1R3	chr1	905239	905739	1331279	+	425790	immune	method1_distance	1.0
chr1:905239-905739	ENSG00000169972	PUSL1	chr1	905239	905739	1308596	+	403107	immune	method1_distance	1.0
chr1:905239-905739	ENSG00000175756	AURKAIP1	chr1	905239	905739	1375206	-	469717	immune	method1_distance	1.0
chr1:905239-905739	ENSG00000176022	B3GALT6	chr1	905239	905739	1232236	+	326747	immune	method1_distance	1.0
chr1:905239-905739	ENSG00000184163	C1QTNF12	chr1	905239	905739	1246721	-	341232	immune	method1_distance	1.0
chr1:905239-905739	ENSG00000186827	TNFRSF4	chr1	905239	905739	1214152	-	308663	immune	method1_distance	1.0
chr1:905239-905739	ENSG00000186891	TNFRSF18	chr1	905239	905739	1206591	-	301102	immune	method1_distance	1.0
chr1:905239-905739	ENSG00000187583	PLEKHN1	chr1	905239	905739	966481	+	60992	immune	method1_distance	1.0
chr1:905239-905739	ENSG00000187608	ISG15	chr1	905239	905739	1001137	+	95648	immune	method1_distance	1.0
chr1:905239-905739	ENSG00000187634	SAMD11	chr1	905239	905739	923922	+	18433	immune	method1_distance	1.0
chr1:905239-905739	ENSG00000187642	PERM1	chr1	905239	905739	982116	-	76627	immune	method1_distance	1.0
chr1:905239-905739	ENSG00000187961	KLHL17	chr1	905239	905739	960583	+	55094	immune	method1_distance	1.0
chr1:905239-905739	ENSG00000188157	AGRN	chr1	905239	905739	1020119	+	114630	immune	method1_distance	1.0
chr1:905239-905739	ENSG00000188290	HES4	chr1	905239	905739	1000171	-	94682	immune	method1_distance	1.0
chr1:905239-905739	ENSG00000188976	NOC2L	chr1	905239	905739	959308	-	53819	immune	method1_distance	1.0
chr1:905239-905739	ENSG00000221978	CCNL2	chr1	905239	905739	1399334	-	493845	immune	method1_distance	1.0
chr1:905239-905739	ENSG00000224051	CPTP	chr1	905239	905739	1324755	+	419266	immune	method1_distance	1.0
chr1:905239-905739	ENSG00000237330	RNF223	chr1	905239	905739	1074305	-	168816	immune	method1_distance	1.0
chr1:905239-905739	ENSG00000284662	OR4F16	chr1	905239	905739	686653	-	218836	immune	method1_distance	1.0
chr1:905239-905739	ENSG00000284733	OR4F29	chr1	905239	905739	500000	-	405489	immune	method1_distance	1.0
chr1:905836-906336	ENSG00000078808	SDF4	chr1	905836	906336	1232030	-	325944	immune	method1_distance	1.0
chr1:905836-906336	ENSG00000107404	DVL1	chr1	905836	906336	1349417	-	443331	immune	method1_distance	1.0
chr1:905836-906336	ENSG00000127054	INTS11	chr1	905836	906336	1324686	-	418600	immune	method1_distance	1.0
chr1:905836-906336	ENSG00000131584	ACAP3	chr1	905836	906336	1309608	-	403522	immune	method1_distance	1.0
chr1:905836-906336	ENSG00000131591	C1orf159	chr1	905836	906336	1116360	-	210274	immune	method1_distance	1.0
chr1:905836-906336	ENSG00000160087	UBE2J2	chr1	905836	906336	1273863	-	367777	immune	method1_distance	1.0
chr1:905836-906336	ENSG00000162571	TTLL10	chr1	905836	906336	1173879	+	267793	immune	method1_distance	1.0
chr1:905836-906336	ENSG00000162572	SCNN1D	chr1	905836	906336	1280435	+	374349	immune	method1_distance	1.0
chr1:905836-906336	ENSG00000162576	MXRA8	chr1	905836	906336	1361776	-	455690	immune	method1_distance	1.0
chr1:905836-906336	ENSG00000169962	TAS1R3	chr1	905836	906336	1331279	+	425193	immune	method1_distance	1.0
chr1:905836-906336	ENSG00000169972	PUSL1	chr1	905836	906336	1308596	+	402510	immune	method1_distance	1.0
chr1:905836-906336	ENSG00000175756	AURKAIP1	chr1	905836	906336	1375206	-	469120	immune	method1_distance	1.0
chr1:905836-906336	ENSG00000176022	B3GALT6	chr1	905836	906336	1232236	+	326150	immune	method1_distance	1.0
chr1:905836-906336	ENSG00000184163	C1QTNF12	chr1	905836	906336	1246721	-	340635	immune	method1_distance	1.0
chr1:905836-906336	ENSG00000186827	TNFRSF4	chr1	905836	906336	1214152	-	308066	immune	method1_distance	1.0
chr1:905836-906336	ENSG00000186891	TNFRSF18	chr1	905836	906336	1206591	-	300505	immune	method1_distance	1.0
chr1:905836-906336	ENSG00000187583	PLEKHN1	chr1	905836	906336	966481	+	60395	immune	method1_distance	1.0
chr1:905836-906336	ENSG00000187608	ISG15	chr1	905836	906336	1001137	+	95051	immune	method1_distance	1.0
chr1:905836-906336	ENSG00000187634	SAMD11	chr1	905836	906336	923922	+	17836	immune	method1_distance	1.0
chr1:905836-906336	ENSG00000187642	PERM1	chr1	905836	906336	982116	-	76030	immune	method1_distance	1.0
chr1:905836-906336	ENSG00000187961	KLHL17	chr1	905836	906336	960583	+	54497	immune	method1_distance	1.0
chr1:905836-906336	ENSG00000188157	AGRN	chr1	905836	906336	1020119	+	114033	immune	method1_distance	1.0
chr1:905836-906336	ENSG00000188290	HES4	chr1	905836	906336	1000171	-	94085	immune	method1_distance	1.0
chr1:905836-906336	ENSG00000188976	NOC2L	chr1	905836	906336	959308	-	53222	immune	method1_distance	1.0
chr1:905836-906336	ENSG00000221978	CCNL2	chr1	905836	906336	1399334	-	493248	immune	method1_distance	1.0
chr1:905836-906336	ENSG00000224051	CPTP	chr1	905836	906336	1324755	+	418669	immune	method1_distance	1.0
chr1:905836-906336	ENSG00000237330	RNF223	chr1	905836	906336	1074305	-	168219	immune	method1_distance	1.0
chr1:905836-906336	ENSG00000284662	OR4F16	chr1	905836	906336	686653	-	219433	immune	method1_distance	1.0
chr1:905836-906336	ENSG00000284733	OR4F29	chr1	905836	906336	500000	-	406086	immune	method1_distance	1.0
chr1:906603-907103	ENSG00000078808	SDF4	chr1	906603	907103	1232030	-	325177	immune	method1_distance	1.0
chr1:906603-907103	ENSG00000107404	DVL1	chr1	906603	907103	1349417	-	442564	immune	method1_distance	1.0
chr1:906603-907103	ENSG00000127054	INTS11	chr1	906603	907103	1324686	-	417833	immune	method1_distance	1.0
chr1:906603-907103	ENSG00000131584	ACAP3	chr1	906603	907103	1309608	-	402755	immune	method1_distance	1.0
chr1:906603-907103	ENSG00000131591	C1orf159	chr1	906603	907103	1116360	-	209507	immune	method1_distance	1.0
chr1:906603-907103	ENSG00000160087	UBE2J2	chr1	906603	907103	1273863	-	367010	immune	method1_distance	1.0
chr1:906603-907103	ENSG00000162571	TTLL10	chr1	906603	907103	1173879	+	267026	immune	method1_distance	1.0
chr1:906603-907103	ENSG00000162572	SCNN1D	chr1	906603	907103	1280435	+	373582	immune	method1_distance	1.0
chr1:906603-907103	ENSG00000162576	MXRA8	chr1	906603	907103	1361776	-	454923	immune	method1_distance	1.0
chr1:906603-907103	ENSG00000169962	TAS1R3	chr1	906603	907103	1331279	+	424426	immune	method1_distance	1.0
chr1:906603-907103	ENSG00000169972	PUSL1	chr1	906603	907103	1308596	+	401743	immune	method1_distance	1.0
chr1:906603-907103	ENSG00000175756	AURKAIP1	chr1	906603	907103	1375206	-	468353	immune	method1_distance	1.0
chr1:906603-907103	ENSG00000176022	B3GALT6	chr1	906603	907103	1232236	+	325383	immune	method1_distance	1.0
chr1:906603-907103	ENSG00000184163	C1QTNF12	chr1	906603	907103	1246721	-	339868	immune	method1_distance	1.0
chr1:906603-907103	ENSG00000186827	TNFRSF4	chr1	906603	907103	1214152	-	307299	immune	method1_distance	1.0
chr1:906603-907103	ENSG00000186891	TNFRSF18	chr1	906603	907103	1206591	-	299738	immune	method1_distance	1.0
chr1:906603-907103	ENSG00000187583	PLEKHN1	chr1	906603	907103	966481	+	59628	immune	method1_distance	1.0
chr1:906603-907103	ENSG00000187608	ISG15	chr1	906603	907103	1001137	+	94284	immune	method1_distance	1.0
chr1:906603-907103	ENSG00000187634	SAMD11	chr1	906603	907103	923922	+	17069	immune	method1_distance	1.0
chr1:906603-907103	ENSG00000187642	PERM1	chr1	906603	907103	982116	-	75263	immune	method1_distance	1.0
chr1:906603-907103	ENSG00000187961	KLHL17	chr1	906603	907103	960583	+	53730	immune	method1_distance	1.0
chr1:906603-907103	ENSG00000188157	AGRN	chr1	906603	907103	1020119	+	113266	immune	method1_distance	1.0
chr1:906603-907103	ENSG00000188290	HES4	chr1	906603	907103	1000171	-	93318	immune	method1_distance	1.0
chr1:906603-907103	ENSG00000188976	NOC2L	chr1	906603	907103	959308	-	52455	immune	method1_distance	1.0
chr1:906603-907103	ENSG00000221978	CCNL2	chr1	906603	907103	1399334	-	492481	immune	method1_distance	1.0
chr1:906603-907103	ENSG00000224051	CPTP	chr1	906603	907103	1324755	+	417902	immune	method1_distance	1.0
chr1:906603-907103	ENSG00000237330	RNF223	chr1	906603	907103	1074305	-	167452	immune	method1_distance	1.0
chr1:906603-907103	ENSG00000284662	OR4F16	chr1	906603	907103	686653	-	220200	immune	method1_distance	1.0
chr1:906603-907103	ENSG00000284733	OR4F29	chr1	906603	907103	500000	-	406853	immune	method1_distance	1.0
chr1:912910-913410	ENSG00000078808	SDF4	chr1	912910	913410	1232030	-	318870	immune	method1_distance	1.0
chr1:912910-913410	ENSG00000107404	DVL1	chr1	912910	913410	1349417	-	436257	immune	method1_distance	1.0
chr1:912910-913410	ENSG00000127054	INTS11	chr1	912910	913410	1324686	-	411526	immune	method1_distance	1.0
chr1:912910-913410	ENSG00000131584	ACAP3	chr1	912910	913410	1309608	-	396448	immune	method1_distance	1.0
chr1:912910-913410	ENSG00000131591	C1orf159	chr1	912910	913410	1116360	-	203200	immune	method1_distance	1.0
chr1:912910-913410	ENSG00000160087	UBE2J2	chr1	912910	913410	1273863	-	360703	immune	method1_distance	1.0
chr1:912910-913410	ENSG00000162571	TTLL10	chr1	912910	913410	1173879	+	260719	immune	method1_distance	1.0
chr1:912910-913410	ENSG00000162572	SCNN1D	chr1	912910	913410	1280435	+	367275	immune	method1_distance	1.0
chr1:912910-913410	ENSG00000162576	MXRA8	chr1	912910	913410	1361776	-	448616	immune	method1_distance	1.0
chr1:912910-913410	ENSG00000169962	TAS1R3	chr1	912910	913410	1331279	+	418119	immune	method1_distance	1.0
chr1:912910-913410	ENSG00000169972	PUSL1	chr1	912910	913410	1308596	+	395436	immune	method1_distance	1.0
chr1:912910-913410	ENSG00000175756	AURKAIP1	chr1	912910	913410	1375206	-	462046	immune	method1_distance	1.0
chr1:912910-913410	ENSG00000176022	B3GALT6	chr1	912910	913410	1232236	+	319076	immune	method1_distance	1.0
chr1:912910-913410	ENSG00000184163	C1QTNF12	chr1	912910	913410	1246721	-	333561	immune	method1_distance	1.0
chr1:912910-913410	ENSG00000186827	TNFRSF4	chr1	912910	913410	1214152	-	300992	immune	method1_distance	1.0
chr1:912910-913410	ENSG00000186891	TNFRSF18	chr1	912910	913410	1206591	-	293431	immune	method1_distance	1.0
chr1:912910-913410	ENSG00000187583	PLEKHN1	chr1	912910	913410	966481	+	53321	immune	method1_distance	1.0
chr1:912910-913410	ENSG00000187608	ISG15	chr1	912910	913410	1001137	+	87977	immune	method1_distance	1.0
chr1:912910-913410	ENSG00000187634	SAMD11	chr1	912910	913410	923922	+	10762	immune	method1_distance	1.0
chr1:912910-913410	ENSG00000187642	PERM1	chr1	912910	913410	982116	-	68956	immune	method1_distance	1.0
chr1:912910-913410	ENSG00000187961	KLHL17	chr1	912910	913410	960583	+	47423	immune	method1_distance	1.0
chr1:912910-913410	ENSG00000188157	AGRN	chr1	912910	913410	1020119	+	106959	immune	method1_distance	1.0
chr1:912910-913410	ENSG00000188290	HES4	chr1	912910	913410	1000171	-	87011	immune	method1_distance	1.0
chr1:912910-913410	ENSG00000188976	NOC2L	chr1	912910	913410	959308	-	46148	immune	method1_distance	1.0
chr1:912910-913410	ENSG00000221978	CCNL2	chr1	912910	913410	1399334	-	486174	immune	method1_distance	1.0
chr1:912910-913410	ENSG00000224051	CPTP	chr1	912910	913410	1324755	+	411595	immune	method1_distance	1.0
chr1:912910-913410	ENSG00000237330	RNF223	chr1	912910	913410	1074305	-	161145	immune	method1_distance	1.0
chr1:912910-913410	ENSG00000242485	MRPL20	chr1	912910	913410	1407292	-	494132	immune	method1_distance	1.0
chr1:912910-913410	ENSG00000284662	OR4F16	chr1	912910	913410	686653	-	226507	immune	method1_distance	1.0
chr1:912910-913410	ENSG00000284733	OR4F29	chr1	912910	913410	500000	-	413160	immune	method1_distance	1.0
chr1:917269-917769	ENSG00000078808	SDF4	chr1	917269	917769	1232030	-	314511	immune	method1_distance	1.0
chr1:917269-917769	ENSG00000107404	DVL1	chr1	917269	917769	1349417	-	431898	immune	method1_distance	1.0
chr1:917269-917769	ENSG00000127054	INTS11	chr1	917269	917769	1324686	-	407167	immune	method1_distance	1.0
chr1:917269-917769	ENSG00000131584	ACAP3	chr1	917269	917769	1309608	-	392089	immune	method1_distance	1.0
chr1:917269-917769	ENSG00000131591	C1orf159	chr1	917269	917769	1116360	-	198841	immune	method1_distance	1.0
chr1:917269-917769	ENSG00000160087	UBE2J2	chr1	917269	917769	1273863	-	356344	immune	method1_distance	1.0
chr1:917269-917769	ENSG00000162571	TTLL10	chr1	917269	917769	1173879	+	256360	immune	method1_distance	1.0
chr1:917269-917769	ENSG00000162572	SCNN1D	chr1	917269	917769	1280435	+	362916	immune	method1_distance	1.0
chr1:917269-917769	ENSG00000162576	MXRA8	chr1	917269	917769	1361776	-	444257	immune	method1_distance	1.0
chr1:917269-917769	ENSG00000169962	TAS1R3	chr1	917269	917769	1331279	+	413760	immune	method1_distance	1.0
chr1:917269-917769	ENSG00000169972	PUSL1	chr1	917269	917769	1308596	+	391077	immune	method1_distance	1.0
chr1:917269-917769	ENSG00000175756	AURKAIP1	chr1	917269	917769	1375206	-	457687	immune	method1_distance	1.0
chr1:917269-917769	ENSG00000176022	B3GALT6	chr1	917269	917769	1232236	+	314717	immune	method1_distance	1.0
chr1:917269-917769	ENSG00000184163	C1QTNF12	chr1	917269	917769	1246721	-	329202	immune	method1_distance	1.0
chr1:917269-917769	ENSG00000186827	TNFRSF4	chr1	917269	917769	1214152	-	296633	immune	method1_distance	1.0
chr1:917269-917769	ENSG00000186891	TNFRSF18	chr1	917269	917769	1206591	-	289072	immune	method1_distance	1.0
chr1:917269-917769	ENSG00000187583	PLEKHN1	chr1	917269	917769	966481	+	48962	immune	method1_distance	1.0
chr1:917269-917769	ENSG00000187608	ISG15	chr1	917269	917769	1001137	+	83618	immune	method1_distance	1.0
chr1:917269-917769	ENSG00000187634	SAMD11	chr1	917269	917769	923922	+	6403	immune	method1_distance	1.0
chr1:917269-917769	ENSG00000187642	PERM1	chr1	917269	917769	982116	-	64597	immune	method1_distance	1.0
chr1:917269-917769	ENSG00000187961	KLHL17	chr1	917269	917769	960583	+	43064	immune	method1_distance	1.0
chr1:917269-917769	ENSG00000188157	AGRN	chr1	917269	917769	1020119	+	102600	immune	method1_distance	1.0
chr1:917269-917769	ENSG00000188290	HES4	chr1	917269	917769	1000171	-	82652	immune	method1_distance	1.0
chr1:917269-917769	ENSG00000188976	NOC2L	chr1	917269	917769	959308	-	41789	immune	method1_distance	1.0
chr1:917269-917769	ENSG00000221978	CCNL2	chr1	917269	917769	1399334	-	481815	immune	method1_distance	1.0
chr1:917269-917769	ENSG00000224051	CPTP	chr1	917269	917769	1324755	+	407236	immune	method1_distance	1.0
chr1:917269-917769	ENSG00000237330	RNF223	chr1	917269	917769	1074305	-	156786	immune	method1_distance	1.0
chr1:917269-917769	ENSG00000242485	MRPL20	chr1	917269	917769	1407292	-	489773	immune	method1_distance	1.0
chr1:917269-917769	ENSG00000284662	OR4F16	chr1	917269	917769	686653	-	230866	immune	method1_distance	1.0
chr1:917269-917769	ENSG00000284733	OR4F29	chr1	917269	917769	500000	-	417519	immune	method1_distance	1.0
chr1:918593-919093	ENSG00000078808	SDF4	chr1	918593	919093	1232030	-	313187	immune	method1_distance	1.0
chr1:918593-919093	ENSG00000107404	DVL1	chr1	918593	919093	1349417	-	430574	immune	method1_distance	1.0
chr1:918593-919093	ENSG00000127054	INTS11	chr1	918593	919093	1324686	-	405843	immune	method1_distance	1.0
chr1:918593-919093	ENSG00000131584	ACAP3	chr1	918593	919093	1309608	-	390765	immune	method1_distance	1.0
chr1:918593-919093	ENSG00000131591	C1orf159	chr1	918593	919093	1116360	-	197517	immune	method1_distance	1.0
chr1:918593-919093	ENSG00000160087	UBE2J2	chr1	918593	919093	1273863	-	355020	immune	method1_distance	1.0
chr1:918593-919093	ENSG00000162571	TTLL10	chr1	918593	919093	1173879	+	255036	immune	method1_distance	1.0
chr1:918593-919093	ENSG00000162572	SCNN1D	chr1	918593	919093	1280435	+	361592	immune	method1_distance	1.0
chr1:918593-919093	ENSG00000162576	MXRA8	chr1	918593	919093	1361776	-	442933	immune	method1_distance	1.0
chr1:918593-919093	ENSG00000169962	TAS1R3	chr1	918593	919093	1331279	+	412436	immune	method1_distance	1.0
chr1:918593-919093	ENSG00000169972	PUSL1	chr1	918593	919093	1308596	+	389753	immune	method1_distance	1.0
chr1:918593-919093	ENSG00000175756	AURKAIP1	chr1	918593	919093	1375206	-	456363	immune	method1_distance	1.0
chr1:918593-919093	ENSG00000176022	B3GALT6	chr1	918593	919093	1232236	+	313393	immune	method1_distance	1.0
chr1:918593-919093	ENSG00000184163	C1QTNF12	chr1	918593	919093	1246721	-	327878	immune	method1_distance	1.0
chr1:918593-919093	ENSG00000186827	TNFRSF4	chr1	918593	919093	1214152	-	295309	immune	method1_distance	1.0
chr1:918593-919093	ENSG00000186891	TNFRSF18	chr1	918593	919093	1206591	-	287748	immune	method1_distance	1.0
chr1:918593-919093	ENSG00000187583	PLEKHN1	chr1	918593	919093	966481	+	47638	immune	method1_distance	1.0
chr1:918593-919093	ENSG00000187608	ISG15	chr1	918593	919093	1001137	+	82294	immune	method1_distance	1.0
chr1:918593-919093	ENSG00000187634	SAMD11	chr1	918593	919093	923922	+	5079	immune	method1_distance	1.0
chr1:918593-919093	ENSG00000187642	PERM1	chr1	918593	919093	982116	-	63273	immune	method1_distance	1.0
chr1:918593-919093	ENSG00000187961	KLHL17	chr1	918593	919093	960583	+	41740	immune	method1_distance	1.0
chr1:918593-919093	ENSG00000188157	AGRN	chr1	918593	919093	1020119	+	101276	immune	method1_distance	1.0
chr1:918593-919093	ENSG00000188290	HES4	chr1	918593	919093	1000171	-	81328	immune	method1_distance	1.0
chr1:918593-919093	ENSG00000188976	NOC2L	chr1	918593	919093	959308	-	40465	immune	method1_distance	1.0
chr1:918593-919093	ENSG00000221978	CCNL2	chr1	918593	919093	1399334	-	480491	immune	method1_distance	1.0
chr1:918593-919093	ENSG00000224051	CPTP	chr1	918593	919093	1324755	+	405912	immune	method1_distance	1.0
chr1:918593-919093	ENSG00000237330	RNF223	chr1	918593	919093	1074305	-	155462	immune	method1_distance	1.0
chr1:918593-919093	ENSG00000242485	MRPL20	chr1	918593	919093	1407292	-	488449	immune	method1_distance	1.0
chr1:918593-919093	ENSG00000284662	OR4F16	chr1	918593	919093	686653	-	232190	immune	method1_distance	1.0
chr1:918593-919093	ENSG00000284733	OR4F29	chr1	918593	919093	500000	-	418843	immune	method1_distance	1.0
chr1:919280-919780	ENSG00000078808	SDF4	chr1	919280	919780	1232030	-	312500	immune	method1_distance	1.0
chr1:919280-919780	ENSG00000107404	DVL1	chr1	919280	919780	1349417	-	429887	immune	method1_distance	1.0
chr1:919280-919780	ENSG00000127054	INTS11	chr1	919280	919780	1324686	-	405156	immune	method1_distance	1.0
chr1:919280-919780	ENSG00000131584	ACAP3	chr1	919280	919780	1309608	-	390078	immune	method1_distance	1.0
chr1:919280-919780	ENSG00000131591	C1orf159	chr1	919280	919780	1116360	-	196830	immune	method1_distance	1.0
chr1:919280-919780	ENSG00000160087	UBE2J2	chr1	919280	919780	1273863	-	354333	immune	method1_distance	1.0
chr1:919280-919780	ENSG00000162571	TTLL10	chr1	919280	919780	1173879	+	254349	immune	method1_distance	1.0
chr1:919280-919780	ENSG00000162572	SCNN1D	chr1	919280	919780	1280435	+	360905	immune	method1_distance	1.0
chr1:919280-919780	ENSG00000162576	MXRA8	chr1	919280	919780	1361776	-	442246	immune	method1_distance	1.0
chr1:919280-919780	ENSG00000169962	TAS1R3	chr1	919280	919780	1331279	+	411749	immune	method1_distance	1.0
chr1:919280-919780	ENSG00000169972	PUSL1	chr1	919280	919780	1308596	+	389066	immune	method1_distance	1.0
chr1:919280-919780	ENSG00000175756	AURKAIP1	chr1	919280	919780	1375206	-	455676	immune	method1_distance	1.0
chr1:919280-919780	ENSG00000176022	B3GALT6	chr1	919280	919780	1232236	+	312706	immune	method1_distance	1.0
chr1:919280-919780	ENSG00000184163	C1QTNF12	chr1	919280	919780	1246721	-	327191	immune	method1_distance	1.0
chr1:919280-919780	ENSG00000186827	TNFRSF4	chr1	919280	919780	1214152	-	294622	immune	method1_distance	1.0
chr1:919280-919780	ENSG00000186891	TNFRSF18	chr1	919280	919780	1206591	-	287061	immune	method1_distance	1.0
chr1:919280-919780	ENSG00000187583	PLEKHN1	chr1	919280	919780	966481	+	46951	immune	method1_distance	1.0
chr1:919280-919780	ENSG00000187608	ISG15	chr1	919280	919780	1001137	+	81607	immune	method1_distance	1.0
chr1:919280-919780	ENSG00000187634	SAMD11	chr1	919280	919780	923922	+	4392	immune	method1_distance	1.0
chr1:919280-919780	ENSG00000187642	PERM1	chr1	919280	919780	982116	-	62586	immune	method1_distance	1.0
chr1:919280-919780	ENSG00000187961	KLHL17	chr1	919280	919780	960583	+	41053	immune	method1_distance	1.0
chr1:919280-919780	ENSG00000188157	AGRN	chr1	919280	919780	1020119	+	100589	immune	method1_distance	1.0
chr1:919280-919780	ENSG00000188290	HES4	chr1	919280	919780	1000171	-	80641	immune	method1_distance	1.0
chr1:919280-919780	ENSG00000188976	NOC2L	chr1	919280	919780	959308	-	39778	immune	method1_distance	1.0
chr1:919280-919780	ENSG00000221978	CCNL2	chr1	919280	919780	1399334	-	479804	immune	method1_distance	1.0
chr1:919280-919780	ENSG00000224051	CPTP	chr1	919280	919780	1324755	+	405225	immune	method1_distance	1.0
chr1:919280-919780	ENSG00000237330	RNF223	chr1	919280	919780	1074305	-	154775	immune	method1_distance	1.0
chr1:919280-919780	ENSG00000242485	MRPL20	chr1	919280	919780	1407292	-	487762	immune	method1_distance	1.0
chr1:919280-919780	ENSG00000284662	OR4F16	chr1	919280	919780	686653	-	232877	immune	method1_distance	1.0
chr1:919280-919780	ENSG00000284733	OR4F29	chr1	919280	919780	500000	-	419530	immune	method1_distance	1.0
chr1:920974-921474	ENSG00000078808	SDF4	chr1	920974	921474	1232030	-	310806	immune	method1_distance	1.0
chr1:920974-921474	ENSG00000107404	DVL1	chr1	920974	921474	1349417	-	428193	immune	method1_distance	1.0
chr1:920974-921474	ENSG00000127054	INTS11	chr1	920974	921474	1324686	-	403462	immune	method1_distance	1.0
chr1:920974-921474	ENSG00000131584	ACAP3	chr1	920974	921474	1309608	-	388384	immune	method1_distance	1.0
chr1:920974-921474	ENSG00000131591	C1orf159	chr1	920974	921474	1116360	-	195136	immune	method1_distance	1.0
chr1:920974-921474	ENSG00000160087	UBE2J2	chr1	920974	921474	1273863	-	352639	immune	method1_distance	1.0
chr1:920974-921474	ENSG00000162571	TTLL10	chr1	920974	921474	1173879	+	252655	immune	method1_distance	1.0
chr1:920974-921474	ENSG00000162572	SCNN1D	chr1	920974	921474	1280435	+	359211	immune	method1_distance	1.0
chr1:920974-921474	ENSG00000162576	MXRA8	chr1	920974	921474	1361776	-	440552	immune	method1_distance	1.0
chr1:920974-921474	ENSG00000169962	TAS1R3	chr1	920974	921474	1331279	+	410055	immune	method1_distance	1.0
chr1:920974-921474	ENSG00000169972	PUSL1	chr1	920974	921474	1308596	+	387372	immune	method1_distance	1.0
chr1:920974-921474	ENSG00000175756	AURKAIP1	chr1	920974	921474	1375206	-	453982	immune	method1_distance	1.0
chr1:920974-921474	ENSG00000176022	B3GALT6	chr1	920974	921474	1232236	+	311012	immune	method1_distance	1.0
chr1:920974-921474	ENSG00000184163	C1QTNF12	chr1	920974	921474	1246721	-	325497	immune	method1_distance	1.0
chr1:920974-921474	ENSG00000186827	TNFRSF4	chr1	920974	921474	1214152	-	292928	immune	method1_distance	1.0
chr1:920974-921474	ENSG00000186891	TNFRSF18	chr1	920974	921474	1206591	-	285367	immune	method1_distance	1.0
chr1:920974-921474	ENSG00000187583	PLEKHN1	chr1	920974	921474	966481	+	45257	immune	method1_distance	1.0
chr1:920974-921474	ENSG00000187608	ISG15	chr1	920974	921474	1001137	+	79913	immune	method1_distance	1.0
chr1:920974-921474	ENSG00000187634	SAMD11	chr1	920974	921474	923922	+	2698	immune	method1_distance	1.0
chr1:920974-921474	ENSG00000187642	PERM1	chr1	920974	921474	982116	-	60892	immune	method1_distance	1.0
chr1:920974-921474	ENSG00000187961	KLHL17	chr1	920974	921474	960583	+	39359	immune	method1_distance	1.0
chr1:920974-921474	ENSG00000188157	AGRN	chr1	920974	921474	1020119	+	98895	immune	method1_distance	1.0
chr1:920974-921474	ENSG00000188290	HES4	chr1	920974	921474	1000171	-	78947	immune	method1_distance	1.0
chr1:920974-921474	ENSG00000188976	NOC2L	chr1	920974	921474	959308	-	38084	immune	method1_distance	1.0
chr1:920974-921474	ENSG00000221978	CCNL2	chr1	920974	921474	1399334	-	478110	immune	method1_distance	1.0
chr1:920974-921474	ENSG00000224051	CPTP	chr1	920974	921474	1324755	+	403531	immune	method1_distance	1.0
chr1:920974-921474	ENSG00000237330	RNF223	chr1	920974	921474	1074305	-	153081	immune	method1_distance	1.0
chr1:920974-921474	ENSG00000242485	MRPL20	chr1	920974	921474	1407292	-	486068	immune	method1_distance	1.0
chr1:920974-921474	ENSG00000284662	OR4F16	chr1	920974	921474	686653	-	234571	immune	method1_distance	1.0
chr1:920974-921474	ENSG00000284733	OR4F29	chr1	920974	921474	500000	-	421224	immune	method1_distance	1.0
chr1:923614-924114	ENSG00000078808	SDF4	chr1	923614	924114	1232030	-	308166	immune	method1_distance	1.0
chr1:923614-924114	ENSG00000107404	DVL1	chr1	923614	924114	1349417	-	425553	immune	method1_distance	1.0
chr1:923614-924114	ENSG00000127054	INTS11	chr1	923614	924114	1324686	-	400822	immune	method1_distance	1.0
chr1:923614-924114	ENSG00000131584	ACAP3	chr1	923614	924114	1309608	-	385744	immune	method1_distance	1.0
chr1:923614-924114	ENSG00000131591	C1orf159	chr1	923614	924114	1116360	-	192496	immune	method1_distance	1.0
chr1:923614-924114	ENSG00000160087	UBE2J2	chr1	923614	924114	1273863	-	349999	immune	method1_distance	1.0
chr1:923614-924114	ENSG00000162571	TTLL10	chr1	923614	924114	1173879	+	250015	immune	method1_distance	1.0
chr1:923614-924114	ENSG00000162572	SCNN1D	chr1	923614	924114	1280435	+	356571	immune	method1_distance	1.0
chr1:923614-924114	ENSG00000162576	MXRA8	chr1	923614	924114	1361776	-	437912	immune	method1_distance	1.0
chr1:923614-924114	ENSG00000169962	TAS1R3	chr1	923614	924114	1331279	+	407415	immune	method1_distance	1.0
chr1:923614-924114	ENSG00000169972	PUSL1	chr1	923614	924114	1308596	+	384732	immune	method1_distance	1.0
chr1:923614-924114	ENSG00000175756	AURKAIP1	chr1	923614	924114	1375206	-	451342	immune	method1_distance	1.0
chr1:923614-924114	ENSG00000176022	B3GALT6	chr1	923614	924114	1232236	+	308372	immune	method1_distance	1.0
chr1:923614-924114	ENSG00000184163	C1QTNF12	chr1	923614	924114	1246721	-	322857	immune	method1_distance	1.0
chr1:923614-924114	ENSG00000186827	TNFRSF4	chr1	923614	924114	1214152	-	290288	immune	method1_distance	1.0
chr1:923614-924114	ENSG00000186891	TNFRSF18	chr1	923614	924114	1206591	-	282727	immune	method1_distance	1.0
chr1:923614-924114	ENSG00000187583	PLEKHN1	chr1	923614	924114	966481	+	42617	immune	method1_distance	1.0
chr1:923614-924114	ENSG00000187608	ISG15	chr1	923614	924114	1001137	+	77273	immune	method1_distance	1.0
chr1:923614-924114	ENSG00000187634	SAMD11	chr1	923614	924114	923922	+	58	immune	method1_distance	1.0
chr1:923614-924114	ENSG00000187642	PERM1	chr1	923614	924114	982116	-	58252	immune	method1_distance	1.0
chr1:923614-924114	ENSG00000187961	KLHL17	chr1	923614	924114	960583	+	36719	immune	method1_distance	1.0
chr1:923614-924114	ENSG00000188157	AGRN	chr1	923614	924114	1020119	+	96255	immune	method1_distance	1.0
chr1:923614-924114	ENSG00000188290	HES4	chr1	923614	924114	1000171	-	76307	immune	method1_distance	1.0
chr1:923614-924114	ENSG00000188976	NOC2L	chr1	923614	924114	959308	-	35444	immune	method1_distance	1.0
chr1:923614-924114	ENSG00000221978	CCNL2	chr1	923614	924114	1399334	-	475470	immune	method1_distance	1.0
chr1:923614-924114	ENSG00000224051	CPTP	chr1	923614	924114	1324755	+	400891	immune	method1_distance	1.0
chr1:923614-924114	ENSG00000235098	ANKRD65	chr1	923614	924114	1421768	-	497904	immune	method1_distance	1.0
chr1:923614-924114	ENSG00000237330	RNF223	chr1	923614	924114	1074305	-	150441	immune	method1_distance	1.0
chr1:923614-924114	ENSG00000242485	MRPL20	chr1	923614	924114	1407292	-	483428	immune	method1_distance	1.0
chr1:923614-924114	ENSG00000284662	OR4F16	chr1	923614	924114	686653	-	237211	immune	method1_distance	1.0
chr1:923614-924114	ENSG00000284733	OR4F29	chr1	923614	924114	500000	-	423864	immune	method1_distance	1.0
chr1:924562-925062	ENSG00000078808	SDF4	chr1	924562	925062	1232030	-	307218	immune	method1_distance	1.0
chr1:924562-925062	ENSG00000107404	DVL1	chr1	924562	925062	1349417	-	424605	immune	method1_distance	1.0
chr1:924562-925062	ENSG00000127054	INTS11	chr1	924562	925062	1324686	-	399874	immune	method1_distance	1.0
chr1:924562-925062	ENSG00000131584	ACAP3	chr1	924562	925062	1309608	-	384796	immune	method1_distance	1.0
chr1:924562-925062	ENSG00000131591	C1orf159	chr1	924562	925062	1116360	-	191548	immune	method1_distance	1.0
chr1:924562-925062	ENSG00000160087	UBE2J2	chr1	924562	925062	1273863	-	349051	immune	method1_distance	1.0
chr1:924562-925062	ENSG00000162571	TTLL10	chr1	924562	925062	1173879	+	249067	immune	method1_distance	1.0
chr1:924562-925062	ENSG00000162572	SCNN1D	chr1	924562	925062	1280435	+	355623	immune	method1_distance	1.0
chr1:924562-925062	ENSG00000162576	MXRA8	chr1	924562	925062	1361776	-	436964	immune	method1_distance	1.0
chr1:924562-925062	ENSG00000169962	TAS1R3	chr1	924562	925062	1331279	+	406467	immune	method1_distance	1.0
chr1:924562-925062	ENSG00000169972	PUSL1	chr1	924562	925062	1308596	+	383784	immune	method1_distance	1.0
chr1:924562-925062	ENSG00000175756	AURKAIP1	chr1	924562	925062	1375206	-	450394	immune	method1_distance	1.0
chr1:924562-925062	ENSG00000176022	B3GALT6	chr1	924562	925062	1232236	+	307424	immune	method1_distance	1.0
chr1:924562-925062	ENSG00000184163	C1QTNF12	chr1	924562	925062	1246721	-	321909	immune	method1_distance	1.0
chr1:924562-925062	ENSG00000186827	TNFRSF4	chr1	924562	925062	1214152	-	289340	immune	method1_distance	1.0
chr1:924562-925062	ENSG00000186891	TNFRSF18	chr1	924562	925062	1206591	-	281779	immune	method1_distance	1.0
chr1:924562-925062	ENSG00000187583	PLEKHN1	chr1	924562	925062	966481	+	41669	immune	method1_distance	1.0
chr1:924562-925062	ENSG00000187608	ISG15	chr1	924562	925062	1001137	+	76325	immune	method1_distance	1.0
chr1:924562-925062	ENSG00000187634	SAMD11	chr1	924562	925062	923922	+	890	immune	method1_distance	1.0
chr1:924562-925062	ENSG00000187642	PERM1	chr1	924562	925062	982116	-	57304	immune	method1_distance	1.0
chr1:924562-925062	ENSG00000187961	KLHL17	chr1	924562	925062	960583	+	35771	immune	method1_distance	1.0
chr1:924562-925062	ENSG00000188157	AGRN	chr1	924562	925062	1020119	+	95307	immune	method1_distance	1.0
chr1:924562-925062	ENSG00000188290	HES4	chr1	924562	925062	1000171	-	75359	immune	method1_distance	1.0
chr1:924562-925062	ENSG00000188976	NOC2L	chr1	924562	925062	959308	-	34496	immune	method1_distance	1.0
chr1:924562-925062	ENSG00000221978	CCNL2	chr1	924562	925062	1399334	-	474522	immune	method1_distance	1.0
chr1:924562-925062	ENSG00000224051	CPTP	chr1	924562	925062	1324755	+	399943	immune	method1_distance	1.0
chr1:924562-925062	ENSG00000235098	ANKRD65	chr1	924562	925062	1421768	-	496956	immune	method1_distance	1.0
chr1:924562-925062	ENSG00000237330	RNF223	chr1	924562	925062	1074305	-	149493	immune	method1_distance	1.0
chr1:924562-925062	ENSG00000242485	MRPL20	chr1	924562	925062	1407292	-	482480	immune	method1_distance	1.0
chr1:924562-925062	ENSG00000284662	OR4F16	chr1	924562	925062	686653	-	238159	immune	method1_distance	1.0
chr1:924562-925062	ENSG00000284733	OR4F29	chr1	924562	925062	500000	-	424812	immune	method1_distance	1.0
chr1:925428-925928	ENSG00000078808	SDF4	chr1	925428	925928	1232030	-	306352	immune	method1_distance	1.0
chr1:925428-925928	ENSG00000107404	DVL1	chr1	925428	925928	1349417	-	423739	immune	method1_distance	1.0
chr1:925428-925928	ENSG00000127054	INTS11	chr1	925428	925928	1324686	-	399008	immune	method1_distance	1.0
chr1:925428-925928	ENSG00000131584	ACAP3	chr1	925428	925928	1309608	-	383930	immune	method1_distance	1.0
chr1:925428-925928	ENSG00000131591	C1orf159	chr1	925428	925928	1116360	-	190682	immune	method1_distance	1.0
chr1:925428-925928	ENSG00000160087	UBE2J2	chr1	925428	925928	1273863	-	348185	immune	method1_distance	1.0
chr1:925428-925928	ENSG00000162571	TTLL10	chr1	925428	925928	1173879	+	248201	immune	method1_distance	1.0
chr1:925428-925928	ENSG00000162572	SCNN1D	chr1	925428	925928	1280435	+	354757	immune	method1_distance	1.0
chr1:925428-925928	ENSG00000162576	MXRA8	chr1	925428	925928	1361776	-	436098	immune	method1_distance	1.0
chr1:925428-925928	ENSG00000169962	TAS1R3	chr1	925428	925928	1331279	+	405601	immune	method1_distance	1.0
chr1:925428-925928	ENSG00000169972	PUSL1	chr1	925428	925928	1308596	+	382918	immune	method1_distance	1.0
chr1:925428-925928	ENSG00000175756	AURKAIP1	chr1	925428	925928	1375206	-	449528	immune	method1_distance	1.0
chr1:925428-925928	ENSG00000176022	B3GALT6	chr1	925428	925928	1232236	+	306558	immune	method1_distance	1.0
chr1:925428-925928	ENSG00000184163	C1QTNF12	chr1	925428	925928	1246721	-	321043	immune	method1_distance	1.0
chr1:925428-925928	ENSG00000186827	TNFRSF4	chr1	925428	925928	1214152	-	288474	immune	method1_distance	1.0
chr1:925428-925928	ENSG00000186891	TNFRSF18	chr1	925428	925928	1206591	-	280913	immune	method1_distance	1.0
chr1:925428-925928	ENSG00000187583	PLEKHN1	chr1	925428	925928	966481	+	40803	immune	method1_distance	1.0
chr1:925428-925928	ENSG00000187608	ISG15	chr1	925428	925928	1001137	+	75459	immune	method1_distance	1.0
chr1:925428-925928	ENSG00000187634	SAMD11	chr1	925428	925928	923922	+	1756	immune	method1_distance	1.0
chr1:925428-925928	ENSG00000187642	PERM1	chr1	925428	925928	982116	-	56438	immune	method1_distance	1.0
chr1:925428-925928	ENSG00000187961	KLHL17	chr1	925428	925928	960583	+	34905	immune	method1_distance	1.0
chr1:925428-925928	ENSG00000188157	AGRN	chr1	925428	925928	1020119	+	94441	immune	method1_distance	1.0
chr1:925428-925928	ENSG00000188290	HES4	chr1	925428	925928	1000171	-	74493	immune	method1_distance	1.0
chr1:925428-925928	ENSG00000188976	NOC2L	chr1	925428	925928	959308	-	33630	immune	method1_distance	1.0
chr1:925428-925928	ENSG00000205116	TMEM88B	chr1	925428	925928	1425870	+	500192	immune	method1_distance	1.0
chr1:925428-925928	ENSG00000221978	CCNL2	chr1	925428	925928	1399334	-	473656	immune	method1_distance	1.0
chr1:925428-925928	ENSG00000224051	CPTP	chr1	925428	925928	1324755	+	399077	immune	method1_distance	1.0
chr1:925428-925928	ENSG00000235098	ANKRD65	chr1	925428	925928	1421768	-	496090	immune	method1_distance	1.0
chr1:925428-925928	ENSG00000237330	RNF223	chr1	925428	925928	1074305	-	148627	immune	method1_distance	1.0
chr1:925428-925928	ENSG00000242485	MRPL20	chr1	925428	925928	1407292	-	481614	immune	method1_distance	1.0
chr1:925428-925928	ENSG00000284662	OR4F16	chr1	925428	925928	686653	-	239025	immune	method1_distance	1.0
chr1:925428-925928	ENSG00000284733	OR4F29	chr1	925428	925928	500000	-	425678	immune	method1_distance	1.0
chr1:926907-927407	ENSG00000078808	SDF4	chr1	926907	927407	1232030	-	304873	immune	method1_distance	1.0
chr1:926907-927407	ENSG00000107404	DVL1	chr1	926907	927407	1349417	-	422260	immune	method1_distance	1.0
chr1:926907-927407	ENSG00000127054	INTS11	chr1	926907	927407	1324686	-	397529	immune	method1_distance	1.0
chr1:926907-927407	ENSG00000131584	ACAP3	chr1	926907	927407	1309608	-	382451	immune	method1_distance	1.0
chr1:926907-927407	ENSG00000131591	C1orf159	chr1	926907	927407	1116360	-	189203	immune	method1_distance	1.0
chr1:926907-927407	ENSG00000160087	UBE2J2	chr1	926907	927407	1273863	-	346706	immune	method1_distance	1.0
chr1:926907-927407	ENSG00000162571	TTLL10	chr1	926907	927407	1173879	+	246722	immune	method1_distance	1.0
chr1:926907-927407	ENSG00000162572	SCNN1D	chr1	926907	927407	1280435	+	353278	immune	method1_distance	1.0
chr1:926907-927407	ENSG00000162576	MXRA8	chr1	926907	927407	1361776	-	434619	immune	method1_distance	1.0
chr1:926907-927407	ENSG00000169962	TAS1R3	chr1	926907	927407	1331279	+	404122	immune	method1_distance	1.0
chr1:926907-927407	ENSG00000169972	PUSL1	chr1	926907	927407	1308596	+	381439	immune	method1_distance	1.0
chr1:926907-927407	ENSG00000175756	AURKAIP1	chr1	926907	927407	1375206	-	448049	immune	method1_distance	1.0
chr1:926907-927407	ENSG00000176022	B3GALT6	chr1	926907	927407	1232236	+	305079	immune	method1_distance	1.0
chr1:926907-927407	ENSG00000184163	C1QTNF12	chr1	926907	927407	1246721	-	319564	immune	method1_distance	1.0
chr1:926907-927407	ENSG00000186827	TNFRSF4	chr1	926907	927407	1214152	-	286995	immune	method1_distance	1.0
chr1:926907-927407	ENSG00000186891	TNFRSF18	chr1	926907	927407	1206591	-	279434	immune	method1_distance	1.0
chr1:926907-927407	ENSG00000187583	PLEKHN1	chr1	926907	927407	966481	+	39324	immune	method1_distance	1.0
chr1:926907-927407	ENSG00000187608	ISG15	chr1	926907	927407	1001137	+	73980	immune	method1_distance	1.0
chr1:926907-927407	ENSG00000187634	SAMD11	chr1	926907	927407	923922	+	3235	immune	method1_distance	1.0
chr1:926907-927407	ENSG00000187642	PERM1	chr1	926907	927407	982116	-	54959	immune	method1_distance	1.0
chr1:926907-927407	ENSG00000187961	KLHL17	chr1	926907	927407	960583	+	33426	immune	method1_distance	1.0
chr1:926907-927407	ENSG00000188157	AGRN	chr1	926907	927407	1020119	+	92962	immune	method1_distance	1.0
chr1:926907-927407	ENSG00000188290	HES4	chr1	926907	927407	1000171	-	73014	immune	method1_distance	1.0
chr1:926907-927407	ENSG00000188976	NOC2L	chr1	926907	927407	959308	-	32151	immune	method1_distance	1.0
chr1:926907-927407	ENSG00000205116	TMEM88B	chr1	926907	927407	1425870	+	498713	immune	method1_distance	1.0
chr1:926907-927407	ENSG00000221978	CCNL2	chr1	926907	927407	1399334	-	472177	immune	method1_distance	1.0
chr1:926907-927407	ENSG00000224051	CPTP	chr1	926907	927407	1324755	+	397598	immune	method1_distance	1.0
chr1:926907-927407	ENSG00000235098	ANKRD65	chr1	926907	927407	1421768	-	494611	immune	method1_distance	1.0
chr1:926907-927407	ENSG00000237330	RNF223	chr1	926907	927407	1074305	-	147148	immune	method1_distance	1.0
chr1:926907-927407	ENSG00000242485	MRPL20	chr1	926907	927407	1407292	-	480135	immune	method1_distance	1.0
chr1:926907-927407	ENSG00000284662	OR4F16	chr1	926907	927407	686653	-	240504	immune	method1_distance	1.0
chr1:926907-927407	ENSG00000284733	OR4F29	chr1	926907	927407	500000	-	427157	immune	method1_distance	1.0
chr1:927698-928198	ENSG00000078808	SDF4	chr1	927698	928198	1232030	-	304082	immune	method1_distance	1.0
chr1:927698-928198	ENSG00000107404	DVL1	chr1	927698	928198	1349417	-	421469	immune	method1_distance	1.0
chr1:927698-928198	ENSG00000127054	INTS11	chr1	927698	928198	1324686	-	396738	immune	method1_distance	1.0
chr1:927698-928198	ENSG00000131584	ACAP3	chr1	927698	928198	1309608	-	381660	immune	method1_distance	1.0
chr1:927698-928198	ENSG00000131591	C1orf159	chr1	927698	928198	1116360	-	188412	immune	method1_distance	1.0
chr1:927698-928198	ENSG00000160087	UBE2J2	chr1	927698	928198	1273863	-	345915	immune	method1_distance	1.0
chr1:927698-928198	ENSG00000162571	TTLL10	chr1	927698	928198	1173879	+	245931	immune	method1_distance	1.0
chr1:927698-928198	ENSG00000162572	SCNN1D	chr1	927698	928198	1280435	+	352487	immune	method1_distance	1.0
chr1:927698-928198	ENSG00000162576	MXRA8	chr1	927698	928198	1361776	-	433828	immune	method1_distance	1.0
chr1:927698-928198	ENSG00000169962	TAS1R3	chr1	927698	928198	1331279	+	403331	immune	method1_distance	1.0
chr1:927698-928198	ENSG00000169972	PUSL1	chr1	927698	928198	1308596	+	380648	immune	method1_distance	1.0
chr1:927698-928198	ENSG00000175756	AURKAIP1	chr1	927698	928198	1375206	-	447258	immune	method1_distance	1.0
chr1:927698-928198	ENSG00000176022	B3GALT6	chr1	927698	928198	1232236	+	304288	immune	method1_distance	1.0
chr1:927698-928198	ENSG00000184163	C1QTNF12	chr1	927698	928198	1246721	-	318773	immune	method1_distance	1.0
chr1:927698-928198	ENSG00000186827	TNFRSF4	chr1	927698	928198	1214152	-	286204	immune	method1_distance	1.0
chr1:927698-928198	ENSG00000186891	TNFRSF18	chr1	927698	928198	1206591	-	278643	immune	method1_distance	1.0
chr1:927698-928198	ENSG00000187583	PLEKHN1	chr1	927698	928198	966481	+	38533	immune	method1_distance	1.0
chr1:927698-928198	ENSG00000187608	ISG15	chr1	927698	928198	1001137	+	73189	immune	method1_distance	1.0
chr1:927698-928198	ENSG00000187634	SAMD11	chr1	927698	928198	923922	+	4026	immune	method1_distance	1.0
chr1:927698-928198	ENSG00000187642	PERM1	chr1	927698	928198	982116	-	54168	immune	method1_distance	1.0
chr1:927698-928198	ENSG00000187961	KLHL17	chr1	927698	928198	960583	+	32635	immune	method1_distance	1.0
chr1:927698-928198	ENSG00000188157	AGRN	chr1	927698	928198	1020119	+	92171	immune	method1_distance	1.0
chr1:927698-928198	ENSG00000188290	HES4	chr1	927698	928198	1000171	-	72223	immune	method1_distance	1.0
chr1:927698-928198	ENSG00000188976	NOC2L	chr1	927698	928198	959308	-	31360	immune	method1_distance	1.0
chr1:927698-928198	ENSG00000205116	TMEM88B	chr1	927698	928198	1425870	+	497922	immune	method1_distance	1.0
chr1:927698-928198	ENSG00000221978	CCNL2	chr1	927698	928198	1399334	-	471386	immune	method1_distance	1.0
chr1:927698-928198	ENSG00000224051	CPTP	chr1	927698	928198	1324755	+	396807	immune	method1_distance	1.0
chr1:927698-928198	ENSG00000235098	ANKRD65	chr1	927698	928198	1421768	-	493820	immune	method1_distance	1.0
chr1:927698-928198	ENSG00000237330	RNF223	chr1	927698	928198	1074305	-	146357	immune	method1_distance	1.0
chr1:927698-928198	ENSG00000242485	MRPL20	chr1	927698	928198	1407292	-	479344	immune	method1_distance	1.0
chr1:927698-928198	ENSG00000284662	OR4F16	chr1	927698	928198	686653	-	241295	immune	method1_distance	1.0
chr1:927698-928198	ENSG00000284733	OR4F29	chr1	927698	928198	500000	-	427948	immune	method1_distance	1.0
chr1:929100-929600	ENSG00000078808	SDF4	chr1	929100	929600	1232030	-	302680	immune	method1_distance	1.0
chr1:929100-929600	ENSG00000107404	DVL1	chr1	929100	929600	1349417	-	420067	immune	method1_distance	1.0
chr1:929100-929600	ENSG00000127054	INTS11	chr1	929100	929600	1324686	-	395336	immune	method1_distance	1.0
chr1:929100-929600	ENSG00000131584	ACAP3	chr1	929100	929600	1309608	-	380258	immune	method1_distance	1.0
chr1:929100-929600	ENSG00000131591	C1orf159	chr1	929100	929600	1116360	-	187010	immune	method1_distance	1.0
chr1:929100-929600	ENSG00000160087	UBE2J2	chr1	929100	929600	1273863	-	344513	immune	method1_distance	1.0
chr1:929100-929600	ENSG00000162571	TTLL10	chr1	929100	929600	1173879	+	244529	immune	method1_distance	1.0
chr1:929100-929600	ENSG00000162572	SCNN1D	chr1	929100	929600	1280435	+	351085	immune	method1_distance	1.0
chr1:929100-929600	ENSG00000162576	MXRA8	chr1	929100	929600	1361776	-	432426	immune	method1_distance	1.0
chr1:929100-929600	ENSG00000169962	TAS1R3	chr1	929100	929600	1331279	+	401929	immune	method1_distance	1.0
chr1:929100-929600	ENSG00000169972	PUSL1	chr1	929100	929600	1308596	+	379246	immune	method1_distance	1.0
chr1:929100-929600	ENSG00000175756	AURKAIP1	chr1	929100	929600	1375206	-	445856	immune	method1_distance	1.0
chr1:929100-929600	ENSG00000176022	B3GALT6	chr1	929100	929600	1232236	+	302886	immune	method1_distance	1.0
chr1:929100-929600	ENSG00000184163	C1QTNF12	chr1	929100	929600	1246721	-	317371	immune	method1_distance	1.0
chr1:929100-929600	ENSG00000186827	TNFRSF4	chr1	929100	929600	1214152	-	284802	immune	method1_distance	1.0
chr1:929100-929600	ENSG00000186891	TNFRSF18	chr1	929100	929600	1206591	-	277241	immune	method1_distance	1.0
chr1:929100-929600	ENSG00000187583	PLEKHN1	chr1	929100	929600	966481	+	37131	immune	method1_distance	1.0
chr1:929100-929600	ENSG00000187608	ISG15	chr1	929100	929600	1001137	+	71787	immune	method1_distance	1.0
chr1:929100-929600	ENSG00000187634	SAMD11	chr1	929100	929600	923922	+	5428	immune	method1_distance	1.0
chr1:929100-929600	ENSG00000187642	PERM1	chr1	929100	929600	982116	-	52766	immune	method1_distance	1.0
chr1:929100-929600	ENSG00000187961	KLHL17	chr1	929100	929600	960583	+	31233	immune	method1_distance	1.0
chr1:929100-929600	ENSG00000188157	AGRN	chr1	929100	929600	1020119	+	90769	immune	method1_distance	1.0
chr1:929100-929600	ENSG00000188290	HES4	chr1	929100	929600	1000171	-	70821	immune	method1_distance	1.0
chr1:929100-929600	ENSG00000188976	NOC2L	chr1	929100	929600	959308	-	29958	immune	method1_distance	1.0
chr1:929100-929600	ENSG00000205116	TMEM88B	chr1	929100	929600	1425870	+	496520	immune	method1_distance	1.0
chr1:929100-929600	ENSG00000221978	CCNL2	chr1	929100	929600	1399334	-	469984	immune	method1_distance	1.0
chr1:929100-929600	ENSG00000224051	CPTP	chr1	929100	929600	1324755	+	395405	immune	method1_distance	1.0
chr1:929100-929600	ENSG00000235098	ANKRD65	chr1	929100	929600	1421768	-	492418	immune	method1_distance	1.0
chr1:929100-929600	ENSG00000237330	RNF223	chr1	929100	929600	1074305	-	144955	immune	method1_distance	1.0
chr1:929100-929600	ENSG00000242485	MRPL20	chr1	929100	929600	1407292	-	477942	immune	method1_distance	1.0
chr1:929100-929600	ENSG00000284662	OR4F16	chr1	929100	929600	686653	-	242697	immune	method1_distance	1.0
chr1:929100-929600	ENSG00000284733	OR4F29	chr1	929100	929600	500000	-	429350	immune	method1_distance	1.0
chr1:931744-932244	ENSG00000078808	SDF4	chr1	931744	932244	1232030	-	300036	immune	method1_distance	1.0
chr1:931744-932244	ENSG00000107404	DVL1	chr1	931744	932244	1349417	-	417423	immune	method1_distance	1.0
chr1:931744-932244	ENSG00000127054	INTS11	chr1	931744	932244	1324686	-	392692	immune	method1_distance	1.0
chr1:931744-932244	ENSG00000131584	ACAP3	chr1	931744	932244	1309608	-	377614	immune	method1_distance	1.0
chr1:931744-932244	ENSG00000131591	C1orf159	chr1	931744	932244	1116360	-	184366	immune	method1_distance	1.0
chr1:931744-932244	ENSG00000160087	UBE2J2	chr1	931744	932244	1273863	-	341869	immune	method1_distance	1.0
chr1:931744-932244	ENSG00000162571	TTLL10	chr1	931744	932244	1173879	+	241885	immune	method1_distance	1.0
chr1:931744-932244	ENSG00000162572	SCNN1D	chr1	931744	932244	1280435	+	348441	immune	method1_distance	1.0
chr1:931744-932244	ENSG00000162576	MXRA8	chr1	931744	932244	1361776	-	429782	immune	method1_distance	1.0
chr1:931744-932244	ENSG00000169962	TAS1R3	chr1	931744	932244	1331279	+	399285	immune	method1_distance	1.0
chr1:931744-932244	ENSG00000169972	PUSL1	chr1	931744	932244	1308596	+	376602	immune	method1_distance	1.0
chr1:931744-932244	ENSG00000175756	AURKAIP1	chr1	931744	932244	1375206	-	443212	immune	method1_distance	1.0
chr1:931744-932244	ENSG00000176022	B3GALT6	chr1	931744	932244	1232236	+	300242	immune	method1_distance	1.0
chr1:931744-932244	ENSG00000184163	C1QTNF12	chr1	931744	932244	1246721	-	314727	immune	method1_distance	1.0
chr1:931744-932244	ENSG00000186827	TNFRSF4	chr1	931744	932244	1214152	-	282158	immune	method1_distance	1.0
chr1:931744-932244	ENSG00000186891	TNFRSF18	chr1	931744	932244	1206591	-	274597	immune	method1_distance	1.0
chr1:931744-932244	ENSG00000187583	PLEKHN1	chr1	931744	932244	966481	+	34487	immune	method1_distance	1.0
chr1:931744-932244	ENSG00000187608	ISG15	chr1	931744	932244	1001137	+	69143	immune	method1_distance	1.0
chr1:931744-932244	ENSG00000187634	SAMD11	chr1	931744	932244	923922	+	8072	immune	method1_distance	1.0
chr1:931744-932244	ENSG00000187642	PERM1	chr1	931744	932244	982116	-	50122	immune	method1_distance	1.0
chr1:931744-932244	ENSG00000187961	KLHL17	chr1	931744	932244	960583	+	28589	immune	method1_distance	1.0
chr1:931744-932244	ENSG00000188157	AGRN	chr1	931744	932244	1020119	+	88125	immune	method1_distance	1.0
chr1:931744-932244	ENSG00000188290	HES4	chr1	931744	932244	1000171	-	68177	immune	method1_distance	1.0
chr1:931744-932244	ENSG00000188976	NOC2L	chr1	931744	932244	959308	-	27314	immune	method1_distance	1.0
chr1:931744-932244	ENSG00000205116	TMEM88B	chr1	931744	932244	1425870	+	493876	immune	method1_distance	1.0
chr1:931744-932244	ENSG00000221978	CCNL2	chr1	931744	932244	1399334	-	467340	immune	method1_distance	1.0
chr1:931744-932244	ENSG00000224051	CPTP	chr1	931744	932244	1324755	+	392761	immune	method1_distance	1.0
chr1:931744-932244	ENSG00000235098	ANKRD65	chr1	931744	932244	1421768	-	489774	immune	method1_distance	1.0
chr1:931744-932244	ENSG00000237330	RNF223	chr1	931744	932244	1074305	-	142311	immune	method1_distance	1.0
chr1:931744-932244	ENSG00000242485	MRPL20	chr1	931744	932244	1407292	-	475298	immune	method1_distance	1.0
chr1:931744-932244	ENSG00000284662	OR4F16	chr1	931744	932244	686653	-	245341	immune	method1_distance	1.0
chr1:931744-932244	ENSG00000284733	OR4F29	chr1	931744	932244	500000	-	431994	immune	method1_distance	1.0
chr1:932372-932872	ENSG00000078808	SDF4	chr1	932372	932872	1232030	-	299408	immune	method1_distance	1.0
chr1:932372-932872	ENSG00000107404	DVL1	chr1	932372	932872	1349417	-	416795	immune	method1_distance	1.0
chr1:932372-932872	ENSG00000127054	INTS11	chr1	932372	932872	1324686	-	392064	immune	method1_distance	1.0
chr1:932372-932872	ENSG00000131584	ACAP3	chr1	932372	932872	1309608	-	376986	immune	method1_distance	1.0
chr1:932372-932872	ENSG00000131591	C1orf159	chr1	932372	932872	1116360	-	183738	immune	method1_distance	1.0
chr1:932372-932872	ENSG00000160087	UBE2J2	chr1	932372	932872	1273863	-	341241	immune	method1_distance	1.0
chr1:932372-932872	ENSG00000162571	TTLL10	chr1	932372	932872	1173879	+	241257	immune	method1_distance	1.0
chr1:932372-932872	ENSG00000162572	SCNN1D	chr1	932372	932872	1280435	+	347813	immune	method1_distance	1.0
chr1:932372-932872	ENSG00000162576	MXRA8	chr1	932372	932872	1361776	-	429154	immune	method1_distance	1.0
chr1:932372-932872	ENSG00000169962	TAS1R3	chr1	932372	932872	1331279	+	398657	immune	method1_distance	1.0
chr1:932372-932872	ENSG00000169972	PUSL1	chr1	932372	932872	1308596	+	375974	immune	method1_distance	1.0
chr1:932372-932872	ENSG00000175756	AURKAIP1	chr1	932372	932872	1375206	-	442584	immune	method1_distance	1.0
chr1:932372-932872	ENSG00000176022	B3GALT6	chr1	932372	932872	1232236	+	299614	immune	method1_distance	1.0
chr1:932372-932872	ENSG00000184163	C1QTNF12	chr1	932372	932872	1246721	-	314099	immune	method1_distance	1.0
chr1:932372-932872	ENSG00000186827	TNFRSF4	chr1	932372	932872	1214152	-	281530	immune	method1_distance	1.0
chr1:932372-932872	ENSG00000186891	TNFRSF18	chr1	932372	932872	1206591	-	273969	immune	method1_distance	1.0
chr1:932372-932872	ENSG00000187583	PLEKHN1	chr1	932372	932872	966481	+	33859	immune	method1_distance	1.0
chr1:932372-932872	ENSG00000187608	ISG15	chr1	932372	932872	1001137	+	68515	immune	method1_distance	1.0
chr1:932372-932872	ENSG00000187634	SAMD11	chr1	932372	932872	923922	+	8700	immune	method1_distance	1.0
chr1:932372-932872	ENSG00000187642	PERM1	chr1	932372	932872	982116	-	49494	immune	method1_distance	1.0
chr1:932372-932872	ENSG00000187961	KLHL17	chr1	932372	932872	960583	+	27961	immune	method1_distance	1.0
chr1:932372-932872	ENSG00000188157	AGRN	chr1	932372	932872	1020119	+	87497	immune	method1_distance	1.0
chr1:932372-932872	ENSG00000188290	HES4	chr1	932372	932872	1000171	-	67549	immune	method1_distance	1.0
chr1:932372-932872	ENSG00000188976	NOC2L	chr1	932372	932872	959308	-	26686	immune	method1_distance	1.0
chr1:932372-932872	ENSG00000205116	TMEM88B	chr1	932372	932872	1425870	+	493248	immune	method1_distance	1.0
chr1:932372-932872	ENSG00000221978	CCNL2	chr1	932372	932872	1399334	-	466712	immune	method1_distance	1.0
chr1:932372-932872	ENSG00000224051	CPTP	chr1	932372	932872	1324755	+	392133	immune	method1_distance	1.0
chr1:932372-932872	ENSG00000235098	ANKRD65	chr1	932372	932872	1421768	-	489146	immune	method1_distance	1.0
chr1:932372-932872	ENSG00000237330	RNF223	chr1	932372	932872	1074305	-	141683	immune	method1_distance	1.0
chr1:932372-932872	ENSG00000242485	MRPL20	chr1	932372	932872	1407292	-	474670	immune	method1_distance	1.0
chr1:932372-932872	ENSG00000284662	OR4F16	chr1	932372	932872	686653	-	245969	immune	method1_distance	1.0
chr1:932372-932872	ENSG00000284733	OR4F29	chr1	932372	932872	500000	-	432622	immune	method1_distance	1.0
chr1:935283-935783	ENSG00000078808	SDF4	chr1	935283	935783	1232030	-	296497	immune	method1_distance	1.0
chr1:935283-935783	ENSG00000107404	DVL1	chr1	935283	935783	1349417	-	413884	immune	method1_distance	1.0
chr1:935283-935783	ENSG00000127054	INTS11	chr1	935283	935783	1324686	-	389153	immune	method1_distance	1.0
chr1:935283-935783	ENSG00000131584	ACAP3	chr1	935283	935783	1309608	-	374075	immune	method1_distance	1.0
chr1:935283-935783	ENSG00000131591	C1orf159	chr1	935283	935783	1116360	-	180827	immune	method1_distance	1.0
chr1:935283-935783	ENSG00000160087	UBE2J2	chr1	935283	935783	1273863	-	338330	immune	method1_distance	1.0
chr1:935283-935783	ENSG00000162571	TTLL10	chr1	935283	935783	1173879	+	238346	immune	method1_distance	1.0
chr1:935283-935783	ENSG00000162572	SCNN1D	chr1	935283	935783	1280435	+	344902	immune	method1_distance	1.0
chr1:935283-935783	ENSG00000162576	MXRA8	chr1	935283	935783	1361776	-	426243	immune	method1_distance	1.0
chr1:935283-935783	ENSG00000169962	TAS1R3	chr1	935283	935783	1331279	+	395746	immune	method1_distance	1.0
chr1:935283-935783	ENSG00000169972	PUSL1	chr1	935283	935783	1308596	+	373063	immune	method1_distance	1.0
chr1:935283-935783	ENSG00000175756	AURKAIP1	chr1	935283	935783	1375206	-	439673	immune	method1_distance	1.0
chr1:935283-935783	ENSG00000176022	B3GALT6	chr1	935283	935783	1232236	+	296703	immune	method1_distance	1.0
chr1:935283-935783	ENSG00000179403	VWA1	chr1	935283	935783	1434860	+	499327	immune	method1_distance	1.0
chr1:935283-935783	ENSG00000184163	C1QTNF12	chr1	935283	935783	1246721	-	311188	immune	method1_distance	1.0
chr1:935283-935783	ENSG00000186827	TNFRSF4	chr1	935283	935783	1214152	-	278619	immune	method1_distance	1.0
chr1:935283-935783	ENSG00000186891	TNFRSF18	chr1	935283	935783	1206591	-	271058	immune	method1_distance	1.0
chr1:935283-935783	ENSG00000187583	PLEKHN1	chr1	935283	935783	966481	+	30948	immune	method1_distance	1.0
chr1:935283-935783	ENSG00000187608	ISG15	chr1	935283	935783	1001137	+	65604	immune	method1_distance	1.0
chr1:935283-935783	ENSG00000187634	SAMD11	chr1	935283	935783	923922	+	11611	immune	method1_distance	1.0
chr1:935283-935783	ENSG00000187642	PERM1	chr1	935283	935783	982116	-	46583	immune	method1_distance	1.0
chr1:935283-935783	ENSG00000187961	KLHL17	chr1	935283	935783	960583	+	25050	immune	method1_distance	1.0
chr1:935283-935783	ENSG00000188157	AGRN	chr1	935283	935783	1020119	+	84586	immune	method1_distance	1.0
chr1:935283-935783	ENSG00000188290	HES4	chr1	935283	935783	1000171	-	64638	immune	method1_distance	1.0
chr1:935283-935783	ENSG00000188976	NOC2L	chr1	935283	935783	959308	-	23775	immune	method1_distance	1.0
chr1:935283-935783	ENSG00000205116	TMEM88B	chr1	935283	935783	1425870	+	490337	immune	method1_distance	1.0
chr1:935283-935783	ENSG00000221978	CCNL2	chr1	935283	935783	1399334	-	463801	immune	method1_distance	1.0
chr1:935283-935783	ENSG00000224051	CPTP	chr1	935283	935783	1324755	+	389222	immune	method1_distance	1.0
chr1:935283-935783	ENSG00000235098	ANKRD65	chr1	935283	935783	1421768	-	486235	immune	method1_distance	1.0
chr1:935283-935783	ENSG00000237330	RNF223	chr1	935283	935783	1074305	-	138772	immune	method1_distance	1.0
chr1:935283-935783	ENSG00000242485	MRPL20	chr1	935283	935783	1407292	-	471759	immune	method1_distance	1.0
chr1:935283-935783	ENSG00000284662	OR4F16	chr1	935283	935783	686653	-	248880	immune	method1_distance	1.0
chr1:935283-935783	ENSG00000284733	OR4F29	chr1	935283	935783	500000	-	435533	immune	method1_distance	1.0
chr1:939165-939665	ENSG00000078808	SDF4	chr1	939165	939665	1232030	-	292615	immune	method1_distance	1.0
chr1:939165-939665	ENSG00000107404	DVL1	chr1	939165	939665	1349417	-	410002	immune	method1_distance	1.0
chr1:939165-939665	ENSG00000127054	INTS11	chr1	939165	939665	1324686	-	385271	immune	method1_distance	1.0
chr1:939165-939665	ENSG00000131584	ACAP3	chr1	939165	939665	1309608	-	370193	immune	method1_distance	1.0
chr1:939165-939665	ENSG00000131591	C1orf159	chr1	939165	939665	1116360	-	176945	immune	method1_distance	1.0
chr1:939165-939665	ENSG00000160087	UBE2J2	chr1	939165	939665	1273863	-	334448	immune	method1_distance	1.0
chr1:939165-939665	ENSG00000162571	TTLL10	chr1	939165	939665	1173879	+	234464	immune	method1_distance	1.0
chr1:939165-939665	ENSG00000162572	SCNN1D	chr1	939165	939665	1280435	+	341020	immune	method1_distance	1.0
chr1:939165-939665	ENSG00000162576	MXRA8	chr1	939165	939665	1361776	-	422361	immune	method1_distance	1.0
chr1:939165-939665	ENSG00000169962	TAS1R3	chr1	939165	939665	1331279	+	391864	immune	method1_distance	1.0
chr1:939165-939665	ENSG00000169972	PUSL1	chr1	939165	939665	1308596	+	369181	immune	method1_distance	1.0
chr1:939165-939665	ENSG00000175756	AURKAIP1	chr1	939165	939665	1375206	-	435791	immune	method1_distance	1.0
chr1:939165-939665	ENSG00000176022	B3GALT6	chr1	939165	939665	1232236	+	292821	immune	method1_distance	1.0
chr1:939165-939665	ENSG00000179403	VWA1	chr1	939165	939665	1434860	+	495445	immune	method1_distance	1.0
chr1:939165-939665	ENSG00000184163	C1QTNF12	chr1	939165	939665	1246721	-	307306	immune	method1_distance	1.0
chr1:939165-939665	ENSG00000186827	TNFRSF4	chr1	939165	939665	1214152	-	274737	immune	method1_distance	1.0
chr1:939165-939665	ENSG00000186891	TNFRSF18	chr1	939165	939665	1206591	-	267176	immune	method1_distance	1.0
chr1:939165-939665	ENSG00000187583	PLEKHN1	chr1	939165	939665	966481	+	27066	immune	method1_distance	1.0
chr1:939165-939665	ENSG00000187608	ISG15	chr1	939165	939665	1001137	+	61722	immune	method1_distance	1.0
chr1:939165-939665	ENSG00000187634	SAMD11	chr1	939165	939665	923922	+	15493	immune	method1_distance	1.0
chr1:939165-939665	ENSG00000187642	PERM1	chr1	939165	939665	982116	-	42701	immune	method1_distance	1.0
chr1:939165-939665	ENSG00000187961	KLHL17	chr1	939165	939665	960583	+	21168	immune	method1_distance	1.0
chr1:939165-939665	ENSG00000188157	AGRN	chr1	939165	939665	1020119	+	80704	immune	method1_distance	1.0
chr1:939165-939665	ENSG00000188290	HES4	chr1	939165	939665	1000171	-	60756	immune	method1_distance	1.0
chr1:939165-939665	ENSG00000188976	NOC2L	chr1	939165	939665	959308	-	19893	immune	method1_distance	1.0
chr1:939165-939665	ENSG00000205116	TMEM88B	chr1	939165	939665	1425870	+	486455	immune	method1_distance	1.0
chr1:939165-939665	ENSG00000221978	CCNL2	chr1	939165	939665	1399334	-	459919	immune	method1_distance	1.0
chr1:939165-939665	ENSG00000224051	CPTP	chr1	939165	939665	1324755	+	385340	immune	method1_distance	1.0
chr1:939165-939665	ENSG00000235098	ANKRD65	chr1	939165	939665	1421768	-	482353	immune	method1_distance	1.0
chr1:939165-939665	ENSG00000237330	RNF223	chr1	939165	939665	1074305	-	134890	immune	method1_distance	1.0
chr1:939165-939665	ENSG00000242485	MRPL20	chr1	939165	939665	1407292	-	467877	immune	method1_distance	1.0
chr1:939165-939665	ENSG00000284662	OR4F16	chr1	939165	939665	686653	-	252762	immune	method1_distance	1.0
chr1:939165-939665	ENSG00000284733	OR4F29	chr1	939165	939665	500000	-	439415	immune	method1_distance	1.0
chr1:940064-940564	ENSG00000078808	SDF4	chr1	940064	940564	1232030	-	291716	immune	method1_distance	1.0
chr1:940064-940564	ENSG00000107404	DVL1	chr1	940064	940564	1349417	-	409103	immune	method1_distance	1.0
chr1:940064-940564	ENSG00000127054	INTS11	chr1	940064	940564	1324686	-	384372	immune	method1_distance	1.0
chr1:940064-940564	ENSG00000131584	ACAP3	chr1	940064	940564	1309608	-	369294	immune	method1_distance	1.0
chr1:940064-940564	ENSG00000131591	C1orf159	chr1	940064	940564	1116360	-	176046	immune	method1_distance	1.0
chr1:940064-940564	ENSG00000160087	UBE2J2	chr1	940064	940564	1273863	-	333549	immune	method1_distance	1.0
chr1:940064-940564	ENSG00000162571	TTLL10	chr1	940064	940564	1173879	+	233565	immune	method1_distance	1.0
chr1:940064-940564	ENSG00000162572	SCNN1D	chr1	940064	940564	1280435	+	340121	immune	method1_distance	1.0
chr1:940064-940564	ENSG00000162576	MXRA8	chr1	940064	940564	1361776	-	421462	immune	method1_distance	1.0
chr1:940064-940564	ENSG00000169962	TAS1R3	chr1	940064	940564	1331279	+	390965	immune	method1_distance	1.0
chr1:940064-940564	ENSG00000169972	PUSL1	chr1	940064	940564	1308596	+	368282	immune	method1_distance	1.0
chr1:940064-940564	ENSG00000175756	AURKAIP1	chr1	940064	940564	1375206	-	434892	immune	method1_distance	1.0
chr1:940064-940564	ENSG00000176022	B3GALT6	chr1	940064	940564	1232236	+	291922	immune	method1_distance	1.0
chr1:940064-940564	ENSG00000179403	VWA1	chr1	940064	940564	1434860	+	494546	immune	method1_distance	1.0
chr1:940064-940564	ENSG00000184163	C1QTNF12	chr1	940064	940564	1246721	-	306407	immune	method1_distance	1.0
chr1:940064-940564	ENSG00000186827	TNFRSF4	chr1	940064	940564	1214152	-	273838	immune	method1_distance	1.0
chr1:940064-940564	ENSG00000186891	TNFRSF18	chr1	940064	940564	1206591	-	266277	immune	method1_distance	1.0
chr1:940064-940564	ENSG00000187583	PLEKHN1	chr1	940064	940564	966481	+	26167	immune	method1_distance	1.0
chr1:940064-940564	ENSG00000187608	ISG15	chr1	940064	940564	1001137	+	60823	immune	method1_distance	1.0
chr1:940064-940564	ENSG00000187634	SAMD11	chr1	940064	940564	923922	+	16392	immune	method1_distance	1.0
chr1:940064-940564	ENSG00000187642	PERM1	chr1	940064	940564	982116	-	41802	immune	method1_distance	1.0
chr1:940064-940564	ENSG00000187961	KLHL17	chr1	940064	940564	960583	+	20269	immune	method1_distance	1.0
chr1:940064-940564	ENSG00000188157	AGRN	chr1	940064	940564	1020119	+	79805	immune	method1_distance	1.0
chr1:940064-940564	ENSG00000188290	HES4	chr1	940064	940564	1000171	-	59857	immune	method1_distance	1.0
chr1:940064-940564	ENSG00000188976	NOC2L	chr1	940064	940564	959308	-	18994	immune	method1_distance	1.0
chr1:940064-940564	ENSG00000205116	TMEM88B	chr1	940064	940564	1425870	+	485556	immune	method1_distance	1.0
chr1:940064-940564	ENSG00000221978	CCNL2	chr1	940064	940564	1399334	-	459020	immune	method1_distance	1.0
chr1:940064-940564	ENSG00000224051	CPTP	chr1	940064	940564	1324755	+	384441	immune	method1_distance	1.0
chr1:940064-940564	ENSG00000235098	ANKRD65	chr1	940064	940564	1421768	-	481454	immune	method1_distance	1.0
chr1:940064-940564	ENSG00000237330	RNF223	chr1	940064	940564	1074305	-	133991	immune	method1_distance	1.0
chr1:940064-940564	ENSG00000242485	MRPL20	chr1	940064	940564	1407292	-	466978	immune	method1_distance	1.0
chr1:940064-940564	ENSG00000284662	OR4F16	chr1	940064	940564	686653	-	253661	immune	method1_distance	1.0
chr1:940064-940564	ENSG00000284733	OR4F29	chr1	940064	940564	500000	-	440314	immune	method1_distance	1.0
chr1:940732-941232	ENSG00000078808	SDF4	chr1	940732	941232	1232030	-	291048	immune	method1_distance	1.0
chr1:940732-941232	ENSG00000107404	DVL1	chr1	940732	941232	1349417	-	408435	immune	method1_distance	1.0
chr1:940732-941232	ENSG00000127054	INTS11	chr1	940732	941232	1324686	-	383704	immune	method1_distance	1.0
chr1:940732-941232	ENSG00000131584	ACAP3	chr1	940732	941232	1309608	-	368626	immune	method1_distance	1.0
chr1:940732-941232	ENSG00000131591	C1orf159	chr1	940732	941232	1116360	-	175378	immune	method1_distance	1.0
chr1:940732-941232	ENSG00000160087	UBE2J2	chr1	940732	941232	1273863	-	332881	immune	method1_distance	1.0
chr1:940732-941232	ENSG00000162571	TTLL10	chr1	940732	941232	1173879	+	232897	immune	method1_distance	1.0
chr1:940732-941232	ENSG00000162572	SCNN1D	chr1	940732	941232	1280435	+	339453	immune	method1_distance	1.0
chr1:940732-941232	ENSG00000162576	MXRA8	chr1	940732	941232	1361776	-	420794	immune	method1_distance	1.0
chr1:940732-941232	ENSG00000169962	TAS1R3	chr1	940732	941232	1331279	+	390297	immune	method1_distance	1.0
chr1:940732-941232	ENSG00000169972	PUSL1	chr1	940732	941232	1308596	+	367614	immune	method1_distance	1.0
chr1:940732-941232	ENSG00000175756	AURKAIP1	chr1	940732	941232	1375206	-	434224	immune	method1_distance	1.0
chr1:940732-941232	ENSG00000176022	B3GALT6	chr1	940732	941232	1232236	+	291254	immune	method1_distance	1.0
chr1:940732-941232	ENSG00000179403	VWA1	chr1	940732	941232	1434860	+	493878	immune	method1_distance	1.0
chr1:940732-941232	ENSG00000184163	C1QTNF12	chr1	940732	941232	1246721	-	305739	immune	method1_distance	1.0
chr1:940732-941232	ENSG00000186827	TNFRSF4	chr1	940732	941232	1214152	-	273170	immune	method1_distance	1.0
chr1:940732-941232	ENSG00000186891	TNFRSF18	chr1	940732	941232	1206591	-	265609	immune	method1_distance	1.0
chr1:940732-941232	ENSG00000187583	PLEKHN1	chr1	940732	941232	966481	+	25499	immune	method1_distance	1.0
chr1:940732-941232	ENSG00000187608	ISG15	chr1	940732	941232	1001137	+	60155	immune	method1_distance	1.0
chr1:940732-941232	ENSG00000187634	SAMD11	chr1	940732	941232	923922	+	17060	immune	method1_distance	1.0
chr1:940732-941232	ENSG00000187642	PERM1	chr1	940732	941232	982116	-	41134	immune	method1_distance	1.0
chr1:940732-941232	ENSG00000187961	KLHL17	chr1	940732	941232	960583	+	19601	immune	method1_distance	1.0
chr1:940732-941232	ENSG00000188157	AGRN	chr1	940732	941232	1020119	+	79137	immune	method1_distance	1.0
chr1:940732-941232	ENSG00000188290	HES4	chr1	940732	941232	1000171	-	59189	immune	method1_distance	1.0
chr1:940732-941232	ENSG00000188976	NOC2L	chr1	940732	941232	959308	-	18326	immune	method1_distance	1.0
chr1:940732-941232	ENSG00000205116	TMEM88B	chr1	940732	941232	1425870	+	484888	immune	method1_distance	1.0
chr1:940732-941232	ENSG00000221978	CCNL2	chr1	940732	941232	1399334	-	458352	immune	method1_distance	1.0
chr1:940732-941232	ENSG00000224051	CPTP	chr1	940732	941232	1324755	+	383773	immune	method1_distance	1.0
chr1:940732-941232	ENSG00000235098	ANKRD65	chr1	940732	941232	1421768	-	480786	immune	method1_distance	1.0
chr1:940732-941232	ENSG00000237330	RNF223	chr1	940732	941232	1074305	-	133323	immune	method1_distance	1.0
chr1:940732-941232	ENSG00000242485	MRPL20	chr1	940732	941232	1407292	-	466310	immune	method1_distance	1.0
chr1:940732-941232	ENSG00000284662	OR4F16	chr1	940732	941232	686653	-	254329	immune	method1_distance	1.0
chr1:940732-941232	ENSG00000284733	OR4F29	chr1	940732	941232	500000	-	440982	immune	method1_distance	1.0
chr1:941543-942043	ENSG00000078808	SDF4	chr1	941543	942043	1232030	-	290237	immune	method1_distance	1.0
chr1:941543-942043	ENSG00000107404	DVL1	chr1	941543	942043	1349417	-	407624	immune	method1_distance	1.0
chr1:941543-942043	ENSG00000127054	INTS11	chr1	941543	942043	1324686	-	382893	immune	method1_distance	1.0
chr1:941543-942043	ENSG00000131584	ACAP3	chr1	941543	942043	1309608	-	367815	immune	method1_distance	1.0
chr1:941543-942043	ENSG00000131591	C1orf159	chr1	941543	942043	1116360	-	174567	immune	method1_distance	1.0
chr1:941543-942043	ENSG00000160087	UBE2J2	chr1	941543	942043	1273863	-	332070	immune	method1_distance	1.0
chr1:941543-942043	ENSG00000162571	TTLL10	chr1	941543	942043	1173879	+	232086	immune	method1_distance	1.0
chr1:941543-942043	ENSG00000162572	SCNN1D	chr1	941543	942043	1280435	+	338642	immune	method1_distance	1.0
chr1:941543-942043	ENSG00000162576	MXRA8	chr1	941543	942043	1361776	-	419983	immune	method1_distance	1.0
chr1:941543-942043	ENSG00000169962	TAS1R3	chr1	941543	942043	1331279	+	389486	immune	method1_distance	1.0
chr1:941543-942043	ENSG00000169972	PUSL1	chr1	941543	942043	1308596	+	366803	immune	method1_distance	1.0
chr1:941543-942043	ENSG00000175756	AURKAIP1	chr1	941543	942043	1375206	-	433413	immune	method1_distance	1.0
chr1:941543-942043	ENSG00000176022	B3GALT6	chr1	941543	942043	1232236	+	290443	immune	method1_distance	1.0
chr1:941543-942043	ENSG00000179403	VWA1	chr1	941543	942043	1434860	+	493067	immune	method1_distance	1.0
chr1:941543-942043	ENSG00000184163	C1QTNF12	chr1	941543	942043	1246721	-	304928	immune	method1_distance	1.0
chr1:941543-942043	ENSG00000186827	TNFRSF4	chr1	941543	942043	1214152	-	272359	immune	method1_distance	1.0
chr1:941543-942043	ENSG00000186891	TNFRSF18	chr1	941543	942043	1206591	-	264798	immune	method1_distance	1.0
chr1:941543-942043	ENSG00000187583	PLEKHN1	chr1	941543	942043	966481	+	24688	immune	method1_distance	1.0
chr1:941543-942043	ENSG00000187608	ISG15	chr1	941543	942043	1001137	+	59344	immune	method1_distance	1.0
chr1:941543-942043	ENSG00000187634	SAMD11	chr1	941543	942043	923922	+	17871	immune	method1_distance	1.0
chr1:941543-942043	ENSG00000187642	PERM1	chr1	941543	942043	982116	-	40323	immune	method1_distance	1.0
chr1:941543-942043	ENSG00000187961	KLHL17	chr1	941543	942043	960583	+	18790	immune	method1_distance	1.0
chr1:941543-942043	ENSG00000188157	AGRN	chr1	941543	942043	1020119	+	78326	immune	method1_distance	1.0
chr1:941543-942043	ENSG00000188290	HES4	chr1	941543	942043	1000171	-	58378	immune	method1_distance	1.0
chr1:941543-942043	ENSG00000188976	NOC2L	chr1	941543	942043	959308	-	17515	immune	method1_distance	1.0
chr1:941543-942043	ENSG00000205116	TMEM88B	chr1	941543	942043	1425870	+	484077	immune	method1_distance	1.0
chr1:941543-942043	ENSG00000221978	CCNL2	chr1	941543	942043	1399334	-	457541	immune	method1_distance	1.0
chr1:941543-942043	ENSG00000224051	CPTP	chr1	941543	942043	1324755	+	382962	immune	method1_distance	1.0
chr1:941543-942043	ENSG00000235098	ANKRD65	chr1	941543	942043	1421768	-	479975	immune	method1_distance	1.0
chr1:941543-942043	ENSG00000237330	RNF223	chr1	941543	942043	1074305	-	132512	immune	method1_distance	1.0
chr1:941543-942043	ENSG00000242485	MRPL20	chr1	941543	942043	1407292	-	465499	immune	method1_distance	1.0
chr1:941543-942043	ENSG00000284662	OR4F16	chr1	941543	942043	686653	-	255140	immune	method1_distance	1.0
chr1:941543-942043	ENSG00000284733	OR4F29	chr1	941543	942043	500000	-	441793	immune	method1_distance	1.0
chr1:942155-942655	ENSG00000078808	SDF4	chr1	942155	942655	1232030	-	289625	immune	method1_distance	1.0
chr1:942155-942655	ENSG00000107404	DVL1	chr1	942155	942655	1349417	-	407012	immune	method1_distance	1.0
chr1:942155-942655	ENSG00000127054	INTS11	chr1	942155	942655	1324686	-	382281	immune	method1_distance	1.0
chr1:942155-942655	ENSG00000131584	ACAP3	chr1	942155	942655	1309608	-	367203	immune	method1_distance	1.0
chr1:942155-942655	ENSG00000131591	C1orf159	chr1	942155	942655	1116360	-	173955	immune	method1_distance	1.0
chr1:942155-942655	ENSG00000160087	UBE2J2	chr1	942155	942655	1273863	-	331458	immune	method1_distance	1.0
chr1:942155-942655	ENSG00000162571	TTLL10	chr1	942155	942655	1173879	+	231474	immune	method1_distance	1.0
chr1:942155-942655	ENSG00000162572	SCNN1D	chr1	942155	942655	1280435	+	338030	immune	method1_distance	1.0
chr1:942155-942655	ENSG00000162576	MXRA8	chr1	942155	942655	1361776	-	419371	immune	method1_distance	1.0
chr1:942155-942655	ENSG00000169962	TAS1R3	chr1	942155	942655	1331279	+	388874	immune	method1_distance	1.0
chr1:942155-942655	ENSG00000169972	PUSL1	chr1	942155	942655	1308596	+	366191	immune	method1_distance	1.0
chr1:942155-942655	ENSG00000175756	AURKAIP1	chr1	942155	942655	1375206	-	432801	immune	method1_distance	1.0
chr1:942155-942655	ENSG00000176022	B3GALT6	chr1	942155	942655	1232236	+	289831	immune	method1_distance	1.0
chr1:942155-942655	ENSG00000179403	VWA1	chr1	942155	942655	1434860	+	492455	immune	method1_distance	1.0
chr1:942155-942655	ENSG00000184163	C1QTNF12	chr1	942155	942655	1246721	-	304316	immune	method1_distance	1.0
chr1:942155-942655	ENSG00000186827	TNFRSF4	chr1	942155	942655	1214152	-	271747	immune	method1_distance	1.0
chr1:942155-942655	ENSG00000186891	TNFRSF18	chr1	942155	942655	1206591	-	264186	immune	method1_distance	1.0
chr1:942155-942655	ENSG00000187583	PLEKHN1	chr1	942155	942655	966481	+	24076	immune	method1_distance	1.0
chr1:942155-942655	ENSG00000187608	ISG15	chr1	942155	942655	1001137	+	58732	immune	method1_distance	1.0
chr1:942155-942655	ENSG00000187634	SAMD11	chr1	942155	942655	923922	+	18483	immune	method1_distance	1.0
chr1:942155-942655	ENSG00000187642	PERM1	chr1	942155	942655	982116	-	39711	immune	method1_distance	1.0
chr1:942155-942655	ENSG00000187961	KLHL17	chr1	942155	942655	960583	+	18178	immune	method1_distance	1.0
chr1:942155-942655	ENSG00000188157	AGRN	chr1	942155	942655	1020119	+	77714	immune	method1_distance	1.0
chr1:942155-942655	ENSG00000188290	HES4	chr1	942155	942655	1000171	-	57766	immune	method1_distance	1.0
chr1:942155-942655	ENSG00000188976	NOC2L	chr1	942155	942655	959308	-	16903	immune	method1_distance	1.0
chr1:942155-942655	ENSG00000205116	TMEM88B	chr1	942155	942655	1425870	+	483465	immune	method1_distance	1.0
chr1:942155-942655	ENSG00000221978	CCNL2	chr1	942155	942655	1399334	-	456929	immune	method1_distance	1.0
chr1:942155-942655	ENSG00000224051	CPTP	chr1	942155	942655	1324755	+	382350	immune	method1_distance	1.0
chr1:942155-942655	ENSG00000235098	ANKRD65	chr1	942155	942655	1421768	-	479363	immune	method1_distance	1.0
chr1:942155-942655	ENSG00000237330	RNF223	chr1	942155	942655	1074305	-	131900	immune	method1_distance	1.0
chr1:942155-942655	ENSG00000242485	MRPL20	chr1	942155	942655	1407292	-	464887	immune	method1_distance	1.0
chr1:942155-942655	ENSG00000284662	OR4F16	chr1	942155	942655	686653	-	255752	immune	method1_distance	1.0
chr1:942155-942655	ENSG00000284733	OR4F29	chr1	942155	942655	500000	-	442405	immune	method1_distance	1.0
chr1:942812-943312	ENSG00000078808	SDF4	chr1	942812	943312	1232030	-	288968	immune	method1_distance	1.0
chr1:942812-943312	ENSG00000107404	DVL1	chr1	942812	943312	1349417	-	406355	immune	method1_distance	1.0
chr1:942812-943312	ENSG00000127054	INTS11	chr1	942812	943312	1324686	-	381624	immune	method1_distance	1.0
chr1:942812-943312	ENSG00000131584	ACAP3	chr1	942812	943312	1309608	-	366546	immune	method1_distance	1.0
chr1:942812-943312	ENSG00000131591	C1orf159	chr1	942812	943312	1116360	-	173298	immune	method1_distance	1.0
chr1:942812-943312	ENSG00000160087	UBE2J2	chr1	942812	943312	1273863	-	330801	immune	method1_distance	1.0
chr1:942812-943312	ENSG00000162571	TTLL10	chr1	942812	943312	1173879	+	230817	immune	method1_distance	1.0
