peak_id	gene_id	gene_name	chrom	peak_start	peak_end	tss_pos	strand	distance_bp	compartment	method	score
chr1:817083-817583	ENSG00000078808	SDF4	chr1	817083	817583	1232030	-	414697	stromal	method1_distance	1.0
chr1:817083-817583	ENSG00000131584	ACAP3	chr1	817083	817583	1309608	-	492275	stromal	method1_distance	1.0
chr1:817083-817583	ENSG00000131591	C1orf159	chr1	817083	817583	1116360	-	299027	stromal	method1_distance	1.0
chr1:817083-817583	ENSG00000160087	UBE2J2	chr1	817083	817583	1273863	-	456530	stromal	method1_distance	1.0
chr1:817083-817583	ENSG00000162571	TTLL10	chr1	817083	817583	1173879	+	356546	stromal	method1_distance	1.0
chr1:817083-817583	ENSG00000162572	SCNN1D	chr1	817083	817583	1280435	+	463102	stromal	method1_distance	1.0
chr1:817083-817583	ENSG00000169972	PUSL1	chr1	817083	817583	1308596	+	491263	stromal	method1_distance	1.0
chr1:817083-817583	ENSG00000176022	B3GALT6	chr1	817083	817583	1232236	+	414903	stromal	method1_distance	1.0
chr1:817083-817583	ENSG00000184163	C1QTNF12	chr1	817083	817583	1246721	-	429388	stromal	method1_distance	1.0
chr1:817083-817583	ENSG00000186827	TNFRSF4	chr1	817083	817583	1214152	-	396819	stromal	method1_distance	1.0
chr1:817083-817583	ENSG00000186891	TNFRSF18	chr1	817083	817583	1206591	-	389258	stromal	method1_distance	1.0
chr1:817083-817583	ENSG00000187583	PLEKHN1	chr1	817083	817583	966481	+	149148	stromal	method1_distance	1.0
chr1:817083-817583	ENSG00000187608	ISG15	chr1	817083	817583	1001137	+	183804	stromal	method1_distance	1.0
chr1:817083-817583	ENSG00000187634	SAMD11	chr1	817083	817583	923922	+	106589	stromal	method1_distance	1.0
chr1:817083-817583	ENSG00000187642	PERM1	chr1	817083	817583	982116	-	164783	stromal	method1_distance	1.0
chr1:817083-817583	ENSG00000187961	KLHL17	chr1	817083	817583	960583	+	143250	stromal	method1_distance	1.0
chr1:817083-817583	ENSG00000188157	AGRN	chr1	817083	817583	1020119	+	202786	stromal	method1_distance	1.0
chr1:817083-817583	ENSG00000188290	HES4	chr1	817083	817583	1000171	-	182838	stromal	method1_distance	1.0
chr1:817083-817583	ENSG00000188976	NOC2L	chr1	817083	817583	959308	-	141975	stromal	method1_distance	1.0
chr1:817083-817583	ENSG00000237330	RNF223	chr1	817083	817583	1074305	-	256972	stromal	method1_distance	1.0
chr1:817083-817583	ENSG00000284662	OR4F16	chr1	817083	817583	686653	-	130680	stromal	method1_distance	1.0
chr1:817083-817583	ENSG00000284733	OR4F29	chr1	817083	817583	500000	-	317333	stromal	method1_distance	1.0
chr1:817794-818294	ENSG00000078808	SDF4	chr1	817794	818294	1232030	-	413986	stromal	method1_distance	1.0
chr1:817794-818294	ENSG00000131584	ACAP3	chr1	817794	818294	1309608	-	491564	stromal	method1_distance	1.0
chr1:817794-818294	ENSG00000131591	C1orf159	chr1	817794	818294	1116360	-	298316	stromal	method1_distance	1.0
chr1:817794-818294	ENSG00000160087	UBE2J2	chr1	817794	818294	1273863	-	455819	stromal	method1_distance	1.0
chr1:817794-818294	ENSG00000162571	TTLL10	chr1	817794	818294	1173879	+	355835	stromal	method1_distance	1.0
chr1:817794-818294	ENSG00000162572	SCNN1D	chr1	817794	818294	1280435	+	462391	stromal	method1_distance	1.0
chr1:817794-818294	ENSG00000169972	PUSL1	chr1	817794	818294	1308596	+	490552	stromal	method1_distance	1.0
chr1:817794-818294	ENSG00000176022	B3GALT6	chr1	817794	818294	1232236	+	414192	stromal	method1_distance	1.0
chr1:817794-818294	ENSG00000184163	C1QTNF12	chr1	817794	818294	1246721	-	428677	stromal	method1_distance	1.0
chr1:817794-818294	ENSG00000186827	TNFRSF4	chr1	817794	818294	1214152	-	396108	stromal	method1_distance	1.0
chr1:817794-818294	ENSG00000186891	TNFRSF18	chr1	817794	818294	1206591	-	388547	stromal	method1_distance	1.0
chr1:817794-818294	ENSG00000187583	PLEKHN1	chr1	817794	818294	966481	+	148437	stromal	method1_distance	1.0
chr1:817794-818294	ENSG00000187608	ISG15	chr1	817794	818294	1001137	+	183093	stromal	method1_distance	1.0
chr1:817794-818294	ENSG00000187634	SAMD11	chr1	817794	818294	923922	+	105878	stromal	method1_distance	1.0
chr1:817794-818294	ENSG00000187642	PERM1	chr1	817794	818294	982116	-	164072	stromal	method1_distance	1.0
chr1:817794-818294	ENSG00000187961	KLHL17	chr1	817794	818294	960583	+	142539	stromal	method1_distance	1.0
chr1:817794-818294	ENSG00000188157	AGRN	chr1	817794	818294	1020119	+	202075	stromal	method1_distance	1.0
chr1:817794-818294	ENSG00000188290	HES4	chr1	817794	818294	1000171	-	182127	stromal	method1_distance	1.0
chr1:817794-818294	ENSG00000188976	NOC2L	chr1	817794	818294	959308	-	141264	stromal	method1_distance	1.0
chr1:817794-818294	ENSG00000237330	RNF223	chr1	817794	818294	1074305	-	256261	stromal	method1_distance	1.0
chr1:817794-818294	ENSG00000284662	OR4F16	chr1	817794	818294	686653	-	131391	stromal	method1_distance	1.0
chr1:817794-818294	ENSG00000284733	OR4F29	chr1	817794	818294	500000	-	318044	stromal	method1_distance	1.0
chr1:818513-819013	ENSG00000078808	SDF4	chr1	818513	819013	1232030	-	413267	stromal	method1_distance	1.0
chr1:818513-819013	ENSG00000131584	ACAP3	chr1	818513	819013	1309608	-	490845	stromal	method1_distance	1.0
chr1:818513-819013	ENSG00000131591	C1orf159	chr1	818513	819013	1116360	-	297597	stromal	method1_distance	1.0
chr1:818513-819013	ENSG00000160087	UBE2J2	chr1	818513	819013	1273863	-	455100	stromal	method1_distance	1.0
chr1:818513-819013	ENSG00000162571	TTLL10	chr1	818513	819013	1173879	+	355116	stromal	method1_distance	1.0
chr1:818513-819013	ENSG00000162572	SCNN1D	chr1	818513	819013	1280435	+	461672	stromal	method1_distance	1.0
chr1:818513-819013	ENSG00000169972	PUSL1	chr1	818513	819013	1308596	+	489833	stromal	method1_distance	1.0
chr1:818513-819013	ENSG00000176022	B3GALT6	chr1	818513	819013	1232236	+	413473	stromal	method1_distance	1.0
chr1:818513-819013	ENSG00000184163	C1QTNF12	chr1	818513	819013	1246721	-	427958	stromal	method1_distance	1.0
chr1:818513-819013	ENSG00000186827	TNFRSF4	chr1	818513	819013	1214152	-	395389	stromal	method1_distance	1.0
chr1:818513-819013	ENSG00000186891	TNFRSF18	chr1	818513	819013	1206591	-	387828	stromal	method1_distance	1.0
chr1:818513-819013	ENSG00000187583	PLEKHN1	chr1	818513	819013	966481	+	147718	stromal	method1_distance	1.0
chr1:818513-819013	ENSG00000187608	ISG15	chr1	818513	819013	1001137	+	182374	stromal	method1_distance	1.0
chr1:818513-819013	ENSG00000187634	SAMD11	chr1	818513	819013	923922	+	105159	stromal	method1_distance	1.0
chr1:818513-819013	ENSG00000187642	PERM1	chr1	818513	819013	982116	-	163353	stromal	method1_distance	1.0
chr1:818513-819013	ENSG00000187961	KLHL17	chr1	818513	819013	960583	+	141820	stromal	method1_distance	1.0
chr1:818513-819013	ENSG00000188157	AGRN	chr1	818513	819013	1020119	+	201356	stromal	method1_distance	1.0
chr1:818513-819013	ENSG00000188290	HES4	chr1	818513	819013	1000171	-	181408	stromal	method1_distance	1.0
chr1:818513-819013	ENSG00000188976	NOC2L	chr1	818513	819013	959308	-	140545	stromal	method1_distance	1.0
chr1:818513-819013	ENSG00000237330	RNF223	chr1	818513	819013	1074305	-	255542	stromal	method1_distance	1.0
chr1:818513-819013	ENSG00000284662	OR4F16	chr1	818513	819013	686653	-	132110	stromal	method1_distance	1.0
chr1:818513-819013	ENSG00000284733	OR4F29	chr1	818513	819013	500000	-	318763	stromal	method1_distance	1.0
chr1:819187-819687	ENSG00000078808	SDF4	chr1	819187	819687	1232030	-	412593	stromal	method1_distance	1.0
chr1:819187-819687	ENSG00000131584	ACAP3	chr1	819187	819687	1309608	-	490171	stromal	method1_distance	1.0
chr1:819187-819687	ENSG00000131591	C1orf159	chr1	819187	819687	1116360	-	296923	stromal	method1_distance	1.0
chr1:819187-819687	ENSG00000160087	UBE2J2	chr1	819187	819687	1273863	-	454426	stromal	method1_distance	1.0
chr1:819187-819687	ENSG00000162571	TTLL10	chr1	819187	819687	1173879	+	354442	stromal	method1_distance	1.0
chr1:819187-819687	ENSG00000162572	SCNN1D	chr1	819187	819687	1280435	+	460998	stromal	method1_distance	1.0
chr1:819187-819687	ENSG00000169972	PUSL1	chr1	819187	819687	1308596	+	489159	stromal	method1_distance	1.0
chr1:819187-819687	ENSG00000176022	B3GALT6	chr1	819187	819687	1232236	+	412799	stromal	method1_distance	1.0
chr1:819187-819687	ENSG00000184163	C1QTNF12	chr1	819187	819687	1246721	-	427284	stromal	method1_distance	1.0
chr1:819187-819687	ENSG00000186827	TNFRSF4	chr1	819187	819687	1214152	-	394715	stromal	method1_distance	1.0
chr1:819187-819687	ENSG00000186891	TNFRSF18	chr1	819187	819687	1206591	-	387154	stromal	method1_distance	1.0
chr1:819187-819687	ENSG00000187583	PLEKHN1	chr1	819187	819687	966481	+	147044	stromal	method1_distance	1.0
chr1:819187-819687	ENSG00000187608	ISG15	chr1	819187	819687	1001137	+	181700	stromal	method1_distance	1.0
chr1:819187-819687	ENSG00000187634	SAMD11	chr1	819187	819687	923922	+	104485	stromal	method1_distance	1.0
chr1:819187-819687	ENSG00000187642	PERM1	chr1	819187	819687	982116	-	162679	stromal	method1_distance	1.0
chr1:819187-819687	ENSG00000187961	KLHL17	chr1	819187	819687	960583	+	141146	stromal	method1_distance	1.0
chr1:819187-819687	ENSG00000188157	AGRN	chr1	819187	819687	1020119	+	200682	stromal	method1_distance	1.0
chr1:819187-819687	ENSG00000188290	HES4	chr1	819187	819687	1000171	-	180734	stromal	method1_distance	1.0
chr1:819187-819687	ENSG00000188976	NOC2L	chr1	819187	819687	959308	-	139871	stromal	method1_distance	1.0
chr1:819187-819687	ENSG00000237330	RNF223	chr1	819187	819687	1074305	-	254868	stromal	method1_distance	1.0
chr1:819187-819687	ENSG00000284662	OR4F16	chr1	819187	819687	686653	-	132784	stromal	method1_distance	1.0
chr1:819187-819687	ENSG00000284733	OR4F29	chr1	819187	819687	500000	-	319437	stromal	method1_distance	1.0
chr1:819892-820392	ENSG00000078808	SDF4	chr1	819892	820392	1232030	-	411888	stromal	method1_distance	1.0
chr1:819892-820392	ENSG00000131584	ACAP3	chr1	819892	820392	1309608	-	489466	stromal	method1_distance	1.0
chr1:819892-820392	ENSG00000131591	C1orf159	chr1	819892	820392	1116360	-	296218	stromal	method1_distance	1.0
chr1:819892-820392	ENSG00000160087	UBE2J2	chr1	819892	820392	1273863	-	453721	stromal	method1_distance	1.0
chr1:819892-820392	ENSG00000162571	TTLL10	chr1	819892	820392	1173879	+	353737	stromal	method1_distance	1.0
chr1:819892-820392	ENSG00000162572	SCNN1D	chr1	819892	820392	1280435	+	460293	stromal	method1_distance	1.0
chr1:819892-820392	ENSG00000169972	PUSL1	chr1	819892	820392	1308596	+	488454	stromal	method1_distance	1.0
chr1:819892-820392	ENSG00000176022	B3GALT6	chr1	819892	820392	1232236	+	412094	stromal	method1_distance	1.0
chr1:819892-820392	ENSG00000184163	C1QTNF12	chr1	819892	820392	1246721	-	426579	stromal	method1_distance	1.0
chr1:819892-820392	ENSG00000186827	TNFRSF4	chr1	819892	820392	1214152	-	394010	stromal	method1_distance	1.0
chr1:819892-820392	ENSG00000186891	TNFRSF18	chr1	819892	820392	1206591	-	386449	stromal	method1_distance	1.0
chr1:819892-820392	ENSG00000187583	PLEKHN1	chr1	819892	820392	966481	+	146339	stromal	method1_distance	1.0
chr1:819892-820392	ENSG00000187608	ISG15	chr1	819892	820392	1001137	+	180995	stromal	method1_distance	1.0
chr1:819892-820392	ENSG00000187634	SAMD11	chr1	819892	820392	923922	+	103780	stromal	method1_distance	1.0
chr1:819892-820392	ENSG00000187642	PERM1	chr1	819892	820392	982116	-	161974	stromal	method1_distance	1.0
chr1:819892-820392	ENSG00000187961	KLHL17	chr1	819892	820392	960583	+	140441	stromal	method1_distance	1.0
chr1:819892-820392	ENSG00000188157	AGRN	chr1	819892	820392	1020119	+	199977	stromal	method1_distance	1.0
chr1:819892-820392	ENSG00000188290	HES4	chr1	819892	820392	1000171	-	180029	stromal	method1_distance	1.0
chr1:819892-820392	ENSG00000188976	NOC2L	chr1	819892	820392	959308	-	139166	stromal	method1_distance	1.0
chr1:819892-820392	ENSG00000237330	RNF223	chr1	819892	820392	1074305	-	254163	stromal	method1_distance	1.0
chr1:819892-820392	ENSG00000284662	OR4F16	chr1	819892	820392	686653	-	133489	stromal	method1_distance	1.0
chr1:819892-820392	ENSG00000284733	OR4F29	chr1	819892	820392	500000	-	320142	stromal	method1_distance	1.0
chr1:820545-821045	ENSG00000078808	SDF4	chr1	820545	821045	1232030	-	411235	stromal	method1_distance	1.0
chr1:820545-821045	ENSG00000131584	ACAP3	chr1	820545	821045	1309608	-	488813	stromal	method1_distance	1.0
chr1:820545-821045	ENSG00000131591	C1orf159	chr1	820545	821045	1116360	-	295565	stromal	method1_distance	1.0
chr1:820545-821045	ENSG00000160087	UBE2J2	chr1	820545	821045	1273863	-	453068	stromal	method1_distance	1.0
chr1:820545-821045	ENSG00000162571	TTLL10	chr1	820545	821045	1173879	+	353084	stromal	method1_distance	1.0
chr1:820545-821045	ENSG00000162572	SCNN1D	chr1	820545	821045	1280435	+	459640	stromal	method1_distance	1.0
chr1:820545-821045	ENSG00000169972	PUSL1	chr1	820545	821045	1308596	+	487801	stromal	method1_distance	1.0
chr1:820545-821045	ENSG00000176022	B3GALT6	chr1	820545	821045	1232236	+	411441	stromal	method1_distance	1.0
chr1:820545-821045	ENSG00000184163	C1QTNF12	chr1	820545	821045	1246721	-	425926	stromal	method1_distance	1.0
chr1:820545-821045	ENSG00000186827	TNFRSF4	chr1	820545	821045	1214152	-	393357	stromal	method1_distance	1.0
chr1:820545-821045	ENSG00000186891	TNFRSF18	chr1	820545	821045	1206591	-	385796	stromal	method1_distance	1.0
chr1:820545-821045	ENSG00000187583	PLEKHN1	chr1	820545	821045	966481	+	145686	stromal	method1_distance	1.0
chr1:820545-821045	ENSG00000187608	ISG15	chr1	820545	821045	1001137	+	180342	stromal	method1_distance	1.0
chr1:820545-821045	ENSG00000187634	SAMD11	chr1	820545	821045	923922	+	103127	stromal	method1_distance	1.0
chr1:820545-821045	ENSG00000187642	PERM1	chr1	820545	821045	982116	-	161321	stromal	method1_distance	1.0
chr1:820545-821045	ENSG00000187961	KLHL17	chr1	820545	821045	960583	+	139788	stromal	method1_distance	1.0
chr1:820545-821045	ENSG00000188157	AGRN	chr1	820545	821045	1020119	+	199324	stromal	method1_distance	1.0
chr1:820545-821045	ENSG00000188290	HES4	chr1	820545	821045	1000171	-	179376	stromal	method1_distance	1.0
chr1:820545-821045	ENSG00000188976	NOC2L	chr1	820545	821045	959308	-	138513	stromal	method1_distance	1.0
chr1:820545-821045	ENSG00000237330	RNF223	chr1	820545	821045	1074305	-	253510	stromal	method1_distance	1.0
chr1:820545-821045	ENSG00000284662	OR4F16	chr1	820545	821045	686653	-	134142	stromal	method1_distance	1.0
chr1:820545-821045	ENSG00000284733	OR4F29	chr1	820545	821045	500000	-	320795	stromal	method1_distance	1.0
chr1:821615-822115	ENSG00000078808	SDF4	chr1	821615	822115	1232030	-	410165	stromal	method1_distance	1.0
chr1:821615-822115	ENSG00000131584	ACAP3	chr1	821615	822115	1309608	-	487743	stromal	method1_distance	1.0
chr1:821615-822115	ENSG00000131591	C1orf159	chr1	821615	822115	1116360	-	294495	stromal	method1_distance	1.0
chr1:821615-822115	ENSG00000160087	UBE2J2	chr1	821615	822115	1273863	-	451998	stromal	method1_distance	1.0
chr1:821615-822115	ENSG00000162571	TTLL10	chr1	821615	822115	1173879	+	352014	stromal	method1_distance	1.0
chr1:821615-822115	ENSG00000162572	SCNN1D	chr1	821615	822115	1280435	+	458570	stromal	method1_distance	1.0
chr1:821615-822115	ENSG00000169972	PUSL1	chr1	821615	822115	1308596	+	486731	stromal	method1_distance	1.0
chr1:821615-822115	ENSG00000176022	B3GALT6	chr1	821615	822115	1232236	+	410371	stromal	method1_distance	1.0
chr1:821615-822115	ENSG00000184163	C1QTNF12	chr1	821615	822115	1246721	-	424856	stromal	method1_distance	1.0
chr1:821615-822115	ENSG00000186827	TNFRSF4	chr1	821615	822115	1214152	-	392287	stromal	method1_distance	1.0
chr1:821615-822115	ENSG00000186891	TNFRSF18	chr1	821615	822115	1206591	-	384726	stromal	method1_distance	1.0
chr1:821615-822115	ENSG00000187583	PLEKHN1	chr1	821615	822115	966481	+	144616	stromal	method1_distance	1.0
chr1:821615-822115	ENSG00000187608	ISG15	chr1	821615	822115	1001137	+	179272	stromal	method1_distance	1.0
chr1:821615-822115	ENSG00000187634	SAMD11	chr1	821615	822115	923922	+	102057	stromal	method1_distance	1.0
chr1:821615-822115	ENSG00000187642	PERM1	chr1	821615	822115	982116	-	160251	stromal	method1_distance	1.0
chr1:821615-822115	ENSG00000187961	KLHL17	chr1	821615	822115	960583	+	138718	stromal	method1_distance	1.0
chr1:821615-822115	ENSG00000188157	AGRN	chr1	821615	822115	1020119	+	198254	stromal	method1_distance	1.0
chr1:821615-822115	ENSG00000188290	HES4	chr1	821615	822115	1000171	-	178306	stromal	method1_distance	1.0
chr1:821615-822115	ENSG00000188976	NOC2L	chr1	821615	822115	959308	-	137443	stromal	method1_distance	1.0
chr1:821615-822115	ENSG00000237330	RNF223	chr1	821615	822115	1074305	-	252440	stromal	method1_distance	1.0
chr1:821615-822115	ENSG00000284662	OR4F16	chr1	821615	822115	686653	-	135212	stromal	method1_distance	1.0
chr1:821615-822115	ENSG00000284733	OR4F29	chr1	821615	822115	500000	-	321865	stromal	method1_distance	1.0
chr1:822569-823069	ENSG00000078808	SDF4	chr1	822569	823069	1232030	-	409211	stromal	method1_distance	1.0
chr1:822569-823069	ENSG00000131584	ACAP3	chr1	822569	823069	1309608	-	486789	stromal	method1_distance	1.0
chr1:822569-823069	ENSG00000131591	C1orf159	chr1	822569	823069	1116360	-	293541	stromal	method1_distance	1.0
chr1:822569-823069	ENSG00000160087	UBE2J2	chr1	822569	823069	1273863	-	451044	stromal	method1_distance	1.0
chr1:822569-823069	ENSG00000162571	TTLL10	chr1	822569	823069	1173879	+	351060	stromal	method1_distance	1.0
chr1:822569-823069	ENSG00000162572	SCNN1D	chr1	822569	823069	1280435	+	457616	stromal	method1_distance	1.0
chr1:822569-823069	ENSG00000169972	PUSL1	chr1	822569	823069	1308596	+	485777	stromal	method1_distance	1.0
chr1:822569-823069	ENSG00000176022	B3GALT6	chr1	822569	823069	1232236	+	409417	stromal	method1_distance	1.0
chr1:822569-823069	ENSG00000184163	C1QTNF12	chr1	822569	823069	1246721	-	423902	stromal	method1_distance	1.0
chr1:822569-823069	ENSG00000186827	TNFRSF4	chr1	822569	823069	1214152	-	391333	stromal	method1_distance	1.0
chr1:822569-823069	ENSG00000186891	TNFRSF18	chr1	822569	823069	1206591	-	383772	stromal	method1_distance	1.0
chr1:822569-823069	ENSG00000187583	PLEKHN1	chr1	822569	823069	966481	+	143662	stromal	method1_distance	1.0
chr1:822569-823069	ENSG00000187608	ISG15	chr1	822569	823069	1001137	+	178318	stromal	method1_distance	1.0
chr1:822569-823069	ENSG00000187634	SAMD11	chr1	822569	823069	923922	+	101103	stromal	method1_distance	1.0
chr1:822569-823069	ENSG00000187642	PERM1	chr1	822569	823069	982116	-	159297	stromal	method1_distance	1.0
chr1:822569-823069	ENSG00000187961	KLHL17	chr1	822569	823069	960583	+	137764	stromal	method1_distance	1.0
chr1:822569-823069	ENSG00000188157	AGRN	chr1	822569	823069	1020119	+	197300	stromal	method1_distance	1.0
chr1:822569-823069	ENSG00000188290	HES4	chr1	822569	823069	1000171	-	177352	stromal	method1_distance	1.0
chr1:822569-823069	ENSG00000188976	NOC2L	chr1	822569	823069	959308	-	136489	stromal	method1_distance	1.0
chr1:822569-823069	ENSG00000237330	RNF223	chr1	822569	823069	1074305	-	251486	stromal	method1_distance	1.0
chr1:822569-823069	ENSG00000284662	OR4F16	chr1	822569	823069	686653	-	136166	stromal	method1_distance	1.0
chr1:822569-823069	ENSG00000284733	OR4F29	chr1	822569	823069	500000	-	322819	stromal	method1_distance	1.0
chr1:827310-827810	ENSG00000078808	SDF4	chr1	827310	827810	1232030	-	404470	stromal	method1_distance	1.0
chr1:827310-827810	ENSG00000127054	INTS11	chr1	827310	827810	1324686	-	497126	stromal	method1_distance	1.0
chr1:827310-827810	ENSG00000131584	ACAP3	chr1	827310	827810	1309608	-	482048	stromal	method1_distance	1.0
chr1:827310-827810	ENSG00000131591	C1orf159	chr1	827310	827810	1116360	-	288800	stromal	method1_distance	1.0
chr1:827310-827810	ENSG00000160087	UBE2J2	chr1	827310	827810	1273863	-	446303	stromal	method1_distance	1.0
chr1:827310-827810	ENSG00000162571	TTLL10	chr1	827310	827810	1173879	+	346319	stromal	method1_distance	1.0
chr1:827310-827810	ENSG00000162572	SCNN1D	chr1	827310	827810	1280435	+	452875	stromal	method1_distance	1.0
chr1:827310-827810	ENSG00000169972	PUSL1	chr1	827310	827810	1308596	+	481036	stromal	method1_distance	1.0
chr1:827310-827810	ENSG00000176022	B3GALT6	chr1	827310	827810	1232236	+	404676	stromal	method1_distance	1.0
chr1:827310-827810	ENSG00000184163	C1QTNF12	chr1	827310	827810	1246721	-	419161	stromal	method1_distance	1.0
chr1:827310-827810	ENSG00000186827	TNFRSF4	chr1	827310	827810	1214152	-	386592	stromal	method1_distance	1.0
chr1:827310-827810	ENSG00000186891	TNFRSF18	chr1	827310	827810	1206591	-	379031	stromal	method1_distance	1.0
chr1:827310-827810	ENSG00000187583	PLEKHN1	chr1	827310	827810	966481	+	138921	stromal	method1_distance	1.0
chr1:827310-827810	ENSG00000187608	ISG15	chr1	827310	827810	1001137	+	173577	stromal	method1_distance	1.0
chr1:827310-827810	ENSG00000187634	SAMD11	chr1	827310	827810	923922	+	96362	stromal	method1_distance	1.0
chr1:827310-827810	ENSG00000187642	PERM1	chr1	827310	827810	982116	-	154556	stromal	method1_distance	1.0
chr1:827310-827810	ENSG00000187961	KLHL17	chr1	827310	827810	960583	+	133023	stromal	method1_distance	1.0
chr1:827310-827810	ENSG00000188157	AGRN	chr1	827310	827810	1020119	+	192559	stromal	method1_distance	1.0
chr1:827310-827810	ENSG00000188290	HES4	chr1	827310	827810	1000171	-	172611	stromal	method1_distance	1.0
chr1:827310-827810	ENSG00000188976	NOC2L	chr1	827310	827810	959308	-	131748	stromal	method1_distance	1.0
chr1:827310-827810	ENSG00000224051	CPTP	chr1	827310	827810	1324755	+	497195	stromal	method1_distance	1.0
chr1:827310-827810	ENSG00000237330	RNF223	chr1	827310	827810	1074305	-	246745	stromal	method1_distance	1.0
chr1:827310-827810	ENSG00000284662	OR4F16	chr1	827310	827810	686653	-	140907	stromal	method1_distance	1.0
chr1:827310-827810	ENSG00000284733	OR4F29	chr1	827310	827810	500000	-	327560	stromal	method1_distance	1.0
chr1:829727-830227	ENSG00000078808	SDF4	chr1	829727	830227	1232030	-	402053	stromal	method1_distance	1.0
chr1:829727-830227	ENSG00000127054	INTS11	chr1	829727	830227	1324686	-	494709	stromal	method1_distance	1.0
chr1:829727-830227	ENSG00000131584	ACAP3	chr1	829727	830227	1309608	-	479631	stromal	method1_distance	1.0
chr1:829727-830227	ENSG00000131591	C1orf159	chr1	829727	830227	1116360	-	286383	stromal	method1_distance	1.0
chr1:829727-830227	ENSG00000160087	UBE2J2	chr1	829727	830227	1273863	-	443886	stromal	method1_distance	1.0
chr1:829727-830227	ENSG00000162571	TTLL10	chr1	829727	830227	1173879	+	343902	stromal	method1_distance	1.0
chr1:829727-830227	ENSG00000162572	SCNN1D	chr1	829727	830227	1280435	+	450458	stromal	method1_distance	1.0
chr1:829727-830227	ENSG00000169972	PUSL1	chr1	829727	830227	1308596	+	478619	stromal	method1_distance	1.0
chr1:829727-830227	ENSG00000176022	B3GALT6	chr1	829727	830227	1232236	+	402259	stromal	method1_distance	1.0
chr1:829727-830227	ENSG00000184163	C1QTNF12	chr1	829727	830227	1246721	-	416744	stromal	method1_distance	1.0
chr1:829727-830227	ENSG00000186827	TNFRSF4	chr1	829727	830227	1214152	-	384175	stromal	method1_distance	1.0
chr1:829727-830227	ENSG00000186891	TNFRSF18	chr1	829727	830227	1206591	-	376614	stromal	method1_distance	1.0
chr1:829727-830227	ENSG00000187583	PLEKHN1	chr1	829727	830227	966481	+	136504	stromal	method1_distance	1.0
chr1:829727-830227	ENSG00000187608	ISG15	chr1	829727	830227	1001137	+	171160	stromal	method1_distance	1.0
chr1:829727-830227	ENSG00000187634	SAMD11	chr1	829727	830227	923922	+	93945	stromal	method1_distance	1.0
chr1:829727-830227	ENSG00000187642	PERM1	chr1	829727	830227	982116	-	152139	stromal	method1_distance	1.0
chr1:829727-830227	ENSG00000187961	KLHL17	chr1	829727	830227	960583	+	130606	stromal	method1_distance	1.0
chr1:829727-830227	ENSG00000188157	AGRN	chr1	829727	830227	1020119	+	190142	stromal	method1_distance	1.0
chr1:829727-830227	ENSG00000188290	HES4	chr1	829727	830227	1000171	-	170194	stromal	method1_distance	1.0
chr1:829727-830227	ENSG00000188976	NOC2L	chr1	829727	830227	959308	-	129331	stromal	method1_distance	1.0
chr1:829727-830227	ENSG00000224051	CPTP	chr1	829727	830227	1324755	+	494778	stromal	method1_distance	1.0
chr1:829727-830227	ENSG00000237330	RNF223	chr1	829727	830227	1074305	-	244328	stromal	method1_distance	1.0
chr1:829727-830227	ENSG00000284662	OR4F16	chr1	829727	830227	686653	-	143324	stromal	method1_distance	1.0
chr1:829727-830227	ENSG00000284733	OR4F29	chr1	829727	830227	500000	-	329977	stromal	method1_distance	1.0
chr1:830672-831172	ENSG00000078808	SDF4	chr1	830672	831172	1232030	-	401108	stromal	method1_distance	1.0
chr1:830672-831172	ENSG00000127054	INTS11	chr1	830672	831172	1324686	-	493764	stromal	method1_distance	1.0
chr1:830672-831172	ENSG00000131584	ACAP3	chr1	830672	831172	1309608	-	478686	stromal	method1_distance	1.0
chr1:830672-831172	ENSG00000131591	C1orf159	chr1	830672	831172	1116360	-	285438	stromal	method1_distance	1.0
chr1:830672-831172	ENSG00000160087	UBE2J2	chr1	830672	831172	1273863	-	442941	stromal	method1_distance	1.0
chr1:830672-831172	ENSG00000162571	TTLL10	chr1	830672	831172	1173879	+	342957	stromal	method1_distance	1.0
chr1:830672-831172	ENSG00000162572	SCNN1D	chr1	830672	831172	1280435	+	449513	stromal	method1_distance	1.0
chr1:830672-831172	ENSG00000169972	PUSL1	chr1	830672	831172	1308596	+	477674	stromal	method1_distance	1.0
chr1:830672-831172	ENSG00000176022	B3GALT6	chr1	830672	831172	1232236	+	401314	stromal	method1_distance	1.0
chr1:830672-831172	ENSG00000184163	C1QTNF12	chr1	830672	831172	1246721	-	415799	stromal	method1_distance	1.0
chr1:830672-831172	ENSG00000186827	TNFRSF4	chr1	830672	831172	1214152	-	383230	stromal	method1_distance	1.0
chr1:830672-831172	ENSG00000186891	TNFRSF18	chr1	830672	831172	1206591	-	375669	stromal	method1_distance	1.0
chr1:830672-831172	ENSG00000187583	PLEKHN1	chr1	830672	831172	966481	+	135559	stromal	method1_distance	1.0
chr1:830672-831172	ENSG00000187608	ISG15	chr1	830672	831172	1001137	+	170215	stromal	method1_distance	1.0
chr1:830672-831172	ENSG00000187634	SAMD11	chr1	830672	831172	923922	+	93000	stromal	method1_distance	1.0
chr1:830672-831172	ENSG00000187642	PERM1	chr1	830672	831172	982116	-	151194	stromal	method1_distance	1.0
chr1:830672-831172	ENSG00000187961	KLHL17	chr1	830672	831172	960583	+	129661	stromal	method1_distance	1.0
chr1:830672-831172	ENSG00000188157	AGRN	chr1	830672	831172	1020119	+	189197	stromal	method1_distance	1.0
chr1:830672-831172	ENSG00000188290	HES4	chr1	830672	831172	1000171	-	169249	stromal	method1_distance	1.0
chr1:830672-831172	ENSG00000188976	NOC2L	chr1	830672	831172	959308	-	128386	stromal	method1_distance	1.0
chr1:830672-831172	ENSG00000224051	CPTP	chr1	830672	831172	1324755	+	493833	stromal	method1_distance	1.0
chr1:830672-831172	ENSG00000237330	RNF223	chr1	830672	831172	1074305	-	243383	stromal	method1_distance	1.0
chr1:830672-831172	ENSG00000284662	OR4F16	chr1	830672	831172	686653	-	144269	stromal	method1_distance	1.0
chr1:830672-831172	ENSG00000284733	OR4F29	chr1	830672	831172	500000	-	330922	stromal	method1_distance	1.0
chr1:832012-832512	ENSG00000078808	SDF4	chr1	832012	832512	1232030	-	399768	stromal	method1_distance	1.0
chr1:832012-832512	ENSG00000127054	INTS11	chr1	832012	832512	1324686	-	492424	stromal	method1_distance	1.0
chr1:832012-832512	ENSG00000131584	ACAP3	chr1	832012	832512	1309608	-	477346	stromal	method1_distance	1.0
chr1:832012-832512	ENSG00000131591	C1orf159	chr1	832012	832512	1116360	-	284098	stromal	method1_distance	1.0
chr1:832012-832512	ENSG00000160087	UBE2J2	chr1	832012	832512	1273863	-	441601	stromal	method1_distance	1.0
chr1:832012-832512	ENSG00000162571	TTLL10	chr1	832012	832512	1173879	+	341617	stromal	method1_distance	1.0
chr1:832012-832512	ENSG00000162572	SCNN1D	chr1	832012	832512	1280435	+	448173	stromal	method1_distance	1.0
chr1:832012-832512	ENSG00000169962	TAS1R3	chr1	832012	832512	1331279	+	499017	stromal	method1_distance	1.0
chr1:832012-832512	ENSG00000169972	PUSL1	chr1	832012	832512	1308596	+	476334	stromal	method1_distance	1.0
chr1:832012-832512	ENSG00000176022	B3GALT6	chr1	832012	832512	1232236	+	399974	stromal	method1_distance	1.0
chr1:832012-832512	ENSG00000184163	C1QTNF12	chr1	832012	832512	1246721	-	414459	stromal	method1_distance	1.0
chr1:832012-832512	ENSG00000186827	TNFRSF4	chr1	832012	832512	1214152	-	381890	stromal	method1_distance	1.0
chr1:832012-832512	ENSG00000186891	TNFRSF18	chr1	832012	832512	1206591	-	374329	stromal	method1_distance	1.0
chr1:832012-832512	ENSG00000187583	PLEKHN1	chr1	832012	832512	966481	+	134219	stromal	method1_distance	1.0
chr1:832012-832512	ENSG00000187608	ISG15	chr1	832012	832512	1001137	+	168875	stromal	method1_distance	1.0
chr1:832012-832512	ENSG00000187634	SAMD11	chr1	832012	832512	923922	+	91660	stromal	method1_distance	1.0
chr1:832012-832512	ENSG00000187642	PERM1	chr1	832012	832512	982116	-	149854	stromal	method1_distance	1.0
chr1:832012-832512	ENSG00000187961	KLHL17	chr1	832012	832512	960583	+	128321	stromal	method1_distance	1.0
chr1:832012-832512	ENSG00000188157	AGRN	chr1	832012	832512	1020119	+	187857	stromal	method1_distance	1.0
chr1:832012-832512	ENSG00000188290	HES4	chr1	832012	832512	1000171	-	167909	stromal	method1_distance	1.0
chr1:832012-832512	ENSG00000188976	NOC2L	chr1	832012	832512	959308	-	127046	stromal	method1_distance	1.0
chr1:832012-832512	ENSG00000224051	CPTP	chr1	832012	832512	1324755	+	492493	stromal	method1_distance	1.0
chr1:832012-832512	ENSG00000237330	RNF223	chr1	832012	832512	1074305	-	242043	stromal	method1_distance	1.0
chr1:832012-832512	ENSG00000284662	OR4F16	chr1	832012	832512	686653	-	145609	stromal	method1_distance	1.0
chr1:832012-832512	ENSG00000284733	OR4F29	chr1	832012	832512	500000	-	332262	stromal	method1_distance	1.0
chr1:856514-857014	ENSG00000078808	SDF4	chr1	856514	857014	1232030	-	375266	stromal	method1_distance	1.0
chr1:856514-857014	ENSG00000107404	DVL1	chr1	856514	857014	1349417	-	492653	stromal	method1_distance	1.0
chr1:856514-857014	ENSG00000127054	INTS11	chr1	856514	857014	1324686	-	467922	stromal	method1_distance	1.0
chr1:856514-857014	ENSG00000131584	ACAP3	chr1	856514	857014	1309608	-	452844	stromal	method1_distance	1.0
chr1:856514-857014	ENSG00000131591	C1orf159	chr1	856514	857014	1116360	-	259596	stromal	method1_distance	1.0
chr1:856514-857014	ENSG00000160087	UBE2J2	chr1	856514	857014	1273863	-	417099	stromal	method1_distance	1.0
chr1:856514-857014	ENSG00000162571	TTLL10	chr1	856514	857014	1173879	+	317115	stromal	method1_distance	1.0
chr1:856514-857014	ENSG00000162572	SCNN1D	chr1	856514	857014	1280435	+	423671	stromal	method1_distance	1.0
chr1:856514-857014	ENSG00000169962	TAS1R3	chr1	856514	857014	1331279	+	474515	stromal	method1_distance	1.0
chr1:856514-857014	ENSG00000169972	PUSL1	chr1	856514	857014	1308596	+	451832	stromal	method1_distance	1.0
chr1:856514-857014	ENSG00000176022	B3GALT6	chr1	856514	857014	1232236	+	375472	stromal	method1_distance	1.0
chr1:856514-857014	ENSG00000184163	C1QTNF12	chr1	856514	857014	1246721	-	389957	stromal	method1_distance	1.0
chr1:856514-857014	ENSG00000186827	TNFRSF4	chr1	856514	857014	1214152	-	357388	stromal	method1_distance	1.0
chr1:856514-857014	ENSG00000186891	TNFRSF18	chr1	856514	857014	1206591	-	349827	stromal	method1_distance	1.0
chr1:856514-857014	ENSG00000187583	PLEKHN1	chr1	856514	857014	966481	+	109717	stromal	method1_distance	1.0
chr1:856514-857014	ENSG00000187608	ISG15	chr1	856514	857014	1001137	+	144373	stromal	method1_distance	1.0
chr1:856514-857014	ENSG00000187634	SAMD11	chr1	856514	857014	923922	+	67158	stromal	method1_distance	1.0
chr1:856514-857014	ENSG00000187642	PERM1	chr1	856514	857014	982116	-	125352	stromal	method1_distance	1.0
chr1:856514-857014	ENSG00000187961	KLHL17	chr1	856514	857014	960583	+	103819	stromal	method1_distance	1.0
chr1:856514-857014	ENSG00000188157	AGRN	chr1	856514	857014	1020119	+	163355	stromal	method1_distance	1.0
chr1:856514-857014	ENSG00000188290	HES4	chr1	856514	857014	1000171	-	143407	stromal	method1_distance	1.0
chr1:856514-857014	ENSG00000188976	NOC2L	chr1	856514	857014	959308	-	102544	stromal	method1_distance	1.0
chr1:856514-857014	ENSG00000224051	CPTP	chr1	856514	857014	1324755	+	467991	stromal	method1_distance	1.0
chr1:856514-857014	ENSG00000237330	RNF223	chr1	856514	857014	1074305	-	217541	stromal	method1_distance	1.0
chr1:856514-857014	ENSG00000284662	OR4F16	chr1	856514	857014	686653	-	170111	stromal	method1_distance	1.0
chr1:856514-857014	ENSG00000284733	OR4F29	chr1	856514	857014	500000	-	356764	stromal	method1_distance	1.0
chr1:858570-859070	ENSG00000078808	SDF4	chr1	858570	859070	1232030	-	373210	stromal	method1_distance	1.0
chr1:858570-859070	ENSG00000107404	DVL1	chr1	858570	859070	1349417	-	490597	stromal	method1_distance	1.0
chr1:858570-859070	ENSG00000127054	INTS11	chr1	858570	859070	1324686	-	465866	stromal	method1_distance	1.0
chr1:858570-859070	ENSG00000131584	ACAP3	chr1	858570	859070	1309608	-	450788	stromal	method1_distance	1.0
chr1:858570-859070	ENSG00000131591	C1orf159	chr1	858570	859070	1116360	-	257540	stromal	method1_distance	1.0
chr1:858570-859070	ENSG00000160087	UBE2J2	chr1	858570	859070	1273863	-	415043	stromal	method1_distance	1.0
chr1:858570-859070	ENSG00000162571	TTLL10	chr1	858570	859070	1173879	+	315059	stromal	method1_distance	1.0
chr1:858570-859070	ENSG00000162572	SCNN1D	chr1	858570	859070	1280435	+	421615	stromal	method1_distance	1.0
chr1:858570-859070	ENSG00000169962	TAS1R3	chr1	858570	859070	1331279	+	472459	stromal	method1_distance	1.0
chr1:858570-859070	ENSG00000169972	PUSL1	chr1	858570	859070	1308596	+	449776	stromal	method1_distance	1.0
chr1:858570-859070	ENSG00000176022	B3GALT6	chr1	858570	859070	1232236	+	373416	stromal	method1_distance	1.0
chr1:858570-859070	ENSG00000184163	C1QTNF12	chr1	858570	859070	1246721	-	387901	stromal	method1_distance	1.0
chr1:858570-859070	ENSG00000186827	TNFRSF4	chr1	858570	859070	1214152	-	355332	stromal	method1_distance	1.0
chr1:858570-859070	ENSG00000186891	TNFRSF18	chr1	858570	859070	1206591	-	347771	stromal	method1_distance	1.0
chr1:858570-859070	ENSG00000187583	PLEKHN1	chr1	858570	859070	966481	+	107661	stromal	method1_distance	1.0
chr1:858570-859070	ENSG00000187608	ISG15	chr1	858570	859070	1001137	+	142317	stromal	method1_distance	1.0
chr1:858570-859070	ENSG00000187634	SAMD11	chr1	858570	859070	923922	+	65102	stromal	method1_distance	1.0
chr1:858570-859070	ENSG00000187642	PERM1	chr1	858570	859070	982116	-	123296	stromal	method1_distance	1.0
chr1:858570-859070	ENSG00000187961	KLHL17	chr1	858570	859070	960583	+	101763	stromal	method1_distance	1.0
chr1:858570-859070	ENSG00000188157	AGRN	chr1	858570	859070	1020119	+	161299	stromal	method1_distance	1.0
chr1:858570-859070	ENSG00000188290	HES4	chr1	858570	859070	1000171	-	141351	stromal	method1_distance	1.0
chr1:858570-859070	ENSG00000188976	NOC2L	chr1	858570	859070	959308	-	100488	stromal	method1_distance	1.0
chr1:858570-859070	ENSG00000224051	CPTP	chr1	858570	859070	1324755	+	465935	stromal	method1_distance	1.0
chr1:858570-859070	ENSG00000237330	RNF223	chr1	858570	859070	1074305	-	215485	stromal	method1_distance	1.0
chr1:858570-859070	ENSG00000284662	OR4F16	chr1	858570	859070	686653	-	172167	stromal	method1_distance	1.0
chr1:858570-859070	ENSG00000284733	OR4F29	chr1	858570	859070	500000	-	358820	stromal	method1_distance	1.0
chr1:869685-870185	ENSG00000078808	SDF4	chr1	869685	870185	1232030	-	362095	stromal	method1_distance	1.0
chr1:869685-870185	ENSG00000107404	DVL1	chr1	869685	870185	1349417	-	479482	stromal	method1_distance	1.0
chr1:869685-870185	ENSG00000127054	INTS11	chr1	869685	870185	1324686	-	454751	stromal	method1_distance	1.0
chr1:869685-870185	ENSG00000131584	ACAP3	chr1	869685	870185	1309608	-	439673	stromal	method1_distance	1.0
chr1:869685-870185	ENSG00000131591	C1orf159	chr1	869685	870185	1116360	-	246425	stromal	method1_distance	1.0
chr1:869685-870185	ENSG00000160087	UBE2J2	chr1	869685	870185	1273863	-	403928	stromal	method1_distance	1.0
chr1:869685-870185	ENSG00000162571	TTLL10	chr1	869685	870185	1173879	+	303944	stromal	method1_distance	1.0
chr1:869685-870185	ENSG00000162572	SCNN1D	chr1	869685	870185	1280435	+	410500	stromal	method1_distance	1.0
chr1:869685-870185	ENSG00000162576	MXRA8	chr1	869685	870185	1361776	-	491841	stromal	method1_distance	1.0
chr1:869685-870185	ENSG00000169962	TAS1R3	chr1	869685	870185	1331279	+	461344	stromal	method1_distance	1.0
chr1:869685-870185	ENSG00000169972	PUSL1	chr1	869685	870185	1308596	+	438661	stromal	method1_distance	1.0
chr1:869685-870185	ENSG00000176022	B3GALT6	chr1	869685	870185	1232236	+	362301	stromal	method1_distance	1.0
chr1:869685-870185	ENSG00000184163	C1QTNF12	chr1	869685	870185	1246721	-	376786	stromal	method1_distance	1.0
chr1:869685-870185	ENSG00000186827	TNFRSF4	chr1	869685	870185	1214152	-	344217	stromal	method1_distance	1.0
chr1:869685-870185	ENSG00000186891	TNFRSF18	chr1	869685	870185	1206591	-	336656	stromal	method1_distance	1.0
chr1:869685-870185	ENSG00000187583	PLEKHN1	chr1	869685	870185	966481	+	96546	stromal	method1_distance	1.0
chr1:869685-870185	ENSG00000187608	ISG15	chr1	869685	870185	1001137	+	131202	stromal	method1_distance	1.0
chr1:869685-870185	ENSG00000187634	SAMD11	chr1	869685	870185	923922	+	53987	stromal	method1_distance	1.0
chr1:869685-870185	ENSG00000187642	PERM1	chr1	869685	870185	982116	-	112181	stromal	method1_distance	1.0
chr1:869685-870185	ENSG00000187961	KLHL17	chr1	869685	870185	960583	+	90648	stromal	method1_distance	1.0
chr1:869685-870185	ENSG00000188157	AGRN	chr1	869685	870185	1020119	+	150184	stromal	method1_distance	1.0
chr1:869685-870185	ENSG00000188290	HES4	chr1	869685	870185	1000171	-	130236	stromal	method1_distance	1.0
chr1:869685-870185	ENSG00000188976	NOC2L	chr1	869685	870185	959308	-	89373	stromal	method1_distance	1.0
chr1:869685-870185	ENSG00000224051	CPTP	chr1	869685	870185	1324755	+	454820	stromal	method1_distance	1.0
chr1:869685-870185	ENSG00000237330	RNF223	chr1	869685	870185	1074305	-	204370	stromal	method1_distance	1.0
chr1:869685-870185	ENSG00000284662	OR4F16	chr1	869685	870185	686653	-	183282	stromal	method1_distance	1.0
chr1:869685-870185	ENSG00000284733	OR4F29	chr1	869685	870185	500000	-	369935	stromal	method1_distance	1.0
chr1:890592-891092	ENSG00000078808	SDF4	chr1	890592	891092	1232030	-	341188	stromal	method1_distance	1.0
chr1:890592-891092	ENSG00000107404	DVL1	chr1	890592	891092	1349417	-	458575	stromal	method1_distance	1.0
chr1:890592-891092	ENSG00000127054	INTS11	chr1	890592	891092	1324686	-	433844	stromal	method1_distance	1.0
chr1:890592-891092	ENSG00000131584	ACAP3	chr1	890592	891092	1309608	-	418766	stromal	method1_distance	1.0
chr1:890592-891092	ENSG00000131591	C1orf159	chr1	890592	891092	1116360	-	225518	stromal	method1_distance	1.0
chr1:890592-891092	ENSG00000160087	UBE2J2	chr1	890592	891092	1273863	-	383021	stromal	method1_distance	1.0
chr1:890592-891092	ENSG00000162571	TTLL10	chr1	890592	891092	1173879	+	283037	stromal	method1_distance	1.0
chr1:890592-891092	ENSG00000162572	SCNN1D	chr1	890592	891092	1280435	+	389593	stromal	method1_distance	1.0
chr1:890592-891092	ENSG00000162576	MXRA8	chr1	890592	891092	1361776	-	470934	stromal	method1_distance	1.0
chr1:890592-891092	ENSG00000169962	TAS1R3	chr1	890592	891092	1331279	+	440437	stromal	method1_distance	1.0
chr1:890592-891092	ENSG00000169972	PUSL1	chr1	890592	891092	1308596	+	417754	stromal	method1_distance	1.0
chr1:890592-891092	ENSG00000175756	AURKAIP1	chr1	890592	891092	1375206	-	484364	stromal	method1_distance	1.0
chr1:890592-891092	ENSG00000176022	B3GALT6	chr1	890592	891092	1232236	+	341394	stromal	method1_distance	1.0
chr1:890592-891092	ENSG00000184163	C1QTNF12	chr1	890592	891092	1246721	-	355879	stromal	method1_distance	1.0
chr1:890592-891092	ENSG00000186827	TNFRSF4	chr1	890592	891092	1214152	-	323310	stromal	method1_distance	1.0
chr1:890592-891092	ENSG00000186891	TNFRSF18	chr1	890592	891092	1206591	-	315749	stromal	method1_distance	1.0
chr1:890592-891092	ENSG00000187583	PLEKHN1	chr1	890592	891092	966481	+	75639	stromal	method1_distance	1.0
chr1:890592-891092	ENSG00000187608	ISG15	chr1	890592	891092	1001137	+	110295	stromal	method1_distance	1.0
chr1:890592-891092	ENSG00000187634	SAMD11	chr1	890592	891092	923922	+	33080	stromal	method1_distance	1.0
chr1:890592-891092	ENSG00000187642	PERM1	chr1	890592	891092	982116	-	91274	stromal	method1_distance	1.0
chr1:890592-891092	ENSG00000187961	KLHL17	chr1	890592	891092	960583	+	69741	stromal	method1_distance	1.0
chr1:890592-891092	ENSG00000188157	AGRN	chr1	890592	891092	1020119	+	129277	stromal	method1_distance	1.0
chr1:890592-891092	ENSG00000188290	HES4	chr1	890592	891092	1000171	-	109329	stromal	method1_distance	1.0
chr1:890592-891092	ENSG00000188976	NOC2L	chr1	890592	891092	959308	-	68466	stromal	method1_distance	1.0
chr1:890592-891092	ENSG00000224051	CPTP	chr1	890592	891092	1324755	+	433913	stromal	method1_distance	1.0
chr1:890592-891092	ENSG00000237330	RNF223	chr1	890592	891092	1074305	-	183463	stromal	method1_distance	1.0
chr1:890592-891092	ENSG00000284662	OR4F16	chr1	890592	891092	686653	-	204189	stromal	method1_distance	1.0
chr1:890592-891092	ENSG00000284733	OR4F29	chr1	890592	891092	500000	-	390842	stromal	method1_distance	1.0
chr1:895422-895922	ENSG00000078808	SDF4	chr1	895422	895922	1232030	-	336358	stromal	method1_distance	1.0
chr1:895422-895922	ENSG00000107404	DVL1	chr1	895422	895922	1349417	-	453745	stromal	method1_distance	1.0
chr1:895422-895922	ENSG00000127054	INTS11	chr1	895422	895922	1324686	-	429014	stromal	method1_distance	1.0
chr1:895422-895922	ENSG00000131584	ACAP3	chr1	895422	895922	1309608	-	413936	stromal	method1_distance	1.0
chr1:895422-895922	ENSG00000131591	C1orf159	chr1	895422	895922	1116360	-	220688	stromal	method1_distance	1.0
chr1:895422-895922	ENSG00000160087	UBE2J2	chr1	895422	895922	1273863	-	378191	stromal	method1_distance	1.0
chr1:895422-895922	ENSG00000162571	TTLL10	chr1	895422	895922	1173879	+	278207	stromal	method1_distance	1.0
chr1:895422-895922	ENSG00000162572	SCNN1D	chr1	895422	895922	1280435	+	384763	stromal	method1_distance	1.0
chr1:895422-895922	ENSG00000162576	MXRA8	chr1	895422	895922	1361776	-	466104	stromal	method1_distance	1.0
chr1:895422-895922	ENSG00000169962	TAS1R3	chr1	895422	895922	1331279	+	435607	stromal	method1_distance	1.0
chr1:895422-895922	ENSG00000169972	PUSL1	chr1	895422	895922	1308596	+	412924	stromal	method1_distance	1.0
chr1:895422-895922	ENSG00000175756	AURKAIP1	chr1	895422	895922	1375206	-	479534	stromal	method1_distance	1.0
chr1:895422-895922	ENSG00000176022	B3GALT6	chr1	895422	895922	1232236	+	336564	stromal	method1_distance	1.0
chr1:895422-895922	ENSG00000184163	C1QTNF12	chr1	895422	895922	1246721	-	351049	stromal	method1_distance	1.0
chr1:895422-895922	ENSG00000186827	TNFRSF4	chr1	895422	895922	1214152	-	318480	stromal	method1_distance	1.0
chr1:895422-895922	ENSG00000186891	TNFRSF18	chr1	895422	895922	1206591	-	310919	stromal	method1_distance	1.0
chr1:895422-895922	ENSG00000187583	PLEKHN1	chr1	895422	895922	966481	+	70809	stromal	method1_distance	1.0
chr1:895422-895922	ENSG00000187608	ISG15	chr1	895422	895922	1001137	+	105465	stromal	method1_distance	1.0
chr1:895422-895922	ENSG00000187634	SAMD11	chr1	895422	895922	923922	+	28250	stromal	method1_distance	1.0
chr1:895422-895922	ENSG00000187642	PERM1	chr1	895422	895922	982116	-	86444	stromal	method1_distance	1.0
chr1:895422-895922	ENSG00000187961	KLHL17	chr1	895422	895922	960583	+	64911	stromal	method1_distance	1.0
chr1:895422-895922	ENSG00000188157	AGRN	chr1	895422	895922	1020119	+	124447	stromal	method1_distance	1.0
chr1:895422-895922	ENSG00000188290	HES4	chr1	895422	895922	1000171	-	104499	stromal	method1_distance	1.0
chr1:895422-895922	ENSG00000188976	NOC2L	chr1	895422	895922	959308	-	63636	stromal	method1_distance	1.0
chr1:895422-895922	ENSG00000224051	CPTP	chr1	895422	895922	1324755	+	429083	stromal	method1_distance	1.0
chr1:895422-895922	ENSG00000237330	RNF223	chr1	895422	895922	1074305	-	178633	stromal	method1_distance	1.0
chr1:895422-895922	ENSG00000284662	OR4F16	chr1	895422	895922	686653	-	209019	stromal	method1_distance	1.0
chr1:895422-895922	ENSG00000284733	OR4F29	chr1	895422	895922	500000	-	395672	stromal	method1_distance	1.0
chr1:898700-899200	ENSG00000078808	SDF4	chr1	898700	899200	1232030	-	333080	stromal	method1_distance	1.0
chr1:898700-899200	ENSG00000107404	DVL1	chr1	898700	899200	1349417	-	450467	stromal	method1_distance	1.0
chr1:898700-899200	ENSG00000127054	INTS11	chr1	898700	899200	1324686	-	425736	stromal	method1_distance	1.0
chr1:898700-899200	ENSG00000131584	ACAP3	chr1	898700	899200	1309608	-	410658	stromal	method1_distance	1.0
chr1:898700-899200	ENSG00000131591	C1orf159	chr1	898700	899200	1116360	-	217410	stromal	method1_distance	1.0
chr1:898700-899200	ENSG00000160087	UBE2J2	chr1	898700	899200	1273863	-	374913	stromal	method1_distance	1.0
chr1:898700-899200	ENSG00000162571	TTLL10	chr1	898700	899200	1173879	+	274929	stromal	method1_distance	1.0
chr1:898700-899200	ENSG00000162572	SCNN1D	chr1	898700	899200	1280435	+	381485	stromal	method1_distance	1.0
chr1:898700-899200	ENSG00000162576	MXRA8	chr1	898700	899200	1361776	-	462826	stromal	method1_distance	1.0
chr1:898700-899200	ENSG00000169962	TAS1R3	chr1	898700	899200	1331279	+	432329	stromal	method1_distance	1.0
chr1:898700-899200	ENSG00000169972	PUSL1	chr1	898700	899200	1308596	+	409646	stromal	method1_distance	1.0
chr1:898700-899200	ENSG00000175756	AURKAIP1	chr1	898700	899200	1375206	-	476256	stromal	method1_distance	1.0
chr1:898700-899200	ENSG00000176022	B3GALT6	chr1	898700	899200	1232236	+	333286	stromal	method1_distance	1.0
chr1:898700-899200	ENSG00000184163	C1QTNF12	chr1	898700	899200	1246721	-	347771	stromal	method1_distance	1.0
chr1:898700-899200	ENSG00000186827	TNFRSF4	chr1	898700	899200	1214152	-	315202	stromal	method1_distance	1.0
chr1:898700-899200	ENSG00000186891	TNFRSF18	chr1	898700	899200	1206591	-	307641	stromal	method1_distance	1.0
chr1:898700-899200	ENSG00000187583	PLEKHN1	chr1	898700	899200	966481	+	67531	stromal	method1_distance	1.0
chr1:898700-899200	ENSG00000187608	ISG15	chr1	898700	899200	1001137	+	102187	stromal	method1_distance	1.0
chr1:898700-899200	ENSG00000187634	SAMD11	chr1	898700	899200	923922	+	24972	stromal	method1_distance	1.0
chr1:898700-899200	ENSG00000187642	PERM1	chr1	898700	899200	982116	-	83166	stromal	method1_distance	1.0
chr1:898700-899200	ENSG00000187961	KLHL17	chr1	898700	899200	960583	+	61633	stromal	method1_distance	1.0
chr1:898700-899200	ENSG00000188157	AGRN	chr1	898700	899200	1020119	+	121169	stromal	method1_distance	1.0
chr1:898700-899200	ENSG00000188290	HES4	chr1	898700	899200	1000171	-	101221	stromal	method1_distance	1.0
chr1:898700-899200	ENSG00000188976	NOC2L	chr1	898700	899200	959308	-	60358	stromal	method1_distance	1.0
chr1:898700-899200	ENSG00000224051	CPTP	chr1	898700	899200	1324755	+	425805	stromal	method1_distance	1.0
chr1:898700-899200	ENSG00000237330	RNF223	chr1	898700	899200	1074305	-	175355	stromal	method1_distance	1.0
chr1:898700-899200	ENSG00000284662	OR4F16	chr1	898700	899200	686653	-	212297	stromal	method1_distance	1.0
chr1:898700-899200	ENSG00000284733	OR4F29	chr1	898700	899200	500000	-	398950	stromal	method1_distance	1.0
chr1:903710-904210	ENSG00000078808	SDF4	chr1	903710	904210	1232030	-	328070	stromal	method1_distance	1.0
chr1:903710-904210	ENSG00000107404	DVL1	chr1	903710	904210	1349417	-	445457	stromal	method1_distance	1.0
chr1:903710-904210	ENSG00000127054	INTS11	chr1	903710	904210	1324686	-	420726	stromal	method1_distance	1.0
chr1:903710-904210	ENSG00000131584	ACAP3	chr1	903710	904210	1309608	-	405648	stromal	method1_distance	1.0
chr1:903710-904210	ENSG00000131591	C1orf159	chr1	903710	904210	1116360	-	212400	stromal	method1_distance	1.0
chr1:903710-904210	ENSG00000160087	UBE2J2	chr1	903710	904210	1273863	-	369903	stromal	method1_distance	1.0
chr1:903710-904210	ENSG00000162571	TTLL10	chr1	903710	904210	1173879	+	269919	stromal	method1_distance	1.0
chr1:903710-904210	ENSG00000162572	SCNN1D	chr1	903710	904210	1280435	+	376475	stromal	method1_distance	1.0
chr1:903710-904210	ENSG00000162576	MXRA8	chr1	903710	904210	1361776	-	457816	stromal	method1_distance	1.0
chr1:903710-904210	ENSG00000169962	TAS1R3	chr1	903710	904210	1331279	+	427319	stromal	method1_distance	1.0
chr1:903710-904210	ENSG00000169972	PUSL1	chr1	903710	904210	1308596	+	404636	stromal	method1_distance	1.0
chr1:903710-904210	ENSG00000175756	AURKAIP1	chr1	903710	904210	1375206	-	471246	stromal	method1_distance	1.0
chr1:903710-904210	ENSG00000176022	B3GALT6	chr1	903710	904210	1232236	+	328276	stromal	method1_distance	1.0
chr1:903710-904210	ENSG00000184163	C1QTNF12	chr1	903710	904210	1246721	-	342761	stromal	method1_distance	1.0
chr1:903710-904210	ENSG00000186827	TNFRSF4	chr1	903710	904210	1214152	-	310192	stromal	method1_distance	1.0
chr1:903710-904210	ENSG00000186891	TNFRSF18	chr1	903710	904210	1206591	-	302631	stromal	method1_distance	1.0
chr1:903710-904210	ENSG00000187583	PLEKHN1	chr1	903710	904210	966481	+	62521	stromal	method1_distance	1.0
chr1:903710-904210	ENSG00000187608	ISG15	chr1	903710	904210	1001137	+	97177	stromal	method1_distance	1.0
chr1:903710-904210	ENSG00000187634	SAMD11	chr1	903710	904210	923922	+	19962	stromal	method1_distance	1.0
chr1:903710-904210	ENSG00000187642	PERM1	chr1	903710	904210	982116	-	78156	stromal	method1_distance	1.0
chr1:903710-904210	ENSG00000187961	KLHL17	chr1	903710	904210	960583	+	56623	stromal	method1_distance	1.0
chr1:903710-904210	ENSG00000188157	AGRN	chr1	903710	904210	1020119	+	116159	stromal	method1_distance	1.0
chr1:903710-904210	ENSG00000188290	HES4	chr1	903710	904210	1000171	-	96211	stromal	method1_distance	1.0
chr1:903710-904210	ENSG00000188976	NOC2L	chr1	903710	904210	959308	-	55348	stromal	method1_distance	1.0
chr1:903710-904210	ENSG00000221978	CCNL2	chr1	903710	904210	1399334	-	495374	stromal	method1_distance	1.0
chr1:903710-904210	ENSG00000224051	CPTP	chr1	903710	904210	1324755	+	420795	stromal	method1_distance	1.0
chr1:903710-904210	ENSG00000237330	RNF223	chr1	903710	904210	1074305	-	170345	stromal	method1_distance	1.0
chr1:903710-904210	ENSG00000284662	OR4F16	chr1	903710	904210	686653	-	217307	stromal	method1_distance	1.0
chr1:903710-904210	ENSG00000284733	OR4F29	chr1	903710	904210	500000	-	403960	stromal	method1_distance	1.0
chr1:904529-905029	ENSG00000078808	SDF4	chr1	904529	905029	1232030	-	327251	stromal	method1_distance	1.0
chr1:904529-905029	ENSG00000107404	DVL1	chr1	904529	905029	1349417	-	444638	stromal	method1_distance	1.0
chr1:904529-905029	ENSG00000127054	INTS11	chr1	904529	905029	1324686	-	419907	stromal	method1_distance	1.0
chr1:904529-905029	ENSG00000131584	ACAP3	chr1	904529	905029	1309608	-	404829	stromal	method1_distance	1.0
chr1:904529-905029	ENSG00000131591	C1orf159	chr1	904529	905029	1116360	-	211581	stromal	method1_distance	1.0
chr1:904529-905029	ENSG00000160087	UBE2J2	chr1	904529	905029	1273863	-	369084	stromal	method1_distance	1.0
chr1:904529-905029	ENSG00000162571	TTLL10	chr1	904529	905029	1173879	+	269100	stromal	method1_distance	1.0
chr1:904529-905029	ENSG00000162572	SCNN1D	chr1	904529	905029	1280435	+	375656	stromal	method1_distance	1.0
chr1:904529-905029	ENSG00000162576	MXRA8	chr1	904529	905029	1361776	-	456997	stromal	method1_distance	1.0
chr1:904529-905029	ENSG00000169962	TAS1R3	chr1	904529	905029	1331279	+	426500	stromal	method1_distance	1.0
chr1:904529-905029	ENSG00000169972	PUSL1	chr1	904529	905029	1308596	+	403817	stromal	method1_distance	1.0
chr1:904529-905029	ENSG00000175756	AURKAIP1	chr1	904529	905029	1375206	-	470427	stromal	method1_distance	1.0
chr1:904529-905029	ENSG00000176022	B3GALT6	chr1	904529	905029	1232236	+	327457	stromal	method1_distance	1.0
chr1:904529-905029	ENSG00000184163	C1QTNF12	chr1	904529	905029	1246721	-	341942	stromal	method1_distance	1.0
chr1:904529-905029	ENSG00000186827	TNFRSF4	chr1	904529	905029	1214152	-	309373	stromal	method1_distance	1.0
chr1:904529-905029	ENSG00000186891	TNFRSF18	chr1	904529	905029	1206591	-	301812	stromal	method1_distance	1.0
chr1:904529-905029	ENSG00000187583	PLEKHN1	chr1	904529	905029	966481	+	61702	stromal	method1_distance	1.0
chr1:904529-905029	ENSG00000187608	ISG15	chr1	904529	905029	1001137	+	96358	stromal	method1_distance	1.0
chr1:904529-905029	ENSG00000187634	SAMD11	chr1	904529	905029	923922	+	19143	stromal	method1_distance	1.0
chr1:904529-905029	ENSG00000187642	PERM1	chr1	904529	905029	982116	-	77337	stromal	method1_distance	1.0
chr1:904529-905029	ENSG00000187961	KLHL17	chr1	904529	905029	960583	+	55804	stromal	method1_distance	1.0
chr1:904529-905029	ENSG00000188157	AGRN	chr1	904529	905029	1020119	+	115340	stromal	method1_distance	1.0
chr1:904529-905029	ENSG00000188290	HES4	chr1	904529	905029	1000171	-	95392	stromal	method1_distance	1.0
chr1:904529-905029	ENSG00000188976	NOC2L	chr1	904529	905029	959308	-	54529	stromal	method1_distance	1.0
chr1:904529-905029	ENSG00000221978	CCNL2	chr1	904529	905029	1399334	-	494555	stromal	method1_distance	1.0
chr1:904529-905029	ENSG00000224051	CPTP	chr1	904529	905029	1324755	+	419976	stromal	method1_distance	1.0
chr1:904529-905029	ENSG00000237330	RNF223	chr1	904529	905029	1074305	-	169526	stromal	method1_distance	1.0
chr1:904529-905029	ENSG00000284662	OR4F16	chr1	904529	905029	686653	-	218126	stromal	method1_distance	1.0
chr1:904529-905029	ENSG00000284733	OR4F29	chr1	904529	905029	500000	-	404779	stromal	method1_distance	1.0
chr1:905182-905682	ENSG00000078808	SDF4	chr1	905182	905682	1232030	-	326598	stromal	method1_distance	1.0
chr1:905182-905682	ENSG00000107404	DVL1	chr1	905182	905682	1349417	-	443985	stromal	method1_distance	1.0
chr1:905182-905682	ENSG00000127054	INTS11	chr1	905182	905682	1324686	-	419254	stromal	method1_distance	1.0
chr1:905182-905682	ENSG00000131584	ACAP3	chr1	905182	905682	1309608	-	404176	stromal	method1_distance	1.0
chr1:905182-905682	ENSG00000131591	C1orf159	chr1	905182	905682	1116360	-	210928	stromal	method1_distance	1.0
chr1:905182-905682	ENSG00000160087	UBE2J2	chr1	905182	905682	1273863	-	368431	stromal	method1_distance	1.0
chr1:905182-905682	ENSG00000162571	TTLL10	chr1	905182	905682	1173879	+	268447	stromal	method1_distance	1.0
chr1:905182-905682	ENSG00000162572	SCNN1D	chr1	905182	905682	1280435	+	375003	stromal	method1_distance	1.0
chr1:905182-905682	ENSG00000162576	MXRA8	chr1	905182	905682	1361776	-	456344	stromal	method1_distance	1.0
chr1:905182-905682	ENSG00000169962	TAS1R3	chr1	905182	905682	1331279	+	425847	stromal	method1_distance	1.0
chr1:905182-905682	ENSG00000169972	PUSL1	chr1	905182	905682	1308596	+	403164	stromal	method1_distance	1.0
chr1:905182-905682	ENSG00000175756	AURKAIP1	chr1	905182	905682	1375206	-	469774	stromal	method1_distance	1.0
chr1:905182-905682	ENSG00000176022	B3GALT6	chr1	905182	905682	1232236	+	326804	stromal	method1_distance	1.0
chr1:905182-905682	ENSG00000184163	C1QTNF12	chr1	905182	905682	1246721	-	341289	stromal	method1_distance	1.0
chr1:905182-905682	ENSG00000186827	TNFRSF4	chr1	905182	905682	1214152	-	308720	stromal	method1_distance	1.0
chr1:905182-905682	ENSG00000186891	TNFRSF18	chr1	905182	905682	1206591	-	301159	stromal	method1_distance	1.0
chr1:905182-905682	ENSG00000187583	PLEKHN1	chr1	905182	905682	966481	+	61049	stromal	method1_distance	1.0
chr1:905182-905682	ENSG00000187608	ISG15	chr1	905182	905682	1001137	+	95705	stromal	method1_distance	1.0
chr1:905182-905682	ENSG00000187634	SAMD11	chr1	905182	905682	923922	+	18490	stromal	method1_distance	1.0
chr1:905182-905682	ENSG00000187642	PERM1	chr1	905182	905682	982116	-	76684	stromal	method1_distance	1.0
chr1:905182-905682	ENSG00000187961	KLHL17	chr1	905182	905682	960583	+	55151	stromal	method1_distance	1.0
chr1:905182-905682	ENSG00000188157	AGRN	chr1	905182	905682	1020119	+	114687	stromal	method1_distance	1.0
chr1:905182-905682	ENSG00000188290	HES4	chr1	905182	905682	1000171	-	94739	stromal	method1_distance	1.0
chr1:905182-905682	ENSG00000188976	NOC2L	chr1	905182	905682	959308	-	53876	stromal	method1_distance	1.0
chr1:905182-905682	ENSG00000221978	CCNL2	chr1	905182	905682	1399334	-	493902	stromal	method1_distance	1.0
chr1:905182-905682	ENSG00000224051	CPTP	chr1	905182	905682	1324755	+	419323	stromal	method1_distance	1.0
chr1:905182-905682	ENSG00000237330	RNF223	chr1	905182	905682	1074305	-	168873	stromal	method1_distance	1.0
chr1:905182-905682	ENSG00000284662	OR4F16	chr1	905182	905682	686653	-	218779	stromal	method1_distance	1.0
chr1:905182-905682	ENSG00000284733	OR4F29	chr1	905182	905682	500000	-	405432	stromal	method1_distance	1.0
chr1:906061-906561	ENSG00000078808	SDF4	chr1	906061	906561	1232030	-	325719	stromal	method1_distance	1.0
chr1:906061-906561	ENSG00000107404	DVL1	chr1	906061	906561	1349417	-	443106	stromal	method1_distance	1.0
chr1:906061-906561	ENSG00000127054	INTS11	chr1	906061	906561	1324686	-	418375	stromal	method1_distance	1.0
chr1:906061-906561	ENSG00000131584	ACAP3	chr1	906061	906561	1309608	-	403297	stromal	method1_distance	1.0
chr1:906061-906561	ENSG00000131591	C1orf159	chr1	906061	906561	1116360	-	210049	stromal	method1_distance	1.0
chr1:906061-906561	ENSG00000160087	UBE2J2	chr1	906061	906561	1273863	-	367552	stromal	method1_distance	1.0
chr1:906061-906561	ENSG00000162571	TTLL10	chr1	906061	906561	1173879	+	267568	stromal	method1_distance	1.0
chr1:906061-906561	ENSG00000162572	SCNN1D	chr1	906061	906561	1280435	+	374124	stromal	method1_distance	1.0
chr1:906061-906561	ENSG00000162576	MXRA8	chr1	906061	906561	1361776	-	455465	stromal	method1_distance	1.0
chr1:906061-906561	ENSG00000169962	TAS1R3	chr1	906061	906561	1331279	+	424968	stromal	method1_distance	1.0
chr1:906061-906561	ENSG00000169972	PUSL1	chr1	906061	906561	1308596	+	402285	stromal	method1_distance	1.0
chr1:906061-906561	ENSG00000175756	AURKAIP1	chr1	906061	906561	1375206	-	468895	stromal	method1_distance	1.0
chr1:906061-906561	ENSG00000176022	B3GALT6	chr1	906061	906561	1232236	+	325925	stromal	method1_distance	1.0
chr1:906061-906561	ENSG00000184163	C1QTNF12	chr1	906061	906561	1246721	-	340410	stromal	method1_distance	1.0
chr1:906061-906561	ENSG00000186827	TNFRSF4	chr1	906061	906561	1214152	-	307841	stromal	method1_distance	1.0
chr1:906061-906561	ENSG00000186891	TNFRSF18	chr1	906061	906561	1206591	-	300280	stromal	method1_distance	1.0
chr1:906061-906561	ENSG00000187583	PLEKHN1	chr1	906061	906561	966481	+	60170	stromal	method1_distance	1.0
chr1:906061-906561	ENSG00000187608	ISG15	chr1	906061	906561	1001137	+	94826	stromal	method1_distance	1.0
chr1:906061-906561	ENSG00000187634	SAMD11	chr1	906061	906561	923922	+	17611	stromal	method1_distance	1.0
chr1:906061-906561	ENSG00000187642	PERM1	chr1	906061	906561	982116	-	75805	stromal	method1_distance	1.0
chr1:906061-906561	ENSG00000187961	KLHL17	chr1	906061	906561	960583	+	54272	stromal	method1_distance	1.0
chr1:906061-906561	ENSG00000188157	AGRN	chr1	906061	906561	1020119	+	113808	stromal	method1_distance	1.0
chr1:906061-906561	ENSG00000188290	HES4	chr1	906061	906561	1000171	-	93860	stromal	method1_distance	1.0
chr1:906061-906561	ENSG00000188976	NOC2L	chr1	906061	906561	959308	-	52997	stromal	method1_distance	1.0
chr1:906061-906561	ENSG00000221978	CCNL2	chr1	906061	906561	1399334	-	493023	stromal	method1_distance	1.0
chr1:906061-906561	ENSG00000224051	CPTP	chr1	906061	906561	1324755	+	418444	stromal	method1_distance	1.0
chr1:906061-906561	ENSG00000237330	RNF223	chr1	906061	906561	1074305	-	167994	stromal	method1_distance	1.0
chr1:906061-906561	ENSG00000284662	OR4F16	chr1	906061	906561	686653	-	219658	stromal	method1_distance	1.0
chr1:906061-906561	ENSG00000284733	OR4F29	chr1	906061	906561	500000	-	406311	stromal	method1_distance	1.0
chr1:906752-907252	ENSG00000078808	SDF4	chr1	906752	907252	1232030	-	325028	stromal	method1_distance	1.0
chr1:906752-907252	ENSG00000107404	DVL1	chr1	906752	907252	1349417	-	442415	stromal	method1_distance	1.0
chr1:906752-907252	ENSG00000127054	INTS11	chr1	906752	907252	1324686	-	417684	stromal	method1_distance	1.0
chr1:906752-907252	ENSG00000131584	ACAP3	chr1	906752	907252	1309608	-	402606	stromal	method1_distance	1.0
chr1:906752-907252	ENSG00000131591	C1orf159	chr1	906752	907252	1116360	-	209358	stromal	method1_distance	1.0
chr1:906752-907252	ENSG00000160087	UBE2J2	chr1	906752	907252	1273863	-	366861	stromal	method1_distance	1.0
chr1:906752-907252	ENSG00000162571	TTLL10	chr1	906752	907252	1173879	+	266877	stromal	method1_distance	1.0
chr1:906752-907252	ENSG00000162572	SCNN1D	chr1	906752	907252	1280435	+	373433	stromal	method1_distance	1.0
chr1:906752-907252	ENSG00000162576	MXRA8	chr1	906752	907252	1361776	-	454774	stromal	method1_distance	1.0
chr1:906752-907252	ENSG00000169962	TAS1R3	chr1	906752	907252	1331279	+	424277	stromal	method1_distance	1.0
chr1:906752-907252	ENSG00000169972	PUSL1	chr1	906752	907252	1308596	+	401594	stromal	method1_distance	1.0
chr1:906752-907252	ENSG00000175756	AURKAIP1	chr1	906752	907252	1375206	-	468204	stromal	method1_distance	1.0
chr1:906752-907252	ENSG00000176022	B3GALT6	chr1	906752	907252	1232236	+	325234	stromal	method1_distance	1.0
chr1:906752-907252	ENSG00000184163	C1QTNF12	chr1	906752	907252	1246721	-	339719	stromal	method1_distance	1.0
chr1:906752-907252	ENSG00000186827	TNFRSF4	chr1	906752	907252	1214152	-	307150	stromal	method1_distance	1.0
chr1:906752-907252	ENSG00000186891	TNFRSF18	chr1	906752	907252	1206591	-	299589	stromal	method1_distance	1.0
chr1:906752-907252	ENSG00000187583	PLEKHN1	chr1	906752	907252	966481	+	59479	stromal	method1_distance	1.0
chr1:906752-907252	ENSG00000187608	ISG15	chr1	906752	907252	1001137	+	94135	stromal	method1_distance	1.0
chr1:906752-907252	ENSG00000187634	SAMD11	chr1	906752	907252	923922	+	16920	stromal	method1_distance	1.0
chr1:906752-907252	ENSG00000187642	PERM1	chr1	906752	907252	982116	-	75114	stromal	method1_distance	1.0
chr1:906752-907252	ENSG00000187961	KLHL17	chr1	906752	907252	960583	+	53581	stromal	method1_distance	1.0
chr1:906752-907252	ENSG00000188157	AGRN	chr1	906752	907252	1020119	+	113117	stromal	method1_distance	1.0
chr1:906752-907252	ENSG00000188290	HES4	chr1	906752	907252	1000171	-	93169	stromal	method1_distance	1.0
chr1:906752-907252	ENSG00000188976	NOC2L	chr1	906752	907252	959308	-	52306	stromal	method1_distance	1.0
chr1:906752-907252	ENSG00000221978	CCNL2	chr1	906752	907252	1399334	-	492332	stromal	method1_distance	1.0
chr1:906752-907252	ENSG00000224051	CPTP	chr1	906752	907252	1324755	+	417753	stromal	method1_distance	1.0
chr1:906752-907252	ENSG00000237330	RNF223	chr1	906752	907252	1074305	-	167303	stromal	method1_distance	1.0
chr1:906752-907252	ENSG00000284662	OR4F16	chr1	906752	907252	686653	-	220349	stromal	method1_distance	1.0
chr1:906752-907252	ENSG00000284733	OR4F29	chr1	906752	907252	500000	-	407002	stromal	method1_distance	1.0
chr1:907712-908212	ENSG00000078808	SDF4	chr1	907712	908212	1232030	-	324068	stromal	method1_distance	1.0
chr1:907712-908212	ENSG00000107404	DVL1	chr1	907712	908212	1349417	-	441455	stromal	method1_distance	1.0
chr1:907712-908212	ENSG00000127054	INTS11	chr1	907712	908212	1324686	-	416724	stromal	method1_distance	1.0
chr1:907712-908212	ENSG00000131584	ACAP3	chr1	907712	908212	1309608	-	401646	stromal	method1_distance	1.0
chr1:907712-908212	ENSG00000131591	C1orf159	chr1	907712	908212	1116360	-	208398	stromal	method1_distance	1.0
chr1:907712-908212	ENSG00000160087	UBE2J2	chr1	907712	908212	1273863	-	365901	stromal	method1_distance	1.0
chr1:907712-908212	ENSG00000162571	TTLL10	chr1	907712	908212	1173879	+	265917	stromal	method1_distance	1.0
chr1:907712-908212	ENSG00000162572	SCNN1D	chr1	907712	908212	1280435	+	372473	stromal	method1_distance	1.0
chr1:907712-908212	ENSG00000162576	MXRA8	chr1	907712	908212	1361776	-	453814	stromal	method1_distance	1.0
chr1:907712-908212	ENSG00000169962	TAS1R3	chr1	907712	908212	1331279	+	423317	stromal	method1_distance	1.0
chr1:907712-908212	ENSG00000169972	PUSL1	chr1	907712	908212	1308596	+	400634	stromal	method1_distance	1.0
chr1:907712-908212	ENSG00000175756	AURKAIP1	chr1	907712	908212	1375206	-	467244	stromal	method1_distance	1.0
chr1:907712-908212	ENSG00000176022	B3GALT6	chr1	907712	908212	1232236	+	324274	stromal	method1_distance	1.0
chr1:907712-908212	ENSG00000184163	C1QTNF12	chr1	907712	908212	1246721	-	338759	stromal	method1_distance	1.0
chr1:907712-908212	ENSG00000186827	TNFRSF4	chr1	907712	908212	1214152	-	306190	stromal	method1_distance	1.0
chr1:907712-908212	ENSG00000186891	TNFRSF18	chr1	907712	908212	1206591	-	298629	stromal	method1_distance	1.0
chr1:907712-908212	ENSG00000187583	PLEKHN1	chr1	907712	908212	966481	+	58519	stromal	method1_distance	1.0
chr1:907712-908212	ENSG00000187608	ISG15	chr1	907712	908212	1001137	+	93175	stromal	method1_distance	1.0
chr1:907712-908212	ENSG00000187634	SAMD11	chr1	907712	908212	923922	+	15960	stromal	method1_distance	1.0
chr1:907712-908212	ENSG00000187642	PERM1	chr1	907712	908212	982116	-	74154	stromal	method1_distance	1.0
chr1:907712-908212	ENSG00000187961	KLHL17	chr1	907712	908212	960583	+	52621	stromal	method1_distance	1.0
chr1:907712-908212	ENSG00000188157	AGRN	chr1	907712	908212	1020119	+	112157	stromal	method1_distance	1.0
chr1:907712-908212	ENSG00000188290	HES4	chr1	907712	908212	1000171	-	92209	stromal	method1_distance	1.0
chr1:907712-908212	ENSG00000188976	NOC2L	chr1	907712	908212	959308	-	51346	stromal	method1_distance	1.0
chr1:907712-908212	ENSG00000221978	CCNL2	chr1	907712	908212	1399334	-	491372	stromal	method1_distance	1.0
chr1:907712-908212	ENSG00000224051	CPTP	chr1	907712	908212	1324755	+	416793	stromal	method1_distance	1.0
chr1:907712-908212	ENSG00000237330	RNF223	chr1	907712	908212	1074305	-	166343	stromal	method1_distance	1.0
chr1:907712-908212	ENSG00000242485	MRPL20	chr1	907712	908212	1407292	-	499330	stromal	method1_distance	1.0
chr1:907712-908212	ENSG00000284662	OR4F16	chr1	907712	908212	686653	-	221309	stromal	method1_distance	1.0
chr1:907712-908212	ENSG00000284733	OR4F29	chr1	907712	908212	500000	-	407962	stromal	method1_distance	1.0
chr1:909786-910286	ENSG00000078808	SDF4	chr1	909786	910286	1232030	-	321994	stromal	method1_distance	1.0
chr1:909786-910286	ENSG00000107404	DVL1	chr1	909786	910286	1349417	-	439381	stromal	method1_distance	1.0
chr1:909786-910286	ENSG00000127054	INTS11	chr1	909786	910286	1324686	-	414650	stromal	method1_distance	1.0
chr1:909786-910286	ENSG00000131584	ACAP3	chr1	909786	910286	1309608	-	399572	stromal	method1_distance	1.0
chr1:909786-910286	ENSG00000131591	C1orf159	chr1	909786	910286	1116360	-	206324	stromal	method1_distance	1.0
chr1:909786-910286	ENSG00000160087	UBE2J2	chr1	909786	910286	1273863	-	363827	stromal	method1_distance	1.0
chr1:909786-910286	ENSG00000162571	TTLL10	chr1	909786	910286	1173879	+	263843	stromal	method1_distance	1.0
chr1:909786-910286	ENSG00000162572	SCNN1D	chr1	909786	910286	1280435	+	370399	stromal	method1_distance	1.0
chr1:909786-910286	ENSG00000162576	MXRA8	chr1	909786	910286	1361776	-	451740	stromal	method1_distance	1.0
chr1:909786-910286	ENSG00000169962	TAS1R3	chr1	909786	910286	1331279	+	421243	stromal	method1_distance	1.0
chr1:909786-910286	ENSG00000169972	PUSL1	chr1	909786	910286	1308596	+	398560	stromal	method1_distance	1.0
chr1:909786-910286	ENSG00000175756	AURKAIP1	chr1	909786	910286	1375206	-	465170	stromal	method1_distance	1.0
chr1:909786-910286	ENSG00000176022	B3GALT6	chr1	909786	910286	1232236	+	322200	stromal	method1_distance	1.0
chr1:909786-910286	ENSG00000184163	C1QTNF12	chr1	909786	910286	1246721	-	336685	stromal	method1_distance	1.0
chr1:909786-910286	ENSG00000186827	TNFRSF4	chr1	909786	910286	1214152	-	304116	stromal	method1_distance	1.0
chr1:909786-910286	ENSG00000186891	TNFRSF18	chr1	909786	910286	1206591	-	296555	stromal	method1_distance	1.0
chr1:909786-910286	ENSG00000187583	PLEKHN1	chr1	909786	910286	966481	+	56445	stromal	method1_distance	1.0
chr1:909786-910286	ENSG00000187608	ISG15	chr1	909786	910286	1001137	+	91101	stromal	method1_distance	1.0
chr1:909786-910286	ENSG00000187634	SAMD11	chr1	909786	910286	923922	+	13886	stromal	method1_distance	1.0
chr1:909786-910286	ENSG00000187642	PERM1	chr1	909786	910286	982116	-	72080	stromal	method1_distance	1.0
chr1:909786-910286	ENSG00000187961	KLHL17	chr1	909786	910286	960583	+	50547	stromal	method1_distance	1.0
chr1:909786-910286	ENSG00000188157	AGRN	chr1	909786	910286	1020119	+	110083	stromal	method1_distance	1.0
chr1:909786-910286	ENSG00000188290	HES4	chr1	909786	910286	1000171	-	90135	stromal	method1_distance	1.0
chr1:909786-910286	ENSG00000188976	NOC2L	chr1	909786	910286	959308	-	49272	stromal	method1_distance	1.0
chr1:909786-910286	ENSG00000221978	CCNL2	chr1	909786	910286	1399334	-	489298	stromal	method1_distance	1.0
chr1:909786-910286	ENSG00000224051	CPTP	chr1	909786	910286	1324755	+	414719	stromal	method1_distance	1.0
chr1:909786-910286	ENSG00000237330	RNF223	chr1	909786	910286	1074305	-	164269	stromal	method1_distance	1.0
chr1:909786-910286	ENSG00000242485	MRPL20	chr1	909786	910286	1407292	-	497256	stromal	method1_distance	1.0
chr1:909786-910286	ENSG00000284662	OR4F16	chr1	909786	910286	686653	-	223383	stromal	method1_distance	1.0
chr1:909786-910286	ENSG00000284733	OR4F29	chr1	909786	910286	500000	-	410036	stromal	method1_distance	1.0
chr1:910383-910883	ENSG00000078808	SDF4	chr1	910383	910883	1232030	-	321397	stromal	method1_distance	1.0
chr1:910383-910883	ENSG00000107404	DVL1	chr1	910383	910883	1349417	-	438784	stromal	method1_distance	1.0
chr1:910383-910883	ENSG00000127054	INTS11	chr1	910383	910883	1324686	-	414053	stromal	method1_distance	1.0
chr1:910383-910883	ENSG00000131584	ACAP3	chr1	910383	910883	1309608	-	398975	stromal	method1_distance	1.0
chr1:910383-910883	ENSG00000131591	C1orf159	chr1	910383	910883	1116360	-	205727	stromal	method1_distance	1.0
chr1:910383-910883	ENSG00000160087	UBE2J2	chr1	910383	910883	1273863	-	363230	stromal	method1_distance	1.0
chr1:910383-910883	ENSG00000162571	TTLL10	chr1	910383	910883	1173879	+	263246	stromal	method1_distance	1.0
chr1:910383-910883	ENSG00000162572	SCNN1D	chr1	910383	910883	1280435	+	369802	stromal	method1_distance	1.0
chr1:910383-910883	ENSG00000162576	MXRA8	chr1	910383	910883	1361776	-	451143	stromal	method1_distance	1.0
chr1:910383-910883	ENSG00000169962	TAS1R3	chr1	910383	910883	1331279	+	420646	stromal	method1_distance	1.0
chr1:910383-910883	ENSG00000169972	PUSL1	chr1	910383	910883	1308596	+	397963	stromal	method1_distance	1.0
chr1:910383-910883	ENSG00000175756	AURKAIP1	chr1	910383	910883	1375206	-	464573	stromal	method1_distance	1.0
chr1:910383-910883	ENSG00000176022	B3GALT6	chr1	910383	910883	1232236	+	321603	stromal	method1_distance	1.0
chr1:910383-910883	ENSG00000184163	C1QTNF12	chr1	910383	910883	1246721	-	336088	stromal	method1_distance	1.0
chr1:910383-910883	ENSG00000186827	TNFRSF4	chr1	910383	910883	1214152	-	303519	stromal	method1_distance	1.0
chr1:910383-910883	ENSG00000186891	TNFRSF18	chr1	910383	910883	1206591	-	295958	stromal	method1_distance	1.0
chr1:910383-910883	ENSG00000187583	PLEKHN1	chr1	910383	910883	966481	+	55848	stromal	method1_distance	1.0
chr1:910383-910883	ENSG00000187608	ISG15	chr1	910383	910883	1001137	+	90504	stromal	method1_distance	1.0
chr1:910383-910883	ENSG00000187634	SAMD11	chr1	910383	910883	923922	+	13289	stromal	method1_distance	1.0
chr1:910383-910883	ENSG00000187642	PERM1	chr1	910383	910883	982116	-	71483	stromal	method1_distance	1.0
chr1:910383-910883	ENSG00000187961	KLHL17	chr1	910383	910883	960583	+	49950	stromal	method1_distance	1.0
chr1:910383-910883	ENSG00000188157	AGRN	chr1	910383	910883	1020119	+	109486	stromal	method1_distance	1.0
chr1:910383-910883	ENSG00000188290	HES4	chr1	910383	910883	1000171	-	89538	stromal	method1_distance	1.0
chr1:910383-910883	ENSG00000188976	NOC2L	chr1	910383	910883	959308	-	48675	stromal	method1_distance	1.0
chr1:910383-910883	ENSG00000221978	CCNL2	chr1	910383	910883	1399334	-	488701	stromal	method1_distance	1.0
chr1:910383-910883	ENSG00000224051	CPTP	chr1	910383	910883	1324755	+	414122	stromal	method1_distance	1.0
chr1:910383-910883	ENSG00000237330	RNF223	chr1	910383	910883	1074305	-	163672	stromal	method1_distance	1.0
chr1:910383-910883	ENSG00000242485	MRPL20	chr1	910383	910883	1407292	-	496659	stromal	method1_distance	1.0
chr1:910383-910883	ENSG00000284662	OR4F16	chr1	910383	910883	686653	-	223980	stromal	method1_distance	1.0
chr1:910383-910883	ENSG00000284733	OR4F29	chr1	910383	910883	500000	-	410633	stromal	method1_distance	1.0
chr1:911042-911542	ENSG00000078808	SDF4	chr1	911042	911542	1232030	-	320738	stromal	method1_distance	1.0
chr1:911042-911542	ENSG00000107404	DVL1	chr1	911042	911542	1349417	-	438125	stromal	method1_distance	1.0
chr1:911042-911542	ENSG00000127054	INTS11	chr1	911042	911542	1324686	-	413394	stromal	method1_distance	1.0
chr1:911042-911542	ENSG00000131584	ACAP3	chr1	911042	911542	1309608	-	398316	stromal	method1_distance	1.0
chr1:911042-911542	ENSG00000131591	C1orf159	chr1	911042	911542	1116360	-	205068	stromal	method1_distance	1.0
chr1:911042-911542	ENSG00000160087	UBE2J2	chr1	911042	911542	1273863	-	362571	stromal	method1_distance	1.0
chr1:911042-911542	ENSG00000162571	TTLL10	chr1	911042	911542	1173879	+	262587	stromal	method1_distance	1.0
chr1:911042-911542	ENSG00000162572	SCNN1D	chr1	911042	911542	1280435	+	369143	stromal	method1_distance	1.0
chr1:911042-911542	ENSG00000162576	MXRA8	chr1	911042	911542	1361776	-	450484	stromal	method1_distance	1.0
chr1:911042-911542	ENSG00000169962	TAS1R3	chr1	911042	911542	1331279	+	419987	stromal	method1_distance	1.0
chr1:911042-911542	ENSG00000169972	PUSL1	chr1	911042	911542	1308596	+	397304	stromal	method1_distance	1.0
chr1:911042-911542	ENSG00000175756	AURKAIP1	chr1	911042	911542	1375206	-	463914	stromal	method1_distance	1.0
chr1:911042-911542	ENSG00000176022	B3GALT6	chr1	911042	911542	1232236	+	320944	stromal	method1_distance	1.0
chr1:911042-911542	ENSG00000184163	C1QTNF12	chr1	911042	911542	1246721	-	335429	stromal	method1_distance	1.0
chr1:911042-911542	ENSG00000186827	TNFRSF4	chr1	911042	911542	1214152	-	302860	stromal	method1_distance	1.0
chr1:911042-911542	ENSG00000186891	TNFRSF18	chr1	911042	911542	1206591	-	295299	stromal	method1_distance	1.0
chr1:911042-911542	ENSG00000187583	PLEKHN1	chr1	911042	911542	966481	+	55189	stromal	method1_distance	1.0
chr1:911042-911542	ENSG00000187608	ISG15	chr1	911042	911542	1001137	+	89845	stromal	method1_distance	1.0
chr1:911042-911542	ENSG00000187634	SAMD11	chr1	911042	911542	923922	+	12630	stromal	method1_distance	1.0
chr1:911042-911542	ENSG00000187642	PERM1	chr1	911042	911542	982116	-	70824	stromal	method1_distance	1.0
chr1:911042-911542	ENSG00000187961	KLHL17	chr1	911042	911542	960583	+	49291	stromal	method1_distance	1.0
chr1:911042-911542	ENSG00000188157	AGRN	chr1	911042	911542	1020119	+	108827	stromal	method1_distance	1.0
chr1:911042-911542	ENSG00000188290	HES4	chr1	911042	911542	1000171	-	88879	stromal	method1_distance	1.0
chr1:911042-911542	ENSG00000188976	NOC2L	chr1	911042	911542	959308	-	48016	stromal	method1_distance	1.0
chr1:911042-911542	ENSG00000221978	CCNL2	chr1	911042	911542	1399334	-	488042	stromal	method1_distance	1.0
chr1:911042-911542	ENSG00000224051	CPTP	chr1	911042	911542	1324755	+	413463	stromal	method1_distance	1.0
chr1:911042-911542	ENSG00000237330	RNF223	chr1	911042	911542	1074305	-	163013	stromal	method1_distance	1.0
chr1:911042-911542	ENSG00000242485	MRPL20	chr1	911042	911542	1407292	-	496000	stromal	method1_distance	1.0
chr1:911042-911542	ENSG00000284662	OR4F16	chr1	911042	911542	686653	-	224639	stromal	method1_distance	1.0
chr1:911042-911542	ENSG00000284733	OR4F29	chr1	911042	911542	500000	-	411292	stromal	method1_distance	1.0
chr1:911807-912307	ENSG00000078808	SDF4	chr1	911807	912307	1232030	-	319973	stromal	method1_distance	1.0
chr1:911807-912307	ENSG00000107404	DVL1	chr1	911807	912307	1349417	-	437360	stromal	method1_distance	1.0
chr1:911807-912307	ENSG00000127054	INTS11	chr1	911807	912307	1324686	-	412629	stromal	method1_distance	1.0
chr1:911807-912307	ENSG00000131584	ACAP3	chr1	911807	912307	1309608	-	397551	stromal	method1_distance	1.0
chr1:911807-912307	ENSG00000131591	C1orf159	chr1	911807	912307	1116360	-	204303	stromal	method1_distance	1.0
chr1:911807-912307	ENSG00000160087	UBE2J2	chr1	911807	912307	1273863	-	361806	stromal	method1_distance	1.0
chr1:911807-912307	ENSG00000162571	TTLL10	chr1	911807	912307	1173879	+	261822	stromal	method1_distance	1.0
chr1:911807-912307	ENSG00000162572	SCNN1D	chr1	911807	912307	1280435	+	368378	stromal	method1_distance	1.0
chr1:911807-912307	ENSG00000162576	MXRA8	chr1	911807	912307	1361776	-	449719	stromal	method1_distance	1.0
chr1:911807-912307	ENSG00000169962	TAS1R3	chr1	911807	912307	1331279	+	419222	stromal	method1_distance	1.0
chr1:911807-912307	ENSG00000169972	PUSL1	chr1	911807	912307	1308596	+	396539	stromal	method1_distance	1.0
chr1:911807-912307	ENSG00000175756	AURKAIP1	chr1	911807	912307	1375206	-	463149	stromal	method1_distance	1.0
chr1:911807-912307	ENSG00000176022	B3GALT6	chr1	911807	912307	1232236	+	320179	stromal	method1_distance	1.0
chr1:911807-912307	ENSG00000184163	C1QTNF12	chr1	911807	912307	1246721	-	334664	stromal	method1_distance	1.0
chr1:911807-912307	ENSG00000186827	TNFRSF4	chr1	911807	912307	1214152	-	302095	stromal	method1_distance	1.0
chr1:911807-912307	ENSG00000186891	TNFRSF18	chr1	911807	912307	1206591	-	294534	stromal	method1_distance	1.0
chr1:911807-912307	ENSG00000187583	PLEKHN1	chr1	911807	912307	966481	+	54424	stromal	method1_distance	1.0
chr1:911807-912307	ENSG00000187608	ISG15	chr1	911807	912307	1001137	+	89080	stromal	method1_distance	1.0
chr1:911807-912307	ENSG00000187634	SAMD11	chr1	911807	912307	923922	+	11865	stromal	method1_distance	1.0
chr1:911807-912307	ENSG00000187642	PERM1	chr1	911807	912307	982116	-	70059	stromal	method1_distance	1.0
chr1:911807-912307	ENSG00000187961	KLHL17	chr1	911807	912307	960583	+	48526	stromal	method1_distance	1.0
chr1:911807-912307	ENSG00000188157	AGRN	chr1	911807	912307	1020119	+	108062	stromal	method1_distance	1.0
chr1:911807-912307	ENSG00000188290	HES4	chr1	911807	912307	1000171	-	88114	stromal	method1_distance	1.0
chr1:911807-912307	ENSG00000188976	NOC2L	chr1	911807	912307	959308	-	47251	stromal	method1_distance	1.0
chr1:911807-912307	ENSG00000221978	CCNL2	chr1	911807	912307	1399334	-	487277	stromal	method1_distance	1.0
chr1:911807-912307	ENSG00000224051	CPTP	chr1	911807	912307	1324755	+	412698	stromal	method1_distance	1.0
chr1:911807-912307	ENSG00000237330	RNF223	chr1	911807	912307	1074305	-	162248	stromal	method1_distance	1.0
chr1:911807-912307	ENSG00000242485	MRPL20	chr1	911807	912307	1407292	-	495235	stromal	method1_distance	1.0
chr1:911807-912307	ENSG00000284662	OR4F16	chr1	911807	912307	686653	-	225404	stromal	method1_distance	1.0
chr1:911807-912307	ENSG00000284733	OR4F29	chr1	911807	912307	500000	-	412057	stromal	method1_distance	1.0
chr1:912794-913294	ENSG00000078808	SDF4	chr1	912794	913294	1232030	-	318986	stromal	method1_distance	1.0
chr1:912794-913294	ENSG00000107404	DVL1	chr1	912794	913294	1349417	-	436373	stromal	method1_distance	1.0
chr1:912794-913294	ENSG00000127054	INTS11	chr1	912794	913294	1324686	-	411642	stromal	method1_distance	1.0
chr1:912794-913294	ENSG00000131584	ACAP3	chr1	912794	913294	1309608	-	396564	stromal	method1_distance	1.0
chr1:912794-913294	ENSG00000131591	C1orf159	chr1	912794	913294	1116360	-	203316	stromal	method1_distance	1.0
chr1:912794-913294	ENSG00000160087	UBE2J2	chr1	912794	913294	1273863	-	360819	stromal	method1_distance	1.0
chr1:912794-913294	ENSG00000162571	TTLL10	chr1	912794	913294	1173879	+	260835	stromal	method1_distance	1.0
chr1:912794-913294	ENSG00000162572	SCNN1D	chr1	912794	913294	1280435	+	367391	stromal	method1_distance	1.0
chr1:912794-913294	ENSG00000162576	MXRA8	chr1	912794	913294	1361776	-	448732	stromal	method1_distance	1.0
chr1:912794-913294	ENSG00000169962	TAS1R3	chr1	912794	913294	1331279	+	418235	stromal	method1_distance	1.0
chr1:912794-913294	ENSG00000169972	PUSL1	chr1	912794	913294	1308596	+	395552	stromal	method1_distance	1.0
chr1:912794-913294	ENSG00000175756	AURKAIP1	chr1	912794	913294	1375206	-	462162	stromal	method1_distance	1.0
chr1:912794-913294	ENSG00000176022	B3GALT6	chr1	912794	913294	1232236	+	319192	stromal	method1_distance	1.0
chr1:912794-913294	ENSG00000184163	C1QTNF12	chr1	912794	913294	1246721	-	333677	stromal	method1_distance	1.0
chr1:912794-913294	ENSG00000186827	TNFRSF4	chr1	912794	913294	1214152	-	301108	stromal	method1_distance	1.0
chr1:912794-913294	ENSG00000186891	TNFRSF18	chr1	912794	913294	1206591	-	293547	stromal	method1_distance	1.0
chr1:912794-913294	ENSG00000187583	PLEKHN1	chr1	912794	913294	966481	+	53437	stromal	method1_distance	1.0
chr1:912794-913294	ENSG00000187608	ISG15	chr1	912794	913294	1001137	+	88093	stromal	method1_distance	1.0
chr1:912794-913294	ENSG00000187634	SAMD11	chr1	912794	913294	923922	+	10878	stromal	method1_distance	1.0
chr1:912794-913294	ENSG00000187642	PERM1	chr1	912794	913294	982116	-	69072	stromal	method1_distance	1.0
chr1:912794-913294	ENSG00000187961	KLHL17	chr1	912794	913294	960583	+	47539	stromal	method1_distance	1.0
chr1:912794-913294	ENSG00000188157	AGRN	chr1	912794	913294	1020119	+	107075	stromal	method1_distance	1.0
chr1:912794-913294	ENSG00000188290	HES4	chr1	912794	913294	1000171	-	87127	stromal	method1_distance	1.0
chr1:912794-913294	ENSG00000188976	NOC2L	chr1	912794	913294	959308	-	46264	stromal	method1_distance	1.0
chr1:912794-913294	ENSG00000221978	CCNL2	chr1	912794	913294	1399334	-	486290	stromal	method1_distance	1.0
chr1:912794-913294	ENSG00000224051	CPTP	chr1	912794	913294	1324755	+	411711	stromal	method1_distance	1.0
chr1:912794-913294	ENSG00000237330	RNF223	chr1	912794	913294	1074305	-	161261	stromal	method1_distance	1.0
chr1:912794-913294	ENSG00000242485	MRPL20	chr1	912794	913294	1407292	-	494248	stromal	method1_distance	1.0
chr1:912794-913294	ENSG00000284662	OR4F16	chr1	912794	913294	686653	-	226391	stromal	method1_distance	1.0
chr1:912794-913294	ENSG00000284733	OR4F29	chr1	912794	913294	500000	-	413044	stromal	method1_distance	1.0
chr1:915930-916430	ENSG00000078808	SDF4	chr1	915930	916430	1232030	-	315850	stromal	method1_distance	1.0
chr1:915930-916430	ENSG00000107404	DVL1	chr1	915930	916430	1349417	-	433237	stromal	method1_distance	1.0
chr1:915930-916430	ENSG00000127054	INTS11	chr1	915930	916430	1324686	-	408506	stromal	method1_distance	1.0
chr1:915930-916430	ENSG00000131584	ACAP3	chr1	915930	916430	1309608	-	393428	stromal	method1_distance	1.0
chr1:915930-916430	ENSG00000131591	C1orf159	chr1	915930	916430	1116360	-	200180	stromal	method1_distance	1.0
chr1:915930-916430	ENSG00000160087	UBE2J2	chr1	915930	916430	1273863	-	357683	stromal	method1_distance	1.0
chr1:915930-916430	ENSG00000162571	TTLL10	chr1	915930	916430	1173879	+	257699	stromal	method1_distance	1.0
chr1:915930-916430	ENSG00000162572	SCNN1D	chr1	915930	916430	1280435	+	364255	stromal	method1_distance	1.0
chr1:915930-916430	ENSG00000162576	MXRA8	chr1	915930	916430	1361776	-	445596	stromal	method1_distance	1.0
chr1:915930-916430	ENSG00000169962	TAS1R3	chr1	915930	916430	1331279	+	415099	stromal	method1_distance	1.0
chr1:915930-916430	ENSG00000169972	PUSL1	chr1	915930	916430	1308596	+	392416	stromal	method1_distance	1.0
chr1:915930-916430	ENSG00000175756	AURKAIP1	chr1	915930	916430	1375206	-	459026	stromal	method1_distance	1.0
chr1:915930-916430	ENSG00000176022	B3GALT6	chr1	915930	916430	1232236	+	316056	stromal	method1_distance	1.0
chr1:915930-916430	ENSG00000184163	C1QTNF12	chr1	915930	916430	1246721	-	330541	stromal	method1_distance	1.0
chr1:915930-916430	ENSG00000186827	TNFRSF4	chr1	915930	916430	1214152	-	297972	stromal	method1_distance	1.0
chr1:915930-916430	ENSG00000186891	TNFRSF18	chr1	915930	916430	1206591	-	290411	stromal	method1_distance	1.0
chr1:915930-916430	ENSG00000187583	PLEKHN1	chr1	915930	916430	966481	+	50301	stromal	method1_distance	1.0
chr1:915930-916430	ENSG00000187608	ISG15	chr1	915930	916430	1001137	+	84957	stromal	method1_distance	1.0
chr1:915930-916430	ENSG00000187634	SAMD11	chr1	915930	916430	923922	+	7742	stromal	method1_distance	1.0
chr1:915930-916430	ENSG00000187642	PERM1	chr1	915930	916430	982116	-	65936	stromal	method1_distance	1.0
chr1:915930-916430	ENSG00000187961	KLHL17	chr1	915930	916430	960583	+	44403	stromal	method1_distance	1.0
chr1:915930-916430	ENSG00000188157	AGRN	chr1	915930	916430	1020119	+	103939	stromal	method1_distance	1.0
chr1:915930-916430	ENSG00000188290	HES4	chr1	915930	916430	1000171	-	83991	stromal	method1_distance	1.0
chr1:915930-916430	ENSG00000188976	NOC2L	chr1	915930	916430	959308	-	43128	stromal	method1_distance	1.0
chr1:915930-916430	ENSG00000221978	CCNL2	chr1	915930	916430	1399334	-	483154	stromal	method1_distance	1.0
chr1:915930-916430	ENSG00000224051	CPTP	chr1	915930	916430	1324755	+	408575	stromal	method1_distance	1.0
chr1:915930-916430	ENSG00000237330	RNF223	chr1	915930	916430	1074305	-	158125	stromal	method1_distance	1.0
chr1:915930-916430	ENSG00000242485	MRPL20	chr1	915930	916430	1407292	-	491112	stromal	method1_distance	1.0
chr1:915930-916430	ENSG00000284662	OR4F16	chr1	915930	916430	686653	-	229527	stromal	method1_distance	1.0
chr1:915930-916430	ENSG00000284733	OR4F29	chr1	915930	916430	500000	-	416180	stromal	method1_distance	1.0
chr1:916459-916959	ENSG00000078808	SDF4	chr1	916459	916959	1232030	-	315321	stromal	method1_distance	1.0
chr1:916459-916959	ENSG00000107404	DVL1	chr1	916459	916959	1349417	-	432708	stromal	method1_distance	1.0
chr1:916459-916959	ENSG00000127054	INTS11	chr1	916459	916959	1324686	-	407977	stromal	method1_distance	1.0
chr1:916459-916959	ENSG00000131584	ACAP3	chr1	916459	916959	1309608	-	392899	stromal	method1_distance	1.0
chr1:916459-916959	ENSG00000131591	C1orf159	chr1	916459	916959	1116360	-	199651	stromal	method1_distance	1.0
chr1:916459-916959	ENSG00000160087	UBE2J2	chr1	916459	916959	1273863	-	357154	stromal	method1_distance	1.0
chr1:916459-916959	ENSG00000162571	TTLL10	chr1	916459	916959	1173879	+	257170	stromal	method1_distance	1.0
chr1:916459-916959	ENSG00000162572	SCNN1D	chr1	916459	916959	1280435	+	363726	stromal	method1_distance	1.0
chr1:916459-916959	ENSG00000162576	MXRA8	chr1	916459	916959	1361776	-	445067	stromal	method1_distance	1.0
chr1:916459-916959	ENSG00000169962	TAS1R3	chr1	916459	916959	1331279	+	414570	stromal	method1_distance	1.0
chr1:916459-916959	ENSG00000169972	PUSL1	chr1	916459	916959	1308596	+	391887	stromal	method1_distance	1.0
chr1:916459-916959	ENSG00000175756	AURKAIP1	chr1	916459	916959	1375206	-	458497	stromal	method1_distance	1.0
chr1:916459-916959	ENSG00000176022	B3GALT6	chr1	916459	916959	1232236	+	315527	stromal	method1_distance	1.0
chr1:916459-916959	ENSG00000184163	C1QTNF12	chr1	916459	916959	1246721	-	330012	stromal	method1_distance	1.0
chr1:916459-916959	ENSG00000186827	TNFRSF4	chr1	916459	916959	1214152	-	297443	stromal	method1_distance	1.0
chr1:916459-916959	ENSG00000186891	TNFRSF18	chr1	916459	916959	1206591	-	289882	stromal	method1_distance	1.0
chr1:916459-916959	ENSG00000187583	PLEKHN1	chr1	916459	916959	966481	+	49772	stromal	method1_distance	1.0
chr1:916459-916959	ENSG00000187608	ISG15	chr1	916459	916959	1001137	+	84428	stromal	method1_distance	1.0
chr1:916459-916959	ENSG00000187634	SAMD11	chr1	916459	916959	923922	+	7213	stromal	method1_distance	1.0
chr1:916459-916959	ENSG00000187642	PERM1	chr1	916459	916959	982116	-	65407	stromal	method1_distance	1.0
chr1:916459-916959	ENSG00000187961	KLHL17	chr1	916459	916959	960583	+	43874	stromal	method1_distance	1.0
chr1:916459-916959	ENSG00000188157	AGRN	chr1	916459	916959	1020119	+	103410	stromal	method1_distance	1.0
chr1:916459-916959	ENSG00000188290	HES4	chr1	916459	916959	1000171	-	83462	stromal	method1_distance	1.0
chr1:916459-916959	ENSG00000188976	NOC2L	chr1	916459	916959	959308	-	42599	stromal	method1_distance	1.0
chr1:916459-916959	ENSG00000221978	CCNL2	chr1	916459	916959	1399334	-	482625	stromal	method1_distance	1.0
chr1:916459-916959	ENSG00000224051	CPTP	chr1	916459	916959	1324755	+	408046	stromal	method1_distance	1.0
chr1:916459-916959	ENSG00000237330	RNF223	chr1	916459	916959	1074305	-	157596	stromal	method1_distance	1.0
chr1:916459-916959	ENSG00000242485	MRPL20	chr1	916459	916959	1407292	-	490583	stromal	method1_distance	1.0
chr1:916459-916959	ENSG00000284662	OR4F16	chr1	916459	916959	686653	-	230056	stromal	method1_distance	1.0
chr1:916459-916959	ENSG00000284733	OR4F29	chr1	916459	916959	500000	-	416709	stromal	method1_distance	1.0
chr1:917139-917639	ENSG00000078808	SDF4	chr1	917139	917639	1232030	-	314641	stromal	method1_distance	1.0
chr1:917139-917639	ENSG00000107404	DVL1	chr1	917139	917639	1349417	-	432028	stromal	method1_distance	1.0
chr1:917139-917639	ENSG00000127054	INTS11	chr1	917139	917639	1324686	-	407297	stromal	method1_distance	1.0
chr1:917139-917639	ENSG00000131584	ACAP3	chr1	917139	917639	1309608	-	392219	stromal	method1_distance	1.0
chr1:917139-917639	ENSG00000131591	C1orf159	chr1	917139	917639	1116360	-	198971	stromal	method1_distance	1.0
chr1:917139-917639	ENSG00000160087	UBE2J2	chr1	917139	917639	1273863	-	356474	stromal	method1_distance	1.0
chr1:917139-917639	ENSG00000162571	TTLL10	chr1	917139	917639	1173879	+	256490	stromal	method1_distance	1.0
chr1:917139-917639	ENSG00000162572	SCNN1D	chr1	917139	917639	1280435	+	363046	stromal	method1_distance	1.0
chr1:917139-917639	ENSG00000162576	MXRA8	chr1	917139	917639	1361776	-	444387	stromal	method1_distance	1.0
chr1:917139-917639	ENSG00000169962	TAS1R3	chr1	917139	917639	1331279	+	413890	stromal	method1_distance	1.0
chr1:917139-917639	ENSG00000169972	PUSL1	chr1	917139	917639	1308596	+	391207	stromal	method1_distance	1.0
chr1:917139-917639	ENSG00000175756	AURKAIP1	chr1	917139	917639	1375206	-	457817	stromal	method1_distance	1.0
chr1:917139-917639	ENSG00000176022	B3GALT6	chr1	917139	917639	1232236	+	314847	stromal	method1_distance	1.0
chr1:917139-917639	ENSG00000184163	C1QTNF12	chr1	917139	917639	1246721	-	329332	stromal	method1_distance	1.0
chr1:917139-917639	ENSG00000186827	TNFRSF4	chr1	917139	917639	1214152	-	296763	stromal	method1_distance	1.0
chr1:917139-917639	ENSG00000186891	TNFRSF18	chr1	917139	917639	1206591	-	289202	stromal	method1_distance	1.0
chr1:917139-917639	ENSG00000187583	PLEKHN1	chr1	917139	917639	966481	+	49092	stromal	method1_distance	1.0
chr1:917139-917639	ENSG00000187608	ISG15	chr1	917139	917639	1001137	+	83748	stromal	method1_distance	1.0
chr1:917139-917639	ENSG00000187634	SAMD11	chr1	917139	917639	923922	+	6533	stromal	method1_distance	1.0
chr1:917139-917639	ENSG00000187642	PERM1	chr1	917139	917639	982116	-	64727	stromal	method1_distance	1.0
chr1:917139-917639	ENSG00000187961	KLHL17	chr1	917139	917639	960583	+	43194	stromal	method1_distance	1.0
chr1:917139-917639	ENSG00000188157	AGRN	chr1	917139	917639	1020119	+	102730	stromal	method1_distance	1.0
chr1:917139-917639	ENSG00000188290	HES4	chr1	917139	917639	1000171	-	82782	stromal	method1_distance	1.0
chr1:917139-917639	ENSG00000188976	NOC2L	chr1	917139	917639	959308	-	41919	stromal	method1_distance	1.0
chr1:917139-917639	ENSG00000221978	CCNL2	chr1	917139	917639	1399334	-	481945	stromal	method1_distance	1.0
chr1:917139-917639	ENSG00000224051	CPTP	chr1	917139	917639	1324755	+	407366	stromal	method1_distance	1.0
chr1:917139-917639	ENSG00000237330	RNF223	chr1	917139	917639	1074305	-	156916	stromal	method1_distance	1.0
chr1:917139-917639	ENSG00000242485	MRPL20	chr1	917139	917639	1407292	-	489903	stromal	method1_distance	1.0
chr1:917139-917639	ENSG00000284662	OR4F16	chr1	917139	917639	686653	-	230736	stromal	method1_distance	1.0
chr1:917139-917639	ENSG00000284733	OR4F29	chr1	917139	917639	500000	-	417389	stromal	method1_distance	1.0
chr1:918363-918863	ENSG00000078808	SDF4	chr1	918363	918863	1232030	-	313417	stromal	method1_distance	1.0
chr1:918363-918863	ENSG00000107404	DVL1	chr1	918363	918863	1349417	-	430804	stromal	method1_distance	1.0
chr1:918363-918863	ENSG00000127054	INTS11	chr1	918363	918863	1324686	-	406073	stromal	method1_distance	1.0
chr1:918363-918863	ENSG00000131584	ACAP3	chr1	918363	918863	1309608	-	390995	stromal	method1_distance	1.0
chr1:918363-918863	ENSG00000131591	C1orf159	chr1	918363	918863	1116360	-	197747	stromal	method1_distance	1.0
chr1:918363-918863	ENSG00000160087	UBE2J2	chr1	918363	918863	1273863	-	355250	stromal	method1_distance	1.0
chr1:918363-918863	ENSG00000162571	TTLL10	chr1	918363	918863	1173879	+	255266	stromal	method1_distance	1.0
chr1:918363-918863	ENSG00000162572	SCNN1D	chr1	918363	918863	1280435	+	361822	stromal	method1_distance	1.0
chr1:918363-918863	ENSG00000162576	MXRA8	chr1	918363	918863	1361776	-	443163	stromal	method1_distance	1.0
chr1:918363-918863	ENSG00000169962	TAS1R3	chr1	918363	918863	1331279	+	412666	stromal	method1_distance	1.0
chr1:918363-918863	ENSG00000169972	PUSL1	chr1	918363	918863	1308596	+	389983	stromal	method1_distance	1.0
chr1:918363-918863	ENSG00000175756	AURKAIP1	chr1	918363	918863	1375206	-	456593	stromal	method1_distance	1.0
chr1:918363-918863	ENSG00000176022	B3GALT6	chr1	918363	918863	1232236	+	313623	stromal	method1_distance	1.0
chr1:918363-918863	ENSG00000184163	C1QTNF12	chr1	918363	918863	1246721	-	328108	stromal	method1_distance	1.0
chr1:918363-918863	ENSG00000186827	TNFRSF4	chr1	918363	918863	1214152	-	295539	stromal	method1_distance	1.0
chr1:918363-918863	ENSG00000186891	TNFRSF18	chr1	918363	918863	1206591	-	287978	stromal	method1_distance	1.0
chr1:918363-918863	ENSG00000187583	PLEKHN1	chr1	918363	918863	966481	+	47868	stromal	method1_distance	1.0
chr1:918363-918863	ENSG00000187608	ISG15	chr1	918363	918863	1001137	+	82524	stromal	method1_distance	1.0
chr1:918363-918863	ENSG00000187634	SAMD11	chr1	918363	918863	923922	+	5309	stromal	method1_distance	1.0
chr1:918363-918863	ENSG00000187642	PERM1	chr1	918363	918863	982116	-	63503	stromal	method1_distance	1.0
chr1:918363-918863	ENSG00000187961	KLHL17	chr1	918363	918863	960583	+	41970	stromal	method1_distance	1.0
chr1:918363-918863	ENSG00000188157	AGRN	chr1	918363	918863	1020119	+	101506	stromal	method1_distance	1.0
chr1:918363-918863	ENSG00000188290	HES4	chr1	918363	918863	1000171	-	81558	stromal	method1_distance	1.0
chr1:918363-918863	ENSG00000188976	NOC2L	chr1	918363	918863	959308	-	40695	stromal	method1_distance	1.0
chr1:918363-918863	ENSG00000221978	CCNL2	chr1	918363	918863	1399334	-	480721	stromal	method1_distance	1.0
chr1:918363-918863	ENSG00000224051	CPTP	chr1	918363	918863	1324755	+	406142	stromal	method1_distance	1.0
chr1:918363-918863	ENSG00000237330	RNF223	chr1	918363	918863	1074305	-	155692	stromal	method1_distance	1.0
chr1:918363-918863	ENSG00000242485	MRPL20	chr1	918363	918863	1407292	-	488679	stromal	method1_distance	1.0
chr1:918363-918863	ENSG00000284662	OR4F16	chr1	918363	918863	686653	-	231960	stromal	method1_distance	1.0
chr1:918363-918863	ENSG00000284733	OR4F29	chr1	918363	918863	500000	-	418613	stromal	method1_distance	1.0
chr1:919138-919638	ENSG00000078808	SDF4	chr1	919138	919638	1232030	-	312642	stromal	method1_distance	1.0
chr1:919138-919638	ENSG00000107404	DVL1	chr1	919138	919638	1349417	-	430029	stromal	method1_distance	1.0
chr1:919138-919638	ENSG00000127054	INTS11	chr1	919138	919638	1324686	-	405298	stromal	method1_distance	1.0
chr1:919138-919638	ENSG00000131584	ACAP3	chr1	919138	919638	1309608	-	390220	stromal	method1_distance	1.0
chr1:919138-919638	ENSG00000131591	C1orf159	chr1	919138	919638	1116360	-	196972	stromal	method1_distance	1.0
chr1:919138-919638	ENSG00000160087	UBE2J2	chr1	919138	919638	1273863	-	354475	stromal	method1_distance	1.0
chr1:919138-919638	ENSG00000162571	TTLL10	chr1	919138	919638	1173879	+	254491	stromal	method1_distance	1.0
chr1:919138-919638	ENSG00000162572	SCNN1D	chr1	919138	919638	1280435	+	361047	stromal	method1_distance	1.0
chr1:919138-919638	ENSG00000162576	MXRA8	chr1	919138	919638	1361776	-	442388	stromal	method1_distance	1.0
chr1:919138-919638	ENSG00000169962	TAS1R3	chr1	919138	919638	1331279	+	411891	stromal	method1_distance	1.0
chr1:919138-919638	ENSG00000169972	PUSL1	chr1	919138	919638	1308596	+	389208	stromal	method1_distance	1.0
chr1:919138-919638	ENSG00000175756	AURKAIP1	chr1	919138	919638	1375206	-	455818	stromal	method1_distance	1.0
chr1:919138-919638	ENSG00000176022	B3GALT6	chr1	919138	919638	1232236	+	312848	stromal	method1_distance	1.0
chr1:919138-919638	ENSG00000184163	C1QTNF12	chr1	919138	919638	1246721	-	327333	stromal	method1_distance	1.0
chr1:919138-919638	ENSG00000186827	TNFRSF4	chr1	919138	919638	1214152	-	294764	stromal	method1_distance	1.0
chr1:919138-919638	ENSG00000186891	TNFRSF18	chr1	919138	919638	1206591	-	287203	stromal	method1_distance	1.0
chr1:919138-919638	ENSG00000187583	PLEKHN1	chr1	919138	919638	966481	+	47093	stromal	method1_distance	1.0
chr1:919138-919638	ENSG00000187608	ISG15	chr1	919138	919638	1001137	+	81749	stromal	method1_distance	1.0
chr1:919138-919638	ENSG00000187634	SAMD11	chr1	919138	919638	923922	+	4534	stromal	method1_distance	1.0
chr1:919138-919638	ENSG00000187642	PERM1	chr1	919138	919638	982116	-	62728	stromal	method1_distance	1.0
chr1:919138-919638	ENSG00000187961	KLHL17	chr1	919138	919638	960583	+	41195	stromal	method1_distance	1.0
chr1:919138-919638	ENSG00000188157	AGRN	chr1	919138	919638	1020119	+	100731	stromal	method1_distance	1.0
chr1:919138-919638	ENSG00000188290	HES4	chr1	919138	919638	1000171	-	80783	stromal	method1_distance	1.0
chr1:919138-919638	ENSG00000188976	NOC2L	chr1	919138	919638	959308	-	39920	stromal	method1_distance	1.0
chr1:919138-919638	ENSG00000221978	CCNL2	chr1	919138	919638	1399334	-	479946	stromal	method1_distance	1.0
chr1:919138-919638	ENSG00000224051	CPTP	chr1	919138	919638	1324755	+	405367	stromal	method1_distance	1.0
chr1:919138-919638	ENSG00000237330	RNF223	chr1	919138	919638	1074305	-	154917	stromal	method1_distance	1.0
chr1:919138-919638	ENSG00000242485	MRPL20	chr1	919138	919638	1407292	-	487904	stromal	method1_distance	1.0
chr1:919138-919638	ENSG00000284662	OR4F16	chr1	919138	919638	686653	-	232735	stromal	method1_distance	1.0
chr1:919138-919638	ENSG00000284733	OR4F29	chr1	919138	919638	500000	-	419388	stromal	method1_distance	1.0
chr1:919865-920365	ENSG00000078808	SDF4	chr1	919865	920365	1232030	-	311915	stromal	method1_distance	1.0
chr1:919865-920365	ENSG00000107404	DVL1	chr1	919865	920365	1349417	-	429302	stromal	method1_distance	1.0
chr1:919865-920365	ENSG00000127054	INTS11	chr1	919865	920365	1324686	-	404571	stromal	method1_distance	1.0
chr1:919865-920365	ENSG00000131584	ACAP3	chr1	919865	920365	1309608	-	389493	stromal	method1_distance	1.0
chr1:919865-920365	ENSG00000131591	C1orf159	chr1	919865	920365	1116360	-	196245	stromal	method1_distance	1.0
chr1:919865-920365	ENSG00000160087	UBE2J2	chr1	919865	920365	1273863	-	353748	stromal	method1_distance	1.0
chr1:919865-920365	ENSG00000162571	TTLL10	chr1	919865	920365	1173879	+	253764	stromal	method1_distance	1.0
chr1:919865-920365	ENSG00000162572	SCNN1D	chr1	919865	920365	1280435	+	360320	stromal	method1_distance	1.0
chr1:919865-920365	ENSG00000162576	MXRA8	chr1	919865	920365	1361776	-	441661	stromal	method1_distance	1.0
chr1:919865-920365	ENSG00000169962	TAS1R3	chr1	919865	920365	1331279	+	411164	stromal	method1_distance	1.0
chr1:919865-920365	ENSG00000169972	PUSL1	chr1	919865	920365	1308596	+	388481	stromal	method1_distance	1.0
chr1:919865-920365	ENSG00000175756	AURKAIP1	chr1	919865	920365	1375206	-	455091	stromal	method1_distance	1.0
chr1:919865-920365	ENSG00000176022	B3GALT6	chr1	919865	920365	1232236	+	312121	stromal	method1_distance	1.0
chr1:919865-920365	ENSG00000184163	C1QTNF12	chr1	919865	920365	1246721	-	326606	stromal	method1_distance	1.0
chr1:919865-920365	ENSG00000186827	TNFRSF4	chr1	919865	920365	1214152	-	294037	stromal	method1_distance	1.0
chr1:919865-920365	ENSG00000186891	TNFRSF18	chr1	919865	920365	1206591	-	286476	stromal	method1_distance	1.0
chr1:919865-920365	ENSG00000187583	PLEKHN1	chr1	919865	920365	966481	+	46366	stromal	method1_distance	1.0
chr1:919865-920365	ENSG00000187608	ISG15	chr1	919865	920365	1001137	+	81022	stromal	method1_distance	1.0
chr1:919865-920365	ENSG00000187634	SAMD11	chr1	919865	920365	923922	+	3807	stromal	method1_distance	1.0
chr1:919865-920365	ENSG00000187642	PERM1	chr1	919865	920365	982116	-	62001	stromal	method1_distance	1.0
chr1:919865-920365	ENSG00000187961	KLHL17	chr1	919865	920365	960583	+	40468	stromal	method1_distance	1.0
chr1:919865-920365	ENSG00000188157	AGRN	chr1	919865	920365	1020119	+	100004	stromal	method1_distance	1.0
chr1:919865-920365	ENSG00000188290	HES4	chr1	919865	920365	1000171	-	80056	stromal	method1_distance	1.0
chr1:919865-920365	ENSG00000188976	NOC2L	chr1	919865	920365	959308	-	39193	stromal	method1_distance	1.0
chr1:919865-920365	ENSG00000221978	CCNL2	chr1	919865	920365	1399334	-	479219	stromal	method1_distance	1.0
chr1:919865-920365	ENSG00000224051	CPTP	chr1	919865	920365	1324755	+	404640	stromal	method1_distance	1.0
chr1:919865-920365	ENSG00000237330	RNF223	chr1	919865	920365	1074305	-	154190	stromal	method1_distance	1.0
chr1:919865-920365	ENSG00000242485	MRPL20	chr1	919865	920365	1407292	-	487177	stromal	method1_distance	1.0
chr1:919865-920365	ENSG00000284662	OR4F16	chr1	919865	920365	686653	-	233462	stromal	method1_distance	1.0
chr1:919865-920365	ENSG00000284733	OR4F29	chr1	919865	920365	500000	-	420115	stromal	method1_distance	1.0
chr1:920397-920897	ENSG00000078808	SDF4	chr1	920397	920897	1232030	-	311383	stromal	method1_distance	1.0
chr1:920397-920897	ENSG00000107404	DVL1	chr1	920397	920897	1349417	-	428770	stromal	method1_distance	1.0
chr1:920397-920897	ENSG00000127054	INTS11	chr1	920397	920897	1324686	-	404039	stromal	method1_distance	1.0
chr1:920397-920897	ENSG00000131584	ACAP3	chr1	920397	920897	1309608	-	388961	stromal	method1_distance	1.0
chr1:920397-920897	ENSG00000131591	C1orf159	chr1	920397	920897	1116360	-	195713	stromal	method1_distance	1.0
chr1:920397-920897	ENSG00000160087	UBE2J2	chr1	920397	920897	1273863	-	353216	stromal	method1_distance	1.0
chr1:920397-920897	ENSG00000162571	TTLL10	chr1	920397	920897	1173879	+	253232	stromal	method1_distance	1.0
chr1:920397-920897	ENSG00000162572	SCNN1D	chr1	920397	920897	1280435	+	359788	stromal	method1_distance	1.0
chr1:920397-920897	ENSG00000162576	MXRA8	chr1	920397	920897	1361776	-	441129	stromal	method1_distance	1.0
chr1:920397-920897	ENSG00000169962	TAS1R3	chr1	920397	920897	1331279	+	410632	stromal	method1_distance	1.0
chr1:920397-920897	ENSG00000169972	PUSL1	chr1	920397	920897	1308596	+	387949	stromal	method1_distance	1.0
chr1:920397-920897	ENSG00000175756	AURKAIP1	chr1	920397	920897	1375206	-	454559	stromal	method1_distance	1.0
chr1:920397-920897	ENSG00000176022	B3GALT6	chr1	920397	920897	1232236	+	311589	stromal	method1_distance	1.0
chr1:920397-920897	ENSG00000184163	C1QTNF12	chr1	920397	920897	1246721	-	326074	stromal	method1_distance	1.0
chr1:920397-920897	ENSG00000186827	TNFRSF4	chr1	920397	920897	1214152	-	293505	stromal	method1_distance	1.0
chr1:920397-920897	ENSG00000186891	TNFRSF18	chr1	920397	920897	1206591	-	285944	stromal	method1_distance	1.0
chr1:920397-920897	ENSG00000187583	PLEKHN1	chr1	920397	920897	966481	+	45834	stromal	method1_distance	1.0
chr1:920397-920897	ENSG00000187608	ISG15	chr1	920397	920897	1001137	+	80490	stromal	method1_distance	1.0
chr1:920397-920897	ENSG00000187634	SAMD11	chr1	920397	920897	923922	+	3275	stromal	method1_distance	1.0
chr1:920397-920897	ENSG00000187642	PERM1	chr1	920397	920897	982116	-	61469	stromal	method1_distance	1.0
chr1:920397-920897	ENSG00000187961	KLHL17	chr1	920397	920897	960583	+	39936	stromal	method1_distance	1.0
chr1:920397-920897	ENSG00000188157	AGRN	chr1	920397	920897	1020119	+	99472	stromal	method1_distance	1.0
chr1:920397-920897	ENSG00000188290	HES4	chr1	920397	920897	1000171	-	79524	stromal	method1_distance	1.0
chr1:920397-920897	ENSG00000188976	NOC2L	chr1	920397	920897	959308	-	38661	stromal	method1_distance	1.0
chr1:920397-920897	ENSG00000221978	CCNL2	chr1	920397	920897	1399334	-	478687	stromal	method1_distance	1.0
chr1:920397-920897	ENSG00000224051	CPTP	chr1	920397	920897	1324755	+	404108	stromal	method1_distance	1.0
chr1:920397-920897	ENSG00000237330	RNF223	chr1	920397	920897	1074305	-	153658	stromal	method1_distance	1.0
chr1:920397-920897	ENSG00000242485	MRPL20	chr1	920397	920897	1407292	-	486645	stromal	method1_distance	1.0
chr1:920397-920897	ENSG00000284662	OR4F16	chr1	920397	920897	686653	-	233994	stromal	method1_distance	1.0
chr1:920397-920897	ENSG00000284733	OR4F29	chr1	920397	920897	500000	-	420647	stromal	method1_distance	1.0
chr1:920990-921490	ENSG00000078808	SDF4	chr1	920990	921490	1232030	-	310790	stromal	method1_distance	1.0
chr1:920990-921490	ENSG00000107404	DVL1	chr1	920990	921490	1349417	-	428177	stromal	method1_distance	1.0
chr1:920990-921490	ENSG00000127054	INTS11	chr1	920990	921490	1324686	-	403446	stromal	method1_distance	1.0
chr1:920990-921490	ENSG00000131584	ACAP3	chr1	920990	921490	1309608	-	388368	stromal	method1_distance	1.0
chr1:920990-921490	ENSG00000131591	C1orf159	chr1	920990	921490	1116360	-	195120	stromal	method1_distance	1.0
chr1:920990-921490	ENSG00000160087	UBE2J2	chr1	920990	921490	1273863	-	352623	stromal	method1_distance	1.0
chr1:920990-921490	ENSG00000162571	TTLL10	chr1	920990	921490	1173879	+	252639	stromal	method1_distance	1.0
chr1:920990-921490	ENSG00000162572	SCNN1D	chr1	920990	921490	1280435	+	359195	stromal	method1_distance	1.0
chr1:920990-921490	ENSG00000162576	MXRA8	chr1	920990	921490	1361776	-	440536	stromal	method1_distance	1.0
chr1:920990-921490	ENSG00000169962	TAS1R3	chr1	920990	921490	1331279	+	410039	stromal	method1_distance	1.0
chr1:920990-921490	ENSG00000169972	PUSL1	chr1	920990	921490	1308596	+	387356	stromal	method1_distance	1.0
chr1:920990-921490	ENSG00000175756	AURKAIP1	chr1	920990	921490	1375206	-	453966	stromal	method1_distance	1.0
chr1:920990-921490	ENSG00000176022	B3GALT6	chr1	920990	921490	1232236	+	310996	stromal	method1_distance	1.0
chr1:920990-921490	ENSG00000184163	C1QTNF12	chr1	920990	921490	1246721	-	325481	stromal	method1_distance	1.0
chr1:920990-921490	ENSG00000186827	TNFRSF4	chr1	920990	921490	1214152	-	292912	stromal	method1_distance	1.0
chr1:920990-921490	ENSG00000186891	TNFRSF18	chr1	920990	921490	1206591	-	285351	stromal	method1_distance	1.0
chr1:920990-921490	ENSG00000187583	PLEKHN1	chr1	920990	921490	966481	+	45241	stromal	method1_distance	1.0
chr1:920990-921490	ENSG00000187608	ISG15	chr1	920990	921490	1001137	+	79897	stromal	method1_distance	1.0
chr1:920990-921490	ENSG00000187634	SAMD11	chr1	920990	921490	923922	+	2682	stromal	method1_distance	1.0
chr1:920990-921490	ENSG00000187642	PERM1	chr1	920990	921490	982116	-	60876	stromal	method1_distance	1.0
chr1:920990-921490	ENSG00000187961	KLHL17	chr1	920990	921490	960583	+	39343	stromal	method1_distance	1.0
chr1:920990-921490	ENSG00000188157	AGRN	chr1	920990	921490	1020119	+	98879	stromal	method1_distance	1.0
chr1:920990-921490	ENSG00000188290	HES4	chr1	920990	921490	1000171	-	78931	stromal	method1_distance	1.0
chr1:920990-921490	ENSG00000188976	NOC2L	chr1	920990	921490	959308	-	38068	stromal	method1_distance	1.0
chr1:920990-921490	ENSG00000221978	CCNL2	chr1	920990	921490	1399334	-	478094	stromal	method1_distance	1.0
chr1:920990-921490	ENSG00000224051	CPTP	chr1	920990	921490	1324755	+	403515	stromal	method1_distance	1.0
chr1:920990-921490	ENSG00000237330	RNF223	chr1	920990	921490	1074305	-	153065	stromal	method1_distance	1.0
chr1:920990-921490	ENSG00000242485	MRPL20	chr1	920990	921490	1407292	-	486052	stromal	method1_distance	1.0
chr1:920990-921490	ENSG00000284662	OR4F16	chr1	920990	921490	686653	-	234587	stromal	method1_distance	1.0
