peak_id	gene_id	gene_name	chrom	peak_start	peak_end	tss_pos	strand	distance_bp	compartment	method	score	r	pvalue	fdr
chr1:921002-921502	B3GALT6	B3GALT6	chr1	921002	921502	1232236	+	310984	epithelial	method4_crosscohort	0.45678505	0.45678505	0.0	0.0
chr1:923600-924100	ANKRD65	ANKRD65	chr1	923600	924100	1421768	-	497918	epithelial	method4_crosscohort	0.45464656	0.45464656	0.0	0.0
chr1:923600-924100	B3GALT6	B3GALT6	chr1	923600	924100	1232236	+	308386	epithelial	method4_crosscohort	0.53477687	0.53477687	0.0	0.0
chr1:923600-924100	KLHL17	KLHL17	chr1	923600	924100	960583	+	36733	epithelial	method4_crosscohort	0.45025215	0.45025215	0.0	0.0
chr1:923600-924100	MRPL20	MRPL20	chr1	923600	924100	1407292	-	483442	epithelial	method4_crosscohort	0.46736604	0.46736604	0.0	0.0
chr1:923600-924100	SCNN1D	SCNN1D	chr1	923600	924100	1280435	+	356585	epithelial	method4_crosscohort	0.48614734	0.48614734	0.0	0.0
chr1:923600-924100	UBE2J2	UBE2J2	chr1	923600	924100	1273863	-	350013	epithelial	method4_crosscohort	0.4814003	0.4814003	0.0	0.0
chr1:940079-940579	C1QTNF12	C1QTNF12	chr1	940079	940579	1246721	-	306392	epithelial	method4_crosscohort	-0.58499056	-0.58499056	0.0	0.0
chr1:940079-940579	CPTP	CPTP	chr1	940079	940579	1324755	+	384426	epithelial	method4_crosscohort	-0.5627111	-0.5627111	0.0	0.0
chr1:940079-940579	DVL1	DVL1	chr1	940079	940579	1349417	-	409088	epithelial	method4_crosscohort	-0.5528106	-0.5528106	0.0	0.0
chr1:940079-940579	HES4	HES4	chr1	940079	940579	1000171	-	59842	epithelial	method4_crosscohort	0.47652215	0.47652215	0.0	0.0
chr1:940079-940579	INTS11	INTS11	chr1	940079	940579	1324686	-	384357	epithelial	method4_crosscohort	-0.58002293	-0.58002293	0.0	0.0
chr1:940079-940579	PUSL1	PUSL1	chr1	940079	940579	1308596	+	368267	epithelial	method4_crosscohort	0.6018042	0.6018042	0.0	0.0
chr1:940079-940579	TNFRSF4	TNFRSF4	chr1	940079	940579	1214152	-	273823	epithelial	method4_crosscohort	0.54906416	0.54906416	0.0	0.0
chr1:940079-940579	TTLL10	TTLL10	chr1	940079	940579	1173879	+	233550	epithelial	method4_crosscohort	-0.48075065	-0.48075065	0.0	0.0
chr1:941558-942058	C1QTNF12	C1QTNF12	chr1	941558	942058	1246721	-	304913	epithelial	method4_crosscohort	-0.49949476	-0.49949476	0.0	0.0
chr1:941558-942058	CPTP	CPTP	chr1	941558	942058	1324755	+	382947	epithelial	method4_crosscohort	-0.4703454	-0.4703454	0.0	0.0
chr1:941558-942058	DVL1	DVL1	chr1	941558	942058	1349417	-	407609	epithelial	method4_crosscohort	-0.45873013	-0.45873013	0.0	0.0
chr1:941558-942058	INTS11	INTS11	chr1	941558	942058	1324686	-	382878	epithelial	method4_crosscohort	-0.50584054	-0.50584054	0.0	0.0
chr1:941558-942058	PUSL1	PUSL1	chr1	941558	942058	1308596	+	366788	epithelial	method4_crosscohort	0.48986506	0.48986506	0.0	0.0
chr1:941558-942058	TNFRSF4	TNFRSF4	chr1	941558	942058	1214152	-	272344	epithelial	method4_crosscohort	0.45460415	0.45460415	0.0	0.0
chr1:1006466-1006966	ANKRD65	ANKRD65	chr1	1006466	1006966	1421768	-	415052	epithelial	method4_crosscohort	-0.5179412	-0.5179412	0.0	0.0
chr1:1006466-1006966	AURKAIP1	AURKAIP1	chr1	1006466	1006966	1375206	-	368490	epithelial	method4_crosscohort	-0.52539575	-0.52539575	0.0	0.0
chr1:1006466-1006966	B3GALT6	B3GALT6	chr1	1006466	1006966	1232236	+	225520	epithelial	method4_crosscohort	-0.6403899	-0.6403899	0.0	0.0
chr1:1006466-1006966	C1QTNF12	C1QTNF12	chr1	1006466	1006966	1246721	-	240005	epithelial	method4_crosscohort	0.52606666	0.52606666	0.0	0.0
chr1:1006466-1006966	CCNL2	CCNL2	chr1	1006466	1006966	1399334	-	392618	epithelial	method4_crosscohort	-0.45656866	-0.45656866	0.0	0.0
chr1:1006466-1006966	CPTP	CPTP	chr1	1006466	1006966	1324755	+	318039	epithelial	method4_crosscohort	0.4528721	0.4528721	0.0	0.0
chr1:1006466-1006966	DVL1	DVL1	chr1	1006466	1006966	1349417	-	342701	epithelial	method4_crosscohort	0.54573953	0.54573953	0.0	0.0
chr1:1006466-1006966	HES4	HES4	chr1	1006466	1006966	1000171	-	6545	epithelial	method4_crosscohort	-0.5159406	-0.5159406	0.0	0.0
chr1:1006466-1006966	INTS11	INTS11	chr1	1006466	1006966	1324686	-	317970	epithelial	method4_crosscohort	0.49009734	0.49009734	0.0	0.0
chr1:1006466-1006966	ISG15	ISG15	chr1	1006466	1006966	1001137	+	5579	epithelial	method4_crosscohort	-0.5030408	-0.5030408	0.0	0.0
chr1:1006466-1006966	KLHL17	KLHL17	chr1	1006466	1006966	960583	+	46133	epithelial	method4_crosscohort	-0.5351626	-0.5351626	0.0	0.0
chr1:1006466-1006966	MRPL20	MRPL20	chr1	1006466	1006966	1407292	-	400576	epithelial	method4_crosscohort	-0.5675939	-0.5675939	0.0	0.0
chr1:1006466-1006966	MXRA8	MXRA8	chr1	1006466	1006966	1361776	-	355060	epithelial	method4_crosscohort	-0.4981376	-0.4981376	0.0	0.0
chr1:1006466-1006966	NOC2L	NOC2L	chr1	1006466	1006966	959308	-	47408	epithelial	method4_crosscohort	-0.47600925	-0.47600925	0.0	0.0
chr1:1006466-1006966	SAMD11	SAMD11	chr1	1006466	1006966	923922	+	82794	epithelial	method4_crosscohort	-0.4928985	-0.4928985	0.0	0.0
chr1:1006466-1006966	SCNN1D	SCNN1D	chr1	1006466	1006966	1280435	+	273719	epithelial	method4_crosscohort	-0.5582272	-0.5582272	0.0	0.0
chr1:1006466-1006966	TTLL10	TTLL10	chr1	1006466	1006966	1173879	+	167163	epithelial	method4_crosscohort	0.5547645	0.5547645	0.0	0.0
chr1:1006466-1006966	UBE2J2	UBE2J2	chr1	1006466	1006966	1273863	-	267147	epithelial	method4_crosscohort	-0.61747026	-0.61747026	0.0	0.0
chr1:1006466-1006966	VWA1	VWA1	chr1	1006466	1006966	1434860	+	428144	epithelial	method4_crosscohort	-0.5360902	-0.5360902	0.0	0.0
chr1:1136451-1136951	B3GALT6	B3GALT6	chr1	1136451	1136951	1232236	+	95535	epithelial	method4_crosscohort	0.47138026	0.47138026	0.0	0.0
chr1:1136451-1136951	C1orf159	C1orf159	chr1	1136451	1136951	1116360	-	20341	epithelial	method4_crosscohort	0.56488186	0.56488186	0.0	0.0
chr1:1136451-1136951	NOC2L	NOC2L	chr1	1136451	1136951	959308	-	177393	epithelial	method4_crosscohort	0.46534985	0.46534985	0.0	0.0
chr1:1136451-1136951	UBE2J2	UBE2J2	chr1	1136451	1136951	1273863	-	137162	epithelial	method4_crosscohort	0.4603721	0.4603721	0.0	0.0
chr1:1144285-1144785	C1orf159	C1orf159	chr1	1144285	1144785	1116360	-	28175	epithelial	method4_crosscohort	0.50299776	0.50299776	0.0	0.0
chr1:1162508-1163008	C1orf159	C1orf159	chr1	1162508	1163008	1116360	-	46398	epithelial	method4_crosscohort	0.47355953	0.47355953	0.0	0.0
chr1:1201214-1201714	ATAD3B	ATAD3B	chr1	1201214	1201714	1471764	+	270300	epithelial	method4_crosscohort	-0.5711245	-0.5711245	0.0	0.0
chr1:1201214-1201714	C1QTNF12	C1QTNF12	chr1	1201214	1201714	1246721	-	45257	epithelial	method4_crosscohort	-0.5490447	-0.5490447	0.0	0.0
chr1:1201214-1201714	CDK11B	CDK11B	chr1	1201214	1201714	1659011	-	457547	epithelial	method4_crosscohort	-0.54915327	-0.54915327	0.0	0.0
chr1:1201214-1201714	CPTP	CPTP	chr1	1201214	1201714	1324755	+	123291	epithelial	method4_crosscohort	-0.5141654	-0.5141654	0.0	0.0
chr1:1201214-1201714	DVL1	DVL1	chr1	1201214	1201714	1349417	-	147953	epithelial	method4_crosscohort	-0.5433732	-0.5433732	0.0	0.0
chr1:1201214-1201714	HES4	HES4	chr1	1201214	1201714	1000171	-	201293	epithelial	method4_crosscohort	0.48285612	0.48285612	0.0	0.0
chr1:1201214-1201714	INTS11	INTS11	chr1	1201214	1201714	1324686	-	123222	epithelial	method4_crosscohort	-0.5482432	-0.5482432	0.0	0.0
chr1:1201214-1201714	ISG15	ISG15	chr1	1201214	1201714	1001137	+	200327	epithelial	method4_crosscohort	0.48033956	0.48033956	0.0	0.0
chr1:1201214-1201714	MRPL20	MRPL20	chr1	1201214	1201714	1407292	-	205828	epithelial	method4_crosscohort	0.45160604	0.45160604	0.0	0.0
chr1:1201214-1201714	PUSL1	PUSL1	chr1	1201214	1201714	1308596	+	107132	epithelial	method4_crosscohort	0.6469063	0.6469063	0.0	0.0
chr1:1201214-1201714	TNFRSF4	TNFRSF4	chr1	1201214	1201714	1214152	-	12688	epithelial	method4_crosscohort	0.51327527	0.51327527	0.0	0.0
chr1:1201214-1201714	TTLL10	TTLL10	chr1	1201214	1201714	1173879	+	27585	epithelial	method4_crosscohort	-0.48770258	-0.48770258	0.0	0.0
chr1:1206359-1206859	ATAD3B	ATAD3B	chr1	1206359	1206859	1471764	+	265155	epithelial	method4_crosscohort	-0.45830303	-0.45830303	0.0	0.0
chr1:1206359-1206859	PUSL1	PUSL1	chr1	1206359	1206859	1308596	+	101987	epithelial	method4_crosscohort	0.47651958	0.47651958	0.0	0.0
chr1:1207772-1208272	ATAD3B	ATAD3B	chr1	1207772	1208272	1471764	+	263742	epithelial	method4_crosscohort	-0.45832264	-0.45832264	0.0	0.0
chr1:1207772-1208272	PUSL1	PUSL1	chr1	1207772	1208272	1308596	+	100574	epithelial	method4_crosscohort	0.45311567	0.45311567	0.0	0.0
chr1:1208316-1208816	ATAD3B	ATAD3B	chr1	1208316	1208816	1471764	+	263198	epithelial	method4_crosscohort	-0.5027166	-0.5027166	0.0	0.0
chr1:1208316-1208816	C1QTNF12	C1QTNF12	chr1	1208316	1208816	1246721	-	38155	epithelial	method4_crosscohort	-0.4685577	-0.4685577	0.0	0.0
chr1:1208316-1208816	CPTP	CPTP	chr1	1208316	1208816	1324755	+	116189	epithelial	method4_crosscohort	-0.45288283	-0.45288283	0.0	0.0
chr1:1208316-1208816	INTS11	INTS11	chr1	1208316	1208816	1324686	-	116120	epithelial	method4_crosscohort	-0.466137	-0.466137	0.0	0.0
chr1:1208316-1208816	PUSL1	PUSL1	chr1	1208316	1208816	1308596	+	100030	epithelial	method4_crosscohort	0.52554816	0.52554816	0.0	0.0
chr1:1208316-1208816	TNFRSF4	TNFRSF4	chr1	1208316	1208816	1214152	-	5586	epithelial	method4_crosscohort	0.46022674	0.46022674	0.0	0.0
chr1:1208909-1209409	ATAD3B	ATAD3B	chr1	1208909	1209409	1471764	+	262605	epithelial	method4_crosscohort	-0.46908534	-0.46908534	0.0	0.0
chr1:1208909-1209409	PUSL1	PUSL1	chr1	1208909	1209409	1308596	+	99437	epithelial	method4_crosscohort	0.48762807	0.48762807	0.0	0.0
chr1:1212829-1213329	ATAD3B	ATAD3B	chr1	1212829	1213329	1471764	+	258685	epithelial	method4_crosscohort	-0.508417	-0.508417	0.0	0.0
chr1:1212829-1213329	C1QTNF12	C1QTNF12	chr1	1212829	1213329	1246721	-	33642	epithelial	method4_crosscohort	-0.47412077	-0.47412077	0.0	0.0
chr1:1212829-1213329	CDK11B	CDK11B	chr1	1212829	1213329	1659011	-	445932	epithelial	method4_crosscohort	-0.4924314	-0.4924314	0.0	0.0
chr1:1212829-1213329	DVL1	DVL1	chr1	1212829	1213329	1349417	-	136338	epithelial	method4_crosscohort	-0.46464488	-0.46464488	0.0	0.0
chr1:1212829-1213329	INTS11	INTS11	chr1	1212829	1213329	1324686	-	111607	epithelial	method4_crosscohort	-0.49219638	-0.49219638	0.0	0.0
chr1:1212829-1213329	PUSL1	PUSL1	chr1	1212829	1213329	1308596	+	95517	epithelial	method4_crosscohort	0.60110843	0.60110843	0.0	0.0
chr1:1212829-1213329	TNFRSF4	TNFRSF4	chr1	1212829	1213329	1214152	-	1073	epithelial	method4_crosscohort	0.46566412	0.46566412	0.0	0.0
chr1:1272494-1272994	ANKRD65	ANKRD65	chr1	1272494	1272994	1421768	-	149024	epithelial	method4_crosscohort	-0.48177326	-0.48177326	0.0	0.0
chr1:1272494-1272994	ATAD3A	ATAD3A	chr1	1272494	1272994	1512161	+	239417	epithelial	method4_crosscohort	-0.55888855	-0.55888855	0.0	0.0
chr1:1272494-1272994	AURKAIP1	AURKAIP1	chr1	1272494	1272994	1375206	-	102462	epithelial	method4_crosscohort	-0.48744708	-0.48744708	0.0	0.0
chr1:1272494-1272994	B3GALT6	B3GALT6	chr1	1272494	1272994	1232236	+	40508	epithelial	method4_crosscohort	-0.5597881	-0.5597881	0.0	0.0
chr1:1272494-1272994	C1QTNF12	C1QTNF12	chr1	1272494	1272994	1246721	-	26023	epithelial	method4_crosscohort	0.4627787	0.4627787	0.0	0.0
chr1:1272494-1272994	CDK11B	CDK11B	chr1	1272494	1272994	1659011	-	386267	epithelial	method4_crosscohort	0.4695698	0.4695698	0.0	0.0
chr1:1272494-1272994	DVL1	DVL1	chr1	1272494	1272994	1349417	-	76673	epithelial	method4_crosscohort	0.4895532	0.4895532	0.0	0.0
chr1:1272494-1272994	HES4	HES4	chr1	1272494	1272994	1000171	-	272573	epithelial	method4_crosscohort	-0.4671356	-0.4671356	0.0	0.0
chr1:1272494-1272994	ISG15	ISG15	chr1	1272494	1272994	1001137	+	271607	epithelial	method4_crosscohort	-0.4836859	-0.4836859	0.0	0.0
chr1:1272494-1272994	KLHL17	KLHL17	chr1	1272494	1272994	960583	+	312161	epithelial	method4_crosscohort	-0.4983513	-0.4983513	0.0	0.0
chr1:1272494-1272994	MMP23B	MMP23B	chr1	1272494	1272994	1632162	+	359418	epithelial	method4_crosscohort	-0.47540691	-0.47540691	0.0	0.0
chr1:1272494-1272994	MRPL20	MRPL20	chr1	1272494	1272994	1407292	-	134548	epithelial	method4_crosscohort	-0.5162596	-0.5162596	0.0	0.0
chr1:1272494-1272994	MXRA8	MXRA8	chr1	1272494	1272994	1361776	-	89032	epithelial	method4_crosscohort	-0.462716	-0.462716	0.0	0.0
chr1:1272494-1272994	SAMD11	SAMD11	chr1	1272494	1272994	923922	+	348822	epithelial	method4_crosscohort	-0.46176308	-0.46176308	0.0	0.0
chr1:1272494-1272994	SCNN1D	SCNN1D	chr1	1272494	1272994	1280435	+	7691	epithelial	method4_crosscohort	-0.5133728	-0.5133728	0.0	0.0
chr1:1272494-1272994	SLC35E2B	SLC35E2B	chr1	1272494	1272994	1692794	-	420050	epithelial	method4_crosscohort	-0.46691114	-0.46691114	0.0	0.0
chr1:1272494-1272994	SSU72	SSU72	chr1	1272494	1272994	1574862	-	302118	epithelial	method4_crosscohort	-0.48669133	-0.48669133	0.0	0.0
chr1:1272494-1272994	TTLL10	TTLL10	chr1	1272494	1272994	1173879	+	98865	epithelial	method4_crosscohort	0.50113827	0.50113827	0.0	0.0
chr1:1272494-1272994	UBE2J2	UBE2J2	chr1	1272494	1272994	1273863	-	1119	epithelial	method4_crosscohort	-0.5680476	-0.5680476	0.0	0.0
chr1:1272494-1272994	VWA1	VWA1	chr1	1272494	1272994	1434860	+	162116	epithelial	method4_crosscohort	-0.4942605	-0.4942605	0.0	0.0
chr1:1343882-1344382	ANKRD65	ANKRD65	chr1	1343882	1344382	1421768	-	77636	epithelial	method4_crosscohort	-0.5809202	-0.5809202	0.0	0.0
chr1:1343882-1344382	ATAD3A	ATAD3A	chr1	1343882	1344382	1512161	+	168029	epithelial	method4_crosscohort	-0.5113796	-0.5113796	0.0	0.0
chr1:1343882-1344382	AURKAIP1	AURKAIP1	chr1	1343882	1344382	1375206	-	31074	epithelial	method4_crosscohort	-0.49555922	-0.49555922	0.0	0.0
chr1:1343882-1344382	B3GALT6	B3GALT6	chr1	1343882	1344382	1232236	+	111896	epithelial	method4_crosscohort	-0.5600096	-0.5600096	0.0	0.0
chr1:1343882-1344382	C1orf159	C1orf159	chr1	1343882	1344382	1116360	-	227772	epithelial	method4_crosscohort	-0.4755483	-0.4755483	0.0	0.0
chr1:1343882-1344382	CCNL2	CCNL2	chr1	1343882	1344382	1399334	-	55202	epithelial	method4_crosscohort	-0.5385873	-0.5385873	0.0	0.0
chr1:1343882-1344382	HES4	HES4	chr1	1343882	1344382	1000171	-	343961	epithelial	method4_crosscohort	-0.4884129	-0.4884129	0.0	0.0
chr1:1343882-1344382	KLHL17	KLHL17	chr1	1343882	1344382	960583	+	383549	epithelial	method4_crosscohort	-0.5539932	-0.5539932	0.0	0.0
chr1:1343882-1344382	MMP23B	MMP23B	chr1	1343882	1344382	1632162	+	288030	epithelial	method4_crosscohort	-0.5759945	-0.5759945	0.0	0.0
chr1:1343882-1344382	MRPL20	MRPL20	chr1	1343882	1344382	1407292	-	63160	epithelial	method4_crosscohort	-0.50650376	-0.50650376	0.0	0.0
chr1:1343882-1344382	MXRA8	MXRA8	chr1	1343882	1344382	1361776	-	17644	epithelial	method4_crosscohort	-0.5467144	-0.5467144	0.0	0.0
chr1:1343882-1344382	NOC2L	NOC2L	chr1	1343882	1344382	959308	-	384824	epithelial	method4_crosscohort	-0.58303654	-0.58303654	0.0	0.0
chr1:1343882-1344382	SAMD11	SAMD11	chr1	1343882	1344382	923922	+	420210	epithelial	method4_crosscohort	-0.5451436	-0.5451436	0.0	0.0
chr1:1343882-1344382	SCNN1D	SCNN1D	chr1	1343882	1344382	1280435	+	63697	epithelial	method4_crosscohort	-0.5270697	-0.5270697	0.0	0.0
chr1:1343882-1344382	SLC35E2B	SLC35E2B	chr1	1343882	1344382	1692794	-	348662	epithelial	method4_crosscohort	-0.4950607	-0.4950607	0.0	0.0
chr1:1343882-1344382	SSU72	SSU72	chr1	1343882	1344382	1574862	-	230730	epithelial	method4_crosscohort	-0.514271	-0.514271	0.0	0.0
chr1:1343882-1344382	UBE2J2	UBE2J2	chr1	1343882	1344382	1273863	-	70269	epithelial	method4_crosscohort	-0.5295966	-0.5295966	0.0	0.0
chr1:1343882-1344382	VWA1	VWA1	chr1	1343882	1344382	1434860	+	90728	epithelial	method4_crosscohort	-0.55994296	-0.55994296	0.0	0.0
chr1:1344712-1345212	ANKRD65	ANKRD65	chr1	1344712	1345212	1421768	-	76806	epithelial	method4_crosscohort	-0.50544864	-0.50544864	0.0	0.0
chr1:1344712-1345212	ATAD3A	ATAD3A	chr1	1344712	1345212	1512161	+	167199	epithelial	method4_crosscohort	-0.5043843	-0.5043843	0.0	0.0
chr1:1344712-1345212	AURKAIP1	AURKAIP1	chr1	1344712	1345212	1375206	-	30244	epithelial	method4_crosscohort	-0.4612118	-0.4612118	0.0	0.0
chr1:1344712-1345212	B3GALT6	B3GALT6	chr1	1344712	1345212	1232236	+	112726	epithelial	method4_crosscohort	-0.5377733	-0.5377733	0.0	0.0
chr1:1344712-1345212	CCNL2	CCNL2	chr1	1344712	1345212	1399334	-	54372	epithelial	method4_crosscohort	-0.46354175	-0.46354175	0.0	0.0
chr1:1344712-1345212	KLHL17	KLHL17	chr1	1344712	1345212	960583	+	384379	epithelial	method4_crosscohort	-0.49748918	-0.49748918	0.0	0.0
chr1:1344712-1345212	MMP23B	MMP23B	chr1	1344712	1345212	1632162	+	287200	epithelial	method4_crosscohort	-0.5261583	-0.5261583	0.0	0.0
chr1:1344712-1345212	MRPL20	MRPL20	chr1	1344712	1345212	1407292	-	62330	epithelial	method4_crosscohort	-0.4859709	-0.4859709	0.0	0.0
chr1:1344712-1345212	MXRA8	MXRA8	chr1	1344712	1345212	1361776	-	16814	epithelial	method4_crosscohort	-0.46961778	-0.46961778	0.0	0.0
chr1:1344712-1345212	NOC2L	NOC2L	chr1	1344712	1345212	959308	-	385654	epithelial	method4_crosscohort	-0.49263012	-0.49263012	0.0	0.0
chr1:1344712-1345212	SAMD11	SAMD11	chr1	1344712	1345212	923922	+	421040	epithelial	method4_crosscohort	-0.46110657	-0.46110657	0.0	0.0
chr1:1344712-1345212	SCNN1D	SCNN1D	chr1	1344712	1345212	1280435	+	64527	epithelial	method4_crosscohort	-0.48787546	-0.48787546	0.0	0.0
chr1:1344712-1345212	SLC35E2B	SLC35E2B	chr1	1344712	1345212	1692794	-	347832	epithelial	method4_crosscohort	-0.45637348	-0.45637348	0.0	0.0
chr1:1344712-1345212	SSU72	SSU72	chr1	1344712	1345212	1574862	-	229900	epithelial	method4_crosscohort	-0.46610528	-0.46610528	0.0	0.0
chr1:1344712-1345212	UBE2J2	UBE2J2	chr1	1344712	1345212	1273863	-	71099	epithelial	method4_crosscohort	-0.5379845	-0.5379845	0.0	0.0
chr1:1344712-1345212	VWA1	VWA1	chr1	1344712	1345212	1434860	+	89898	epithelial	method4_crosscohort	-0.49518758	-0.49518758	0.0	0.0
chr1:1358019-1358519	PUSL1	PUSL1	chr1	1358019	1358519	1308596	+	49673	epithelial	method4_crosscohort	0.4557694	0.4557694	0.0	0.0
chr1:1358625-1359125	ATAD3B	ATAD3B	chr1	1358625	1359125	1471764	+	112889	epithelial	method4_crosscohort	-0.49876153	-0.49876153	0.0	0.0
chr1:1358625-1359125	C1QTNF12	C1QTNF12	chr1	1358625	1359125	1246721	-	112154	epithelial	method4_crosscohort	-0.46143028	-0.46143028	0.0	0.0
chr1:1358625-1359125	CDK11A	CDK11A	chr1	1358625	1359125	1724356	-	365481	epithelial	method4_crosscohort	-0.5004147	-0.5004147	0.0	0.0
chr1:1358625-1359125	CPTP	CPTP	chr1	1358625	1359125	1324755	+	34120	epithelial	method4_crosscohort	-0.4590823	-0.4590823	0.0	0.0
chr1:1358625-1359125	INTS11	INTS11	chr1	1358625	1359125	1324686	-	34189	epithelial	method4_crosscohort	-0.47084656	-0.47084656	0.0	0.0
chr1:1358625-1359125	PUSL1	PUSL1	chr1	1358625	1359125	1308596	+	50279	epithelial	method4_crosscohort	0.54556364	0.54556364	0.0	0.0
chr1:1358625-1359125	TNFRSF4	TNFRSF4	chr1	1358625	1359125	1214152	-	144723	epithelial	method4_crosscohort	0.50093055	0.50093055	0.0	0.0
chr1:1360426-1360926	ATAD3B	ATAD3B	chr1	1360426	1360926	1471764	+	111088	epithelial	method4_crosscohort	-0.5769448	-0.5769448	0.0	0.0
chr1:1360426-1360926	C1QTNF12	C1QTNF12	chr1	1360426	1360926	1246721	-	113955	epithelial	method4_crosscohort	-0.5413131	-0.5413131	0.0	0.0
chr1:1360426-1360926	CDK11A	CDK11A	chr1	1360426	1360926	1724356	-	363680	epithelial	method4_crosscohort	-0.5705071	-0.5705071	0.0	0.0
chr1:1360426-1360926	CDK11B	CDK11B	chr1	1360426	1360926	1659011	-	298335	epithelial	method4_crosscohort	-0.51713	-0.51713	0.0	0.0
chr1:1360426-1360926	CPTP	CPTP	chr1	1360426	1360926	1324755	+	35921	epithelial	method4_crosscohort	-0.54954165	-0.54954165	0.0	0.0
chr1:1360426-1360926	DVL1	DVL1	chr1	1360426	1360926	1349417	-	11259	epithelial	method4_crosscohort	-0.5263169	-0.5263169	0.0	0.0
chr1:1360426-1360926	INTS11	INTS11	chr1	1360426	1360926	1324686	-	35990	epithelial	method4_crosscohort	-0.5333991	-0.5333991	0.0	0.0
chr1:1360426-1360926	NADK	NADK	chr1	1360426	1360926	1780456	-	419780	epithelial	method4_crosscohort	-0.46941257	-0.46941257	0.0	0.0
chr1:1360426-1360926	PUSL1	PUSL1	chr1	1360426	1360926	1308596	+	52080	epithelial	method4_crosscohort	0.59978324	0.59978324	0.0	0.0
chr1:1360426-1360926	TNFRSF4	TNFRSF4	chr1	1360426	1360926	1214152	-	146524	epithelial	method4_crosscohort	0.58928096	0.58928096	0.0	0.0
chr1:1430139-1430639	PUSL1	PUSL1	chr1	1430139	1430639	1308596	+	121793	epithelial	method4_crosscohort	0.48817226	0.48817226	0.0	0.0
chr1:1540362-1540862	ATAD3B	ATAD3B	chr1	1540362	1540862	1471764	+	68848	epithelial	method4_crosscohort	-0.53770393	-0.53770393	0.0	0.0
chr1:1540362-1540862	C1QTNF12	C1QTNF12	chr1	1540362	1540862	1246721	-	293891	epithelial	method4_crosscohort	-0.51662135	-0.51662135	0.0	0.0
chr1:1540362-1540862	CDK11A	CDK11A	chr1	1540362	1540862	1724356	-	183744	epithelial	method4_crosscohort	-0.5148412	-0.5148412	0.0	0.0
chr1:1540362-1540862	CDK11B	CDK11B	chr1	1540362	1540862	1659011	-	118399	epithelial	method4_crosscohort	-0.474656	-0.474656	0.0	0.0
chr1:1540362-1540862	CPTP	CPTP	chr1	1540362	1540862	1324755	+	215857	epithelial	method4_crosscohort	-0.48274985	-0.48274985	0.0	0.0
chr1:1540362-1540862	DVL1	DVL1	chr1	1540362	1540862	1349417	-	191195	epithelial	method4_crosscohort	-0.490999	-0.490999	0.0	0.0
chr1:1540362-1540862	INTS11	INTS11	chr1	1540362	1540862	1324686	-	215926	epithelial	method4_crosscohort	-0.51594675	-0.51594675	0.0	0.0
chr1:1540362-1540862	NADK	NADK	chr1	1540362	1540862	1780456	-	239844	epithelial	method4_crosscohort	-0.46961373	-0.46961373	0.0	0.0
chr1:1540362-1540862	PUSL1	PUSL1	chr1	1540362	1540862	1308596	+	232016	epithelial	method4_crosscohort	0.50283045	0.50283045	0.0	0.0
chr1:1540362-1540862	TNFRSF4	TNFRSF4	chr1	1540362	1540862	1214152	-	326460	epithelial	method4_crosscohort	0.46629697	0.46629697	0.0	0.0
chr1:1629667-1630167	ATAD3B	ATAD3B	chr1	1629667	1630167	1471764	+	158153	epithelial	method4_crosscohort	-0.5274868	-0.5274868	0.0	0.0
chr1:1629667-1630167	AURKAIP1	AURKAIP1	chr1	1629667	1630167	1375206	-	254711	epithelial	method4_crosscohort	0.45611125	0.45611125	0.0	0.0
chr1:1629667-1630167	C1QTNF12	C1QTNF12	chr1	1629667	1630167	1246721	-	383196	epithelial	method4_crosscohort	-0.5116373	-0.5116373	0.0	0.0
chr1:1629667-1630167	CDK11A	CDK11A	chr1	1629667	1630167	1724356	-	94439	epithelial	method4_crosscohort	-0.54355526	-0.54355526	0.0	0.0
chr1:1629667-1630167	CDK11B	CDK11B	chr1	1629667	1630167	1659011	-	29094	epithelial	method4_crosscohort	-0.5138543	-0.5138543	0.0	0.0
chr1:1629667-1630167	CPTP	CPTP	chr1	1629667	1630167	1324755	+	305162	epithelial	method4_crosscohort	-0.45249015	-0.45249015	0.0	0.0
chr1:1629667-1630167	DVL1	DVL1	chr1	1629667	1630167	1349417	-	280500	epithelial	method4_crosscohort	-0.49248138	-0.49248138	0.0	0.0
chr1:1629667-1630167	INTS11	INTS11	chr1	1629667	1630167	1324686	-	305231	epithelial	method4_crosscohort	-0.51492745	-0.51492745	0.0	0.0
chr1:1629667-1630167	MRPL20	MRPL20	chr1	1629667	1630167	1407292	-	222625	epithelial	method4_crosscohort	0.4594282	0.4594282	0.0	0.0
chr1:1629667-1630167	NADK	NADK	chr1	1629667	1630167	1780456	-	150539	epithelial	method4_crosscohort	-0.49901128	-0.49901128	0.0	0.0
chr1:1629667-1630167	PRKCZ	PRKCZ	chr1	1629667	1630167	2050410	+	420493	epithelial	method4_crosscohort	-0.51954067	-0.51954067	0.0	0.0
chr1:1629667-1630167	PUSL1	PUSL1	chr1	1629667	1630167	1308596	+	321321	epithelial	method4_crosscohort	0.53471917	0.53471917	0.0	0.0
chr1:1629667-1630167	TTLL10	TTLL10	chr1	1629667	1630167	1173879	+	456038	epithelial	method4_crosscohort	-0.4682415	-0.4682415	0.0	0.0
chr1:1630207-1630707	ACAP3	ACAP3	chr1	1630207	1630707	1309608	-	320849	epithelial	method4_crosscohort	0.45619348	0.45619348	0.0	0.0
chr1:1630207-1630707	ANKRD65	ANKRD65	chr1	1630207	1630707	1421768	-	208689	epithelial	method4_crosscohort	0.47325587	0.47325587	0.0	0.0
chr1:1630207-1630707	ATAD3A	ATAD3A	chr1	1630207	1630707	1512161	+	118296	epithelial	method4_crosscohort	0.5304262	0.5304262	0.0	0.0
chr1:1630207-1630707	ATAD3B	ATAD3B	chr1	1630207	1630707	1471764	+	158693	epithelial	method4_crosscohort	-0.5829497	-0.5829497	0.0	0.0
chr1:1630207-1630707	AURKAIP1	AURKAIP1	chr1	1630207	1630707	1375206	-	255251	epithelial	method4_crosscohort	0.5794048	0.5794048	0.0	0.0
chr1:1630207-1630707	B3GALT6	B3GALT6	chr1	1630207	1630707	1232236	+	398221	epithelial	method4_crosscohort	0.51964587	0.51964587	0.0	0.0
chr1:1630207-1630707	C1QTNF12	C1QTNF12	chr1	1630207	1630707	1246721	-	383736	epithelial	method4_crosscohort	-0.5915811	-0.5915811	0.0	0.0
chr1:1630207-1630707	CCNL2	CCNL2	chr1	1630207	1630707	1399334	-	231123	epithelial	method4_crosscohort	0.46965036	0.46965036	0.0	0.0
chr1:1630207-1630707	CDK11A	CDK11A	chr1	1630207	1630707	1724356	-	93899	epithelial	method4_crosscohort	-0.5981253	-0.5981253	0.0	0.0
chr1:1630207-1630707	CDK11B	CDK11B	chr1	1630207	1630707	1659011	-	28554	epithelial	method4_crosscohort	-0.5994542	-0.5994542	0.0	0.0
chr1:1630207-1630707	CPTP	CPTP	chr1	1630207	1630707	1324755	+	305702	epithelial	method4_crosscohort	-0.48802403	-0.48802403	0.0	0.0
chr1:1630207-1630707	DVL1	DVL1	chr1	1630207	1630707	1349417	-	281040	epithelial	method4_crosscohort	-0.5721898	-0.5721898	0.0	0.0
chr1:1630207-1630707	INTS11	INTS11	chr1	1630207	1630707	1324686	-	305771	epithelial	method4_crosscohort	-0.578431	-0.578431	0.0	0.0
chr1:1630207-1630707	MMP23B	MMP23B	chr1	1630207	1630707	1632162	+	1705	epithelial	method4_crosscohort	0.47762778	0.47762778	0.0	0.0
chr1:1630207-1630707	MRPL20	MRPL20	chr1	1630207	1630707	1407292	-	223165	epithelial	method4_crosscohort	0.58152217	0.58152217	0.0	0.0
chr1:1630207-1630707	MXRA8	MXRA8	chr1	1630207	1630707	1361776	-	268681	epithelial	method4_crosscohort	0.4908879	0.4908879	0.0	0.0
chr1:1630207-1630707	NADK	NADK	chr1	1630207	1630707	1780456	-	149999	epithelial	method4_crosscohort	-0.61479825	-0.61479825	0.0	0.0
chr1:1630207-1630707	PRKCZ	PRKCZ	chr1	1630207	1630707	2050410	+	419953	epithelial	method4_crosscohort	-0.58670384	-0.58670384	0.0	0.0
chr1:1630207-1630707	PUSL1	PUSL1	chr1	1630207	1630707	1308596	+	321861	epithelial	method4_crosscohort	0.56732666	0.56732666	0.0	0.0
chr1:1630207-1630707	SCNN1D	SCNN1D	chr1	1630207	1630707	1280435	+	350022	epithelial	method4_crosscohort	0.5730661	0.5730661	0.0	0.0
chr1:1630207-1630707	SLC35E2B	SLC35E2B	chr1	1630207	1630707	1692794	-	62337	epithelial	method4_crosscohort	0.5001765	0.5001765	0.0	0.0
chr1:1630207-1630707	SSU72	SSU72	chr1	1630207	1630707	1574862	-	55595	epithelial	method4_crosscohort	0.55512124	0.55512124	0.0	0.0
chr1:1630207-1630707	TTLL10	TTLL10	chr1	1630207	1630707	1173879	+	456578	epithelial	method4_crosscohort	-0.6046289	-0.6046289	0.0	0.0
chr1:1630207-1630707	UBE2J2	UBE2J2	chr1	1630207	1630707	1273863	-	356594	epithelial	method4_crosscohort	0.45942762	0.45942762	0.0	0.0
chr1:1630207-1630707	VWA1	VWA1	chr1	1630207	1630707	1434860	+	195597	epithelial	method4_crosscohort	0.51434416	0.51434416	0.0	0.0
chr1:1686204-1686704	ATAD3B	ATAD3B	chr1	1686204	1686704	1471764	+	214690	epithelial	method4_crosscohort	-0.49955627	-0.49955627	0.0	0.0
chr1:1686204-1686704	C1QTNF12	C1QTNF12	chr1	1686204	1686704	1246721	-	439733	epithelial	method4_crosscohort	-0.4625102	-0.4625102	0.0	0.0
chr1:1686204-1686704	CDK11A	CDK11A	chr1	1686204	1686704	1724356	-	37902	epithelial	method4_crosscohort	-0.49306902	-0.49306902	0.0	0.0
chr1:1686204-1686704	CPTP	CPTP	chr1	1686204	1686704	1324755	+	361699	epithelial	method4_crosscohort	-0.47697946	-0.47697946	0.0	0.0
chr1:1686204-1686704	GNB1	GNB1	chr1	1686204	1686704	1892291	-	205837	epithelial	method4_crosscohort	-0.51392037	-0.51392037	0.0	0.0
chr1:1686204-1686704	INTS11	INTS11	chr1	1686204	1686704	1324686	-	361768	epithelial	method4_crosscohort	-0.45959103	-0.45959103	0.0	0.0
chr1:1686204-1686704	PRKCZ	PRKCZ	chr1	1686204	1686704	2050410	+	363956	epithelial	method4_crosscohort	-0.46912378	-0.46912378	0.0	0.0
chr1:1686204-1686704	PUSL1	PUSL1	chr1	1686204	1686704	1308596	+	377858	epithelial	method4_crosscohort	0.56787497	0.56787497	0.0	0.0
chr1:1686204-1686704	TNFRSF4	TNFRSF4	chr1	1686204	1686704	1214152	-	472302	epithelial	method4_crosscohort	0.534198	0.534198	0.0	0.0
chr1:1740915-1741415	ATAD3B	ATAD3B	chr1	1740915	1741415	1471764	+	269401	epithelial	method4_crosscohort	-0.525274	-0.525274	0.0	0.0
chr1:1740915-1741415	C1QTNF12	C1QTNF12	chr1	1740915	1741415	1246721	-	494444	epithelial	method4_crosscohort	-0.48149276	-0.48149276	0.0	0.0
chr1:1740915-1741415	CDK11A	CDK11A	chr1	1740915	1741415	1724356	-	16809	epithelial	method4_crosscohort	-0.50760263	-0.50760263	0.0	0.0
chr1:1740915-1741415	CPTP	CPTP	chr1	1740915	1741415	1324755	+	416410	epithelial	method4_crosscohort	-0.49452168	-0.49452168	0.0	0.0
chr1:1740915-1741415	DVL1	DVL1	chr1	1740915	1741415	1349417	-	391748	epithelial	method4_crosscohort	-0.47123757	-0.47123757	0.0	0.0
chr1:1740915-1741415	GNB1	GNB1	chr1	1740915	1741415	1892291	-	151126	epithelial	method4_crosscohort	-0.53632545	-0.53632545	0.0	0.0
chr1:1740915-1741415	INTS11	INTS11	chr1	1740915	1741415	1324686	-	416479	epithelial	method4_crosscohort	-0.46937346	-0.46937346	0.0	0.0
chr1:1740915-1741415	PRKCZ	PRKCZ	chr1	1740915	1741415	2050410	+	309245	epithelial	method4_crosscohort	-0.49372342	-0.49372342	0.0	0.0
chr1:1740915-1741415	PUSL1	PUSL1	chr1	1740915	1741415	1308596	+	432569	epithelial	method4_crosscohort	0.5668542	0.5668542	0.0	0.0
chr1:1778735-1779235	SCNN1D	SCNN1D	chr1	1778735	1779235	1280435	+	498550	epithelial	method4_crosscohort	0.473134	0.473134	0.0	0.0
chr1:1778735-1779235	SLC35E2B	SLC35E2B	chr1	1778735	1779235	1692794	-	86191	epithelial	method4_crosscohort	0.47830644	0.47830644	0.0	0.0
chr1:1919058-1919558	MORN1	MORN1	chr1	1919058	1919558	2391706	-	472398	epithelial	method4_crosscohort	0.47124684	0.47124684	0.0	0.0
chr1:1919058-1919558	SLC35E2B	SLC35E2B	chr1	1919058	1919558	1692794	-	226514	epithelial	method4_crosscohort	0.46308848	0.46308848	0.0	0.0
chr1:1990131-1990631	GNB1	GNB1	chr1	1990131	1990631	1892291	-	98090	epithelial	method4_crosscohort	-0.46602568	-0.46602568	0.0	0.0
chr1:2025426-2025926	CDK11A	CDK11A	chr1	2025426	2025926	1724356	-	301320	epithelial	method4_crosscohort	-0.47666445	-0.47666445	0.0	0.0
chr1:2025426-2025926	GNB1	GNB1	chr1	2025426	2025926	1892291	-	133385	epithelial	method4_crosscohort	-0.522367	-0.522367	0.0	0.0
chr1:2025426-2025926	PRKCZ	PRKCZ	chr1	2025426	2025926	2050410	+	24734	epithelial	method4_crosscohort	-0.47289333	-0.47289333	0.0	0.0
chr1:2025426-2025926	RER1	RER1	chr1	2025426	2025926	2391774	+	366098	epithelial	method4_crosscohort	0.4781714	0.4781714	0.0	0.0
chr1:2097880-2098380	CFAP74	CFAP74	chr1	2097880	2098380	2003836	-	94294	epithelial	method4_crosscohort	-0.71000576	-0.71000576	0.0	0.0
chr1:2097880-2098380	FAAP20	FAAP20	chr1	2097880	2098380	2212719	-	114589	epithelial	method4_crosscohort	-0.6465023	-0.6465023	0.0	0.0
chr1:2097880-2098380	MMP23B	MMP23B	chr1	2097880	2098380	1632162	+	465968	epithelial	method4_crosscohort	-0.7186048	-0.7186048	0.0	0.0
chr1:2097880-2098380	MORN1	MORN1	chr1	2097880	2098380	2391706	-	293576	epithelial	method4_crosscohort	-0.6326047	-0.6326047	0.0	0.0
chr1:2097880-2098380	NADK	NADK	chr1	2097880	2098380	1780456	-	317674	epithelial	method4_crosscohort	0.47455856	0.47455856	0.0	0.0
chr1:2097880-2098380	PANK4	PANK4	chr1	2097880	2098380	2526596	-	428466	epithelial	method4_crosscohort	0.5773275	0.5773275	0.0	0.0
chr1:2097880-2098380	PEX10	PEX10	chr1	2097880	2098380	2413796	-	315666	epithelial	method4_crosscohort	-0.5874099	-0.5874099	0.0	0.0
chr1:2097880-2098380	SKI	SKI	chr1	2097880	2098380	2227387	+	129257	epithelial	method4_crosscohort	-0.6433943	-0.6433943	0.0	0.0
chr1:2097880-2098380	SLC35E2B	SLC35E2B	chr1	2097880	2098380	1692794	-	405336	epithelial	method4_crosscohort	-0.6639054	-0.6639054	0.0	0.0
chr1:2097880-2098380	TNFRSF14	TNFRSF14	chr1	2097880	2098380	2555638	+	457508	epithelial	method4_crosscohort	-0.7070941	-0.7070941	0.0	0.0
chr1:2133069-2133569	CDK11A	CDK11A	chr1	2133069	2133569	1724356	-	408963	epithelial	method4_crosscohort	-0.45297015	-0.45297015	0.0	0.0
chr1:2133069-2133569	MMEL1	MMEL1	chr1	2133069	2133569	2633015	-	499696	epithelial	method4_crosscohort	-0.4527552	-0.4527552	0.0	0.0
chr1:2135399-2135899	GNB1	GNB1	chr1	2135399	2135899	1892291	-	243358	epithelial	method4_crosscohort	-0.45654818	-0.45654818	0.0	0.0
chr1:2194831-2195331	MMEL1	MMEL1	chr1	2194831	2195331	2633015	-	437934	epithelial	method4_crosscohort	-0.45453736	-0.45453736	0.0	0.0
chr1:2204998-2205498	MMEL1	MMEL1	chr1	2204998	2205498	2633015	-	427767	epithelial	method4_crosscohort	-0.4890414	-0.4890414	0.0	0.0
chr1:2204998-2205498	MORN1	MORN1	chr1	2204998	2205498	2391706	-	186458	epithelial	method4_crosscohort	0.46064982	0.46064982	0.0	0.0
chr1:2207648-2208148	CDK11A	CDK11A	chr1	2207648	2208148	1724356	-	483542	epithelial	method4_crosscohort	-0.52901626	-0.52901626	0.0	0.0
chr1:2207648-2208148	GNB1	GNB1	chr1	2207648	2208148	1892291	-	315607	epithelial	method4_crosscohort	-0.49449208	-0.49449208	0.0	0.0
chr1:2207648-2208148	PRKCZ	PRKCZ	chr1	2207648	2208148	2050410	+	157488	epithelial	method4_crosscohort	-0.5031889	-0.5031889	0.0	0.0
chr1:2207648-2208148	RER1	RER1	chr1	2207648	2208148	2391774	+	183876	epithelial	method4_crosscohort	0.5339664	0.5339664	0.0	0.0
chr1:2208294-2208794	MMEL1	MMEL1	chr1	2208294	2208794	2633015	-	424471	epithelial	method4_crosscohort	-0.4550551	-0.4550551	0.0	0.0
chr1:2212635-2213135	MMEL1	MMEL1	chr1	2212635	2213135	2633015	-	420130	epithelial	method4_crosscohort	-0.45929566	-0.45929566	0.0	0.0
chr1:2214052-2214552	CDK11A	CDK11A	chr1	2214052	2214552	1724356	-	489946	epithelial	method4_crosscohort	-0.5931205	-0.5931205	0.0	0.0
chr1:2214052-2214552	GNB1	GNB1	chr1	2214052	2214552	1892291	-	322011	epithelial	method4_crosscohort	-0.575046	-0.575046	0.0	0.0
chr1:2214052-2214552	NADK	NADK	chr1	2214052	2214552	1780456	-	433846	epithelial	method4_crosscohort	-0.4807405	-0.4807405	0.0	0.0
chr1:2214052-2214552	PRKCZ	PRKCZ	chr1	2214052	2214552	2050410	+	163892	epithelial	method4_crosscohort	-0.56945455	-0.56945455	0.0	0.0
chr1:2214052-2214552	RER1	RER1	chr1	2214052	2214552	2391774	+	177472	epithelial	method4_crosscohort	0.5995206	0.5995206	0.0	0.0
chr1:2234355-2234855	GNB1	GNB1	chr1	2234355	2234855	1892291	-	342314	epithelial	method4_crosscohort	-0.53633136	-0.53633136	0.0	0.0
chr1:2234355-2234855	NADK	NADK	chr1	2234355	2234855	1780456	-	454149	epithelial	method4_crosscohort	-0.4833706	-0.4833706	0.0	0.0
chr1:2234355-2234855	PRKCZ	PRKCZ	chr1	2234355	2234855	2050410	+	184195	epithelial	method4_crosscohort	-0.54889274	-0.54889274	0.0	0.0
chr1:2234355-2234855	RER1	RER1	chr1	2234355	2234855	2391774	+	157169	epithelial	method4_crosscohort	0.5812297	0.5812297	0.0	0.0
chr1:2279167-2279667	GNB1	GNB1	chr1	2279167	2279667	1892291	-	387126	epithelial	method4_crosscohort	-0.54393995	-0.54393995	0.0	0.0
chr1:2279167-2279667	NADK	NADK	chr1	2279167	2279667	1780456	-	498961	epithelial	method4_crosscohort	-0.47301912	-0.47301912	0.0	0.0
chr1:2279167-2279667	PRKCZ	PRKCZ	chr1	2279167	2279667	2050410	+	229007	epithelial	method4_crosscohort	-0.565744	-0.565744	0.0	0.0
chr1:2279167-2279667	RER1	RER1	chr1	2279167	2279667	2391774	+	112357	epithelial	method4_crosscohort	0.5423519	0.5423519	0.0	0.0
chr1:2290338-2290838	GNB1	GNB1	chr1	2290338	2290838	1892291	-	398297	epithelial	method4_crosscohort	-0.6509463	-0.6509463	0.0	0.0
chr1:2290338-2290838	PRKCZ	PRKCZ	chr1	2290338	2290838	2050410	+	240178	epithelial	method4_crosscohort	-0.63052785	-0.63052785	0.0	0.0
chr1:2290338-2290838	RER1	RER1	chr1	2290338	2290838	2391774	+	101186	epithelial	method4_crosscohort	0.6611668	0.6611668	0.0	0.0
chr1:2291345-2291845	PRKCZ	PRKCZ	chr1	2291345	2291845	2050410	+	241185	epithelial	method4_crosscohort	-0.46737066	-0.46737066	0.0	0.0
chr1:2291345-2291845	RER1	RER1	chr1	2291345	2291845	2391774	+	100179	epithelial	method4_crosscohort	0.45193836	0.45193836	0.0	0.0
chr1:2298689-2299189	GNB1	GNB1	chr1	2298689	2299189	1892291	-	406648	epithelial	method4_crosscohort	-0.45701092	-0.45701092	0.0	0.0
chr1:2298689-2299189	PRKCZ	PRKCZ	chr1	2298689	2299189	2050410	+	248529	epithelial	method4_crosscohort	-0.47889087	-0.47889087	0.0	0.0
chr1:2298689-2299189	RER1	RER1	chr1	2298689	2299189	2391774	+	92835	epithelial	method4_crosscohort	0.4647666	0.4647666	0.0	0.0
chr1:2299233-2299733	PRKCZ	PRKCZ	chr1	2299233	2299733	2050410	+	249073	epithelial	method4_crosscohort	-0.460709	-0.460709	0.0	0.0
chr1:2299233-2299733	RER1	RER1	chr1	2299233	2299733	2391774	+	92291	epithelial	method4_crosscohort	0.46146536	0.46146536	0.0	0.0
chr1:2300173-2300673	GNB1	GNB1	chr1	2300173	2300673	1892291	-	408132	epithelial	method4_crosscohort	-0.5786622	-0.5786622	0.0	0.0
chr1:2300173-2300673	PRKCZ	PRKCZ	chr1	2300173	2300673	2050410	+	250013	epithelial	method4_crosscohort	-0.5729788	-0.5729788	0.0	0.0
chr1:2300173-2300673	RER1	RER1	chr1	2300173	2300673	2391774	+	91351	epithelial	method4_crosscohort	0.62202424	0.62202424	0.0	0.0
chr1:2300923-2301423	GNB1	GNB1	chr1	2300923	2301423	1892291	-	408882	epithelial	method4_crosscohort	-0.6521626	-0.6521626	0.0	0.0
chr1:2300923-2301423	PRKCZ	PRKCZ	chr1	2300923	2301423	2050410	+	250763	epithelial	method4_crosscohort	-0.64595145	-0.64595145	0.0	0.0
chr1:2300923-2301423	RER1	RER1	chr1	2300923	2301423	2391774	+	90601	epithelial	method4_crosscohort	0.6851883	0.6851883	0.0	0.0
chr1:2300923-2301423	SKI	SKI	chr1	2300923	2301423	2227387	+	73786	epithelial	method4_crosscohort	0.45794493	0.45794493	0.0	0.0
chr1:2311445-2311945	FAAP20	FAAP20	chr1	2311445	2311945	2212719	-	98976	epithelial	method4_crosscohort	0.45035824	0.45035824	0.0	0.0
chr1:2311445-2311945	MMEL1	MMEL1	chr1	2311445	2311945	2633015	-	321320	epithelial	method4_crosscohort	-0.47564852	-0.47564852	0.0	0.0
chr1:2311445-2311945	PRKCZ	PRKCZ	chr1	2311445	2311945	2050410	+	261285	epithelial	method4_crosscohort	-0.51109195	-0.51109195	0.0	0.0
chr1:2311445-2311945	RER1	RER1	chr1	2311445	2311945	2391774	+	80079	epithelial	method4_crosscohort	0.46961373	0.46961373	0.0	0.0
chr1:2311445-2311945	SKI	SKI	chr1	2311445	2311945	2227387	+	84308	epithelial	method4_crosscohort	0.47657055	0.47657055	0.0	0.0
chr1:2312030-2312530	PRKCZ	PRKCZ	chr1	2312030	2312530	2050410	+	261870	epithelial	method4_crosscohort	-0.48640898	-0.48640898	0.0	0.0
chr1:2312030-2312530	RER1	RER1	chr1	2312030	2312530	2391774	+	79494	epithelial	method4_crosscohort	0.5126476	0.5126476	0.0	0.0
chr1:2314338-2314838	GNB1	GNB1	chr1	2314338	2314838	1892291	-	422297	epithelial	method4_crosscohort	-0.47986063	-0.47986063	0.0	0.0
chr1:2314338-2314838	PRKCZ	PRKCZ	chr1	2314338	2314838	2050410	+	264178	epithelial	method4_crosscohort	-0.56905276	-0.56905276	0.0	0.0
chr1:2314338-2314838	RER1	RER1	chr1	2314338	2314838	2391774	+	77186	epithelial	method4_crosscohort	0.5640993	0.5640993	0.0	0.0
chr1:2314338-2314838	SKI	SKI	chr1	2314338	2314838	2227387	+	87201	epithelial	method4_crosscohort	0.4730777	0.4730777	0.0	0.0
chr1:2315038-2315538	FAAP20	FAAP20	chr1	2315038	2315538	2212719	-	102569	epithelial	method4_crosscohort	0.48293966	0.48293966	0.0	0.0
chr1:2315038-2315538	MMEL1	MMEL1	chr1	2315038	2315538	2633015	-	317727	epithelial	method4_crosscohort	-0.48960108	-0.48960108	0.0	0.0
chr1:2315038-2315538	PRKCZ	PRKCZ	chr1	2315038	2315538	2050410	+	264878	epithelial	method4_crosscohort	-0.56557536	-0.56557536	0.0	0.0
chr1:2315038-2315538	RER1	RER1	chr1	2315038	2315538	2391774	+	76486	epithelial	method4_crosscohort	0.5458755	0.5458755	0.0	0.0
chr1:2315038-2315538	SKI	SKI	chr1	2315038	2315538	2227387	+	87901	epithelial	method4_crosscohort	0.5120726	0.5120726	0.0	0.0
chr1:2322329-2322829	GNB1	GNB1	chr1	2322329	2322829	1892291	-	430288	epithelial	method4_crosscohort	-0.57050383	-0.57050383	0.0	0.0
chr1:2322329-2322829	PRKCZ	PRKCZ	chr1	2322329	2322829	2050410	+	272169	epithelial	method4_crosscohort	-0.59290636	-0.59290636	0.0	0.0
chr1:2322329-2322829	RER1	RER1	chr1	2322329	2322829	2391774	+	69195	epithelial	method4_crosscohort	0.599463	0.599463	0.0	0.0
chr1:2330802-2331302	GNB1	GNB1	chr1	2330802	2331302	1892291	-	438761	epithelial	method4_crosscohort	-0.4743235	-0.4743235	0.0	0.0
chr1:2330802-2331302	RER1	RER1	chr1	2330802	2331302	2391774	+	60722	epithelial	method4_crosscohort	0.5021618	0.5021618	0.0	0.0
chr1:2416205-2416705	TNFRSF14	TNFRSF14	chr1	2416205	2416705	2555638	+	139183	epithelial	method4_crosscohort	0.46421865	0.46421865	0.0	0.0
chr1:2546085-2546585	MMEL1	MMEL1	chr1	2546085	2546585	2633015	-	86680	epithelial	method4_crosscohort	-0.48187268	-0.48187268	0.0	0.0
chr1:2546085-2546585	MORN1	MORN1	chr1	2546085	2546585	2391706	-	154629	epithelial	method4_crosscohort	0.4571567	0.4571567	0.0	0.0
chr1:2575738-2576238	TNFRSF14	TNFRSF14	chr1	2575738	2576238	2555638	+	20350	epithelial	method4_crosscohort	0.48270825	0.48270825	0.0	0.0
chr1:2642422-2642922	MMEL1	MMEL1	chr1	2642422	2642922	2633015	-	9657	epithelial	method4_crosscohort	-0.4529952	-0.4529952	0.0	0.0
chr1:2642990-2643490	FAAP20	FAAP20	chr1	2642990	2643490	2212719	-	430521	epithelial	method4_crosscohort	0.48864928	0.48864928	0.0	0.0
chr1:2642990-2643490	MMEL1	MMEL1	chr1	2642990	2643490	2633015	-	10225	epithelial	method4_crosscohort	-0.61748475	-0.61748475	0.0	0.0
chr1:2642990-2643490	MORN1	MORN1	chr1	2642990	2643490	2391706	-	251534	epithelial	method4_crosscohort	0.48723093	0.48723093	0.0	0.0
chr1:2642990-2643490	SKI	SKI	chr1	2642990	2643490	2227387	+	415853	epithelial	method4_crosscohort	0.52381855	0.52381855	0.0	0.0
chr1:3069964-3070464	MMEL1	MMEL1	chr1	3069964	3070464	2633015	-	437199	epithelial	method4_crosscohort	-0.4666307	-0.4666307	0.0	0.0
chr1:3170435-3170935	ARHGEF16	ARHGEF16	chr1	3170435	3170935	3454664	+	283979	epithelial	method4_crosscohort	-0.48331758	-0.48331758	0.0	0.0
chr1:3313072-3313572	ARHGEF16	ARHGEF16	chr1	3313072	3313572	3454664	+	141342	epithelial	method4_crosscohort	-0.6690749	-0.6690749	0.0	0.0
chr1:3313072-3313572	LRRC47	LRRC47	chr1	3313072	3313572	3796497	-	483175	epithelial	method4_crosscohort	0.5044218	0.5044218	0.0	0.0
chr1:3313072-3313572	SMIM1	SMIM1	chr1	3313072	3313572	3772748	+	459426	epithelial	method4_crosscohort	0.47132277	0.47132277	0.0	0.0
chr1:3313072-3313572	WRAP73	WRAP73	chr1	3313072	3313572	3652760	-	339438	epithelial	method4_crosscohort	-0.6302927	-0.6302927	0.0	0.0
chr1:3313593-3314093	ARHGEF16	ARHGEF16	chr1	3313593	3314093	3454664	+	140821	epithelial	method4_crosscohort	-0.5591464	-0.5591464	0.0	0.0
chr1:3313593-3314093	WRAP73	WRAP73	chr1	3313593	3314093	3652760	-	338917	epithelial	method4_crosscohort	-0.5387587	-0.5387587	0.0	0.0
chr1:3480266-3480766	LRRC47	LRRC47	chr1	3480266	3480766	3796497	-	315981	epithelial	method4_crosscohort	-0.46673375	-0.46673375	0.0	0.0
chr1:3531194-3531694	C1orf174	C1orf174	chr1	3531194	3531694	3900292	-	368848	epithelial	method4_crosscohort	0.5069507	0.5069507	0.0	0.0
chr1:3531194-3531694	CEP104	CEP104	chr1	3531194	3531694	3857395	-	325951	epithelial	method4_crosscohort	0.4967461	0.4967461	0.0	0.0
chr1:3531194-3531694	DFFB	DFFB	chr1	3531194	3531694	3857266	+	325822	epithelial	method4_crosscohort	0.51158684	0.51158684	0.0	0.0
chr1:3531194-3531694	LRRC47	LRRC47	chr1	3531194	3531694	3796497	-	265053	epithelial	method4_crosscohort	0.5472617	0.5472617	0.0	0.0
chr1:3747195-3747695	ARHGEF16	ARHGEF16	chr1	3747195	3747695	3454664	+	292781	epithelial	method4_crosscohort	-0.5159823	-0.5159823	0.0	0.0
chr1:3747195-3747695	C1orf174	C1orf174	chr1	3747195	3747695	3900292	-	152847	epithelial	method4_crosscohort	0.51020545	0.51020545	0.0	0.0
chr1:3747195-3747695	LRRC47	LRRC47	chr1	3747195	3747695	3796497	-	49052	epithelial	method4_crosscohort	0.5852036	0.5852036	0.0	0.0
chr1:3747195-3747695	SMIM1	SMIM1	chr1	3747195	3747695	3772748	+	25303	epithelial	method4_crosscohort	0.49606642	0.49606642	0.0	0.0
chr1:3772373-3772873	ARHGEF16	ARHGEF16	chr1	3772373	3772873	3454664	+	317959	epithelial	method4_crosscohort	-0.5476709	-0.5476709	0.0	0.0
chr1:3772373-3772873	C1orf174	C1orf174	chr1	3772373	3772873	3900292	-	127669	epithelial	method4_crosscohort	0.55634224	0.55634224	0.0	0.0
chr1:3772373-3772873	CEP104	CEP104	chr1	3772373	3772873	3857395	-	84772	epithelial	method4_crosscohort	0.4582386	0.4582386	0.0	0.0
chr1:3772373-3772873	LRRC47	LRRC47	chr1	3772373	3772873	3796497	-	23874	epithelial	method4_crosscohort	0.6217583	0.6217583	0.0	0.0
chr1:3772373-3772873	SMIM1	SMIM1	chr1	3772373	3772873	3772748	+	125	epithelial	method4_crosscohort	0.519791	0.519791	0.0	0.0
chr1:3900623-3901123	C1orf174	C1orf174	chr1	3900623	3901123	3900292	-	581	epithelial	method4_crosscohort	0.45704877	0.45704877	0.0	0.0
chr1:3900623-3901123	LRRC47	LRRC47	chr1	3900623	3901123	3796497	-	104376	epithelial	method4_crosscohort	0.5038097	0.5038097	0.0	0.0
chr1:6026029-6026529	CHD5	CHD5	chr1	6026029	6026529	6180320	-	154041	epithelial	method4_crosscohort	0.4962925	0.4962925	0.0	0.0
chr1:6026029-6026529	ESPN	ESPN	chr1	6026029	6026529	6424775	+	398496	epithelial	method4_crosscohort	-0.5055967	-0.5055967	0.0	0.0
chr1:6026029-6026529	KCNAB2	KCNAB2	chr1	6026029	6026529	5990926	+	35353	epithelial	method4_crosscohort	0.49602598	0.49602598	0.0	0.0
chr1:6026029-6026529	RNF207	RNF207	chr1	6026029	6026529	6205474	+	179195	epithelial	method4_crosscohort	-0.56116956	-0.56116956	0.0	0.0
chr1:6026029-6026529	TNFRSF25	TNFRSF25	chr1	6026029	6026529	6466174	-	439895	epithelial	method4_crosscohort	-0.5209172	-0.5209172	0.0	0.0
chr1:6058570-6059070	NOL9	NOL9	chr1	6058570	6059070	6554512	-	495692	epithelial	method4_crosscohort	0.4527126	0.4527126	0.0	0.0
chr1:6098466-6098966	ESPN	ESPN	chr1	6098466	6098966	6424775	+	326059	epithelial	method4_crosscohort	-0.47566894	-0.47566894	0.0	0.0
chr1:6098466-6098966	ZBTB48	ZBTB48	chr1	6098466	6098966	6579993	+	481277	epithelial	method4_crosscohort	-0.4775425	-0.4775425	0.0	0.0
chr1:6497382-6497882	RNF207	RNF207	chr1	6497382	6497882	6205474	+	292158	epithelial	method4_crosscohort	-0.45693287	-0.45693287	0.0	0.0
chr1:6604082-6604582	DNAJC11	DNAJC11	chr1	6604082	6604582	6701923	-	97591	epithelial	method4_crosscohort	-0.49383777	-0.49383777	0.0	0.0
chr1:6604082-6604582	ESPN	ESPN	chr1	6604082	6604582	6424775	+	179557	epithelial	method4_crosscohort	-0.45497426	-0.45497426	0.0	0.0
chr1:6604082-6604582	ZBTB48	ZBTB48	chr1	6604082	6604582	6579993	+	24339	epithelial	method4_crosscohort	-0.46085316	-0.46085316	0.0	0.0
chr1:6624912-6625412	RNF207	RNF207	chr1	6624912	6625412	6205474	+	419688	epithelial	method4_crosscohort	-0.45135418	-0.45135418	0.0	0.0
chr1:6909897-6910397	NOL9	NOL9	chr1	6909897	6910397	6554512	-	355635	epithelial	method4_crosscohort	0.45604703	0.45604703	0.0	0.0
chr1:6962301-6962801	NOL9	NOL9	chr1	6962301	6962801	6554512	-	408039	epithelial	method4_crosscohort	0.57801133	0.57801133	0.0	0.0
chr1:6962301-6962801	TNFRSF25	TNFRSF25	chr1	6962301	6962801	6466174	-	496377	epithelial	method4_crosscohort	-0.46415132	-0.46415132	0.0	0.0
chr1:6962893-6963393	NOL9	NOL9	chr1	6962893	6963393	6554512	-	408631	epithelial	method4_crosscohort	0.5546353	0.5546353	0.0	0.0
chr1:6962893-6963393	TNFRSF25	TNFRSF25	chr1	6962893	6963393	6466174	-	496969	epithelial	method4_crosscohort	-0.47121847	-0.47121847	0.0	0.0
chr1:7680017-7680517	ERRFI1	ERRFI1	chr1	7680017	7680517	8026308	-	346041	epithelial	method4_crosscohort	-0.46098638	-0.46098638	0.0	0.0
chr1:7680017-7680517	PARK7	PARK7	chr1	7680017	7680517	7954290	+	274023	epithelial	method4_crosscohort	0.45088658	0.45088658	0.0	0.0
chr1:7680017-7680517	PER3	PER3	chr1	7680017	7680517	7784290	+	104023	epithelial	method4_crosscohort	0.47829807	0.47829807	0.0	0.0
chr1:7961315-7961815	PER3	PER3	chr1	7961315	7961815	7784290	+	177275	epithelial	method4_crosscohort	0.47797227	0.47797227	0.0	0.0
chr1:8092679-8093179	PARK7	PARK7	chr1	8092679	8093179	7954290	+	138639	epithelial	method4_crosscohort	-0.49312887	-0.49312887	0.0	0.0
chr1:8092679-8093179	PER3	PER3	chr1	8092679	8093179	7784290	+	308639	epithelial	method4_crosscohort	-0.466624	-0.466624	0.0	0.0
chr1:8093326-8093826	ERRFI1	ERRFI1	chr1	8093326	8093826	8026308	-	67268	epithelial	method4_crosscohort	0.56554484	0.56554484	0.0	0.0
chr1:8093326-8093826	PARK7	PARK7	chr1	8093326	8093826	7954290	+	139286	epithelial	method4_crosscohort	-0.6600011	-0.6600011	0.0	0.0
chr1:8093326-8093826	PER3	PER3	chr1	8093326	8093826	7784290	+	309286	epithelial	method4_crosscohort	-0.63485825	-0.63485825	0.0	0.0
chr1:8093326-8093826	SLC45A1	SLC45A1	chr1	8093326	8093826	8318113	+	224537	epithelial	method4_crosscohort	-0.49343276	-0.49343276	0.0	0.0
chr1:8093326-8093826	VAMP3	VAMP3	chr1	8093326	8093826	7771295	+	322281	epithelial	method4_crosscohort	0.45608053	0.45608053	0.0	0.0
chr1:8093847-8094347	PARK7	PARK7	chr1	8093847	8094347	7954290	+	139807	epithelial	method4_crosscohort	-0.49614245	-0.49614245	0.0	0.0
chr1:8093847-8094347	PER3	PER3	chr1	8093847	8094347	7784290	+	309807	epithelial	method4_crosscohort	-0.47191954	-0.47191954	0.0	0.0
chr1:8094406-8094906	ERRFI1	ERRFI1	chr1	8094406	8094906	8026308	-	68348	epithelial	method4_crosscohort	0.47846586	0.47846586	0.0	0.0
chr1:8094406-8094906	PARK7	PARK7	chr1	8094406	8094906	7954290	+	140366	epithelial	method4_crosscohort	-0.5019214	-0.5019214	0.0	0.0
chr1:8094406-8094906	PER3	PER3	chr1	8094406	8094906	7784290	+	310366	epithelial	method4_crosscohort	-0.4724194	-0.4724194	0.0	0.0
chr1:8094406-8094906	VAMP3	VAMP3	chr1	8094406	8094906	7771295	+	323361	epithelial	method4_crosscohort	0.51486796	0.51486796	0.0	0.0
chr1:8116811-8117311	ERRFI1	ERRFI1	chr1	8116811	8117311	8026308	-	90753	epithelial	method4_crosscohort	-0.45374846	-0.45374846	0.0	0.0
chr1:8133650-8134150	ERRFI1	ERRFI1	chr1	8133650	8134150	8026308	-	107592	epithelial	method4_crosscohort	-0.49909788	-0.49909788	0.0	0.0
chr1:8255485-8255985	PARK7	PARK7	chr1	8255485	8255985	7954290	+	301445	epithelial	method4_crosscohort	-0.4794805	-0.4794805	0.0	0.0
chr1:8255485-8255985	PER3	PER3	chr1	8255485	8255985	7784290	+	471445	epithelial	method4_crosscohort	-0.45968175	-0.45968175	0.0	0.0
chr1:8283158-8283658	PER3	PER3	chr1	8283158	8283658	7784290	+	499118	epithelial	method4_crosscohort	-0.45850348	-0.45850348	0.0	0.0
chr1:8317811-8318311	ERRFI1	ERRFI1	chr1	8317811	8318311	8026308	-	291753	epithelial	method4_crosscohort	-0.46345398	-0.46345398	0.0	0.0
chr1:8343435-8343935	ERRFI1	ERRFI1	chr1	8343435	8343935	8026308	-	317377	epithelial	method4_crosscohort	-0.4799562	-0.4799562	0.0	0.0
chr1:8427446-8427946	ERRFI1	ERRFI1	chr1	8427446	8427946	8026308	-	401388	epithelial	method4_crosscohort	-0.4739102	-0.4739102	0.0	0.0
chr1:8525832-8526332	RERE	RERE	chr1	8525832	8526332	8848920	-	322838	epithelial	method4_crosscohort	0.48794875	0.48794875	0.0	0.0
chr1:8652456-8652956	ENO1	ENO1	chr1	8652456	8652956	8879189	-	226483	epithelial	method4_crosscohort	-0.46638852	-0.46638852	0.0	0.0
chr1:8652456-8652956	GPR157	GPR157	chr1	8652456	8652956	9129101	-	476395	epithelial	method4_crosscohort	-0.4845042	-0.4845042	0.0	0.0
chr1:8652456-8652956	RERE	RERE	chr1	8652456	8652956	8848920	-	196214	epithelial	method4_crosscohort	-0.5441584	-0.5441584	0.0	0.0
chr1:8652456-8652956	SLC45A1	SLC45A1	chr1	8652456	8652956	8318113	+	334593	epithelial	method4_crosscohort	-0.5961342	-0.5961342	0.0	0.0
chr1:8702082-8702582	RERE	RERE	chr1	8702082	8702582	8848920	-	146588	epithelial	method4_crosscohort	0.47743195	0.47743195	0.0	0.0
chr1:8703234-8703734	RERE	RERE	chr1	8703234	8703734	8848920	-	145436	epithelial	method4_crosscohort	0.48548576	0.48548576	0.0	0.0
chr1:9067069-9067569	SLC2A5	SLC2A5	chr1	9067069	9067569	9088477	-	21158	epithelial	method4_crosscohort	-0.46169218	-0.46169218	0.0	0.0
chr1:9326418-9326918	SLC2A5	SLC2A5	chr1	9326418	9326918	9088477	-	238191	epithelial	method4_crosscohort	-0.45218688	-0.45218688	0.0	0.0
chr1:9376854-9377354	CLSTN1	CLSTN1	chr1	9376854	9377354	9823983	-	446879	epithelial	method4_crosscohort	-0.55415905	-0.55415905	0.0	0.0
chr1:9376854-9377354	SLC2A5	SLC2A5	chr1	9376854	9377354	9088477	-	288627	epithelial	method4_crosscohort	-0.6424425	-0.6424425	0.0	0.0
chr1:9413744-9414244	CTNNBIP1	CTNNBIP1	chr1	9413744	9414244	9910335	-	496341	epithelial	method4_crosscohort	-0.4946407	-0.4946407	0.0	0.0
chr1:9413744-9414244	SLC2A5	SLC2A5	chr1	9413744	9414244	9088477	-	325517	epithelial	method4_crosscohort	-0.47740895	-0.47740895	0.0	0.0
chr1:9425947-9426447	CLSTN1	CLSTN1	chr1	9425947	9426447	9823983	-	397786	epithelial	method4_crosscohort	-0.4545988	-0.4545988	0.0	0.0
chr1:9425947-9426447	CTNNBIP1	CTNNBIP1	chr1	9425947	9426447	9910335	-	484138	epithelial	method4_crosscohort	-0.53575206	-0.53575206	0.0	0.0
chr1:9425947-9426447	SLC2A5	SLC2A5	chr1	9425947	9426447	9088477	-	337720	epithelial	method4_crosscohort	-0.5353074	-0.5353074	0.0	0.0
chr1:9626934-9627434	CLSTN1	CLSTN1	chr1	9626934	9627434	9823983	-	196799	epithelial	method4_crosscohort	-0.467029	-0.467029	0.0	0.0
chr1:9626934-9627434	NMNAT1	NMNAT1	chr1	9626934	9627434	9943427	+	316243	epithelial	method4_crosscohort	-0.48997954	-0.48997954	0.0	0.0
chr1:9628921-9629421	CLSTN1	CLSTN1	chr1	9628921	9629421	9823983	-	194812	epithelial	method4_crosscohort	-0.46872997	-0.46872997	0.0	0.0
chr1:9628921-9629421	CTNNBIP1	CTNNBIP1	chr1	9628921	9629421	9910335	-	281164	epithelial	method4_crosscohort	-0.51267934	-0.51267934	0.0	0.0
chr1:9628921-9629421	LZIC	LZIC	chr1	9628921	9629421	9943406	-	314235	epithelial	method4_crosscohort	0.47840554	0.47840554	0.0	0.0
chr1:9628921-9629421	NMNAT1	NMNAT1	chr1	9628921	9629421	9943427	+	314256	epithelial	method4_crosscohort	-0.49333522	-0.49333522	0.0	0.0
chr1:9629598-9630098	CLSTN1	CLSTN1	chr1	9629598	9630098	9823983	-	194135	epithelial	method4_crosscohort	-0.4894573	-0.4894573	0.0	0.0
chr1:9629598-9630098	CTNNBIP1	CTNNBIP1	chr1	9629598	9630098	9910335	-	280487	epithelial	method4_crosscohort	-0.5448409	-0.5448409	0.0	0.0
chr1:9629598-9630098	LZIC	LZIC	chr1	9629598	9630098	9943406	-	313558	epithelial	method4_crosscohort	0.5066144	0.5066144	0.0	0.0
chr1:9629598-9630098	NMNAT1	NMNAT1	chr1	9629598	9630098	9943427	+	313579	epithelial	method4_crosscohort	-0.52897424	-0.52897424	0.0	0.0
chr1:9651482-9651982	CLSTN1	CLSTN1	chr1	9651482	9651982	9823983	-	172251	epithelial	method4_crosscohort	-0.4970606	-0.4970606	0.0	0.0
chr1:9651482-9651982	CTNNBIP1	CTNNBIP1	chr1	9651482	9651982	9910335	-	258603	epithelial	method4_crosscohort	-0.48896536	-0.48896536	0.0	0.0
chr1:9651482-9651982	NMNAT1	NMNAT1	chr1	9651482	9651982	9943427	+	291695	epithelial	method4_crosscohort	-0.4752493	-0.4752493	0.0	0.0
chr1:9652225-9652725	CLSTN1	CLSTN1	chr1	9652225	9652725	9823983	-	171508	epithelial	method4_crosscohort	-0.48185453	-0.48185453	0.0	0.0
chr1:9652225-9652725	CTNNBIP1	CTNNBIP1	chr1	9652225	9652725	9910335	-	257860	epithelial	method4_crosscohort	-0.53165066	-0.53165066	0.0	0.0
chr1:9652225-9652725	LZIC	LZIC	chr1	9652225	9652725	9943406	-	290931	epithelial	method4_crosscohort	0.50272	0.50272	0.0	0.0
chr1:9652225-9652725	NMNAT1	NMNAT1	chr1	9652225	9652725	9943427	+	290952	epithelial	method4_crosscohort	-0.527435	-0.527435	0.0	0.0
chr1:9652225-9652725	TMEM201	TMEM201	chr1	9652225	9652725	9588910	+	63565	epithelial	method4_crosscohort	0.45076397	0.45076397	0.0	0.0
chr1:9687381-9687881	CLSTN1	CLSTN1	chr1	9687381	9687881	9823983	-	136352	epithelial	method4_crosscohort	-0.4548482	-0.4548482	0.0	0.0
chr1:9687381-9687881	NMNAT1	NMNAT1	chr1	9687381	9687881	9943427	+	255796	epithelial	method4_crosscohort	-0.4599503	-0.4599503	0.0	0.0
chr1:9689256-9689756	H6PD	H6PD	chr1	9689256	9689756	9234773	+	454733	epithelial	method4_crosscohort	0.49732324	0.49732324	0.0	0.0
chr1:9689256-9689756	PIK3CD	PIK3CD	chr1	9689256	9689756	9629888	+	59618	epithelial	method4_crosscohort	0.5095357	0.5095357	0.0	0.0
chr1:9689256-9689756	RBP7	RBP7	chr1	9689256	9689756	9997205	+	307699	epithelial	method4_crosscohort	0.49482504	0.49482504	0.0	0.0
chr1:9689256-9689756	SPSB1	SPSB1	chr1	9689256	9689756	9292893	+	396613	epithelial	method4_crosscohort	0.45938212	0.45938212	0.0	0.0
chr1:9689256-9689756	UBE4B	UBE4B	chr1	9689256	9689756	10032831	+	343325	epithelial	method4_crosscohort	0.49159756	0.49159756	0.0	0.0
chr1:9717566-9718066	CLSTN1	CLSTN1	chr1	9717566	9718066	9823983	-	106167	epithelial	method4_crosscohort	-0.5583295	-0.5583295	0.0	0.0
chr1:9717566-9718066	CTNNBIP1	CTNNBIP1	chr1	9717566	9718066	9910335	-	192519	epithelial	method4_crosscohort	-0.63271195	-0.63271195	0.0	0.0
chr1:9717566-9718066	KIF1B	KIF1B	chr1	9717566	9718066	10210569	+	492753	epithelial	method4_crosscohort	-0.48780525	-0.48780525	0.0	0.0
chr1:9717566-9718066	LZIC	LZIC	chr1	9717566	9718066	9943406	-	225590	epithelial	method4_crosscohort	0.58290935	0.58290935	0.0	0.0
chr1:9717566-9718066	NMNAT1	NMNAT1	chr1	9717566	9718066	9943427	+	225611	epithelial	method4_crosscohort	-0.58716625	-0.58716625	0.0	0.0
chr1:9717566-9718066	TMEM201	TMEM201	chr1	9717566	9718066	9588910	+	128906	epithelial	method4_crosscohort	0.4764828	0.4764828	0.0	0.0
chr1:10677362-10677862	DFFA	DFFA	chr1	10677362	10677862	10472528	-	205084	epithelial	method4_crosscohort	-0.47286326	-0.47286326	0.0	0.0
chr1:10677362-10677862	EXOSC10	EXOSC10	chr1	10677362	10677862	11099868	-	422256	epithelial	method4_crosscohort	-0.53414565	-0.53414565	0.0	0.0
chr1:10677362-10677862	KIF1B	KIF1B	chr1	10677362	10677862	10210569	+	467043	epithelial	method4_crosscohort	0.46293718	0.46293718	0.0	0.0
chr1:10677362-10677862	MASP2	MASP2	chr1	10677362	10677862	11047238	-	369626	epithelial	method4_crosscohort	-0.5299933	-0.5299933	0.0	0.0
chr1:10677362-10677862	PGD	PGD	chr1	10677362	10677862	10398591	+	279021	epithelial	method4_crosscohort	-0.54068553	-0.54068553	0.0	0.0
chr1:10677362-10677862	SRM	SRM	chr1	10677362	10677862	11060019	-	382407	epithelial	method4_crosscohort	-0.5314521	-0.5314521	0.0	0.0
chr1:10677362-10677862	TARDBP	TARDBP	chr1	10677362	10677862	11012343	+	334731	epithelial	method4_crosscohort	-0.47383177	-0.47383177	0.0	0.0
chr1:10691697-10692197	EXOSC10	EXOSC10	chr1	10691697	10692197	11099868	-	407921	epithelial	method4_crosscohort	-0.49883613	-0.49883613	0.0	0.0
chr1:10691697-10692197	PGD	PGD	chr1	10691697	10692197	10398591	+	293356	epithelial	method4_crosscohort	-0.5014924	-0.5014924	0.0	0.0
chr1:10691697-10692197	SRM	SRM	chr1	10691697	10692197	11060019	-	368072	epithelial	method4_crosscohort	-0.4719826	-0.4719826	0.0	0.0
chr1:10730984-10731484	DFFA	DFFA	chr1	10730984	10731484	10472528	-	258706	epithelial	method4_crosscohort	-0.53007454	-0.53007454	0.0	0.0
chr1:10730984-10731484	EXOSC10	EXOSC10	chr1	10730984	10731484	11099868	-	368634	epithelial	method4_crosscohort	-0.5373338	-0.5373338	0.0	0.0
chr1:10730984-10731484	MASP2	MASP2	chr1	10730984	10731484	11047238	-	316004	epithelial	method4_crosscohort	-0.54000884	-0.54000884	0.0	0.0
chr1:10730984-10731484	PGD	PGD	chr1	10730984	10731484	10398591	+	332643	epithelial	method4_crosscohort	-0.56015974	-0.56015974	0.0	0.0
chr1:10730984-10731484	SRM	SRM	chr1	10730984	10731484	11060019	-	328785	epithelial	method4_crosscohort	-0.5399197	-0.5399197	0.0	0.0
chr1:10730984-10731484	TARDBP	TARDBP	chr1	10730984	10731484	11012343	+	281109	epithelial	method4_crosscohort	-0.5048114	-0.5048114	0.0	0.0
chr1:10766009-10766509	MTOR	MTOR	chr1	10766009	10766509	11262555	-	496296	epithelial	method4_crosscohort	0.48206776	0.48206776	0.0	0.0
chr1:10779174-10779674	MTOR	MTOR	chr1	10779174	10779674	11262555	-	483131	epithelial	method4_crosscohort	0.49775463	0.49775463	0.0	0.0
chr1:10901230-10901730	MTOR	MTOR	chr1	10901230	10901730	11262555	-	361075	epithelial	method4_crosscohort	0.47498813	0.47498813	0.0	0.0
chr1:10943957-10944457	MTOR	MTOR	chr1	10943957	10944457	11262555	-	318348	epithelial	method4_crosscohort	0.45112383	0.45112383	0.0	0.0
chr1:11059866-11060366	SRM	SRM	chr1	11059866	11060366	11060019	-	97	epithelial	method4_crosscohort	0.4512722	0.4512722	0.0	0.0
chr1:11059866-11060366	UBIAD1	UBIAD1	chr1	11059866	11060366	11273197	+	213081	epithelial	method4_crosscohort	0.4685947	0.4685947	0.0	0.0
chr1:11478620-11479120	EXOSC10	EXOSC10	chr1	11478620	11479120	11099868	-	379002	epithelial	method4_crosscohort	0.4667703	0.4667703	0.0	0.0
chr1:11478620-11479120	FBXO2	FBXO2	chr1	11478620	11479120	11655784	-	176914	epithelial	method4_crosscohort	0.45315808	0.45315808	0.0	0.0
chr1:11478620-11479120	KIAA2013	KIAA2013	chr1	11478620	11479120	11926427	-	447557	epithelial	method4_crosscohort	0.46002805	0.46002805	0.0	0.0
chr1:11478620-11479120	MAD2L2	MAD2L2	chr1	11478620	11479120	11691810	-	212940	epithelial	method4_crosscohort	0.45338726	0.45338726	0.0	0.0
chr1:11478620-11479120	MTHFR	MTHFR	chr1	11478620	11479120	11806454	-	327584	epithelial	method4_crosscohort	-0.45523682	-0.45523682	0.0	0.0
chr1:11478620-11479120	MTOR	MTOR	chr1	11478620	11479120	11262555	-	216315	epithelial	method4_crosscohort	0.50478804	0.50478804	0.0	0.0
chr1:11654576-11655076	KIAA2013	KIAA2013	chr1	11654576	11655076	11926427	-	271601	epithelial	method4_crosscohort	0.49453714	0.49453714	0.0	0.0
chr1:11654576-11655076	MAD2L2	MAD2L2	chr1	11654576	11655076	11691810	-	36984	epithelial	method4_crosscohort	0.46793097	0.46793097	0.0	0.0
chr1:11654576-11655076	PLOD1	PLOD1	chr1	11654576	11655076	11934204	+	279378	epithelial	method4_crosscohort	0.4511671	0.4511671	0.0	0.0
chr1:11654576-11655076	UBIAD1	UBIAD1	chr1	11654576	11655076	11273197	+	381629	epithelial	method4_crosscohort	0.46067512	0.46067512	0.0	0.0
chr1:11680940-11681440	AGTRAP	AGTRAP	chr1	11680940	11681440	11736083	+	54893	epithelial	method4_crosscohort	0.4784194	0.4784194	0.0	0.0
chr1:11680940-11681440	C1orf167	C1orf167	chr1	11680940	11681440	11761786	+	80596	epithelial	method4_crosscohort	0.47458327	0.47458327	0.0	0.0
chr1:11680940-11681440	CLCN6	CLCN6	chr1	11680940	11681440	11806095	+	124905	epithelial	method4_crosscohort	-0.5381976	-0.5381976	0.0	0.0
chr1:11680940-11681440	FBXO2	FBXO2	chr1	11680940	11681440	11655784	-	25406	epithelial	method4_crosscohort	0.47114533	0.47114533	0.0	0.0
chr1:11680940-11681440	FBXO44	FBXO44	chr1	11680940	11681440	11654374	+	26816	epithelial	method4_crosscohort	0.45916846	0.45916846	0.0	0.0
chr1:11680940-11681440	KIAA2013	KIAA2013	chr1	11680940	11681440	11926427	-	245237	epithelial	method4_crosscohort	0.5511672	0.5511672	0.0	0.0
chr1:11680940-11681440	MAD2L2	MAD2L2	chr1	11680940	11681440	11691810	-	10620	epithelial	method4_crosscohort	0.5090715	0.5090715	0.0	0.0
chr1:11680940-11681440	MIIP	MIIP	chr1	11680940	11681440	12019465	+	338275	epithelial	method4_crosscohort	0.49456486	0.49456486	0.0	0.0
chr1:11680940-11681440	PLOD1	PLOD1	chr1	11680940	11681440	11934204	+	253014	epithelial	method4_crosscohort	0.4924711	0.4924711	0.0	0.0
chr1:11680940-11681440	UBIAD1	UBIAD1	chr1	11680940	11681440	11273197	+	407993	epithelial	method4_crosscohort	0.51989895	0.51989895	0.0	0.0
chr1:11681509-11682009	CLCN6	CLCN6	chr1	11681509	11682009	11806095	+	124336	epithelial	method4_crosscohort	-0.49443978	-0.49443978	0.0	0.0
chr1:11681509-11682009	TNFRSF1B	TNFRSF1B	chr1	11681509	11682009	12166990	+	485231	epithelial	method4_crosscohort	0.5181884	0.5181884	0.0	0.0
chr1:11731584-11732084	CLCN6	CLCN6	chr1	11731584	11732084	11806095	+	74261	epithelial	method4_crosscohort	-0.46429285	-0.46429285	0.0	0.0
chr1:11731584-11732084	TNFRSF1B	TNFRSF1B	chr1	11731584	11732084	12166990	+	435156	epithelial	method4_crosscohort	0.52324605	0.52324605	0.0	0.0
chr1:11731584-11732084	VPS13D	VPS13D	chr1	11731584	11732084	12230029	+	498195	epithelial	method4_crosscohort	-0.5288024	-0.5288024	0.0	0.0
chr1:11735805-11736305	KIAA2013	KIAA2013	chr1	11735805	11736305	11926427	-	190372	epithelial	method4_crosscohort	0.47560123	0.47560123	0.0	0.0
chr1:11735805-11736305	UBIAD1	UBIAD1	chr1	11735805	11736305	11273197	+	462858	epithelial	method4_crosscohort	0.45160303	0.45160303	0.0	0.0
chr1:11934401-11934901	CLCN6	CLCN6	chr1	11934401	11934901	11806095	+	128556	epithelial	method4_crosscohort	-0.460701	-0.460701	0.0	0.0
chr1:11934401-11934901	KIAA2013	KIAA2013	chr1	11934401	11934901	11926427	-	8224	epithelial	method4_crosscohort	0.47484812	0.47484812	0.0	0.0
chr1:12173709-12174209	DHRS3	DHRS3	chr1	12173709	12174209	12618209	-	444250	epithelial	method4_crosscohort	-0.4636718	-0.4636718	0.0	0.0
chr1:12173709-12174209	MIIP	MIIP	chr1	12173709	12174209	12019465	+	154494	epithelial	method4_crosscohort	0.4766175	0.4766175	0.0	0.0
chr1:12173709-12174209	TNFRSF1B	TNFRSF1B	chr1	12173709	12174209	12166990	+	6969	epithelial	method4_crosscohort	0.53667897	0.53667897	0.0	0.0
chr1:12173709-12174209	VPS13D	VPS13D	chr1	12173709	12174209	12230029	+	56070	epithelial	method4_crosscohort	-0.52869856	-0.52869856	0.0	0.0
chr1:12180289-12180789	DHRS3	DHRS3	chr1	12180289	12180789	12618209	-	437670	epithelial	method4_crosscohort	-0.45125258	-0.45125258	0.0	0.0
chr1:12180289-12180789	TNFRSF1B	TNFRSF1B	chr1	12180289	12180789	12166990	+	13549	epithelial	method4_crosscohort	0.5101291	0.5101291	0.0	0.0
chr1:12180289-12180789	VPS13D	VPS13D	chr1	12180289	12180789	12230029	+	49490	epithelial	method4_crosscohort	-0.4958937	-0.4958937	0.0	0.0
chr1:12183989-12184489	CLCN6	CLCN6	chr1	12183989	12184489	11806095	+	378144	epithelial	method4_crosscohort	-0.5946162	-0.5946162	0.0	0.0
chr1:12183989-12184489	DHRS3	DHRS3	chr1	12183989	12184489	12618209	-	433970	epithelial	method4_crosscohort	-0.62473464	-0.62473464	0.0	0.0
chr1:12183989-12184489	MIIP	MIIP	chr1	12183989	12184489	12019465	+	164774	epithelial	method4_crosscohort	0.5066788	0.5066788	0.0	0.0
chr1:12183989-12184489	TNFRSF1B	TNFRSF1B	chr1	12183989	12184489	12166990	+	17249	epithelial	method4_crosscohort	0.6808454	0.6808454	0.0	0.0
chr1:12183989-12184489	VPS13D	VPS13D	chr1	12183989	12184489	12230029	+	45790	epithelial	method4_crosscohort	-0.6790968	-0.6790968	0.0	0.0
chr1:12184517-12185017	DHRS3	DHRS3	chr1	12184517	12185017	12618209	-	433442	epithelial	method4_crosscohort	-0.46970594	-0.46970594	0.0	0.0
chr1:12184517-12185017	TNFRSF1B	TNFRSF1B	chr1	12184517	12185017	12166990	+	17777	epithelial	method4_crosscohort	0.524405	0.524405	0.0	0.0
chr1:12184517-12185017	VPS13D	VPS13D	chr1	12184517	12185017	12230029	+	45262	epithelial	method4_crosscohort	-0.51857454	-0.51857454	0.0	0.0
chr1:12461173-12461673	DHRS3	DHRS3	chr1	12461173	12461673	12618209	-	156786	epithelial	method4_crosscohort	-0.4549817	-0.4549817	0.0	0.0
chr1:12510552-12511052	DHRS3	DHRS3	chr1	12510552	12511052	12618209	-	107407	epithelial	method4_crosscohort	-0.4858329	-0.4858329	0.0	0.0
chr1:12510552-12511052	TNFRSF1B	TNFRSF1B	chr1	12510552	12511052	12166990	+	343812	epithelial	method4_crosscohort	0.51960564	0.51960564	0.0	0.0
chr1:12510552-12511052	VPS13D	VPS13D	chr1	12510552	12511052	12230029	+	280773	epithelial	method4_crosscohort	-0.5162463	-0.5162463	0.0	0.0
chr1:12539686-12540186	DHRS3	DHRS3	chr1	12539686	12540186	12618209	-	78273	epithelial	method4_crosscohort	-0.45516682	-0.45516682	0.0	0.0
chr1:12539686-12540186	TNFRSF1B	TNFRSF1B	chr1	12539686	12540186	12166990	+	372946	epithelial	method4_crosscohort	0.4758859	0.4758859	0.0	0.0
chr1:12539686-12540186	VPS13D	VPS13D	chr1	12539686	12540186	12230029	+	309907	epithelial	method4_crosscohort	-0.47544822	-0.47544822	0.0	0.0
chr1:12556424-12556924	DHRS3	DHRS3	chr1	12556424	12556924	12618209	-	61535	epithelial	method4_crosscohort	-0.5076065	-0.5076065	0.0	0.0
chr1:12556424-12556924	TNFRSF1B	TNFRSF1B	chr1	12556424	12556924	12166990	+	389684	epithelial	method4_crosscohort	0.5448425	0.5448425	0.0	0.0
chr1:12556424-12556924	VPS13D	VPS13D	chr1	12556424	12556924	12230029	+	326645	epithelial	method4_crosscohort	-0.5473	-0.5473	0.0	0.0
chr1:13540819-13541319	KAZN	KAZN	chr1	13540819	13541319	13892791	+	351722	epithelial	method4_crosscohort	-0.46783215	-0.46783215	0.0	0.0
chr1:13583492-13583992	KAZN	KAZN	chr1	13583492	13583992	13892791	+	309049	epithelial	method4_crosscohort	-0.5702102	-0.5702102	0.0	0.0
chr1:13593504-13594004	KAZN	KAZN	chr1	13593504	13594004	13892791	+	299037	epithelial	method4_crosscohort	-0.6522932	-0.6522932	0.0	0.0
chr1:13593504-13594004	PDPN	PDPN	chr1	13593504	13594004	13583464	+	10290	epithelial	method4_crosscohort	0.45013425	0.45013425	0.0	0.0
chr1:13617287-13617787	KAZN	KAZN	chr1	13617287	13617787	13892791	+	275254	epithelial	method4_crosscohort	-0.5380636	-0.5380636	0.0	0.0
chr1:13832017-13832517	PRDM2	PRDM2	chr1	13832017	13832517	13700187	+	132080	epithelial	method4_crosscohort	0.48584035	0.48584035	0.0	0.0
chr1:13832519-13833019	PRDM2	PRDM2	chr1	13832519	13833019	13700187	+	132582	epithelial	method4_crosscohort	0.50207156	0.50207156	0.0	0.0
chr1:13921711-13922211	LRRC38	LRRC38	chr1	13921711	13922211	13514002	-	407959	epithelial	method4_crosscohort	0.5203893	0.5203893	0.0	0.0
chr1:13921711-13922211	PRDM2	PRDM2	chr1	13921711	13922211	13700187	+	221774	epithelial	method4_crosscohort	-0.45859578	-0.45859578	0.0	0.0
chr1:14238447-14238947	KAZN	KAZN	chr1	14238447	14238947	13892791	+	345906	epithelial	method4_crosscohort	-0.53144157	-0.53144157	0.0	0.0
chr1:14258972-14259472	KAZN	KAZN	chr1	14258972	14259472	13892791	+	366431	epithelial	method4_crosscohort	-0.63021165	-0.63021165	0.0	0.0
chr1:14810919-14811419	TMEM51	TMEM51	chr1	14810919	14811419	15152531	+	341362	epithelial	method4_crosscohort	-0.46053436	-0.46053436	0.0	0.0
chr1:14825969-14826469	TMEM51	TMEM51	chr1	14825969	14826469	15152531	+	326312	epithelial	method4_crosscohort	-0.52592784	-0.52592784	0.0	0.0
chr1:15340164-15340664	CELA2B	CELA2B	chr1	15340164	15340664	15465908	+	125494	epithelial	method4_crosscohort	0.51147664	0.51147664	0.0	0.0
chr1:15340164-15340664	DNAJC16	DNAJC16	chr1	15340164	15340664	15526812	+	186398	epithelial	method4_crosscohort	0.5142934	0.5142934	0.0	0.0
chr1:15340164-15340664	FBLIM1	FBLIM1	chr1	15340164	15340664	15756606	+	416192	epithelial	method4_crosscohort	0.4840672	0.4840672	0.0	0.0
chr1:15340164-15340664	PLEKHM2	PLEKHM2	chr1	15340164	15340664	15684319	+	343905	epithelial	method4_crosscohort	-0.56147844	-0.56147844	0.0	0.0
chr1:15340164-15340664	SLC25A34	SLC25A34	chr1	15340164	15340664	15736257	+	395843	epithelial	method4_crosscohort	0.61019856	0.61019856	0.0	0.0
chr1:15340164-15340664	SPEN	SPEN	chr1	15340164	15340664	15836094	+	495680	epithelial	method4_crosscohort	0.4889334	0.4889334	0.0	0.0
chr1:15340164-15340664	TMEM82	TMEM82	chr1	15340164	15340664	15742498	+	402084	epithelial	method4_crosscohort	0.5100714	0.5100714	0.0	0.0
chr1:15356038-15356538	SLC25A34	SLC25A34	chr1	15356038	15356538	15736257	+	379969	epithelial	method4_crosscohort	0.546806	0.546806	0.0	0.0
chr1:15464201-15464701	AGMAT	AGMAT	chr1	15464201	15464701	15585050	-	120599	epithelial	method4_crosscohort	0.49835262	0.49835262	0.0	0.0
chr1:15464201-15464701	SLC25A34	SLC25A34	chr1	15464201	15464701	15736257	+	271806	epithelial	method4_crosscohort	0.54602516	0.54602516	0.0	0.0
chr1:15696790-15697290	CASP9	CASP9	chr1	15696790	15697290	15526533	-	170507	epithelial	method4_crosscohort	-0.47781873	-0.47781873	0.0	0.0
chr1:15696790-15697290	DDI2	DDI2	chr1	15696790	15697290	15617457	+	79583	epithelial	method4_crosscohort	-0.47768965	-0.47768965	0.0	0.0
chr1:15703623-15704123	CASP9	CASP9	chr1	15703623	15704123	15526533	-	177340	epithelial	method4_crosscohort	-0.47490603	-0.47490603	0.0	0.0
chr1:15703623-15704123	DDI2	DDI2	chr1	15703623	15704123	15617457	+	86416	epithelial	method4_crosscohort	-0.50779456	-0.50779456	0.0	0.0
chr1:15703623-15704123	EFHD2	EFHD2	chr1	15703623	15704123	15409887	+	293986	epithelial	method4_crosscohort	-0.4512059	-0.4512059	0.0	0.0
chr1:15703623-15704123	FBLIM1	FBLIM1	chr1	15703623	15704123	15756606	+	52733	epithelial	method4_crosscohort	-0.45734063	-0.45734063	0.0	0.0
chr1:15703623-15704123	SPEN	SPEN	chr1	15703623	15704123	15836094	+	132221	epithelial	method4_crosscohort	-0.46241114	-0.46241114	0.0	0.0
chr1:15760808-15761308	CASP9	CASP9	chr1	15760808	15761308	15526533	-	234525	epithelial	method4_crosscohort	-0.45214906	-0.45214906	0.0	0.0
chr1:15760808-15761308	DDI2	DDI2	chr1	15760808	15761308	15617457	+	143601	epithelial	method4_crosscohort	-0.50786525	-0.50786525	0.0	0.0
chr1:15774559-15775059	ARHGEF19	ARHGEF19	chr1	15774559	15775059	16212651	-	437842	epithelial	method4_crosscohort	0.47771496	0.47771496	0.0	0.0
chr1:15796736-15797236	ARHGEF19	ARHGEF19	chr1	15796736	15797236	16212651	-	415665	epithelial	method4_crosscohort	0.5577243	0.5577243	0.0	0.0
chr1:15796736-15797236	CELA2B	CELA2B	chr1	15796736	15797236	15465908	+	331078	epithelial	method4_crosscohort	0.4591315	0.4591315	0.0	0.0
chr1:15796736-15797236	DNAJC16	DNAJC16	chr1	15796736	15797236	15526812	+	270174	epithelial	method4_crosscohort	0.500226	0.500226	0.0	0.0
chr1:15796736-15797236	HSPB7	HSPB7	chr1	15796736	15797236	16019593	-	222607	epithelial	method4_crosscohort	-0.61441094	-0.61441094	0.0	0.0
chr1:15796736-15797236	PLEKHM2	PLEKHM2	chr1	15796736	15797236	15684319	+	112667	epithelial	method4_crosscohort	-0.5315115	-0.5315115	0.0	0.0
chr1:15796736-15797236	SLC25A34	SLC25A34	chr1	15796736	15797236	15736257	+	60729	epithelial	method4_crosscohort	0.6167489	0.6167489	0.0	0.0
chr1:15796736-15797236	TMEM82	TMEM82	chr1	15796736	15797236	15742498	+	54488	epithelial	method4_crosscohort	0.4645085	0.4645085	0.0	0.0
chr1:15800037-15800537	EPHA2	EPHA2	chr1	15800037	15800537	16156068	-	355781	epithelial	method4_crosscohort	0.4744212	0.4744212	0.0	0.0
chr1:15800037-15800537	FBLIM1	FBLIM1	chr1	15800037	15800537	15756606	+	43681	epithelial	method4_crosscohort	0.47261405	0.47261405	0.0	0.0
chr1:15800037-15800537	PLEKHM2	PLEKHM2	chr1	15800037	15800537	15684319	+	115968	epithelial	method4_crosscohort	-0.47464943	-0.47464943	0.0	0.0
chr1:15800037-15800537	SPEN	SPEN	chr1	15800037	15800537	15836094	+	35807	epithelial	method4_crosscohort	0.48632362	0.48632362	0.0	0.0
chr1:15800037-15800537	ZBTB17	ZBTB17	chr1	15800037	15800537	15976131	-	175844	epithelial	method4_crosscohort	0.4718484	0.4718484	0.0	0.0
chr1:15800958-15801458	HSPB7	HSPB7	chr1	15800958	15801458	16019593	-	218385	epithelial	method4_crosscohort	-0.4837713	-0.4837713	0.0	0.0
chr1:15800958-15801458	SLC25A34	SLC25A34	chr1	15800958	15801458	15736257	+	64951	epithelial	method4_crosscohort	0.45412531	0.45412531	0.0	0.0
chr1:15834707-15835207	ARHGEF19	ARHGEF19	chr1	15834707	15835207	16212651	-	377694	epithelial	method4_crosscohort	-0.46946302	-0.46946302	0.0	0.0
chr1:15847359-15847859	ARHGEF19	ARHGEF19	chr1	15847359	15847859	16212651	-	365042	epithelial	method4_crosscohort	-0.49719995	-0.49719995	0.0	0.0
chr1:15847359-15847859	TMEM82	TMEM82	chr1	15847359	15847859	15742498	+	105111	epithelial	method4_crosscohort	-0.46039987	-0.46039987	0.0	0.0
chr1:15948944-15949444	CASP9	CASP9	chr1	15948944	15949444	15526533	-	422661	epithelial	method4_crosscohort	-0.64589506	-0.64589506	0.0	0.0
chr1:15948944-15949444	DDI2	DDI2	chr1	15948944	15949444	15617457	+	331737	epithelial	method4_crosscohort	-0.6439389	-0.6439389	0.0	0.0
chr1:15948944-15949444	EPHA2	EPHA2	chr1	15948944	15949444	16156068	-	206874	epithelial	method4_crosscohort	-0.5567058	-0.5567058	0.0	0.0
chr1:15948944-15949444	FBLIM1	FBLIM1	chr1	15948944	15949444	15756606	+	192588	epithelial	method4_crosscohort	-0.5652792	-0.5652792	0.0	0.0
chr1:15948944-15949444	FBXO42	FBXO42	chr1	15948944	15949444	16352479	-	403285	epithelial	method4_crosscohort	-0.60370237	-0.60370237	0.0	0.0
chr1:15948944-15949444	SPATA21	SPATA21	chr1	15948944	15949444	16437423	-	488229	epithelial	method4_crosscohort	0.60676616	0.60676616	0.0	0.0
chr1:15948944-15949444	SPEN	SPEN	chr1	15948944	15949444	15836094	+	113100	epithelial	method4_crosscohort	-0.550857	-0.550857	0.0	0.0
chr1:15949479-15949979	CASP9	CASP9	chr1	15949479	15949979	15526533	-	423196	epithelial	method4_crosscohort	-0.73310155	-0.73310155	0.0	0.0
chr1:15949479-15949979	CELA2B	CELA2B	chr1	15949479	15949979	15465908	+	483821	epithelial	method4_crosscohort	-0.48441857	-0.48441857	0.0	0.0
chr1:15949479-15949979	DDI2	DDI2	chr1	15949479	15949979	15617457	+	332272	epithelial	method4_crosscohort	-0.7357842	-0.7357842	0.0	0.0
chr1:15949479-15949979	DNAJC16	DNAJC16	chr1	15949479	15949979	15526812	+	422917	epithelial	method4_crosscohort	-0.54038507	-0.54038507	0.0	0.0
chr1:15949479-15949979	EPHA2	EPHA2	chr1	15949479	15949979	16156068	-	206339	epithelial	method4_crosscohort	-0.6650499	-0.6650499	0.0	0.0
chr1:15949479-15949979	FBLIM1	FBLIM1	chr1	15949479	15949979	15756606	+	193123	epithelial	method4_crosscohort	-0.67439854	-0.67439854	0.0	0.0
chr1:15949479-15949979	FBXO42	FBXO42	chr1	15949479	15949979	16352479	-	402750	epithelial	method4_crosscohort	-0.7096778	-0.7096778	0.0	0.0
chr1:15949479-15949979	PLEKHM2	PLEKHM2	chr1	15949479	15949979	15684319	+	265410	epithelial	method4_crosscohort	0.5213046	0.5213046	0.0	0.0
chr1:15949479-15949979	SPATA21	SPATA21	chr1	15949479	15949979	16437423	-	487694	epithelial	method4_crosscohort	0.70674795	0.70674795	0.0	0.0
chr1:15949479-15949979	SPEN	SPEN	chr1	15949479	15949979	15836094	+	113635	epithelial	method4_crosscohort	-0.66641176	-0.66641176	0.0	0.0
chr1:15949479-15949979	TMEM82	TMEM82	chr1	15949479	15949979	15742498	+	207231	epithelial	method4_crosscohort	-0.54207313	-0.54207313	0.0	0.0
chr1:15949479-15949979	UQCRHL	UQCRHL	chr1	15949479	15949979	15809347	-	140382	epithelial	method4_crosscohort	0.5040754	0.5040754	0.0	0.0
chr1:15949479-15949979	ZBTB17	ZBTB17	chr1	15949479	15949979	15976131	-	26402	epithelial	method4_crosscohort	-0.5433417	-0.5433417	0.0	0.0
chr1:15950106-15950606	CASP9	CASP9	chr1	15950106	15950606	15526533	-	423823	epithelial	method4_crosscohort	-0.45758244	-0.45758244	0.0	0.0
chr1:15950106-15950606	DDI2	DDI2	chr1	15950106	15950606	15617457	+	332899	epithelial	method4_crosscohort	-0.47764203	-0.47764203	0.0	0.0
chr1:15950106-15950606	FBXO42	FBXO42	chr1	15950106	15950606	16352479	-	402123	epithelial	method4_crosscohort	-0.45635378	-0.45635378	0.0	0.0
chr1:15950106-15950606	SPATA21	SPATA21	chr1	15950106	15950606	16437423	-	487067	epithelial	method4_crosscohort	0.45674416	0.45674416	0.0	0.0
chr1:16018014-16018514	CASP9	CASP9	chr1	16018014	16018514	15526533	-	491731	epithelial	method4_crosscohort	-0.53346235	-0.53346235	0.0	0.0
chr1:16018014-16018514	DDI2	DDI2	chr1	16018014	16018514	15617457	+	400807	epithelial	method4_crosscohort	-0.5434753	-0.5434753	0.0	0.0
chr1:16018014-16018514	FBLIM1	FBLIM1	chr1	16018014	16018514	15756606	+	261658	epithelial	method4_crosscohort	-0.46085328	-0.46085328	0.0	0.0
chr1:16018014-16018514	FBXO42	FBXO42	chr1	16018014	16018514	16352479	-	334215	epithelial	method4_crosscohort	-0.49746066	-0.49746066	0.0	0.0
chr1:16018014-16018514	SPATA21	SPATA21	chr1	16018014	16018514	16437423	-	419159	epithelial	method4_crosscohort	0.5196261	0.5196261	0.0	0.0
chr1:16018014-16018514	SPEN	SPEN	chr1	16018014	16018514	15836094	+	182170	epithelial	method4_crosscohort	-0.47598594	-0.47598594	0.0	0.0
chr1:16161654-16162154	SLC25A34	SLC25A34	chr1	16161654	16162154	15736257	+	425647	epithelial	method4_crosscohort	0.5028542	0.5028542	0.0	0.0
chr1:16206370-16206870	ARHGEF19	ARHGEF19	chr1	16206370	16206870	16212651	-	6031	epithelial	method4_crosscohort	-0.47853553	-0.47853553	0.0	0.0
chr1:16206875-16207375	ARHGEF19	ARHGEF19	chr1	16206875	16207375	16212651	-	5526	epithelial	method4_crosscohort	-0.45464528	-0.45464528	0.0	0.0
chr1:16217330-16217830	ARHGEF19	ARHGEF19	chr1	16217330	16217830	16212651	-	4929	epithelial	method4_crosscohort	-0.46863115	-0.46863115	0.0	0.0
chr1:16248731-16249231	ARHGEF19	ARHGEF19	chr1	16248731	16249231	16212651	-	36330	epithelial	method4_crosscohort	-0.53250945	-0.53250945	0.0	0.0
chr1:16352222-16352722	ARHGEF19	ARHGEF19	chr1	16352222	16352722	16212651	-	139821	epithelial	method4_crosscohort	-0.4841855	-0.4841855	0.0	0.0
chr1:16499017-16499517	ARHGEF19	ARHGEF19	chr1	16499017	16499517	16212651	-	286616	epithelial	method4_crosscohort	-0.5278148	-0.5278148	0.0	0.0
chr1:16499017-16499517	CROCC	CROCC	chr1	16499017	16499517	16740272	+	241005	epithelial	method4_crosscohort	0.4559485	0.4559485	0.0	0.0
chr1:16499017-16499517	NBPF1	NBPF1	chr1	16499017	16499517	16613561	-	114294	epithelial	method4_crosscohort	-0.4652897	-0.4652897	0.0	0.0
chr1:16514024-16514524	ARHGEF19	ARHGEF19	chr1	16514024	16514524	16212651	-	301623	epithelial	method4_crosscohort	-0.4512473	-0.4512473	0.0	0.0
chr1:16613338-16613838	ARHGEF19	ARHGEF19	chr1	16613338	16613838	16212651	-	400937	epithelial	method4_crosscohort	-0.5473005	-0.5473005	0.0	0.0
chr1:16613338-16613838	SZRD1	SZRD1	chr1	16613338	16613838	16352574	+	261014	epithelial	method4_crosscohort	0.4614638	0.4614638	0.0	0.0
chr1:16623941-16624441	ARHGEF19	ARHGEF19	chr1	16623941	16624441	16212651	-	411540	epithelial	method4_crosscohort	-0.5318814	-0.5318814	0.0	0.0
chr1:16623941-16624441	ATP13A2	ATP13A2	chr1	16623941	16624441	17011927	-	387736	epithelial	method4_crosscohort	0.49077737	0.49077737	0.0	0.0
chr1:16623941-16624441	NECAP2	NECAP2	chr1	16623941	16624441	16440720	+	183471	epithelial	method4_crosscohort	0.5099454	0.5099454	0.0	0.0
chr1:16623941-16624441	SZRD1	SZRD1	chr1	16623941	16624441	16352574	+	271617	epithelial	method4_crosscohort	0.46169397	0.46169397	0.0	0.0
chr1:16644462-16644962	ARHGEF19	ARHGEF19	chr1	16644462	16644962	16212651	-	432061	epithelial	method4_crosscohort	-0.47719488	-0.47719488	0.0	0.0
chr1:16913710-16914210	CROCC	CROCC	chr1	16913710	16914210	16740272	+	173688	epithelial	method4_crosscohort	0.4771048	0.4771048	0.0	0.0
chr1:16913710-16914210	NBPF1	NBPF1	chr1	16913710	16914210	16613561	-	300399	epithelial	method4_crosscohort	-0.4784612	-0.4784612	0.0	0.0
chr1:16960616-16961116	ATP13A2	ATP13A2	chr1	16960616	16961116	17011927	-	51061	epithelial	method4_crosscohort	0.4610209	0.4610209	0.0	0.0
chr1:17237206-17237706	ATP13A2	ATP13A2	chr1	17237206	17237706	17011927	-	225529	epithelial	method4_crosscohort	-0.46389896	-0.46389896	0.0	0.0
chr1:17513093-17513593	ARHGEF10L	ARHGEF10L	chr1	17513093	17513593	17539697	+	26354	epithelial	method4_crosscohort	0.4651891	0.4651891	0.0	0.0
chr1:17629909-17630409	IGSF21	IGSF21	chr1	17629909	17630409	18107797	+	477638	epithelial	method4_crosscohort	0.45108506	0.45108506	0.0	0.0
chr1:18922270-18922770	AKR7A3	AKR7A3	chr1	18922270	18922770	19288769	-	366249	epithelial	method4_crosscohort	-0.55434144	-0.55434144	0.0	0.0
chr1:18926547-18927047	AKR7A3	AKR7A3	chr1	18926547	18927047	19288769	-	361972	epithelial	method4_crosscohort	-0.61459094	-0.61459094	0.0	0.0
chr1:18927828-18928328	AKR7A3	AKR7A3	chr1	18927828	18928328	19288769	-	360691	epithelial	method4_crosscohort	-0.46400306	-0.46400306	0.0	0.0
chr1:18950531-18951031	AKR7A3	AKR7A3	chr1	18950531	18951031	19288769	-	337988	epithelial	method4_crosscohort	-0.47732028	-0.47732028	0.0	0.0
chr1:18951934-18952434	AKR7A3	AKR7A3	chr1	18951934	18952434	19288769	-	336585	epithelial	method4_crosscohort	-0.45709917	-0.45709917	0.0	0.0
chr1:19013653-19014153	AKR7A2	AKR7A2	chr1	19013653	19014153	19312143	-	298240	epithelial	method4_crosscohort	-0.5169881	-0.5169881	0.0	0.0
chr1:19013653-19014153	EMC1	EMC1	chr1	19013653	19014153	19251551	-	237648	epithelial	method4_crosscohort	-0.54861426	-0.54861426	0.0	0.0
chr1:19013653-19014153	MRTO4	MRTO4	chr1	19013653	19014153	19251804	+	237901	epithelial	method4_crosscohort	-0.5497212	-0.5497212	0.0	0.0
chr1:19014246-19014746	AKR7A2	AKR7A2	chr1	19014246	19014746	19312143	-	297647	epithelial	method4_crosscohort	-0.47049215	-0.47049215	0.0	0.0
chr1:19014246-19014746	EMC1	EMC1	chr1	19014246	19014746	19251551	-	237055	epithelial	method4_crosscohort	-0.47923398	-0.47923398	0.0	0.0
chr1:19014246-19014746	MRTO4	MRTO4	chr1	19014246	19014746	19251804	+	237308	epithelial	method4_crosscohort	-0.46747333	-0.46747333	0.0	0.0
chr1:19021772-19022272	AKR7A2	AKR7A2	chr1	19021772	19022272	19312143	-	290121	epithelial	method4_crosscohort	-0.475185	-0.475185	0.0	0.0
chr1:19021772-19022272	EMC1	EMC1	chr1	19021772	19022272	19251551	-	229529	epithelial	method4_crosscohort	-0.4704159	-0.4704159	0.0	0.0
chr1:19022948-19023448	AKR7A2	AKR7A2	chr1	19022948	19023448	19312143	-	288945	epithelial	method4_crosscohort	-0.52846515	-0.52846515	0.0	0.0
chr1:19022948-19023448	EMC1	EMC1	chr1	19022948	19023448	19251551	-	228353	epithelial	method4_crosscohort	-0.551407	-0.551407	0.0	0.0
chr1:19022948-19023448	IFFO2	IFFO2	chr1	19022948	19023448	18956675	-	66523	epithelial	method4_crosscohort	-0.4585077	-0.4585077	0.0	0.0
chr1:19022948-19023448	MRTO4	MRTO4	chr1	19022948	19023448	19251804	+	228606	epithelial	method4_crosscohort	-0.5061941	-0.5061941	0.0	0.0
chr1:19022948-19023448	UBR4	UBR4	chr1	19022948	19023448	19210265	-	187067	epithelial	method4_crosscohort	-0.45679316	-0.45679316	0.0	0.0
chr1:19384709-19385209	AKR7A2	AKR7A2	chr1	19384709	19385209	19312143	-	72816	epithelial	method4_crosscohort	-0.4575119	-0.4575119	0.0	0.0
chr1:19384709-19385209	EMC1	EMC1	chr1	19384709	19385209	19251551	-	133408	epithelial	method4_crosscohort	-0.49932945	-0.49932945	0.0	0.0
chr1:19384709-19385209	MRTO4	MRTO4	chr1	19384709	19385209	19251804	+	133155	epithelial	method4_crosscohort	-0.51379275	-0.51379275	0.0	0.0
chr1:19387024-19387524	EMC1	EMC1	chr1	19387024	19387524	19251551	-	135723	epithelial	method4_crosscohort	-0.45620283	-0.45620283	0.0	0.0
chr1:19387024-19387524	MRTO4	MRTO4	chr1	19387024	19387524	19251804	+	135470	epithelial	method4_crosscohort	-0.465043	-0.465043	0.0	0.0
chr1:19390906-19391406	AKR7A3	AKR7A3	chr1	19390906	19391406	19288769	-	102387	epithelial	method4_crosscohort	-0.5097842	-0.5097842	0.0	0.0
chr1:19390906-19391406	OTUD3	OTUD3	chr1	19390906	19391406	19882394	+	491238	epithelial	method4_crosscohort	-0.4691737	-0.4691737	0.0	0.0
chr1:19398308-19398808	AKR7A3	AKR7A3	chr1	19398308	19398808	19288769	-	109789	epithelial	method4_crosscohort	-0.50524426	-0.50524426	0.0	0.0
chr1:19405918-19406418	AKR7A3	AKR7A3	chr1	19405918	19406418	19288769	-	117399	epithelial	method4_crosscohort	-0.5285372	-0.5285372	0.0	0.0
chr1:19405918-19406418	OTUD3	OTUD3	chr1	19405918	19406418	19882394	+	476226	epithelial	method4_crosscohort	-0.46509314	-0.46509314	0.0	0.0
chr1:19427225-19427725	AKR7A3	AKR7A3	chr1	19427225	19427725	19288769	-	138706	epithelial	method4_crosscohort	-0.5465821	-0.5465821	0.0	0.0
chr1:19427225-19427725	OTUD3	OTUD3	chr1	19427225	19427725	19882394	+	454919	epithelial	method4_crosscohort	-0.5153877	-0.5153877	0.0	0.0
chr1:19435238-19435738	AKR7A3	AKR7A3	chr1	19435238	19435738	19288769	-	146719	epithelial	method4_crosscohort	-0.4722068	-0.4722068	0.0	0.0
chr1:19437993-19438493	AKR7A3	AKR7A3	chr1	19437993	19438493	19288769	-	149474	epithelial	method4_crosscohort	-0.58698297	-0.58698297	0.0	0.0
chr1:19437993-19438493	CAPZB	CAPZB	chr1	19437993	19438493	19485538	-	47295	epithelial	method4_crosscohort	-0.46706975	-0.46706975	0.0	0.0
chr1:19437993-19438493	RNF186	RNF186	chr1	19437993	19438493	19815282	-	377039	epithelial	method4_crosscohort	-0.5379438	-0.5379438	0.0	0.0
chr1:19437993-19438493	TMCO4	TMCO4	chr1	19437993	19438493	19799944	-	361701	epithelial	method4_crosscohort	-0.4591243	-0.4591243	0.0	0.0
chr1:19448765-19449265	AKR7A3	AKR7A3	chr1	19448765	19449265	19288769	-	160246	epithelial	method4_crosscohort	-0.62889326	-0.62889326	0.0	0.0
chr1:19448765-19449265	OTUD3	OTUD3	chr1	19448765	19449265	19882394	+	433379	epithelial	method4_crosscohort	-0.5316592	-0.5316592	0.0	0.0
chr1:19452122-19452622	AKR7A3	AKR7A3	chr1	19452122	19452622	19288769	-	163603	epithelial	method4_crosscohort	-0.47618827	-0.47618827	0.0	0.0
chr1:19454747-19455247	AKR7A3	AKR7A3	chr1	19454747	19455247	19288769	-	166228	epithelial	method4_crosscohort	-0.50118077	-0.50118077	0.0	0.0
chr1:19476654-19477154	AKR7A3	AKR7A3	chr1	19476654	19477154	19288769	-	188135	epithelial	method4_crosscohort	-0.45276442	-0.45276442	0.0	0.0
chr1:19504730-19505230	AKR7A3	AKR7A3	chr1	19504730	19505230	19288769	-	216211	epithelial	method4_crosscohort	-0.46445733	-0.46445733	0.0	0.0
chr1:19505358-19505858	AKR7A3	AKR7A3	chr1	19505358	19505858	19288769	-	216839	epithelial	method4_crosscohort	-0.53028166	-0.53028166	0.0	0.0
chr1:19505358-19505858	OTUD3	OTUD3	chr1	19505358	19505858	19882394	+	376786	epithelial	method4_crosscohort	-0.45007092	-0.45007092	0.0	0.0
chr1:19505877-19506377	AKR7A3	AKR7A3	chr1	19505877	19506377	19288769	-	217358	epithelial	method4_crosscohort	-0.47200057	-0.47200057	0.0	0.0
chr1:19508674-19509174	AKR7A3	AKR7A3	chr1	19508674	19509174	19288769	-	220155	epithelial	method4_crosscohort	-0.47965762	-0.47965762	0.0	0.0
chr1:19514428-19514928	AKR7A3	AKR7A3	chr1	19514428	19514928	19288769	-	225909	epithelial	method4_crosscohort	-0.5921377	-0.5921377	0.0	0.0
chr1:19514428-19514928	CAPZB	CAPZB	chr1	19514428	19514928	19485538	-	29140	epithelial	method4_crosscohort	-0.47362694	-0.47362694	0.0	0.0
chr1:19514428-19514928	OTUD3	OTUD3	chr1	19514428	19514928	19882394	+	367716	epithelial	method4_crosscohort	-0.5032427	-0.5032427	0.0	0.0
chr1:19514428-19514928	RNF186	RNF186	chr1	19514428	19514928	19815282	-	300604	epithelial	method4_crosscohort	-0.5138203	-0.5138203	0.0	0.0
chr1:19514428-19514928	TMCO4	TMCO4	chr1	19514428	19514928	19799944	-	285266	epithelial	method4_crosscohort	-0.45938066	-0.45938066	0.0	0.0
chr1:19619645-19620145	MRTO4	MRTO4	chr1	19619645	19620145	19251804	+	368091	epithelial	method4_crosscohort	0.47565064	0.47565064	0.0	0.0
chr1:19813162-19813662	NBL1	NBL1	chr1	19813162	19813662	19596978	+	216434	epithelial	method4_crosscohort	-0.47546393	-0.47546393	0.0	0.0
chr1:20279369-20279869	PINK1	PINK1	chr1	20279369	20279869	20633457	+	353838	epithelial	method4_crosscohort	-0.45153707	-0.45153707	0.0	0.0
chr1:20279369-20279869	UBXN10	UBXN10	chr1	20279369	20279869	20186095	+	93524	epithelial	method4_crosscohort	-0.45589656	-0.45589656	0.0	0.0
chr1:20280326-20280826	DDOST	DDOST	chr1	20280326	20280826	20661543	-	380967	epithelial	method4_crosscohort	-0.5219243	-0.5219243	0.0	0.0
chr1:20280326-20280826	PINK1	PINK1	chr1	20280326	20280826	20633457	+	352881	epithelial	method4_crosscohort	-0.51017517	-0.51017517	0.0	0.0
chr1:20280326-20280826	UBXN10	UBXN10	chr1	20280326	20280826	20186095	+	94481	epithelial	method4_crosscohort	-0.45564342	-0.45564342	0.0	0.0
chr1:20280869-20281369	DDOST	DDOST	chr1	20280869	20281369	20661543	-	380424	epithelial	method4_crosscohort	-0.59038574	-0.59038574	0.0	0.0
chr1:20280869-20281369	MUL1	MUL1	chr1	20280869	20281369	20508150	-	227031	epithelial	method4_crosscohort	-0.46937364	-0.46937364	0.0	0.0
chr1:20280869-20281369	PINK1	PINK1	chr1	20280869	20281369	20633457	+	352338	epithelial	method4_crosscohort	-0.5456662	-0.5456662	0.0	0.0
chr1:20280869-20281369	PLA2G2A	PLA2G2A	chr1	20280869	20281369	19980415	-	300704	epithelial	method4_crosscohort	-0.56844467	-0.56844467	0.0	0.0
chr1:20280869-20281369	PLA2G5	PLA2G5	chr1	20280869	20281369	20028178	+	252941	epithelial	method4_crosscohort	-0.5332046	-0.5332046	0.0	0.0
chr1:20280869-20281369	UBXN10	UBXN10	chr1	20280869	20281369	20186095	+	95024	epithelial	method4_crosscohort	-0.5736066	-0.5736066	0.0	0.0
chr1:20358665-20359165	HP1BP3	HP1BP3	chr1	20358665	20359165	20787322	-	428407	epithelial	method4_crosscohort	0.45076764	0.45076764	0.0	0.0
chr1:20496350-20496850	DDOST	DDOST	chr1	20496350	20496850	20661543	-	164943	epithelial	method4_crosscohort	-0.45454457	-0.45454457	0.0	0.0
chr1:20586955-20587455	DDOST	DDOST	chr1	20586955	20587455	20661543	-	74338	epithelial	method4_crosscohort	-0.45152915	-0.45152915	0.0	0.0
chr1:20587551-20588051	DDOST	DDOST	chr1	20587551	20588051	20661543	-	73742	epithelial	method4_crosscohort	-0.68293715	-0.68293715	0.0	0.0
chr1:20587551-20588051	MUL1	MUL1	chr1	20587551	20588051	20508150	-	79651	epithelial	method4_crosscohort	-0.47057715	-0.47057715	0.0	0.0
chr1:20587551-20588051	PINK1	PINK1	chr1	20587551	20588051	20633457	+	45656	epithelial	method4_crosscohort	-0.6322756	-0.6322756	0.0	0.0
chr1:20587551-20588051	UBXN10	UBXN10	chr1	20587551	20588051	20186095	+	401706	epithelial	method4_crosscohort	-0.63545406	-0.63545406	0.0	0.0
chr1:20588775-20589275	DDOST	DDOST	chr1	20588775	20589275	20661543	-	72518	epithelial	method4_crosscohort	-0.54345095	-0.54345095	0.0	0.0
chr1:20588775-20589275	PINK1	PINK1	chr1	20588775	20589275	20633457	+	44432	epithelial	method4_crosscohort	-0.5331022	-0.5331022	0.0	0.0
chr1:20588775-20589275	PLA2G2C	PLA2G2C	chr1	20588775	20589275	20186517	-	402508	epithelial	method4_crosscohort	-0.5089516	-0.5089516	0.0	0.0
chr1:20588775-20589275	UBXN10	UBXN10	chr1	20588775	20589275	20186095	+	402930	epithelial	method4_crosscohort	-0.5048501	-0.5048501	0.0	0.0
chr1:20590405-20590905	DDOST	DDOST	chr1	20590405	20590905	20661543	-	70888	epithelial	method4_crosscohort	-0.61724555	-0.61724555	0.0	0.0
chr1:20590405-20590905	PINK1	PINK1	chr1	20590405	20590905	20633457	+	42802	epithelial	method4_crosscohort	-0.56331396	-0.56331396	0.0	0.0
chr1:20590405-20590905	UBXN10	UBXN10	chr1	20590405	20590905	20186095	+	404560	epithelial	method4_crosscohort	-0.5640304	-0.5640304	0.0	0.0
chr1:20603351-20603851	DDOST	DDOST	chr1	20603351	20603851	20661543	-	57942	epithelial	method4_crosscohort	-0.45144325	-0.45144325	0.0	0.0
chr1:20604079-20604579	CDA	CDA	chr1	20604079	20604579	20589085	+	15244	epithelial	method4_crosscohort	0.4572069	0.4572069	0.0	0.0
chr1:20604079-20604579	DDOST	DDOST	chr1	20604079	20604579	20661543	-	57214	epithelial	method4_crosscohort	-0.6981887	-0.6981887	0.0	0.0
chr1:20604079-20604579	PINK1	PINK1	chr1	20604079	20604579	20633457	+	29128	epithelial	method4_crosscohort	-0.65065587	-0.65065587	0.0	0.0
chr1:20604079-20604579	PLA2G2C	PLA2G2C	chr1	20604079	20604579	20186517	-	417812	epithelial	method4_crosscohort	-0.48168302	-0.48168302	0.0	0.0
chr1:20604079-20604579	UBXN10	UBXN10	chr1	20604079	20604579	20186095	+	418234	epithelial	method4_crosscohort	-0.6282412	-0.6282412	0.0	0.0
chr1:20604649-20605149	DDOST	DDOST	chr1	20604649	20605149	20661543	-	56644	epithelial	method4_crosscohort	-0.47648755	-0.47648755	0.0	0.0
chr1:20604649-20605149	PINK1	PINK1	chr1	20604649	20605149	20633457	+	28558	epithelial	method4_crosscohort	-0.4650955	-0.4650955	0.0	0.0
chr1:20604649-20605149	PLA2G2C	PLA2G2C	chr1	20604649	20605149	20186517	-	418382	epithelial	method4_crosscohort	-0.49334422	-0.49334422	0.0	0.0
chr1:20604649-20605149	UBXN10	UBXN10	chr1	20604649	20605149	20186095	+	418804	epithelial	method4_crosscohort	-0.45440665	-0.45440665	0.0	0.0
chr1:21261771-21262271	ECE1	ECE1	chr1	21261771	21262271	21345571	-	83550	epithelial	method4_crosscohort	-0.49072763	-0.49072763	0.0	0.0
chr1:21261771-21262271	EIF4G3	EIF4G3	chr1	21261771	21262271	21177284	-	84737	epithelial	method4_crosscohort	-0.5382948	-0.5382948	0.0	0.0
chr1:21261771-21262271	HP1BP3	HP1BP3	chr1	21261771	21262271	20787322	-	474699	epithelial	method4_crosscohort	-0.5258458	-0.5258458	0.0	0.0
chr1:21261771-21262271	NBPF3	NBPF3	chr1	21261771	21262271	21440127	+	178106	epithelial	method4_crosscohort	-0.5327943	-0.5327943	0.0	0.0
chr1:21262602-21263102	EIF4G3	EIF4G3	chr1	21262602	21263102	21177284	-	85568	epithelial	method4_crosscohort	-0.4686349	-0.4686349	0.0	0.0
chr1:21262602-21263102	HP1BP3	HP1BP3	chr1	21262602	21263102	20787322	-	475530	epithelial	method4_crosscohort	-0.46178648	-0.46178648	0.0	0.0
chr1:21262602-21263102	NBPF3	NBPF3	chr1	21262602	21263102	21440127	+	177275	epithelial	method4_crosscohort	-0.4752803	-0.4752803	0.0	0.0
chr1:21294950-21295450	RAP1GAP	RAP1GAP	chr1	21294950	21295450	21669356	-	374156	epithelial	method4_crosscohort	-0.5345775	-0.5345775	0.0	0.0
chr1:21297890-21298390	ALPL	ALPL	chr1	21297890	21298390	21509396	+	211256	epithelial	method4_crosscohort	-0.46589974	-0.46589974	0.0	0.0
chr1:21297890-21298390	RAP1GAP	RAP1GAP	chr1	21297890	21298390	21669356	-	371216	epithelial	method4_crosscohort	-0.49201387	-0.49201387	0.0	0.0
chr1:21317294-21317794	ECE1	ECE1	chr1	21317294	21317794	21345571	-	28027	epithelial	method4_crosscohort	-0.48636115	-0.48636115	0.0	0.0
chr1:21317294-21317794	EIF4G3	EIF4G3	chr1	21317294	21317794	21177284	-	140260	epithelial	method4_crosscohort	-0.5303428	-0.5303428	0.0	0.0
chr1:21317294-21317794	NBPF3	NBPF3	chr1	21317294	21317794	21440127	+	122583	epithelial	method4_crosscohort	-0.5456553	-0.5456553	0.0	0.0
chr1:21439811-21440311	ALPL	ALPL	chr1	21439811	21440311	21509396	+	69335	epithelial	method4_crosscohort	0.4982734	0.4982734	0.0	0.0
chr1:21439811-21440311	HSPG2	HSPG2	chr1	21439811	21440311	21937309	-	497248	epithelial	method4_crosscohort	0.46178988	0.46178988	0.0	0.0
chr1:21607671-21608171	LDLRAD2	LDLRAD2	chr1	21607671	21608171	21812264	+	204343	epithelial	method4_crosscohort	-0.4854829	-0.4854829	0.0	0.0
chr1:21607671-21608171	RAP1GAP	RAP1GAP	chr1	21607671	21608171	21669356	-	61435	epithelial	method4_crosscohort	0.46969607	0.46969607	0.0	0.0
chr1:21791607-21792107	NBPF3	NBPF3	chr1	21791607	21792107	21440127	+	351730	epithelial	method4_crosscohort	-0.46299663	-0.46299663	0.0	0.0
chr1:21985979-21986479	ALPL	ALPL	chr1	21985979	21986479	21509396	+	476833	epithelial	method4_crosscohort	-0.46037164	-0.46037164	0.0	0.0
chr1:22008547-22009047	ALPL	ALPL	chr1	22008547	22009047	21509396	+	499401	epithelial	method4_crosscohort	-0.5715973	-0.5715973	0.0	0.0
chr1:22008547-22009047	CDC42	CDC42	chr1	22008547	22009047	22052626	+	43829	epithelial	method4_crosscohort	-0.53547156	-0.53547156	0.0	0.0
chr1:22008547-22009047	CELA3B	CELA3B	chr1	22008547	22009047	21977021	+	31776	epithelial	method4_crosscohort	0.5335768	0.5335768	0.0	0.0
chr1:22008547-22009047	HSPG2	HSPG2	chr1	22008547	22009047	21937309	-	71488	epithelial	method4_crosscohort	-0.5566543	-0.5566543	0.0	0.0
chr1:22008547-22009047	RAP1GAP	RAP1GAP	chr1	22008547	22009047	21669356	-	339441	epithelial	method4_crosscohort	-0.50787276	-0.50787276	0.0	0.0
chr1:22008547-22009047	ZBTB40	ZBTB40	chr1	22008547	22009047	22428837	+	420040	epithelial	method4_crosscohort	0.54093426	0.54093426	0.0	0.0
chr1:22039743-22040243	CELA3B	CELA3B	chr1	22039743	22040243	21977021	+	62972	epithelial	method4_crosscohort	-0.4746347	-0.4746347	0.0	0.0
chr1:22257239-22257739	EPHB2	EPHB2	chr1	22257239	22257739	22710838	+	453349	epithelial	method4_crosscohort	0.46040577	0.46040577	0.0	0.0
chr1:22543555-22544055	C1QA	C1QA	chr1	22543555	22544055	22635076	+	91271	epithelial	method4_crosscohort	-0.4742694	-0.4742694	0.0	0.0
chr1:22543555-22544055	C1QB	C1QB	chr1	22543555	22544055	22652761	+	108956	epithelial	method4_crosscohort	-0.48190576	-0.48190576	0.0	0.0
chr1:22543555-22544055	C1QC	C1QC	chr1	22543555	22544055	22643013	+	99208	epithelial	method4_crosscohort	-0.47257474	-0.47257474	0.0	0.0
chr1:22543555-22544055	KDM1A	KDM1A	chr1	22543555	22544055	23019442	+	475637	epithelial	method4_crosscohort	-0.5014161	-0.5014161	0.0	0.0
chr1:22636218-22636718	LACTBL1	LACTBL1	chr1	22636218	22636718	22972865	-	336397	epithelial	method4_crosscohort	0.5022465	0.5022465	0.0	0.0
chr1:22643317-22643817	LACTBL1	LACTBL1	chr1	22643317	22643817	22972865	-	329298	epithelial	method4_crosscohort	0.46857715	0.46857715	0.0	0.0
chr1:22652579-22653079	LACTBL1	LACTBL1	chr1	22652579	22653079	22972865	-	320036	epithelial	method4_crosscohort	0.51076686	0.51076686	0.0	0.0
chr1:22677156-22677656	EPHB2	EPHB2	chr1	22677156	22677656	22710838	+	33432	epithelial	method4_crosscohort	0.4660861	0.4660861	0.0	0.0
chr1:22680657-22681157	EPHB2	EPHB2	chr1	22680657	22681157	22710838	+	29931	epithelial	method4_crosscohort	0.61633134	0.61633134	0.0	0.0
chr1:22697952-22698452	EPHB2	EPHB2	chr1	22697952	22698452	22710838	+	12636	epithelial	method4_crosscohort	0.4749809	0.4749809	0.0	0.0
chr1:22702256-22702756	EPHB2	EPHB2	chr1	22702256	22702756	22710838	+	8332	epithelial	method4_crosscohort	0.6501803	0.6501803	0.0	0.0
chr1:22702758-22703258	EPHB2	EPHB2	chr1	22702758	22703258	22710838	+	7830	epithelial	method4_crosscohort	0.4517206	0.4517206	0.0	0.0
chr1:22710544-22711044	EPHB2	EPHB2	chr1	22710544	22711044	22710838	+	44	epithelial	method4_crosscohort	0.46922377	0.46922377	0.0	0.0
chr1:22717002-22717502	EPHB2	EPHB2	chr1	22717002	22717502	22710838	+	6414	epithelial	method4_crosscohort	0.5102876	0.5102876	0.0	0.0
chr1:22737578-22738078	EPHB2	EPHB2	chr1	22737578	22738078	22710838	+	26990	epithelial	method4_crosscohort	0.4719449	0.4719449	0.0	0.0
chr1:23019206-23019706	HNRNPR	HNRNPR	chr1	23019206	23019706	23344335	-	324879	epithelial	method4_crosscohort	0.49495557	0.49495557	0.0	0.0
chr1:23019206-23019706	KDM1A	KDM1A	chr1	23019206	23019706	23019442	+	14	epithelial	method4_crosscohort	0.49878165	0.49878165	0.0	0.0
chr1:23019206-23019706	TCEA3	TCEA3	chr1	23019206	23019706	23424747	-	405291	epithelial	method4_crosscohort	0.49703997	0.49703997	0.0	0.0
chr1:23019206-23019706	ZNF436	ZNF436	chr1	23019206	23019706	23369835	-	350379	epithelial	method4_crosscohort	0.49377623	0.49377623	0.0	0.0
chr1:23344186-23344686	KDM1A	KDM1A	chr1	23344186	23344686	23019442	+	324994	epithelial	method4_crosscohort	0.46337214	0.46337214	0.0	0.0
chr1:23344186-23344686	ZNF436	ZNF436	chr1	23344186	23344686	23369835	-	25399	epithelial	method4_crosscohort	0.45937723	0.45937723	0.0	0.0
chr1:23378197-23378697	ELOA	ELOA	chr1	23378197	23378697	23743447	+	365000	epithelial	method4_crosscohort	-0.5367727	-0.5367727	0.0	0.0
chr1:23378197-23378697	FUCA1	FUCA1	chr1	23378197	23378697	23868289	-	489842	epithelial	method4_crosscohort	-0.5234517	-0.5234517	0.0	0.0
chr1:23378197-23378697	GALE	GALE	chr1	23378197	23378697	23800780	-	422333	epithelial	method4_crosscohort	-0.4927425	-0.4927425	0.0	0.0
chr1:23378197-23378697	LACTBL1	LACTBL1	chr1	23378197	23378697	22972865	-	405582	epithelial	method4_crosscohort	0.47173178	0.47173178	0.0	0.0
chr1:23378197-23378697	LUZP1	LUZP1	chr1	23378197	23378697	23177807	-	200640	epithelial	method4_crosscohort	-0.49295923	-0.49295923	0.0	0.0
chr1:23384591-23385091	HNRNPR	HNRNPR	chr1	23384591	23385091	23344335	-	40506	epithelial	method4_crosscohort	-0.5487706	-0.5487706	0.0	0.0
chr1:23384591-23385091	ID3	ID3	chr1	23384591	23385091	23559500	-	174659	epithelial	method4_crosscohort	-0.53320944	-0.53320944	0.0	0.0
chr1:23384591-23385091	KDM1A	KDM1A	chr1	23384591	23385091	23019442	+	365399	epithelial	method4_crosscohort	-0.5232983	-0.5232983	0.0	0.0
chr1:23384591-23385091	LYPLA2	LYPLA2	chr1	23384591	23385091	23791144	+	406303	epithelial	method4_crosscohort	0.49134198	0.49134198	0.0	0.0
chr1:23384591-23385091	RPL11	RPL11	chr1	23384591	23385091	23691741	+	306900	epithelial	method4_crosscohort	-0.5656312	-0.5656312	0.0	0.0
chr1:23384591-23385091	TCEA3	TCEA3	chr1	23384591	23385091	23424747	-	39906	epithelial	method4_crosscohort	-0.52812594	-0.52812594	0.0	0.0
chr1:23384591-23385091	ZNF436	ZNF436	chr1	23384591	23385091	23369835	-	15006	epithelial	method4_crosscohort	-0.46235555	-0.46235555	0.0	0.0
chr1:23394661-23395161	ELOA	ELOA	chr1	23394661	23395161	23743447	+	348536	epithelial	method4_crosscohort	-0.5587837	-0.5587837	0.0	0.0
chr1:23394661-23395161	FUCA1	FUCA1	chr1	23394661	23395161	23868289	-	473378	epithelial	method4_crosscohort	-0.5445986	-0.5445986	0.0	0.0
chr1:23394661-23395161	GALE	GALE	chr1	23394661	23395161	23800780	-	405869	epithelial	method4_crosscohort	-0.52637994	-0.52637994	0.0	0.0
chr1:23394661-23395161	LACTBL1	LACTBL1	chr1	23394661	23395161	22972865	-	422046	epithelial	method4_crosscohort	0.5386603	0.5386603	0.0	0.0
chr1:23394661-23395161	LUZP1	LUZP1	chr1	23394661	23395161	23177807	-	217104	epithelial	method4_crosscohort	-0.5141156	-0.5141156	0.0	0.0
chr1:23394661-23395161	PITHD1	PITHD1	chr1	23394661	23395161	23778417	+	383506	epithelial	method4_crosscohort	0.5049901	0.5049901	0.0	0.0
chr1:23423668-23424168	HNRNPR	HNRNPR	chr1	23423668	23424168	23344335	-	79583	epithelial	method4_crosscohort	0.47154996	0.47154996	0.0	0.0
chr1:23423668-23424168	TCEA3	TCEA3	chr1	23423668	23424168	23424747	-	829	epithelial	method4_crosscohort	0.50061363	0.50061363	0.0	0.0
chr1:23424516-23425016	HNRNPR	HNRNPR	chr1	23424516	23425016	23344335	-	80431	epithelial	method4_crosscohort	0.4606386	0.4606386	0.0	0.0
chr1:23424516-23425016	TCEA3	TCEA3	chr1	23424516	23425016	23424747	-	19	epithelial	method4_crosscohort	0.48719704	0.48719704	0.0	0.0
chr1:23451905-23452405	TCEA3	TCEA3	chr1	23451905	23452405	23424747	-	27408	epithelial	method4_crosscohort	0.49268615	0.49268615	0.0	0.0
chr1:23537158-23537658	HNRNPR	HNRNPR	chr1	23537158	23537658	23344335	-	193073	epithelial	method4_crosscohort	-0.45648304	-0.45648304	0.0	0.0
chr1:23537158-23537658	RPL11	RPL11	chr1	23537158	23537658	23691741	+	154333	epithelial	method4_crosscohort	-0.45223683	-0.45223683	0.0	0.0
chr1:23554755-23555255	HNRNPR	HNRNPR	chr1	23554755	23555255	23344335	-	210670	epithelial	method4_crosscohort	0.4544654	0.4544654	0.0	0.0
chr1:23554755-23555255	ZNF436	ZNF436	chr1	23554755	23555255	23369835	-	185170	epithelial	method4_crosscohort	0.46089464	0.46089464	0.0	0.0
chr1:23576981-23577481	ELOA	ELOA	chr1	23576981	23577481	23743447	+	166216	epithelial	method4_crosscohort	-0.46740884	-0.46740884	0.0	0.0
chr1:23581160-23581660	CNR2	CNR2	chr1	23581160	23581660	23913361	-	331951	epithelial	method4_crosscohort	-0.47046885	-0.47046885	0.0	0.0
chr1:23581160-23581660	ELOA	ELOA	chr1	23581160	23581660	23743447	+	162037	epithelial	method4_crosscohort	-0.5138062	-0.5138062	0.0	0.0
chr1:23581160-23581660	FUCA1	FUCA1	chr1	23581160	23581660	23868289	-	286879	epithelial	method4_crosscohort	-0.47781518	-0.47781518	0.0	0.0
chr1:23581160-23581660	GALE	GALE	chr1	23581160	23581660	23800780	-	219370	epithelial	method4_crosscohort	-0.46115825	-0.46115825	0.0	0.0
chr1:23591636-23592136	ELOA	ELOA	chr1	23591636	23592136	23743447	+	151561	epithelial	method4_crosscohort	-0.49707913	-0.49707913	0.0	0.0
chr1:23591636-23592136	FUCA1	FUCA1	chr1	23591636	23592136	23868289	-	276403	epithelial	method4_crosscohort	-0.4542961	-0.4542961	0.0	0.0
chr1:23591636-23592136	PITHD1	PITHD1	chr1	23591636	23592136	23778417	+	186531	epithelial	method4_crosscohort	0.459109	0.459109	0.0	0.0
chr1:23957066-23957566	E2F2	E2F2	chr1	23957066	23957566	23531232	-	426084	epithelial	method4_crosscohort	0.45015302	0.45015302	0.0	0.0
chr1:24107774-24108274	LYPLA2	LYPLA2	chr1	24107774	24108274	23791144	+	316880	epithelial	method4_crosscohort	0.45116833	0.45116833	0.0	0.0
chr1:24107774-24108274	RPL11	RPL11	chr1	24107774	24108274	23691741	+	416283	epithelial	method4_crosscohort	-0.45914727	-0.45914727	0.0	0.0
chr1:24108941-24109441	GRHL3	GRHL3	chr1	24108941	24109441	24199557	+	90366	epithelial	method4_crosscohort	-0.54532814	-0.54532814	0.0	0.0
chr1:24108941-24109441	IL22RA1	IL22RA1	chr1	24108941	24109441	24143139	-	33948	epithelial	method4_crosscohort	0.4501443	0.4501443	0.0	0.0
chr1:24108941-24109441	LYPLA2	LYPLA2	chr1	24108941	24109441	23791144	+	318047	epithelial	method4_crosscohort	0.5496611	0.5496611	0.0	0.0
chr1:24108941-24109441	NCMAP	NCMAP	chr1	24108941	24109441	24556086	+	446895	epithelial	method4_crosscohort	0.49063033	0.49063033	0.0	0.0
chr1:24108941-24109441	PNRC2	PNRC2	chr1	24108941	24109441	23956838	+	152353	epithelial	method4_crosscohort	-0.45697933	-0.45697933	0.0	0.0
chr1:24108941-24109441	RCAN3	RCAN3	chr1	24108941	24109441	24502350	+	393159	epithelial	method4_crosscohort	-0.53357476	-0.53357476	0.0	0.0
chr1:24108941-24109441	RPL11	RPL11	chr1	24108941	24109441	23691741	+	417450	epithelial	method4_crosscohort	-0.5720263	-0.5720263	0.0	0.0
chr1:24117680-24118180	GALE	GALE	chr1	24117680	24118180	23800780	-	317150	epithelial	method4_crosscohort	0.49707434	0.49707434	0.0	0.0
chr1:24117680-24118180	GRHL3	GRHL3	chr1	24117680	24118180	24199557	+	81627	epithelial	method4_crosscohort	-0.6030644	-0.6030644	0.0	0.0
chr1:24117680-24118180	HMGCL	HMGCL	chr1	24117680	24118180	23838619	-	279311	epithelial	method4_crosscohort	-0.56492114	-0.56492114	0.0	0.0
chr1:24117680-24118180	IFNLR1	IFNLR1	chr1	24117680	24118180	24187958	-	70028	epithelial	method4_crosscohort	0.4718742	0.4718742	0.0	0.0
chr1:24117680-24118180	IL22RA1	IL22RA1	chr1	24117680	24118180	24143139	-	25209	epithelial	method4_crosscohort	0.57645226	0.57645226	0.0	0.0
chr1:24117680-24118180	LYPLA2	LYPLA2	chr1	24117680	24118180	23791144	+	326786	epithelial	method4_crosscohort	0.61851704	0.61851704	0.0	0.0
chr1:24117680-24118180	NCMAP	NCMAP	chr1	24117680	24118180	24556086	+	438156	epithelial	method4_crosscohort	0.49870825	0.49870825	0.0	0.0
chr1:24117680-24118180	PNRC2	PNRC2	chr1	24117680	24118180	23956838	+	161092	epithelial	method4_crosscohort	-0.5585041	-0.5585041	0.0	0.0
chr1:24117680-24118180	RCAN3	RCAN3	chr1	24117680	24118180	24502350	+	384420	epithelial	method4_crosscohort	-0.62862414	-0.62862414	0.0	0.0
chr1:24117680-24118180	RPL11	RPL11	chr1	24117680	24118180	23691741	+	426189	epithelial	method4_crosscohort	-0.63669807	-0.63669807	0.0	0.0
chr1:24118334-24118834	LYPLA2	LYPLA2	chr1	24118334	24118834	23791144	+	327440	epithelial	method4_crosscohort	0.47191456	0.47191456	0.0	0.0
chr1:24119717-24120217	IL22RA1	IL22RA1	chr1	24119717	24120217	24143139	-	23172	epithelial	method4_crosscohort	0.45632723	0.45632723	0.0	0.0
chr1:24119717-24120217	LYPLA2	LYPLA2	chr1	24119717	24120217	23791144	+	328823	epithelial	method4_crosscohort	0.47420815	0.47420815	0.0	0.0
chr1:24119717-24120217	RCAN3	RCAN3	chr1	24119717	24120217	24502350	+	382383	epithelial	method4_crosscohort	-0.46212322	-0.46212322	0.0	0.0
chr1:24149715-24150215	GRHL3	GRHL3	chr1	24149715	24150215	24199557	+	49592	epithelial	method4_crosscohort	-0.49456954	-0.49456954	0.0	0.0
chr1:24149715-24150215	HMGCL	HMGCL	chr1	24149715	24150215	23838619	-	311346	epithelial	method4_crosscohort	-0.47574922	-0.47574922	0.0	0.0
chr1:24149715-24150215	IL22RA1	IL22RA1	chr1	24149715	24150215	24143139	-	6826	epithelial	method4_crosscohort	0.47406852	0.47406852	0.0	0.0
chr1:24149715-24150215	LYPLA2	LYPLA2	chr1	24149715	24150215	23791144	+	358821	epithelial	method4_crosscohort	0.5059598	0.5059598	0.0	0.0
chr1:24149715-24150215	RCAN3	RCAN3	chr1	24149715	24150215	24502350	+	352385	epithelial	method4_crosscohort	-0.51591617	-0.51591617	0.0	0.0
chr1:24149715-24150215	RPL11	RPL11	chr1	24149715	24150215	23691741	+	458224	epithelial	method4_crosscohort	-0.5052289	-0.5052289	0.0	0.0
chr1:24175303-24175803	GRHL3	GRHL3	chr1	24175303	24175803	24199557	+	24004	epithelial	method4_crosscohort	-0.51686186	-0.51686186	0.0	0.0
chr1:24175303-24175803	HMGCL	HMGCL	chr1	24175303	24175803	23838619	-	336934	epithelial	method4_crosscohort	-0.48187616	-0.48187616	0.0	0.0
chr1:24175303-24175803	IL22RA1	IL22RA1	chr1	24175303	24175803	24143139	-	32414	epithelial	method4_crosscohort	0.4604226	0.4604226	0.0	0.0
chr1:24175303-24175803	LYPLA2	LYPLA2	chr1	24175303	24175803	23791144	+	384409	epithelial	method4_crosscohort	0.4909114	0.4909114	0.0	0.0
chr1:24175303-24175803	PNRC2	PNRC2	chr1	24175303	24175803	23956838	+	218715	epithelial	method4_crosscohort	-0.4902169	-0.4902169	0.0	0.0
chr1:24175303-24175803	RCAN3	RCAN3	chr1	24175303	24175803	24502350	+	326797	epithelial	method4_crosscohort	-0.51576734	-0.51576734	0.0	0.0
chr1:24175303-24175803	RPL11	RPL11	chr1	24175303	24175803	23691741	+	483812	epithelial	method4_crosscohort	-0.56180733	-0.56180733	0.0	0.0
chr1:24184144-24184644	GRHL3	GRHL3	chr1	24184144	24184644	24199557	+	15163	epithelial	method4_crosscohort	-0.6191931	-0.6191931	0.0	0.0
chr1:24184144-24184644	HMGCL	HMGCL	chr1	24184144	24184644	23838619	-	345775	epithelial	method4_crosscohort	-0.47237393	-0.47237393	0.0	0.0
chr1:24184144-24184644	IL22RA1	IL22RA1	chr1	24184144	24184644	24143139	-	41255	epithelial	method4_crosscohort	0.48609415	0.48609415	0.0	0.0
chr1:24184144-24184644	LYPLA2	LYPLA2	chr1	24184144	24184644	23791144	+	393250	epithelial	method4_crosscohort	0.5892934	0.5892934	0.0	0.0
chr1:24184144-24184644	NCMAP	NCMAP	chr1	24184144	24184644	24556086	+	371692	epithelial	method4_crosscohort	0.51560926	0.51560926	0.0	0.0
chr1:24184144-24184644	PNRC2	PNRC2	chr1	24184144	24184644	23956838	+	227556	epithelial	method4_crosscohort	-0.5288576	-0.5288576	0.0	0.0
chr1:24184144-24184644	RCAN3	RCAN3	chr1	24184144	24184644	24502350	+	317956	epithelial	method4_crosscohort	-0.59707767	-0.59707767	0.0	0.0
chr1:24184144-24184644	RPL11	RPL11	chr1	24184144	24184644	23691741	+	492653	epithelial	method4_crosscohort	-0.6086072	-0.6086072	0.0	0.0
chr1:24365165-24365665	CLIC4	CLIC4	chr1	24365165	24365665	24745381	+	379966	epithelial	method4_crosscohort	-0.51418096	-0.51418096	0.0	0.0
chr1:24365165-24365665	GRHL3	GRHL3	chr1	24365165	24365665	24199557	+	165858	epithelial	method4_crosscohort	-0.48540917	-0.48540917	0.0	0.0
chr1:24365165-24365665	RCAN3	RCAN3	chr1	24365165	24365665	24502350	+	136935	epithelial	method4_crosscohort	-0.4810648	-0.4810648	0.0	0.0
chr1:24409479-24409979	CLIC4	CLIC4	chr1	24409479	24409979	24745381	+	335652	epithelial	method4_crosscohort	-0.50101095	-0.50101095	0.0	0.0
chr1:24409479-24409979	GRHL3	GRHL3	chr1	24409479	24409979	24199557	+	210172	epithelial	method4_crosscohort	-0.51564145	-0.51564145	0.0	0.0
chr1:24409479-24409979	RCAN3	RCAN3	chr1	24409479	24409979	24502350	+	92621	epithelial	method4_crosscohort	-0.48351324	-0.48351324	0.0	0.0
chr1:24410699-24411199	CLIC4	CLIC4	chr1	24410699	24411199	24745381	+	334432	epithelial	method4_crosscohort	-0.47133526	-0.47133526	0.0	0.0
chr1:24410699-24411199	IL22RA1	IL22RA1	chr1	24410699	24411199	24143139	-	267810	epithelial	method4_crosscohort	0.45426247	0.45426247	0.0	0.0
chr1:24410699-24411199	RCAN3	RCAN3	chr1	24410699	24411199	24502350	+	91401	epithelial	method4_crosscohort	-0.47381935	-0.47381935	0.0	0.0
chr1:24705212-24705712	RCAN3	RCAN3	chr1	24705212	24705712	24502350	+	203112	epithelial	method4_crosscohort	0.47499356	0.47499356	0.0	0.0
chr1:24727440-24727940	SRRM1	SRRM1	chr1	24727440	24727940	24631715	+	95975	epithelial	method4_crosscohort	-0.48261514	-0.48261514	0.0	0.0
chr1:24727440-24727940	STPG1	STPG1	chr1	24727440	24727940	24416933	-	310757	epithelial	method4_crosscohort	-0.5395101	-0.5395101	0.0	0.0
chr1:24745043-24745543	CLIC4	CLIC4	chr1	24745043	24745543	24745381	+	88	epithelial	method4_crosscohort	0.45235604	0.45235604	0.0	0.0
chr1:24929512-24930012	RHD	RHD	chr1	24929512	24930012	25272392	+	342630	epithelial	method4_crosscohort	-0.47265273	-0.47265273	0.0	0.0
chr1:24929512-24930012	RSRP1	RSRP1	chr1	24929512	24930012	25338212	-	408450	epithelial	method4_crosscohort	-0.51306146	-0.51306146	0.0	0.0
chr1:24929512-24930012	SRRM1	SRRM1	chr1	24929512	24930012	24631715	+	298047	epithelial	method4_crosscohort	-0.46360192	-0.46360192	0.0	0.0
chr1:24929512-24930012	TMEM50A	TMEM50A	chr1	24929512	24930012	25338316	+	408554	epithelial	method4_crosscohort	0.4715556	0.4715556	0.0	0.0
chr1:24930139-24930639	CLIC4	CLIC4	chr1	24930139	24930639	24745381	+	185008	epithelial	method4_crosscohort	0.47193944	0.47193944	0.0	0.0
chr1:24930139-24930639	NCMAP	NCMAP	chr1	24930139	24930639	24556086	+	374303	epithelial	method4_crosscohort	-0.46379635	-0.46379635	0.0	0.0
chr1:24930139-24930639	RCAN3	RCAN3	chr1	24930139	24930639	24502350	+	428039	epithelial	method4_crosscohort	0.4645436	0.4645436	0.0	0.0
chr1:24930139-24930639	RHD	RHD	chr1	24930139	24930639	25272392	+	342003	epithelial	method4_crosscohort	-0.54747325	-0.54747325	0.0	0.0
chr1:24930139-24930639	RSRP1	RSRP1	chr1	24930139	24930639	25338212	-	407823	epithelial	method4_crosscohort	-0.60483	-0.60483	0.0	0.0
chr1:24930139-24930639	SRRM1	SRRM1	chr1	24930139	24930639	24631715	+	298674	epithelial	method4_crosscohort	-0.55929095	-0.55929095	0.0	0.0
chr1:24930139-24930639	TMEM50A	TMEM50A	chr1	24930139	24930639	25338316	+	407927	epithelial	method4_crosscohort	0.55145735	0.55145735	0.0	0.0
chr1:24964929-24965429	MACO1	MACO1	chr1	24964929	24965429	25430857	+	465678	epithelial	method4_crosscohort	-0.60358995	-0.60358995	0.0	0.0
chr1:24964929-24965429	NCMAP	NCMAP	chr1	24964929	24965429	24556086	+	409093	epithelial	method4_crosscohort	-0.45801055	-0.45801055	0.0	0.0
chr1:24964929-24965429	RHD	RHD	chr1	24964929	24965429	25272392	+	307213	epithelial	method4_crosscohort	-0.49485597	-0.49485597	0.0	0.0
chr1:24964929-24965429	RSRP1	RSRP1	chr1	24964929	24965429	25338212	-	373033	epithelial	method4_crosscohort	-0.5641174	-0.5641174	0.0	0.0
chr1:24964929-24965429	SRRM1	SRRM1	chr1	24964929	24965429	24631715	+	333464	epithelial	method4_crosscohort	-0.53638905	-0.53638905	0.0	0.0
chr1:24964929-24965429	TMEM50A	TMEM50A	chr1	24964929	24965429	25338316	+	373137	epithelial	method4_crosscohort	0.46768528	0.46768528	0.0	0.0
chr1:25019389-25019889	MACO1	MACO1	chr1	25019389	25019889	25430857	+	411218	epithelial	method4_crosscohort	-0.52370065	-0.52370065	0.0	0.0
chr1:25019389-25019889	RSRP1	RSRP1	chr1	25019389	25019889	25338212	-	318573	epithelial	method4_crosscohort	-0.48525217	-0.48525217	0.0	0.0
chr1:25022348-25022848	MACO1	MACO1	chr1	25022348	25022848	25430857	+	408259	epithelial	method4_crosscohort	-0.6057918	-0.6057918	0.0	0.0
chr1:25022348-25022848	RHD	RHD	chr1	25022348	25022848	25272392	+	249794	epithelial	method4_crosscohort	-0.49742815	-0.49742815	0.0	0.0
chr1:25022348-25022848	RSRP1	RSRP1	chr1	25022348	25022848	25338212	-	315614	epithelial	method4_crosscohort	-0.57052886	-0.57052886	0.0	0.0
chr1:25022348-25022848	SRRM1	SRRM1	chr1	25022348	25022848	24631715	+	390883	epithelial	method4_crosscohort	-0.5640332	-0.5640332	0.0	0.0
chr1:25022348-25022848	TMEM50A	TMEM50A	chr1	25022348	25022848	25338316	+	315718	epithelial	method4_crosscohort	0.48295817	0.48295817	0.0	0.0
chr1:25022852-25023352	MACO1	MACO1	chr1	25022852	25023352	25430857	+	407755	epithelial	method4_crosscohort	-0.6026758	-0.6026758	0.0	0.0
chr1:25022852-25023352	NCMAP	NCMAP	chr1	25022852	25023352	24556086	+	467016	epithelial	method4_crosscohort	-0.4679616	-0.4679616	0.0	0.0
chr1:25022852-25023352	RHD	RHD	chr1	25022852	25023352	25272392	+	249290	epithelial	method4_crosscohort	-0.48250797	-0.48250797	0.0	0.0
chr1:25022852-25023352	RSRP1	RSRP1	chr1	25022852	25023352	25338212	-	315110	epithelial	method4_crosscohort	-0.56363666	-0.56363666	0.0	0.0
chr1:25022852-25023352	SRRM1	SRRM1	chr1	25022852	25023352	24631715	+	391387	epithelial	method4_crosscohort	-0.5427433	-0.5427433	0.0	0.0
chr1:25022852-25023352	TMEM50A	TMEM50A	chr1	25022852	25023352	25338316	+	315214	epithelial	method4_crosscohort	0.46972254	0.46972254	0.0	0.0
chr1:25032148-25032648	MACO1	MACO1	chr1	25032148	25032648	25430857	+	398459	epithelial	method4_crosscohort	-0.57385343	-0.57385343	0.0	0.0
chr1:25032148-25032648	RHD	RHD	chr1	25032148	25032648	25272392	+	239994	epithelial	method4_crosscohort	-0.48938477	-0.48938477	0.0	0.0
chr1:25032148-25032648	RSRP1	RSRP1	chr1	25032148	25032648	25338212	-	305814	epithelial	method4_crosscohort	-0.54071456	-0.54071456	0.0	0.0
chr1:25032148-25032648	SRRM1	SRRM1	chr1	25032148	25032648	24631715	+	400683	epithelial	method4_crosscohort	-0.5355884	-0.5355884	0.0	0.0
chr1:25033919-25034419	MACO1	MACO1	chr1	25033919	25034419	25430857	+	396688	epithelial	method4_crosscohort	-0.5841897	-0.5841897	0.0	0.0
chr1:25033919-25034419	NCMAP	NCMAP	chr1	25033919	25034419	24556086	+	478083	epithelial	method4_crosscohort	-0.47367403	-0.47367403	0.0	0.0
chr1:25033919-25034419	RHD	RHD	chr1	25033919	25034419	25272392	+	238223	epithelial	method4_crosscohort	-0.4516707	-0.4516707	0.0	0.0
chr1:25033919-25034419	RSRP1	RSRP1	chr1	25033919	25034419	25338212	-	304043	epithelial	method4_crosscohort	-0.53690886	-0.53690886	0.0	0.0
chr1:25033919-25034419	SRRM1	SRRM1	chr1	25033919	25034419	24631715	+	402454	epithelial	method4_crosscohort	-0.50535995	-0.50535995	0.0	0.0
chr1:25425624-25426124	RHD	RHD	chr1	25425624	25426124	25272392	+	153482	epithelial	method4_crosscohort	0.48005137	0.48005137	0.0	0.0
chr1:25425624-25426124	TMEM50A	TMEM50A	chr1	25425624	25426124	25338316	+	87558	epithelial	method4_crosscohort	-0.45017284	-0.45017284	0.0	0.0
chr1:25616468-25616968	MACO1	MACO1	chr1	25616468	25616968	25430857	+	185861	epithelial	method4_crosscohort	-0.49050543	-0.49050543	0.0	0.0
chr1:25616468-25616968	MAN1C1	MAN1C1	chr1	25616468	25616968	25616790	+	72	epithelial	method4_crosscohort	0.49152008	0.49152008	0.0	0.0
chr1:25616468-25616968	MTFR1L	MTFR1L	chr1	25616468	25616968	25818639	+	201921	epithelial	method4_crosscohort	0.5259173	0.5259173	0.0	0.0
chr1:25616468-25616968	PAQR7	PAQR7	chr1	25616468	25616968	25875707	-	258989	epithelial	method4_crosscohort	0.5211104	0.5211104	0.0	0.0
chr1:25616468-25616968	RHD	RHD	chr1	25616468	25616968	25272392	+	344326	epithelial	method4_crosscohort	-0.51849157	-0.51849157	0.0	0.0
chr1:25616468-25616968	RSRP1	RSRP1	chr1	25616468	25616968	25338212	-	278506	epithelial	method4_crosscohort	-0.516809	-0.516809	0.0	0.0
chr1:25616468-25616968	STMN1	STMN1	chr1	25616468	25616968	25906990	-	290272	epithelial	method4_crosscohort	0.51249516	0.51249516	0.0	0.0
chr1:25616468-25616968	SYF2	SYF2	chr1	25616468	25616968	25232501	-	384217	epithelial	method4_crosscohort	0.48171237	0.48171237	0.0	0.0
chr1:25616468-25616968	TMEM50A	TMEM50A	chr1	25616468	25616968	25338316	+	278402	epithelial	method4_crosscohort	0.5313708	0.5313708	0.0	0.0
chr1:25641697-25642197	SLC30A2	SLC30A2	chr1	25641697	25642197	26046117	-	404170	epithelial	method4_crosscohort	-0.4537638	-0.4537638	0.0	0.0
chr1:25642626-25643126	MACO1	MACO1	chr1	25642626	25643126	25430857	+	212019	epithelial	method4_crosscohort	-0.5025315	-0.5025315	0.0	0.0
chr1:25642626-25643126	RSRP1	RSRP1	chr1	25642626	25643126	25338212	-	304664	epithelial	method4_crosscohort	-0.47414637	-0.47414637	0.0	0.0
chr1:25642626-25643126	SLC30A2	SLC30A2	chr1	25642626	25643126	26046117	-	403241	epithelial	method4_crosscohort	-0.4618904	-0.4618904	0.0	0.0
chr1:25658941-25659441	MACO1	MACO1	chr1	25658941	25659441	25430857	+	228334	epithelial	method4_crosscohort	-0.47175193	-0.47175193	0.0	0.0
chr1:25658941-25659441	PAFAH2	PAFAH2	chr1	25658941	25659441	25998116	-	338925	epithelial	method4_crosscohort	-0.47161713	-0.47161713	0.0	0.0
chr1:25658941-25659441	SLC30A2	SLC30A2	chr1	25658941	25659441	26046117	-	386926	epithelial	method4_crosscohort	-0.4883377	-0.4883377	0.0	0.0
chr1:25667754-25668254	AUNIP	AUNIP	chr1	25667754	25668254	25859457	-	191453	epithelial	method4_crosscohort	0.52089286	0.52089286	0.0	0.0
chr1:25694025-25694525	CNKSR1	CNKSR1	chr1	25694025	25694525	26177483	+	483208	epithelial	method4_crosscohort	-0.49627197	-0.49627197	0.0	0.0
chr1:25694025-25694525	MACO1	MACO1	chr1	25694025	25694525	25430857	+	263418	epithelial	method4_crosscohort	-0.5411698	-0.5411698	0.0	0.0
chr1:25694025-25694525	PAFAH2	PAFAH2	chr1	25694025	25694525	25998116	-	303841	epithelial	method4_crosscohort	-0.5304831	-0.5304831	0.0	0.0
chr1:25694025-25694525	RSRP1	RSRP1	chr1	25694025	25694525	25338212	-	356063	epithelial	method4_crosscohort	-0.4935838	-0.4935838	0.0	0.0
chr1:25694025-25694525	SLC30A2	SLC30A2	chr1	25694025	25694525	26046117	-	351842	epithelial	method4_crosscohort	-0.54037213	-0.54037213	0.0	0.0
chr1:25695043-25695543	CNKSR1	CNKSR1	chr1	25695043	25695543	26177483	+	482190	epithelial	method4_crosscohort	-0.5685844	-0.5685844	0.0	0.0
chr1:25695043-25695543	MACO1	MACO1	chr1	25695043	25695543	25430857	+	264436	epithelial	method4_crosscohort	-0.61269885	-0.61269885	0.0	0.0
chr1:25695043-25695543	PAFAH2	PAFAH2	chr1	25695043	25695543	25998116	-	302823	epithelial	method4_crosscohort	-0.59430975	-0.59430975	0.0	0.0
chr1:25695043-25695543	RHD	RHD	chr1	25695043	25695543	25272392	+	422901	epithelial	method4_crosscohort	-0.47752336	-0.47752336	0.0	0.0
chr1:25695043-25695543	RSRP1	RSRP1	chr1	25695043	25695543	25338212	-	357081	epithelial	method4_crosscohort	-0.5567876	-0.5567876	0.0	0.0
chr1:25695043-25695543	SLC30A2	SLC30A2	chr1	25695043	25695543	26046117	-	350824	epithelial	method4_crosscohort	-0.6116369	-0.6116369	0.0	0.0
chr1:25700024-25700524	CNKSR1	CNKSR1	chr1	25700024	25700524	26177483	+	477209	epithelial	method4_crosscohort	-0.51226497	-0.51226497	0.0	0.0
chr1:25700024-25700524	MACO1	MACO1	chr1	25700024	25700524	25430857	+	269417	epithelial	method4_crosscohort	-0.54995966	-0.54995966	0.0	0.0
chr1:25700024-25700524	PAFAH2	PAFAH2	chr1	25700024	25700524	25998116	-	297842	epithelial	method4_crosscohort	-0.5475786	-0.5475786	0.0	0.0
chr1:25700024-25700524	RSRP1	RSRP1	chr1	25700024	25700524	25338212	-	362062	epithelial	method4_crosscohort	-0.49621236	-0.49621236	0.0	0.0
chr1:25700024-25700524	SLC30A2	SLC30A2	chr1	25700024	25700524	26046117	-	345843	epithelial	method4_crosscohort	-0.56317216	-0.56317216	0.0	0.0
chr1:25711471-25711971	MACO1	MACO1	chr1	25711471	25711971	25430857	+	280864	epithelial	method4_crosscohort	-0.4665882	-0.4665882	0.0	0.0
chr1:25711471-25711971	PAFAH2	PAFAH2	chr1	25711471	25711971	25998116	-	286395	epithelial	method4_crosscohort	-0.47273493	-0.47273493	0.0	0.0
chr1:25711471-25711971	SLC30A2	SLC30A2	chr1	25711471	25711971	26046117	-	334396	epithelial	method4_crosscohort	-0.4923892	-0.4923892	0.0	0.0
chr1:25905288-25905788	FAM110D	FAM110D	chr1	25905288	25905788	26159078	+	253540	epithelial	method4_crosscohort	0.45850998	0.45850998	0.0	0.0
chr1:25905288-25905788	MTFR1L	MTFR1L	chr1	25905288	25905788	25818639	+	86899	epithelial	method4_crosscohort	0.4616488	0.4616488	0.0	0.0
chr1:25905288-25905788	SH3BGRL3	SH3BGRL3	chr1	25905288	25905788	26280085	+	374547	epithelial	method4_crosscohort	0.45903647	0.45903647	0.0	0.0
chr1:25905288-25905788	STMN1	STMN1	chr1	25905288	25905788	25906990	-	1452	epithelial	method4_crosscohort	0.4671725	0.4671725	0.0	0.0
chr1:25906258-25906758	AUNIP	AUNIP	chr1	25906258	25906758	25859457	-	47051	epithelial	method4_crosscohort	0.4786136	0.4786136	0.0	0.0
chr1:25906258-25906758	CNKSR1	CNKSR1	chr1	25906258	25906758	26177483	+	270975	epithelial	method4_crosscohort	-0.49251118	-0.49251118	0.0	0.0
chr1:25906258-25906758	CRYBG2	CRYBG2	chr1	25906258	25906758	26360079	-	453571	epithelial	method4_crosscohort	-0.4816479	-0.4816479	0.0	0.0
chr1:25906258-25906758	FAM110D	FAM110D	chr1	25906258	25906758	26159078	+	252570	epithelial	method4_crosscohort	0.49497393	0.49497393	0.0	0.0
chr1:25906258-25906758	MAN1C1	MAN1C1	chr1	25906258	25906758	25616790	+	289718	epithelial	method4_crosscohort	0.47470456	0.47470456	0.0	0.0
chr1:25906258-25906758	MTFR1L	MTFR1L	chr1	25906258	25906758	25818639	+	87869	epithelial	method4_crosscohort	0.49326238	0.49326238	0.0	0.0
chr1:25906258-25906758	PAQR7	PAQR7	chr1	25906258	25906758	25875707	-	30801	epithelial	method4_crosscohort	0.47396404	0.47396404	0.0	0.0
chr1:25906258-25906758	SH3BGRL3	SH3BGRL3	chr1	25906258	25906758	26280085	+	373577	epithelial	method4_crosscohort	0.4918917	0.4918917	0.0	0.0
chr1:25906258-25906758	STMN1	STMN1	chr1	25906258	25906758	25906990	-	482	epithelial	method4_crosscohort	0.50937074	0.50937074	0.0	0.0
chr1:25906258-25906758	ZNF593	ZNF593	chr1	25906258	25906758	26169907	+	263399	epithelial	method4_crosscohort	0.45197305	0.45197305	0.0	0.0
chr1:26015320-26015820	SLC30A2	SLC30A2	chr1	26015320	26015820	26046117	-	30547	epithelial	method4_crosscohort	-0.45154372	-0.45154372	0.0	0.0
chr1:26318573-26319073	SLC30A2	SLC30A2	chr1	26318573	26319073	26046117	-	272706	epithelial	method4_crosscohort	-0.4627056	-0.4627056	0.0	0.0
chr1:26318573-26319073	UBXN11	UBXN11	chr1	26318573	26319073	26318362	-	461	epithelial	method4_crosscohort	-0.45228314	-0.45228314	0.0	0.0
chr1:26347881-26348381	STMN1	STMN1	chr1	26347881	26348381	25906990	-	441141	epithelial	method4_crosscohort	-0.45803106	-0.45803106	0.0	0.0
chr1:26350711-26351211	AUNIP	AUNIP	chr1	26350711	26351211	25859457	-	491504	epithelial	method4_crosscohort	-0.45966107	-0.45966107	0.0	0.0
chr1:26350711-26351211	CNKSR1	CNKSR1	chr1	26350711	26351211	26177483	+	173478	epithelial	method4_crosscohort	0.46161947	0.46161947	0.0	0.0
chr1:26350711-26351211	CRYBG2	CRYBG2	chr1	26350711	26351211	26360079	-	9118	epithelial	method4_crosscohort	0.46083844	0.46083844	0.0	0.0
chr1:26350711-26351211	FAM110D	FAM110D	chr1	26350711	26351211	26159078	+	191883	epithelial	method4_crosscohort	-0.5893425	-0.5893425	0.0	0.0
chr1:26350711-26351211	HMGN2	HMGN2	chr1	26350711	26351211	26472439	+	121478	epithelial	method4_crosscohort	-0.55859	-0.55859	0.0	0.0
chr1:26350711-26351211	PAQR7	PAQR7	chr1	26350711	26351211	25875707	-	475254	epithelial	method4_crosscohort	-0.5152385	-0.5152385	0.0	0.0
chr1:26350711-26351211	PDIK1L	PDIK1L	chr1	26350711	26351211	26111164	+	239797	epithelial	method4_crosscohort	-0.47834623	-0.47834623	0.0	0.0
chr1:26350711-26351211	PIGV	PIGV	chr1	26350711	26351211	26787053	+	436092	epithelial	method4_crosscohort	-0.4950678	-0.4950678	0.0	0.0
chr1:26350711-26351211	SH3BGRL3	SH3BGRL3	chr1	26350711	26351211	26280085	+	70876	epithelial	method4_crosscohort	-0.5182087	-0.5182087	0.0	0.0
chr1:26350711-26351211	STMN1	STMN1	chr1	26350711	26351211	25906990	-	443971	epithelial	method4_crosscohort	-0.574633	-0.574633	0.0	0.0
chr1:26350711-26351211	ZNF593	ZNF593	chr1	26350711	26351211	26169907	+	181054	epithelial	method4_crosscohort	-0.54739946	-0.54739946	0.0	0.0
chr1:26351446-26351946	AUNIP	AUNIP	chr1	26351446	26351946	25859457	-	492239	epithelial	method4_crosscohort	-0.454366	-0.454366	0.0	0.0
chr1:26351446-26351946	CNKSR1	CNKSR1	chr1	26351446	26351946	26177483	+	174213	epithelial	method4_crosscohort	0.45117423	0.45117423	0.0	0.0
chr1:26351446-26351946	CRYBG2	CRYBG2	chr1	26351446	26351946	26360079	-	8383	epithelial	method4_crosscohort	0.46648607	0.46648607	0.0	0.0
chr1:26351446-26351946	FAM110D	FAM110D	chr1	26351446	26351946	26159078	+	192618	epithelial	method4_crosscohort	-0.6875322	-0.6875322	0.0	0.0
chr1:26351446-26351946	HMGN2	HMGN2	chr1	26351446	26351946	26472439	+	120743	epithelial	method4_crosscohort	-0.64970326	-0.64970326	0.0	0.0
chr1:26351446-26351946	PAQR7	PAQR7	chr1	26351446	26351946	25875707	-	475989	epithelial	method4_crosscohort	-0.563254	-0.563254	0.0	0.0
chr1:26351446-26351946	PDIK1L	PDIK1L	chr1	26351446	26351946	26111164	+	240532	epithelial	method4_crosscohort	-0.69341654	-0.69341654	0.0	0.0
chr1:26351446-26351946	PIGV	PIGV	chr1	26351446	26351946	26787053	+	435357	epithelial	method4_crosscohort	-0.49158728	-0.49158728	0.0	0.0
chr1:26351446-26351946	SH3BGRL3	SH3BGRL3	chr1	26351446	26351946	26280085	+	71611	epithelial	method4_crosscohort	-0.59373516	-0.59373516	0.0	0.0
chr1:26351446-26351946	STMN1	STMN1	chr1	26351446	26351946	25906990	-	444706	epithelial	method4_crosscohort	-0.6798654	-0.6798654	0.0	0.0
chr1:26351446-26351946	ZNF593	ZNF593	chr1	26351446	26351946	26169907	+	181789	epithelial	method4_crosscohort	-0.67338645	-0.67338645	0.0	0.0
chr1:26357077-26357577	FAM110D	FAM110D	chr1	26357077	26357577	26159078	+	198249	epithelial	method4_crosscohort	-0.46161512	-0.46161512	0.0	0.0
chr1:26357077-26357577	HMGN2	HMGN2	chr1	26357077	26357577	26472439	+	115112	epithelial	method4_crosscohort	-0.46849784	-0.46849784	0.0	0.0
chr1:26357077-26357577	PIGV	PIGV	chr1	26357077	26357577	26787053	+	429726	epithelial	method4_crosscohort	-0.4674416	-0.4674416	0.0	0.0
chr1:26357077-26357577	STMN1	STMN1	chr1	26357077	26357577	25906990	-	450337	epithelial	method4_crosscohort	-0.47186154	-0.47186154	0.0	0.0
chr1:26358938-26359438	DHDDS	DHDDS	chr1	26358938	26359438	26432281	+	73093	epithelial	method4_crosscohort	0.45430285	0.45430285	0.0	0.0
chr1:26358938-26359438	HMGN2	HMGN2	chr1	26358938	26359438	26472439	+	113251	epithelial	method4_crosscohort	-0.46685597	-0.46685597	0.0	0.0
chr1:26358938-26359438	STMN1	STMN1	chr1	26358938	26359438	25906990	-	452198	epithelial	method4_crosscohort	-0.4736138	-0.4736138	0.0	0.0
chr1:26387330-26387830	FAM110D	FAM110D	chr1	26387330	26387830	26159078	+	228502	epithelial	method4_crosscohort	-0.55407435	-0.55407435	0.0	0.0
chr1:26387330-26387830	HMGN2	HMGN2	chr1	26387330	26387830	26472439	+	84859	epithelial	method4_crosscohort	-0.5601895	-0.5601895	0.0	0.0
chr1:26387330-26387830	PDIK1L	PDIK1L	chr1	26387330	26387830	26111164	+	276416	epithelial	method4_crosscohort	-0.6801198	-0.6801198	0.0	0.0
chr1:26387330-26387830	SH3BGRL3	SH3BGRL3	chr1	26387330	26387830	26280085	+	107495	epithelial	method4_crosscohort	-0.512507	-0.512507	0.0	0.0
chr1:26387330-26387830	STMN1	STMN1	chr1	26387330	26387830	25906990	-	480590	epithelial	method4_crosscohort	-0.6202311	-0.6202311	0.0	0.0
chr1:26387330-26387830	ZNF593	ZNF593	chr1	26387330	26387830	26169907	+	217673	epithelial	method4_crosscohort	-0.5730247	-0.5730247	0.0	0.0
chr1:26470481-26470981	GPN2	GPN2	chr1	26470481	26470981	26890282	-	419551	epithelial	method4_crosscohort	-0.46027273	-0.46027273	0.0	0.0
chr1:26535123-26535623	CNKSR1	CNKSR1	chr1	26535123	26535623	26177483	+	357890	epithelial	method4_crosscohort	0.45229754	0.45229754	0.0	0.0
chr1:26535123-26535623	FAM110D	FAM110D	chr1	26535123	26535623	26159078	+	376295	epithelial	method4_crosscohort	-0.5662379	-0.5662379	0.0	0.0
chr1:26535123-26535623	GPATCH3	GPATCH3	chr1	26535123	26535623	26900466	-	365093	epithelial	method4_crosscohort	-0.5088464	-0.5088464	0.0	0.0
chr1:26535123-26535623	GPN2	GPN2	chr1	26535123	26535623	26890282	-	354909	epithelial	method4_crosscohort	0.46839258	0.46839258	0.0	0.0
chr1:26535123-26535623	HMGN2	HMGN2	chr1	26535123	26535623	26472439	+	62934	epithelial	method4_crosscohort	-0.5460507	-0.5460507	0.0	0.0
chr1:26535123-26535623	NUDC	NUDC	chr1	26535123	26535623	26900237	+	364864	epithelial	method4_crosscohort	-0.51515895	-0.51515895	0.0	0.0
chr1:26535123-26535623	PIGV	PIGV	chr1	26535123	26535623	26787053	+	251680	epithelial	method4_crosscohort	-0.51471514	-0.51471514	0.0	0.0
chr1:26535123-26535623	SFN	SFN	chr1	26535123	26535623	26863148	+	327775	epithelial	method4_crosscohort	0.48083127	0.48083127	0.0	0.0
chr1:26535123-26535623	SH3BGRL3	SH3BGRL3	chr1	26535123	26535623	26280085	+	255288	epithelial	method4_crosscohort	-0.5031883	-0.5031883	0.0	0.0
chr1:26535123-26535623	TRNP1	TRNP1	chr1	26535123	26535623	26993691	+	458318	epithelial	method4_crosscohort	-0.550675	-0.550675	0.0	0.0
chr1:26535123-26535623	ZNF593	ZNF593	chr1	26535123	26535623	26169907	+	365466	epithelial	method4_crosscohort	-0.5290238	-0.5290238	0.0	0.0
chr1:26541715-26542215	CNKSR1	CNKSR1	chr1	26541715	26542215	26177483	+	364482	epithelial	method4_crosscohort	-0.5685048	-0.5685048	0.0	0.0
chr1:26541715-26542215	CRYBG2	CRYBG2	chr1	26541715	26542215	26360079	-	181886	epithelial	method4_crosscohort	-0.5875428	-0.5875428	0.0	0.0
chr1:26541715-26542215	DHDDS	DHDDS	chr1	26541715	26542215	26432281	+	109684	epithelial	method4_crosscohort	-0.5609907	-0.5609907	0.0	0.0
chr1:26541715-26542215	KDF1	KDF1	chr1	26541715	26542215	26960467	-	418502	epithelial	method4_crosscohort	-0.6274611	-0.6274611	0.0	0.0
chr1:26541715-26542215	NUDC	NUDC	chr1	26541715	26542215	26900237	+	358272	epithelial	method4_crosscohort	0.46426854	0.46426854	0.0	0.0
chr1:26541715-26542215	RPS6KA1	RPS6KA1	chr1	26541715	26542215	26529760	+	12205	epithelial	method4_crosscohort	-0.5991691	-0.5991691	0.0	0.0
chr1:26541715-26542215	SFN	SFN	chr1	26541715	26542215	26863148	+	321183	epithelial	method4_crosscohort	-0.55233675	-0.55233675	0.0	0.0
chr1:26541715-26542215	SH3BGRL3	SH3BGRL3	chr1	26541715	26542215	26280085	+	261880	epithelial	method4_crosscohort	0.47109893	0.47109893	0.0	0.0
chr1:26541715-26542215	SLC30A2	SLC30A2	chr1	26541715	26542215	26046117	-	495848	epithelial	method4_crosscohort	-0.5538606	-0.5538606	0.0	0.0
chr1:26541715-26542215	UBXN11	UBXN11	chr1	26541715	26542215	26318362	-	223603	epithelial	method4_crosscohort	-0.5863526	-0.5863526	0.0	0.0
chr1:26541715-26542215	ZDHHC18	ZDHHC18	chr1	26541715	26542215	26826687	+	284722	epithelial	method4_crosscohort	-0.57698464	-0.57698464	0.0	0.0
chr1:26542231-26542731	CNKSR1	CNKSR1	chr1	26542231	26542731	26177483	+	364998	epithelial	method4_crosscohort	-0.5327712	-0.5327712	0.0	0.0
chr1:26542231-26542731	CRYBG2	CRYBG2	chr1	26542231	26542731	26360079	-	182402	epithelial	method4_crosscohort	-0.547674	-0.547674	0.0	0.0
chr1:26542231-26542731	DHDDS	DHDDS	chr1	26542231	26542731	26432281	+	110200	epithelial	method4_crosscohort	-0.54129344	-0.54129344	0.0	0.0
chr1:26542231-26542731	KDF1	KDF1	chr1	26542231	26542731	26960467	-	417986	epithelial	method4_crosscohort	-0.5829458	-0.5829458	0.0	0.0
chr1:26542231-26542731	RPS6KA1	RPS6KA1	chr1	26542231	26542731	26529760	+	12721	epithelial	method4_crosscohort	-0.56429464	-0.56429464	0.0	0.0
chr1:26542231-26542731	SFN	SFN	chr1	26542231	26542731	26863148	+	320667	epithelial	method4_crosscohort	-0.5206749	-0.5206749	0.0	0.0
chr1:26542231-26542731	SLC30A2	SLC30A2	chr1	26542231	26542731	26046117	-	496364	epithelial	method4_crosscohort	-0.5111918	-0.5111918	0.0	0.0
chr1:26542231-26542731	UBXN11	UBXN11	chr1	26542231	26542731	26318362	-	224119	epithelial	method4_crosscohort	-0.56173265	-0.56173265	0.0	0.0
chr1:26542231-26542731	ZDHHC18	ZDHHC18	chr1	26542231	26542731	26826687	+	284206	epithelial	method4_crosscohort	-0.5307543	-0.5307543	0.0	0.0
chr1:26545527-26546027	CNKSR1	CNKSR1	chr1	26545527	26546027	26177483	+	368294	epithelial	method4_crosscohort	-0.4968405	-0.4968405	0.0	0.0
chr1:26545527-26546027	CRYBG2	CRYBG2	chr1	26545527	26546027	26360079	-	185698	epithelial	method4_crosscohort	-0.5098477	-0.5098477	0.0	0.0
chr1:26545527-26546027	DHDDS	DHDDS	chr1	26545527	26546027	26432281	+	113496	epithelial	method4_crosscohort	-0.4946898	-0.4946898	0.0	0.0
chr1:26545527-26546027	KDF1	KDF1	chr1	26545527	26546027	26960467	-	414690	epithelial	method4_crosscohort	-0.5661481	-0.5661481	0.0	0.0
chr1:26545527-26546027	RPS6KA1	RPS6KA1	chr1	26545527	26546027	26529760	+	16017	epithelial	method4_crosscohort	-0.5249019	-0.5249019	0.0	0.0
chr1:26545527-26546027	SFN	SFN	chr1	26545527	26546027	26863148	+	317371	epithelial	method4_crosscohort	-0.48149723	-0.48149723	0.0	0.0
chr1:26545527-26546027	SLC30A2	SLC30A2	chr1	26545527	26546027	26046117	-	499660	epithelial	method4_crosscohort	-0.46925548	-0.46925548	0.0	0.0
chr1:26545527-26546027	UBXN11	UBXN11	chr1	26545527	26546027	26318362	-	227415	epithelial	method4_crosscohort	-0.59273106	-0.59273106	0.0	0.0
chr1:26545527-26546027	ZDHHC18	ZDHHC18	chr1	26545527	26546027	26826687	+	280910	epithelial	method4_crosscohort	-0.5074103	-0.5074103	0.0	0.0
chr1:26620183-26620683	NUDC	NUDC	chr1	26620183	26620683	26900237	+	279804	epithelial	method4_crosscohort	0.46515626	0.46515626	0.0	0.0
