peak_id	gene_id	gene_name	chrom	peak_start	peak_end	tss_pos	strand	distance_bp	compartment	method	score	r	pvalue	fdr
chr1:817081-817581	B3GALT6	B3GALT6	chr1	817081	817581	1232236	+	414905	immune	method4_crosscohort	-0.55220324	-0.55220324	0.0	0.0
chr1:817081-817581	HES4	HES4	chr1	817081	817581	1000171	-	182840	immune	method4_crosscohort	-0.5004293	-0.5004293	0.0	0.0
chr1:817081-817581	KLHL17	KLHL17	chr1	817081	817581	960583	+	143252	immune	method4_crosscohort	0.5962462	0.5962462	0.0	0.0
chr1:817081-817581	PLEKHN1	PLEKHN1	chr1	817081	817581	966481	+	149150	immune	method4_crosscohort	0.511212	0.511212	0.0	0.0
chr1:817081-817581	SCNN1D	SCNN1D	chr1	817081	817581	1280435	+	463104	immune	method4_crosscohort	0.5776856	0.5776856	0.0	0.0
chr1:906603-907103	SCNN1D	SCNN1D	chr1	906603	907103	1280435	+	373582	immune	method4_crosscohort	0.4973509	0.4973509	0.0	0.0
chr1:999897-1000397	ANKRD65	ANKRD65	chr1	999897	1000397	1421768	-	421621	immune	method4_crosscohort	0.4689159	0.4689159	0.0	0.0
chr1:1019282-1019782	SAMD11	SAMD11	chr1	1019282	1019782	923922	+	95610	immune	method4_crosscohort	0.4726464	0.4726464	0.0	0.0
chr1:1032939-1033439	SDF4	SDF4	chr1	1032939	1033439	1232030	-	198841	immune	method4_crosscohort	0.45792618	0.45792618	0.0	0.0
chr1:1069125-1069625	ATAD3A	ATAD3A	chr1	1069125	1069625	1512161	+	442786	immune	method4_crosscohort	0.45312142	0.45312142	0.0	0.0
chr1:1069125-1069625	B3GALT6	B3GALT6	chr1	1069125	1069625	1232236	+	162861	immune	method4_crosscohort	0.57493824	0.57493824	0.0	0.0
chr1:1069125-1069625	CCNL2	CCNL2	chr1	1069125	1069625	1399334	-	329959	immune	method4_crosscohort	-0.55587333	-0.55587333	0.0	0.0
chr1:1069125-1069625	CPTP	CPTP	chr1	1069125	1069625	1324755	+	255380	immune	method4_crosscohort	-0.5285063	-0.5285063	0.0	0.0
chr1:1069125-1069625	DVL1	DVL1	chr1	1069125	1069625	1349417	-	280042	immune	method4_crosscohort	0.5491715	0.5491715	0.0	0.0
chr1:1069125-1069625	HES4	HES4	chr1	1069125	1069625	1000171	-	69204	immune	method4_crosscohort	0.48716128	0.48716128	0.0	0.0
chr1:1069125-1069625	KLHL17	KLHL17	chr1	1069125	1069625	960583	+	108792	immune	method4_crosscohort	-0.498574	-0.498574	0.0	0.0
chr1:1069125-1069625	MRPL20	MRPL20	chr1	1069125	1069625	1407292	-	337917	immune	method4_crosscohort	0.51451117	0.51451117	0.0	0.0
chr1:1069125-1069625	PLEKHN1	PLEKHN1	chr1	1069125	1069625	966481	+	102894	immune	method4_crosscohort	-0.45506185	-0.45506185	0.0	0.0
chr1:1069125-1069625	SCNN1D	SCNN1D	chr1	1069125	1069625	1280435	+	211060	immune	method4_crosscohort	-0.5420166	-0.5420166	0.0	0.0
chr1:1079770-1080270	SDF4	SDF4	chr1	1079770	1080270	1232030	-	152010	immune	method4_crosscohort	0.50952613	0.50952613	0.0	0.0
chr1:1124383-1124883	C1QTNF12	C1QTNF12	chr1	1124383	1124883	1246721	-	122088	immune	method4_crosscohort	0.5045557	0.5045557	0.0	0.0
chr1:1125157-1125657	C1QTNF12	C1QTNF12	chr1	1125157	1125657	1246721	-	121314	immune	method4_crosscohort	0.5107425	0.5107425	0.0	0.0
chr1:1136732-1137232	ISG15	ISG15	chr1	1136732	1137232	1001137	+	135845	immune	method4_crosscohort	0.4905641	0.4905641	0.0	0.0
chr1:1136732-1137232	PUSL1	PUSL1	chr1	1136732	1137232	1308596	+	171614	immune	method4_crosscohort	0.48236105	0.48236105	0.0	0.0
chr1:1136732-1137232	SDF4	SDF4	chr1	1136732	1137232	1232030	-	95048	immune	method4_crosscohort	0.6176867	0.6176867	0.0	0.0
chr1:1137245-1137745	B3GALT6	B3GALT6	chr1	1137245	1137745	1232236	+	94741	immune	method4_crosscohort	0.4692264	0.4692264	0.0	0.0
chr1:1137245-1137745	HES4	HES4	chr1	1137245	1137745	1000171	-	137324	immune	method4_crosscohort	0.48846203	0.48846203	0.0	0.0
chr1:1137245-1137745	ISG15	ISG15	chr1	1137245	1137745	1001137	+	136358	immune	method4_crosscohort	0.49263343	0.49263343	0.0	0.0
chr1:1137245-1137745	PUSL1	PUSL1	chr1	1137245	1137745	1308596	+	171101	immune	method4_crosscohort	0.5018527	0.5018527	0.0	0.0
chr1:1137245-1137745	SDF4	SDF4	chr1	1137245	1137745	1232030	-	94535	immune	method4_crosscohort	0.62939507	0.62939507	0.0	0.0
chr1:1143964-1144464	B3GALT6	B3GALT6	chr1	1143964	1144464	1232236	+	88022	immune	method4_crosscohort	0.47791973	0.47791973	0.0	0.0
chr1:1143964-1144464	HES4	HES4	chr1	1143964	1144464	1000171	-	144043	immune	method4_crosscohort	0.47155628	0.47155628	0.0	0.0
chr1:1143964-1144464	KLHL17	KLHL17	chr1	1143964	1144464	960583	+	183631	immune	method4_crosscohort	-0.454682	-0.454682	0.0	0.0
chr1:1143964-1144464	SDF4	SDF4	chr1	1143964	1144464	1232030	-	87816	immune	method4_crosscohort	0.48605216	0.48605216	0.0	0.0
chr1:1157371-1157871	SAMD11	SAMD11	chr1	1157371	1157871	923922	+	233699	immune	method4_crosscohort	0.47018194	0.47018194	0.0	0.0
chr1:1158024-1158524	SAMD11	SAMD11	chr1	1158024	1158524	923922	+	234352	immune	method4_crosscohort	0.4755401	0.4755401	0.0	0.0
chr1:1159440-1159940	C1QTNF12	C1QTNF12	chr1	1159440	1159940	1246721	-	87031	immune	method4_crosscohort	0.49731717	0.49731717	0.0	0.0
chr1:1162512-1163012	C1QTNF12	C1QTNF12	chr1	1162512	1163012	1246721	-	83959	immune	method4_crosscohort	0.51559806	0.51559806	0.0	0.0
chr1:1201235-1201735	B3GALT6	B3GALT6	chr1	1201235	1201735	1232236	+	30751	immune	method4_crosscohort	0.45520034	0.45520034	0.0	0.0
chr1:1206405-1206905	ISG15	ISG15	chr1	1206405	1206905	1001137	+	205518	immune	method4_crosscohort	0.4918556	0.4918556	0.0	0.0
chr1:1206405-1206905	MIB2	MIB2	chr1	1206405	1206905	1615453	+	408798	immune	method4_crosscohort	-0.45280865	-0.45280865	0.0	0.0
chr1:1206405-1206905	PUSL1	PUSL1	chr1	1206405	1206905	1308596	+	101941	immune	method4_crosscohort	0.48746464	0.48746464	0.0	0.0
chr1:1206405-1206905	SDF4	SDF4	chr1	1206405	1206905	1232030	-	25375	immune	method4_crosscohort	0.59204125	0.59204125	0.0	0.0
chr1:1206926-1207426	SDF4	SDF4	chr1	1206926	1207426	1232030	-	24854	immune	method4_crosscohort	0.51188135	0.51188135	0.0	0.0
chr1:1207948-1208448	B3GALT6	B3GALT6	chr1	1207948	1208448	1232236	+	24038	immune	method4_crosscohort	0.47190008	0.47190008	0.0	0.0
chr1:1207948-1208448	HES4	HES4	chr1	1207948	1208448	1000171	-	208027	immune	method4_crosscohort	0.46554568	0.46554568	0.0	0.0
chr1:1208789-1209289	B3GALT6	B3GALT6	chr1	1208789	1209289	1232236	+	23197	immune	method4_crosscohort	0.45673904	0.45673904	0.0	0.0
chr1:1208789-1209289	SDF4	SDF4	chr1	1208789	1209289	1232030	-	22991	immune	method4_crosscohort	0.47139582	0.47139582	0.0	0.0
chr1:1229028-1229528	SDF4	SDF4	chr1	1229028	1229528	1232030	-	2752	immune	method4_crosscohort	0.48848855	0.48848855	0.0	0.0
chr1:1231839-1232339	SAMD11	SAMD11	chr1	1231839	1232339	923922	+	308167	immune	method4_crosscohort	0.47005492	0.47005492	0.0	0.0
chr1:1250829-1251329	CDK11A	CDK11A	chr1	1250829	1251329	1724356	-	473277	immune	method4_crosscohort	-0.46195787	-0.46195787	0.0	0.0
chr1:1281758-1282258	C1QTNF12	C1QTNF12	chr1	1281758	1282258	1246721	-	35287	immune	method4_crosscohort	0.49289572	0.49289572	0.0	0.0
chr1:1324442-1324942	MMP23B	MMP23B	chr1	1324442	1324942	1632162	+	307470	immune	method4_crosscohort	0.46410438	0.46410438	0.0	0.0
chr1:1324442-1324942	SAMD11	SAMD11	chr1	1324442	1324942	923922	+	400770	immune	method4_crosscohort	0.47195932	0.47195932	0.0	0.0
chr1:1330271-1330771	ISG15	ISG15	chr1	1330271	1330771	1001137	+	329384	immune	method4_crosscohort	0.50616413	0.50616413	0.0	0.0
chr1:1330271-1330771	MIB2	MIB2	chr1	1330271	1330771	1615453	+	284932	immune	method4_crosscohort	-0.53653723	-0.53653723	0.0	0.0
chr1:1330271-1330771	PUSL1	PUSL1	chr1	1330271	1330771	1308596	+	21925	immune	method4_crosscohort	0.48852152	0.48852152	0.0	0.0
chr1:1330271-1330771	SDF4	SDF4	chr1	1330271	1330771	1232030	-	98491	immune	method4_crosscohort	0.6497864	0.6497864	0.0	0.0
chr1:1330962-1331462	ISG15	ISG15	chr1	1330962	1331462	1001137	+	330075	immune	method4_crosscohort	0.54519355	0.54519355	0.0	0.0
chr1:1330962-1331462	MIB2	MIB2	chr1	1330962	1331462	1615453	+	284241	immune	method4_crosscohort	-0.50303495	-0.50303495	0.0	0.0
chr1:1330962-1331462	PUSL1	PUSL1	chr1	1330962	1331462	1308596	+	22616	immune	method4_crosscohort	0.5265782	0.5265782	0.0	0.0
chr1:1330962-1331462	SDF4	SDF4	chr1	1330962	1331462	1232030	-	99182	immune	method4_crosscohort	0.6151406	0.6151406	0.0	0.0
chr1:1349197-1349697	SAMD11	SAMD11	chr1	1349197	1349697	923922	+	425525	immune	method4_crosscohort	0.47746727	0.47746727	0.0	0.0
chr1:1375140-1375640	SAMD11	SAMD11	chr1	1375140	1375640	923922	+	451468	immune	method4_crosscohort	0.57874775	0.57874775	0.0	0.0
chr1:1399238-1399738	SAMD11	SAMD11	chr1	1399238	1399738	923922	+	475566	immune	method4_crosscohort	0.500882	0.500882	0.0	0.0
chr1:1433151-1433651	C1QTNF12	C1QTNF12	chr1	1433151	1433651	1246721	-	186680	immune	method4_crosscohort	0.4627821	0.4627821	0.0	0.0
chr1:1462164-1462664	GNB1	GNB1	chr1	1462164	1462664	1892291	-	429877	immune	method4_crosscohort	0.4585859	0.4585859	0.0	0.0
chr1:1462164-1462664	ISG15	ISG15	chr1	1462164	1462664	1001137	+	461277	immune	method4_crosscohort	0.46969432	0.46969432	0.0	0.0
chr1:1462164-1462664	SDF4	SDF4	chr1	1462164	1462664	1232030	-	230384	immune	method4_crosscohort	0.5862118	0.5862118	0.0	0.0
chr1:1511833-1512333	CFAP74	CFAP74	chr1	1511833	1512333	2003836	-	491753	immune	method4_crosscohort	0.5078469	0.5078469	0.0	0.0
chr1:1607066-1607566	ANKRD65	ANKRD65	chr1	1607066	1607566	1421768	-	185548	immune	method4_crosscohort	0.5835634	0.5835634	0.0	0.0
chr1:1607066-1607566	B3GALT6	B3GALT6	chr1	1607066	1607566	1232236	+	375080	immune	method4_crosscohort	-0.5364819	-0.5364819	0.0	0.0
chr1:1607066-1607566	CCNL2	CCNL2	chr1	1607066	1607566	1399334	-	207982	immune	method4_crosscohort	0.45733654	0.45733654	0.0	0.0
chr1:1607066-1607566	CDK11B	CDK11B	chr1	1607066	1607566	1659011	-	51695	immune	method4_crosscohort	0.4569376	0.4569376	0.0	0.0
chr1:1607066-1607566	CPTP	CPTP	chr1	1607066	1607566	1324755	+	282561	immune	method4_crosscohort	0.49564123	0.49564123	0.0	0.0
chr1:1607066-1607566	MRPL20	MRPL20	chr1	1607066	1607566	1407292	-	200024	immune	method4_crosscohort	-0.47682804	-0.47682804	0.0	0.0
chr1:1607066-1607566	MXRA8	MXRA8	chr1	1607066	1607566	1361776	-	245540	immune	method4_crosscohort	0.52856165	0.52856165	0.0	0.0
chr1:1607066-1607566	SCNN1D	SCNN1D	chr1	1607066	1607566	1280435	+	326881	immune	method4_crosscohort	0.5276697	0.5276697	0.0	0.0
chr1:1615143-1615643	CFAP74	CFAP74	chr1	1615143	1615643	2003836	-	388443	immune	method4_crosscohort	0.50504935	0.50504935	0.0	0.0
chr1:1628918-1629418	CCNL2	CCNL2	chr1	1628918	1629418	1399334	-	229834	immune	method4_crosscohort	-0.46894312	-0.46894312	0.0	0.0
chr1:1628918-1629418	CDK11A	CDK11A	chr1	1628918	1629418	1724356	-	95188	immune	method4_crosscohort	-0.5053712	-0.5053712	0.0	0.0
chr1:1628918-1629418	CPTP	CPTP	chr1	1628918	1629418	1324755	+	304413	immune	method4_crosscohort	-0.46271437	-0.46271437	0.0	0.0
chr1:1628918-1629418	MRPL20	MRPL20	chr1	1628918	1629418	1407292	-	221876	immune	method4_crosscohort	0.45098576	0.45098576	0.0	0.0
chr1:1628918-1629418	SCNN1D	SCNN1D	chr1	1628918	1629418	1280435	+	348733	immune	method4_crosscohort	-0.4664278	-0.4664278	0.0	0.0
chr1:1628918-1629418	SSU72	SSU72	chr1	1628918	1629418	1574862	-	54306	immune	method4_crosscohort	0.48408318	0.48408318	0.0	0.0
chr1:1629599-1630099	ACAP3	ACAP3	chr1	1629599	1630099	1309608	-	320241	immune	method4_crosscohort	-0.4702179	-0.4702179	0.0	0.0
chr1:1629599-1630099	ATAD3A	ATAD3A	chr1	1629599	1630099	1512161	+	117688	immune	method4_crosscohort	0.5198566	0.5198566	0.0	0.0
chr1:1629599-1630099	B3GALT6	B3GALT6	chr1	1629599	1630099	1232236	+	397613	immune	method4_crosscohort	0.56077194	0.56077194	0.0	0.0
chr1:1629599-1630099	CCNL2	CCNL2	chr1	1629599	1630099	1399334	-	230515	immune	method4_crosscohort	-0.60246485	-0.60246485	0.0	0.0
chr1:1629599-1630099	CDK11A	CDK11A	chr1	1629599	1630099	1724356	-	94507	immune	method4_crosscohort	-0.6278405	-0.6278405	0.0	0.0
chr1:1629599-1630099	CDK11B	CDK11B	chr1	1629599	1630099	1659011	-	29162	immune	method4_crosscohort	-0.5223214	-0.5223214	0.0	0.0
chr1:1629599-1630099	CPTP	CPTP	chr1	1629599	1630099	1324755	+	305094	immune	method4_crosscohort	-0.58266306	-0.58266306	0.0	0.0
chr1:1629599-1630099	DVL1	DVL1	chr1	1629599	1630099	1349417	-	280432	immune	method4_crosscohort	0.6002484	0.6002484	0.0	0.0
chr1:1629599-1630099	MRPL20	MRPL20	chr1	1629599	1630099	1407292	-	222557	immune	method4_crosscohort	0.577092	0.577092	0.0	0.0
chr1:1629599-1630099	MXRA8	MXRA8	chr1	1629599	1630099	1361776	-	268073	immune	method4_crosscohort	-0.49084666	-0.49084666	0.0	0.0
chr1:1629599-1630099	SCNN1D	SCNN1D	chr1	1629599	1630099	1280435	+	349414	immune	method4_crosscohort	-0.6124538	-0.6124538	0.0	0.0
chr1:1629599-1630099	SSU72	SSU72	chr1	1629599	1630099	1574862	-	54987	immune	method4_crosscohort	0.5597699	0.5597699	0.0	0.0
chr1:1629599-1630099	UBE2J2	UBE2J2	chr1	1629599	1630099	1273863	-	355986	immune	method4_crosscohort	-0.5366024	-0.5366024	0.0	0.0
chr1:1630237-1630737	ACAP3	ACAP3	chr1	1630237	1630737	1309608	-	320879	immune	method4_crosscohort	-0.46469325	-0.46469325	0.0	0.0
chr1:1630237-1630737	ANKRD65	ANKRD65	chr1	1630237	1630737	1421768	-	208719	immune	method4_crosscohort	-0.50571	-0.50571	0.0	0.0
chr1:1630237-1630737	ATAD3A	ATAD3A	chr1	1630237	1630737	1512161	+	118326	immune	method4_crosscohort	0.4539922	0.4539922	0.0	0.0
chr1:1630237-1630737	B3GALT6	B3GALT6	chr1	1630237	1630737	1232236	+	398251	immune	method4_crosscohort	0.6502981	0.6502981	0.0	0.0
chr1:1630237-1630737	CCNL2	CCNL2	chr1	1630237	1630737	1399334	-	231153	immune	method4_crosscohort	-0.5800844	-0.5800844	0.0	0.0
chr1:1630237-1630737	CDK11A	CDK11A	chr1	1630237	1630737	1724356	-	93869	immune	method4_crosscohort	-0.58333766	-0.58333766	0.0	0.0
chr1:1630237-1630737	CDK11B	CDK11B	chr1	1630237	1630737	1659011	-	28524	immune	method4_crosscohort	-0.47878212	-0.47878212	0.0	0.0
chr1:1630237-1630737	CPTP	CPTP	chr1	1630237	1630737	1324755	+	305732	immune	method4_crosscohort	-0.6318843	-0.6318843	0.0	0.0
chr1:1630237-1630737	DVL1	DVL1	chr1	1630237	1630737	1349417	-	281070	immune	method4_crosscohort	0.6037497	0.6037497	0.0	0.0
chr1:1630237-1630737	MRPL20	MRPL20	chr1	1630237	1630737	1407292	-	223195	immune	method4_crosscohort	0.5766958	0.5766958	0.0	0.0
chr1:1630237-1630737	MXRA8	MXRA8	chr1	1630237	1630737	1361776	-	268711	immune	method4_crosscohort	-0.49832106	-0.49832106	0.0	0.0
chr1:1630237-1630737	SCNN1D	SCNN1D	chr1	1630237	1630737	1280435	+	350052	immune	method4_crosscohort	-0.6477228	-0.6477228	0.0	0.0
chr1:1630237-1630737	SSU72	SSU72	chr1	1630237	1630737	1574862	-	55625	immune	method4_crosscohort	0.56555444	0.56555444	0.0	0.0
chr1:1630864-1631364	CCNL2	CCNL2	chr1	1630864	1631364	1399334	-	231780	immune	method4_crosscohort	-0.51039386	-0.51039386	0.0	0.0
chr1:1630864-1631364	CDK11A	CDK11A	chr1	1630864	1631364	1724356	-	93242	immune	method4_crosscohort	-0.5202456	-0.5202456	0.0	0.0
chr1:1630864-1631364	MRPL20	MRPL20	chr1	1630864	1631364	1407292	-	223822	immune	method4_crosscohort	0.4716953	0.4716953	0.0	0.0
chr1:1630864-1631364	MXRA8	MXRA8	chr1	1630864	1631364	1361776	-	269338	immune	method4_crosscohort	-0.47004694	-0.47004694	0.0	0.0
chr1:1631379-1631879	CCNL2	CCNL2	chr1	1631379	1631879	1399334	-	232295	immune	method4_crosscohort	-0.4971566	-0.4971566	0.0	0.0
chr1:1631379-1631879	CDK11A	CDK11A	chr1	1631379	1631879	1724356	-	92727	immune	method4_crosscohort	-0.5115927	-0.5115927	0.0	0.0
chr1:1631379-1631879	DVL1	DVL1	chr1	1631379	1631879	1349417	-	282212	immune	method4_crosscohort	0.45743304	0.45743304	0.0	0.0
chr1:1631885-1632385	CDK11A	CDK11A	chr1	1631885	1632385	1724356	-	92221	immune	method4_crosscohort	-0.48007703	-0.48007703	0.0	0.0
chr1:1677781-1678281	B3GALT6	B3GALT6	chr1	1677781	1678281	1232236	+	445795	immune	method4_crosscohort	0.4879958	0.4879958	0.0	0.0
chr1:1677781-1678281	CPTP	CPTP	chr1	1677781	1678281	1324755	+	353276	immune	method4_crosscohort	-0.49702334	-0.49702334	0.0	0.0
chr1:1677781-1678281	SCNN1D	SCNN1D	chr1	1677781	1678281	1280435	+	397596	immune	method4_crosscohort	-0.5111577	-0.5111577	0.0	0.0
chr1:1686170-1686670	ANKRD65	ANKRD65	chr1	1686170	1686670	1421768	-	264652	immune	method4_crosscohort	0.56736237	0.56736237	0.0	0.0
chr1:1686170-1686670	B3GALT6	B3GALT6	chr1	1686170	1686670	1232236	+	454184	immune	method4_crosscohort	-0.5137064	-0.5137064	0.0	0.0
chr1:1686170-1686670	SCNN1D	SCNN1D	chr1	1686170	1686670	1280435	+	405985	immune	method4_crosscohort	0.51264435	0.51264435	0.0	0.0
chr1:1692909-1693409	CFAP74	CFAP74	chr1	1692909	1693409	2003836	-	310677	immune	method4_crosscohort	0.48310184	0.48310184	0.0	0.0
chr1:1724236-1724736	CFAP74	CFAP74	chr1	1724236	1724736	2003836	-	279350	immune	method4_crosscohort	0.48179808	0.48179808	0.0	0.0
chr1:1737725-1738225	GNB1	GNB1	chr1	1737725	1738225	1892291	-	154316	immune	method4_crosscohort	0.45806232	0.45806232	0.0	0.0
chr1:1737725-1738225	PUSL1	PUSL1	chr1	1737725	1738225	1308596	+	429379	immune	method4_crosscohort	0.49203393	0.49203393	0.0	0.0
chr1:1764224-1764724	ANKRD65	ANKRD65	chr1	1764224	1764724	1421768	-	342706	immune	method4_crosscohort	0.5820827	0.5820827	0.0	0.0
chr1:1764224-1764724	CPTP	CPTP	chr1	1764224	1764724	1324755	+	439719	immune	method4_crosscohort	0.48552078	0.48552078	0.0	0.0
chr1:1764224-1764724	SCNN1D	SCNN1D	chr1	1764224	1764724	1280435	+	484039	immune	method4_crosscohort	0.5544518	0.5544518	0.0	0.0
chr1:1778675-1779175	GNB1	GNB1	chr1	1778675	1779175	1892291	-	113366	immune	method4_crosscohort	0.45717603	0.45717603	0.0	0.0
chr1:1779913-1780413	CFAP74	CFAP74	chr1	1779913	1780413	2003836	-	223673	immune	method4_crosscohort	0.4573975	0.4573975	0.0	0.0
chr1:1857065-1857565	ANKRD65	ANKRD65	chr1	1857065	1857565	1421768	-	435547	immune	method4_crosscohort	0.5719134	0.5719134	0.0	0.0
chr1:1857065-1857565	CCNL2	CCNL2	chr1	1857065	1857565	1399334	-	457981	immune	method4_crosscohort	0.5805533	0.5805533	0.0	0.0
chr1:1857065-1857565	CDK11A	CDK11A	chr1	1857065	1857565	1724356	-	132959	immune	method4_crosscohort	0.5639215	0.5639215	0.0	0.0
chr1:1857065-1857565	CDK11B	CDK11B	chr1	1857065	1857565	1659011	-	198304	immune	method4_crosscohort	0.5672345	0.5672345	0.0	0.0
chr1:1857065-1857565	MRPL20	MRPL20	chr1	1857065	1857565	1407292	-	450023	immune	method4_crosscohort	-0.59356564	-0.59356564	0.0	0.0
chr1:1857065-1857565	MXRA8	MXRA8	chr1	1857065	1857565	1361776	-	495539	immune	method4_crosscohort	0.6161417	0.6161417	0.0	0.0
chr1:1857065-1857565	SKI	SKI	chr1	1857065	1857565	2227387	+	370072	immune	method4_crosscohort	0.5498628	0.5498628	0.0	0.0
chr1:1857065-1857565	SSU72	SSU72	chr1	1857065	1857565	1574862	-	282453	immune	method4_crosscohort	-0.5008049	-0.5008049	0.0	0.0
chr1:1858558-1859058	ANKRD65	ANKRD65	chr1	1858558	1859058	1421768	-	437040	immune	method4_crosscohort	0.5838903	0.5838903	0.0	0.0
chr1:1858558-1859058	CCNL2	CCNL2	chr1	1858558	1859058	1399334	-	459474	immune	method4_crosscohort	0.4567519	0.4567519	0.0	0.0
chr1:1858558-1859058	CDK11A	CDK11A	chr1	1858558	1859058	1724356	-	134452	immune	method4_crosscohort	0.47017705	0.47017705	0.0	0.0
chr1:1858558-1859058	CDK11B	CDK11B	chr1	1858558	1859058	1659011	-	199797	immune	method4_crosscohort	0.5270576	0.5270576	0.0	0.0
chr1:1858558-1859058	MRPL20	MRPL20	chr1	1858558	1859058	1407292	-	451516	immune	method4_crosscohort	-0.53256893	-0.53256893	0.0	0.0
chr1:1858558-1859058	MXRA8	MXRA8	chr1	1858558	1859058	1361776	-	497032	immune	method4_crosscohort	0.45202413	0.45202413	0.0	0.0
chr1:1860973-1861473	ANKRD65	ANKRD65	chr1	1860973	1861473	1421768	-	439455	immune	method4_crosscohort	0.47074318	0.47074318	0.0	0.0
chr1:1890047-1890547	CFAP74	CFAP74	chr1	1890047	1890547	2003836	-	113539	immune	method4_crosscohort	0.45255718	0.45255718	0.0	0.0
chr1:1890872-1891372	CFAP74	CFAP74	chr1	1890872	1891372	2003836	-	112714	immune	method4_crosscohort	0.50732386	0.50732386	0.0	0.0
chr1:1894409-1894909	MORN1	MORN1	chr1	1894409	1894909	2391706	-	497047	immune	method4_crosscohort	0.4574773	0.4574773	0.0	0.0
chr1:1908915-1909415	CFAP74	CFAP74	chr1	1908915	1909415	2003836	-	94671	immune	method4_crosscohort	0.55657625	0.55657625	0.0	0.0
chr1:1919236-1919736	CFAP74	CFAP74	chr1	1919236	1919736	2003836	-	84350	immune	method4_crosscohort	0.55589443	0.55589443	0.0	0.0
chr1:1919236-1919736	MMP23B	MMP23B	chr1	1919236	1919736	1632162	+	287324	immune	method4_crosscohort	0.4767999	0.4767999	0.0	0.0
chr1:1966322-1966822	CDK11A	CDK11A	chr1	1966322	1966822	1724356	-	242216	immune	method4_crosscohort	0.50179434	0.50179434	0.0	0.0
chr1:1966322-1966822	CDK11B	CDK11B	chr1	1966322	1966822	1659011	-	307561	immune	method4_crosscohort	0.51482713	0.51482713	0.0	0.0
chr1:1966322-1966822	PLCH2	PLCH2	chr1	1966322	1966822	2425979	+	459407	immune	method4_crosscohort	-0.6044986	-0.6044986	0.0	0.0
chr1:1966322-1966822	SKI	SKI	chr1	1966322	1966822	2227387	+	260815	immune	method4_crosscohort	0.4908207	0.4908207	0.0	0.0
chr1:1966979-1967479	PLCH2	PLCH2	chr1	1966979	1967479	2425979	+	458750	immune	method4_crosscohort	-0.46079156	-0.46079156	0.0	0.0
chr1:1996173-1996673	ATAD3A	ATAD3A	chr1	1996173	1996673	1512161	+	484262	immune	method4_crosscohort	-0.46224934	-0.46224934	0.0	0.0
chr1:1996173-1996673	CDK11A	CDK11A	chr1	1996173	1996673	1724356	-	272067	immune	method4_crosscohort	0.54524964	0.54524964	0.0	0.0
chr1:1996173-1996673	CDK11B	CDK11B	chr1	1996173	1996673	1659011	-	337412	immune	method4_crosscohort	0.5387373	0.5387373	0.0	0.0
chr1:1996173-1996673	PLCH2	PLCH2	chr1	1996173	1996673	2425979	+	429556	immune	method4_crosscohort	-0.6823181	-0.6823181	0.0	0.0
chr1:1996173-1996673	PRKCZ	PRKCZ	chr1	1996173	1996673	2050410	+	53987	immune	method4_crosscohort	-0.49370492	-0.49370492	0.0	0.0
chr1:1996173-1996673	SKI	SKI	chr1	1996173	1996673	2227387	+	230964	immune	method4_crosscohort	0.58764595	0.58764595	0.0	0.0
chr1:1996173-1996673	SSU72	SSU72	chr1	1996173	1996673	1574862	-	421561	immune	method4_crosscohort	-0.5075099	-0.5075099	0.0	0.0
chr1:2048271-2048771	RER1	RER1	chr1	2048271	2048771	2391774	+	343253	immune	method4_crosscohort	0.45290598	0.45290598	0.0	0.0
chr1:2049983-2050483	PLCH2	PLCH2	chr1	2049983	2050483	2425979	+	375746	immune	method4_crosscohort	0.67311484	0.67311484	0.0	0.0
chr1:2049983-2050483	PRKCZ	PRKCZ	chr1	2049983	2050483	2050410	+	177	immune	method4_crosscohort	0.4759295	0.4759295	0.0	0.0
chr1:2049983-2050483	SSU72	SSU72	chr1	2049983	2050483	1574862	-	475371	immune	method4_crosscohort	0.4862301	0.4862301	0.0	0.0
chr1:2097971-2098471	PLCH2	PLCH2	chr1	2097971	2098471	2425979	+	327758	immune	method4_crosscohort	-0.45240438	-0.45240438	0.0	0.0
chr1:2112368-2112868	CDK11A	CDK11A	chr1	2112368	2112868	1724356	-	388262	immune	method4_crosscohort	0.606342	0.606342	0.0	0.0
chr1:2112368-2112868	CDK11B	CDK11B	chr1	2112368	2112868	1659011	-	453607	immune	method4_crosscohort	0.5912318	0.5912318	0.0	0.0
chr1:2112368-2112868	PLCH2	PLCH2	chr1	2112368	2112868	2425979	+	313361	immune	method4_crosscohort	-0.5432441	-0.5432441	0.0	0.0
chr1:2112368-2112868	SKI	SKI	chr1	2112368	2112868	2227387	+	114769	immune	method4_crosscohort	0.59867674	0.59867674	0.0	0.0
chr1:2112368-2112868	TNFRSF14	TNFRSF14	chr1	2112368	2112868	2555638	+	443020	immune	method4_crosscohort	0.5348107	0.5348107	0.0	0.0
chr1:2133049-2133549	CFAP74	CFAP74	chr1	2133049	2133549	2003836	-	129463	immune	method4_crosscohort	0.5543534	0.5543534	0.0	0.0
chr1:2148609-2149109	CDK11A	CDK11A	chr1	2148609	2149109	1724356	-	424503	immune	method4_crosscohort	-0.51580405	-0.51580405	0.0	0.0
chr1:2148609-2149109	FAAP20	FAAP20	chr1	2148609	2149109	2212719	-	63860	immune	method4_crosscohort	0.47932237	0.47932237	0.0	0.0
chr1:2148609-2149109	TNFRSF14	TNFRSF14	chr1	2148609	2149109	2555638	+	406779	immune	method4_crosscohort	-0.5560547	-0.5560547	0.0	0.0
chr1:2151263-2151763	PLCH2	PLCH2	chr1	2151263	2151763	2425979	+	274466	immune	method4_crosscohort	-0.47888246	-0.47888246	0.0	0.0
chr1:2189383-2189883	CFAP74	CFAP74	chr1	2189383	2189883	2003836	-	185797	immune	method4_crosscohort	0.51328015	0.51328015	0.0	0.0
chr1:2195092-2195592	CFAP74	CFAP74	chr1	2195092	2195592	2003836	-	191506	immune	method4_crosscohort	0.55663437	0.55663437	0.0	0.0
chr1:2205040-2205540	CFAP74	CFAP74	chr1	2205040	2205540	2003836	-	201454	immune	method4_crosscohort	0.5156893	0.5156893	0.0	0.0
chr1:2227522-2228022	CFAP74	CFAP74	chr1	2227522	2228022	2003836	-	223936	immune	method4_crosscohort	0.6211155	0.6211155	0.0	0.0
chr1:2234376-2234876	PRKCZ	PRKCZ	chr1	2234376	2234876	2050410	+	184216	immune	method4_crosscohort	-0.45715427	-0.45715427	0.0	0.0
chr1:2237141-2237641	TNFRSF14	TNFRSF14	chr1	2237141	2237641	2555638	+	318247	immune	method4_crosscohort	-0.51922745	-0.51922745	0.0	0.0
chr1:2245994-2246494	PLCH2	PLCH2	chr1	2245994	2246494	2425979	+	179735	immune	method4_crosscohort	-0.45902276	-0.45902276	0.0	0.0
chr1:2255721-2256221	FAAP20	FAAP20	chr1	2255721	2256221	2212719	-	43252	immune	method4_crosscohort	0.45880634	0.45880634	0.0	0.0
chr1:2255721-2256221	TNFRSF14	TNFRSF14	chr1	2255721	2256221	2555638	+	299667	immune	method4_crosscohort	-0.49700037	-0.49700037	0.0	0.0
chr1:2259943-2260443	PLCH2	PLCH2	chr1	2259943	2260443	2425979	+	165786	immune	method4_crosscohort	-0.47065848	-0.47065848	0.0	0.0
chr1:2290539-2291039	CFAP74	CFAP74	chr1	2290539	2291039	2003836	-	286953	immune	method4_crosscohort	0.4683525	0.4683525	0.0	0.0
chr1:2290539-2291039	SKI	SKI	chr1	2290539	2291039	2227387	+	63402	immune	method4_crosscohort	0.4914768	0.4914768	0.0	0.0
chr1:2391405-2391905	CFAP74	CFAP74	chr1	2391405	2391905	2003836	-	387819	immune	method4_crosscohort	0.5154252	0.5154252	0.0	0.0
chr1:2412401-2412901	CFAP74	CFAP74	chr1	2412401	2412901	2003836	-	408815	immune	method4_crosscohort	0.48047385	0.48047385	0.0	0.0
chr1:2415646-2416146	TNFRSF14	TNFRSF14	chr1	2415646	2416146	2555638	+	139742	immune	method4_crosscohort	-0.4813681	-0.4813681	0.0	0.0
chr1:2416422-2416922	TNFRSF14	TNFRSF14	chr1	2416422	2416922	2555638	+	138966	immune	method4_crosscohort	-0.52330834	-0.52330834	0.0	0.0
chr1:2523841-2524341	TNFRSF14	TNFRSF14	chr1	2523841	2524341	2555638	+	31547	immune	method4_crosscohort	-0.48958787	-0.48958787	0.0	0.0
chr1:2541505-2542005	FAAP20	FAAP20	chr1	2541505	2542005	2212719	-	329036	immune	method4_crosscohort	-0.49392688	-0.49392688	0.0	0.0
chr1:2555520-2556020	PLCH2	PLCH2	chr1	2555520	2556020	2425979	+	129791	immune	method4_crosscohort	-0.4917217	-0.4917217	0.0	0.0
chr1:2575822-2576322	TNFRSF14	TNFRSF14	chr1	2575822	2576322	2555638	+	20434	immune	method4_crosscohort	0.48212653	0.48212653	0.0	0.0
chr1:2845768-2846268	PLCH2	PLCH2	chr1	2845768	2846268	2425979	+	420039	immune	method4_crosscohort	-0.6615443	-0.6615443	0.0	0.0
chr1:2847220-2847720	PLCH2	PLCH2	chr1	2847220	2847720	2425979	+	421491	immune	method4_crosscohort	-0.6600901	-0.6600901	0.0	0.0
chr1:3459944-3460444	ARHGEF16	ARHGEF16	chr1	3459944	3460444	3454664	+	5530	immune	method4_crosscohort	0.48468757	0.48468757	0.0	0.0
chr1:3531211-3531711	SMIM1	SMIM1	chr1	3531211	3531711	3772748	+	241287	immune	method4_crosscohort	0.4674864	0.4674864	0.0	0.0
chr1:3630237-3630737	C1orf174	C1orf174	chr1	3630237	3630737	3900292	-	269805	immune	method4_crosscohort	0.48441747	0.48441747	0.0	0.0
chr1:6014546-6015046	ACOT7	ACOT7	chr1	6014546	6015046	6393766	-	378970	immune	method4_crosscohort	-0.4755066	-0.4755066	0.0	0.0
chr1:6014546-6015046	GPR153	GPR153	chr1	6014546	6015046	6261097	-	246301	immune	method4_crosscohort	-0.46502674	-0.46502674	0.0	0.0
chr1:6028011-6028511	ESPN	ESPN	chr1	6028011	6028511	6424775	+	396514	immune	method4_crosscohort	-0.53256625	-0.53256625	0.0	0.0
chr1:6056510-6057010	ACOT7	ACOT7	chr1	6056510	6057010	6393766	-	337006	immune	method4_crosscohort	-0.6933001	-0.6933001	0.0	0.0
chr1:6056510-6057010	GPR153	GPR153	chr1	6056510	6057010	6261097	-	204337	immune	method4_crosscohort	-0.6430935	-0.6430935	0.0	0.0
chr1:6056510-6057010	KCNAB2	KCNAB2	chr1	6056510	6057010	5990926	+	65834	immune	method4_crosscohort	0.5772979	0.5772979	0.0	0.0
chr1:6057019-6057519	ACOT7	ACOT7	chr1	6057019	6057519	6393766	-	336497	immune	method4_crosscohort	-0.48803076	-0.48803076	0.0	0.0
chr1:6058528-6059028	ACOT7	ACOT7	chr1	6058528	6059028	6393766	-	334988	immune	method4_crosscohort	-0.5330296	-0.5330296	0.0	0.0
chr1:6058528-6059028	GPR153	GPR153	chr1	6058528	6059028	6261097	-	202319	immune	method4_crosscohort	-0.52492857	-0.52492857	0.0	0.0
chr1:6063522-6064022	ACOT7	ACOT7	chr1	6063522	6064022	6393766	-	329994	immune	method4_crosscohort	-0.5447118	-0.5447118	0.0	0.0
chr1:6063522-6064022	GPR153	GPR153	chr1	6063522	6064022	6261097	-	197325	immune	method4_crosscohort	-0.53040135	-0.53040135	0.0	0.0
chr1:6123004-6123504	GPR153	GPR153	chr1	6123004	6123504	6261097	-	137843	immune	method4_crosscohort	-0.45949087	-0.45949087	0.0	0.0
chr1:6347877-6348377	CAMTA1	CAMTA1	chr1	6347877	6348377	6785453	+	437326	immune	method4_crosscohort	-0.53620034	-0.53620034	0.0	0.0
chr1:6348553-6349053	CAMTA1	CAMTA1	chr1	6348553	6349053	6785453	+	436650	immune	method4_crosscohort	-0.5328037	-0.5328037	0.0	0.0
chr1:6348553-6349053	ESPN	ESPN	chr1	6348553	6349053	6424775	+	75972	immune	method4_crosscohort	-0.4789217	-0.4789217	0.0	0.0
chr1:6348553-6349053	TNFRSF25	TNFRSF25	chr1	6348553	6349053	6466174	-	117371	immune	method4_crosscohort	-0.4972239	-0.4972239	0.0	0.0
chr1:6349119-6349619	CAMTA1	CAMTA1	chr1	6349119	6349619	6785453	+	436084	immune	method4_crosscohort	-0.4511586	-0.4511586	0.0	0.0
chr1:6358740-6359240	CAMTA1	CAMTA1	chr1	6358740	6359240	6785453	+	426463	immune	method4_crosscohort	-0.4514655	-0.4514655	0.0	0.0
chr1:6365024-6365524	CAMTA1	CAMTA1	chr1	6365024	6365524	6785453	+	420179	immune	method4_crosscohort	-0.5603099	-0.5603099	0.0	0.0
chr1:6365024-6365524	ESPN	ESPN	chr1	6365024	6365524	6424775	+	59501	immune	method4_crosscohort	-0.5179802	-0.5179802	0.0	0.0
chr1:6365024-6365524	TNFRSF25	TNFRSF25	chr1	6365024	6365524	6466174	-	100900	immune	method4_crosscohort	-0.48464212	-0.48464212	0.0	0.0
chr1:6471400-6471900	PLEKHG5	PLEKHG5	chr1	6471400	6471900	6520073	-	48423	immune	method4_crosscohort	0.4593626	0.4593626	0.0	0.0
chr1:6498523-6499023	ACOT7	ACOT7	chr1	6498523	6499023	6393766	-	105007	immune	method4_crosscohort	-0.5668772	-0.5668772	0.0	0.0
chr1:6498523-6499023	GPR153	GPR153	chr1	6498523	6499023	6261097	-	237676	immune	method4_crosscohort	-0.53821754	-0.53821754	0.0	0.0
chr1:6498523-6499023	KLHL21	KLHL21	chr1	6498523	6499023	6614606	-	115833	immune	method4_crosscohort	0.55924934	0.55924934	0.0	0.0
chr1:6499244-6499744	ACOT7	ACOT7	chr1	6499244	6499744	6393766	-	105728	immune	method4_crosscohort	-0.47032475	-0.47032475	0.0	0.0
chr1:6499244-6499744	KLHL21	KLHL21	chr1	6499244	6499744	6614606	-	115112	immune	method4_crosscohort	0.47500533	0.47500533	0.0	0.0
chr1:6501805-6502305	ACOT7	ACOT7	chr1	6501805	6502305	6393766	-	108289	immune	method4_crosscohort	-0.5944158	-0.5944158	0.0	0.0
chr1:6501805-6502305	GPR153	GPR153	chr1	6501805	6502305	6261097	-	240958	immune	method4_crosscohort	-0.54417783	-0.54417783	0.0	0.0
chr1:6501805-6502305	KLHL21	KLHL21	chr1	6501805	6502305	6614606	-	112551	immune	method4_crosscohort	0.5700217	0.5700217	0.0	0.0
chr1:6502345-6502845	ACOT7	ACOT7	chr1	6502345	6502845	6393766	-	108829	immune	method4_crosscohort	-0.7164066	-0.7164066	0.0	0.0
chr1:6502345-6502845	GPR153	GPR153	chr1	6502345	6502845	6261097	-	241498	immune	method4_crosscohort	-0.6719851	-0.6719851	0.0	0.0
chr1:6502345-6502845	KLHL21	KLHL21	chr1	6502345	6502845	6614606	-	112011	immune	method4_crosscohort	0.70335716	0.70335716	0.0	0.0
chr1:6506960-6507460	ACOT7	ACOT7	chr1	6506960	6507460	6393766	-	113444	immune	method4_crosscohort	-0.59946394	-0.59946394	0.0	0.0
chr1:6506960-6507460	GPR153	GPR153	chr1	6506960	6507460	6261097	-	246113	immune	method4_crosscohort	-0.5851351	-0.5851351	0.0	0.0
chr1:6506960-6507460	KLHL21	KLHL21	chr1	6506960	6507460	6614606	-	107396	immune	method4_crosscohort	0.6223741	0.6223741	0.0	0.0
chr1:6509224-6509724	ACOT7	ACOT7	chr1	6509224	6509724	6393766	-	115708	immune	method4_crosscohort	-0.49696502	-0.49696502	0.0	0.0
chr1:6509224-6509724	GPR153	GPR153	chr1	6509224	6509724	6261097	-	248377	immune	method4_crosscohort	-0.5159227	-0.5159227	0.0	0.0
chr1:6509224-6509724	KLHL21	KLHL21	chr1	6509224	6509724	6614606	-	105132	immune	method4_crosscohort	0.53018874	0.53018874	0.0	0.0
chr1:6509957-6510457	ACOT7	ACOT7	chr1	6509957	6510457	6393766	-	116441	immune	method4_crosscohort	-0.52373415	-0.52373415	0.0	0.0
chr1:6509957-6510457	GPR153	GPR153	chr1	6509957	6510457	6261097	-	249110	immune	method4_crosscohort	-0.49410328	-0.49410328	0.0	0.0
chr1:6509957-6510457	KLHL21	KLHL21	chr1	6509957	6510457	6614606	-	104399	immune	method4_crosscohort	0.533155	0.533155	0.0	0.0
chr1:6511601-6512101	ACOT7	ACOT7	chr1	6511601	6512101	6393766	-	118085	immune	method4_crosscohort	-0.48283097	-0.48283097	0.0	0.0
chr1:6511601-6512101	GPR153	GPR153	chr1	6511601	6512101	6261097	-	250754	immune	method4_crosscohort	-0.46720055	-0.46720055	0.0	0.0
chr1:6519902-6520402	KLHL21	KLHL21	chr1	6519902	6520402	6614606	-	94454	immune	method4_crosscohort	0.45325845	0.45325845	0.0	0.0
chr1:6581896-6582396	ACOT7	ACOT7	chr1	6581896	6582396	6393766	-	188380	immune	method4_crosscohort	-0.48588616	-0.48588616	0.0	0.0
chr1:6581896-6582396	GPR153	GPR153	chr1	6581896	6582396	6261097	-	321049	immune	method4_crosscohort	-0.500448	-0.500448	0.0	0.0
chr1:6743476-6743976	ACOT7	ACOT7	chr1	6743476	6743976	6393766	-	349960	immune	method4_crosscohort	-0.55927545	-0.55927545	0.0	0.0
chr1:6743476-6743976	GPR153	GPR153	chr1	6743476	6743976	6261097	-	482629	immune	method4_crosscohort	-0.53000575	-0.53000575	0.0	0.0
chr1:6743476-6743976	KLHL21	KLHL21	chr1	6743476	6743976	6614606	-	129120	immune	method4_crosscohort	0.53921276	0.53921276	0.0	0.0
chr1:7516417-7516917	PARK7	PARK7	chr1	7516417	7516917	7954290	+	437623	immune	method4_crosscohort	-0.4858667	-0.4858667	0.0	0.0
chr1:7648791-7649291	ERRFI1	ERRFI1	chr1	7648791	7649291	8026308	-	377267	immune	method4_crosscohort	0.5147913	0.5147913	0.0	0.0
chr1:7648791-7649291	PARK7	PARK7	chr1	7648791	7649291	7954290	+	305249	immune	method4_crosscohort	-0.54776293	-0.54776293	0.0	0.0
chr1:7771586-7772086	PARK7	PARK7	chr1	7771586	7772086	7954290	+	182454	immune	method4_crosscohort	-0.46420118	-0.46420118	0.0	0.0
chr1:7942298-7942798	ERRFI1	ERRFI1	chr1	7942298	7942798	8026308	-	83760	immune	method4_crosscohort	0.46676737	0.46676737	0.0	0.0
chr1:7942298-7942798	PARK7	PARK7	chr1	7942298	7942798	7954290	+	11742	immune	method4_crosscohort	-0.550283	-0.550283	0.0	0.0
chr1:7942298-7942798	SLC45A1	SLC45A1	chr1	7942298	7942798	8318113	+	375565	immune	method4_crosscohort	0.7013942	0.7013942	0.0	0.0
chr1:7949015-7949515	PER3	PER3	chr1	7949015	7949515	7784290	+	164975	immune	method4_crosscohort	-0.5038112	-0.5038112	0.0	0.0
chr1:8047040-8047540	ERRFI1	ERRFI1	chr1	8047040	8047540	8026308	-	20982	immune	method4_crosscohort	0.45179757	0.45179757	0.0	0.0
chr1:8047040-8047540	PARK7	PARK7	chr1	8047040	8047540	7954290	+	93000	immune	method4_crosscohort	-0.55977595	-0.55977595	0.0	0.0
chr1:8047040-8047540	SLC45A1	SLC45A1	chr1	8047040	8047540	8318113	+	270823	immune	method4_crosscohort	0.68863255	0.68863255	0.0	0.0
chr1:8083678-8084178	PARK7	PARK7	chr1	8083678	8084178	7954290	+	129638	immune	method4_crosscohort	-0.48378366	-0.48378366	0.0	0.0
chr1:8104540-8105040	PARK7	PARK7	chr1	8104540	8105040	7954290	+	150500	immune	method4_crosscohort	-0.49979144	-0.49979144	0.0	0.0
chr1:8104540-8105040	SLC45A1	SLC45A1	chr1	8104540	8105040	8318113	+	213323	immune	method4_crosscohort	0.6071579	0.6071579	0.0	0.0
chr1:8106722-8107222	ERRFI1	ERRFI1	chr1	8106722	8107222	8026308	-	80664	immune	method4_crosscohort	0.5219325	0.5219325	0.0	0.0
chr1:8106722-8107222	PARK7	PARK7	chr1	8106722	8107222	7954290	+	152682	immune	method4_crosscohort	-0.5904177	-0.5904177	0.0	0.0
chr1:8106722-8107222	SLC45A1	SLC45A1	chr1	8106722	8107222	8318113	+	211141	immune	method4_crosscohort	0.68001014	0.68001014	0.0	0.0
chr1:8120946-8121446	ERRFI1	ERRFI1	chr1	8120946	8121446	8026308	-	94888	immune	method4_crosscohort	0.50326514	0.50326514	0.0	0.0
chr1:8120946-8121446	PARK7	PARK7	chr1	8120946	8121446	7954290	+	166906	immune	method4_crosscohort	-0.5289975	-0.5289975	0.0	0.0
chr1:8120946-8121446	SLC45A1	SLC45A1	chr1	8120946	8121446	8318113	+	196917	immune	method4_crosscohort	0.6177047	0.6177047	0.0	0.0
chr1:8127044-8127544	ERRFI1	ERRFI1	chr1	8127044	8127544	8026308	-	100986	immune	method4_crosscohort	0.58801144	0.58801144	0.0	0.0
chr1:8127044-8127544	PARK7	PARK7	chr1	8127044	8127544	7954290	+	173004	immune	method4_crosscohort	-0.6661313	-0.6661313	0.0	0.0
chr1:8127044-8127544	SLC45A1	SLC45A1	chr1	8127044	8127544	8318113	+	190819	immune	method4_crosscohort	0.75200117	0.75200117	0.0	0.0
chr1:8152602-8153102	PER3	PER3	chr1	8152602	8153102	7784290	+	368562	immune	method4_crosscohort	-0.64979494	-0.64979494	0.0	0.0
chr1:8153247-8153747	PER3	PER3	chr1	8153247	8153747	7784290	+	369207	immune	method4_crosscohort	-0.58505064	-0.58505064	0.0	0.0
chr1:8169684-8170184	PER3	PER3	chr1	8169684	8170184	7784290	+	385644	immune	method4_crosscohort	-0.45147014	-0.45147014	0.0	0.0
chr1:8211821-8212321	ERRFI1	ERRFI1	chr1	8211821	8212321	8026308	-	185763	immune	method4_crosscohort	0.4911663	0.4911663	0.0	0.0
chr1:8211821-8212321	PARK7	PARK7	chr1	8211821	8212321	7954290	+	257781	immune	method4_crosscohort	-0.53015304	-0.53015304	0.0	0.0
chr1:8211821-8212321	SLC45A1	SLC45A1	chr1	8211821	8212321	8318113	+	106042	immune	method4_crosscohort	0.5728515	0.5728515	0.0	0.0
chr1:8218568-8219068	ERRFI1	ERRFI1	chr1	8218568	8219068	8026308	-	192510	immune	method4_crosscohort	0.45396772	0.45396772	0.0	0.0
chr1:8218568-8219068	PARK7	PARK7	chr1	8218568	8219068	7954290	+	264528	immune	method4_crosscohort	-0.5109415	-0.5109415	0.0	0.0
chr1:8218568-8219068	SLC45A1	SLC45A1	chr1	8218568	8219068	8318113	+	99295	immune	method4_crosscohort	0.59038246	0.59038246	0.0	0.0
chr1:8224931-8225431	PARK7	PARK7	chr1	8224931	8225431	7954290	+	270891	immune	method4_crosscohort	-0.48790565	-0.48790565	0.0	0.0
chr1:8224931-8225431	SLC45A1	SLC45A1	chr1	8224931	8225431	8318113	+	92932	immune	method4_crosscohort	0.5242855	0.5242855	0.0	0.0
chr1:8267939-8268439	PARK7	PARK7	chr1	8267939	8268439	7954290	+	313899	immune	method4_crosscohort	-0.46561792	-0.46561792	0.0	0.0
chr1:8282027-8282527	ERRFI1	ERRFI1	chr1	8282027	8282527	8026308	-	255969	immune	method4_crosscohort	0.5356053	0.5356053	0.0	0.0
chr1:8282027-8282527	PARK7	PARK7	chr1	8282027	8282527	7954290	+	327987	immune	method4_crosscohort	-0.631821	-0.631821	0.0	0.0
chr1:8282027-8282527	SLC45A1	SLC45A1	chr1	8282027	8282527	8318113	+	35836	immune	method4_crosscohort	0.6848728	0.6848728	0.0	0.0
chr1:8283162-8283662	ERRFI1	ERRFI1	chr1	8283162	8283662	8026308	-	257104	immune	method4_crosscohort	0.52350587	0.52350587	0.0	0.0
chr1:8283162-8283662	PARK7	PARK7	chr1	8283162	8283662	7954290	+	329122	immune	method4_crosscohort	-0.57759464	-0.57759464	0.0	0.0
chr1:8283162-8283662	SLC45A1	SLC45A1	chr1	8283162	8283662	8318113	+	34701	immune	method4_crosscohort	0.61938524	0.61938524	0.0	0.0
chr1:8307585-8308085	ERRFI1	ERRFI1	chr1	8307585	8308085	8026308	-	281527	immune	method4_crosscohort	0.5750873	0.5750873	0.0	0.0
chr1:8307585-8308085	PARK7	PARK7	chr1	8307585	8308085	7954290	+	353545	immune	method4_crosscohort	-0.65219086	-0.65219086	0.0	0.0
chr1:8307585-8308085	SLC45A1	SLC45A1	chr1	8307585	8308085	8318113	+	10278	immune	method4_crosscohort	0.74473387	0.74473387	0.0	0.0
chr1:8382882-8383382	ERRFI1	ERRFI1	chr1	8382882	8383382	8026308	-	356824	immune	method4_crosscohort	0.47008917	0.47008917	0.0	0.0
chr1:8382882-8383382	PARK7	PARK7	chr1	8382882	8383382	7954290	+	428842	immune	method4_crosscohort	-0.4675339	-0.4675339	0.0	0.0
chr1:8422712-8423212	ERRFI1	ERRFI1	chr1	8422712	8423212	8026308	-	396654	immune	method4_crosscohort	0.46599153	0.46599153	0.0	0.0
chr1:8422712-8423212	PARK7	PARK7	chr1	8422712	8423212	7954290	+	468672	immune	method4_crosscohort	-0.5279811	-0.5279811	0.0	0.0
chr1:8422712-8423212	SLC45A1	SLC45A1	chr1	8422712	8423212	8318113	+	104849	immune	method4_crosscohort	0.57174146	0.57174146	0.0	0.0
chr1:8438822-8439322	ERRFI1	ERRFI1	chr1	8438822	8439322	8026308	-	412764	immune	method4_crosscohort	0.49525404	0.49525404	0.0	0.0
chr1:8438822-8439322	PARK7	PARK7	chr1	8438822	8439322	7954290	+	484782	immune	method4_crosscohort	-0.5363454	-0.5363454	0.0	0.0
chr1:8438822-8439322	SLC45A1	SLC45A1	chr1	8438822	8439322	8318113	+	120959	immune	method4_crosscohort	0.464989	0.464989	0.0	0.0
chr1:8462990-8463490	ERRFI1	ERRFI1	chr1	8462990	8463490	8026308	-	436932	immune	method4_crosscohort	0.4574789	0.4574789	0.0	0.0
chr1:8462990-8463490	SLC45A1	SLC45A1	chr1	8462990	8463490	8318113	+	145127	immune	method4_crosscohort	0.56779474	0.56779474	0.0	0.0
chr1:8476007-8476507	ERRFI1	ERRFI1	chr1	8476007	8476507	8026308	-	449949	immune	method4_crosscohort	0.45534447	0.45534447	0.0	0.0
chr1:8476007-8476507	SLC45A1	SLC45A1	chr1	8476007	8476507	8318113	+	158144	immune	method4_crosscohort	0.58354807	0.58354807	0.0	0.0
chr1:8703208-8703708	RERE	RERE	chr1	8703208	8703708	8848920	-	145462	immune	method4_crosscohort	0.4757783	0.4757783	0.0	0.0
chr1:8822556-8823056	SPSB1	SPSB1	chr1	8822556	8823056	9292893	+	470087	immune	method4_crosscohort	0.57836217	0.57836217	0.0	0.0
chr1:8889883-8890383	SPSB1	SPSB1	chr1	8889883	8890383	9292893	+	402760	immune	method4_crosscohort	0.478073	0.478073	0.0	0.0
chr1:9011025-9011525	SPSB1	SPSB1	chr1	9011025	9011525	9292893	+	281618	immune	method4_crosscohort	0.63276035	0.63276035	0.0	0.0
chr1:9067169-9067669	SPSB1	SPSB1	chr1	9067169	9067669	9292893	+	225474	immune	method4_crosscohort	0.50880075	0.50880075	0.0	0.0
chr1:9083211-9083711	SLC25A33	SLC25A33	chr1	9083211	9083711	9539464	+	456003	immune	method4_crosscohort	0.529275	0.529275	0.0	0.0
chr1:9083211-9083711	SPSB1	SPSB1	chr1	9083211	9083711	9292893	+	209432	immune	method4_crosscohort	0.5956396	0.5956396	0.0	0.0
chr1:9143231-9143731	SPSB1	SPSB1	chr1	9143231	9143731	9292893	+	149412	immune	method4_crosscohort	0.47102523	0.47102523	0.0	0.0
chr1:9143231-9143731	TMEM201	TMEM201	chr1	9143231	9143731	9588910	+	445429	immune	method4_crosscohort	-0.47179157	-0.47179157	0.0	0.0
chr1:9174144-9174644	SLC25A33	SLC25A33	chr1	9174144	9174644	9539464	+	365070	immune	method4_crosscohort	0.5921949	0.5921949	0.0	0.0
chr1:9174144-9174644	SPSB1	SPSB1	chr1	9174144	9174644	9292893	+	118499	immune	method4_crosscohort	0.6586277	0.6586277	0.0	0.0
chr1:9174144-9174644	TMEM201	TMEM201	chr1	9174144	9174644	9588910	+	414516	immune	method4_crosscohort	-0.65190136	-0.65190136	0.0	0.0
chr1:9179661-9180161	RERE	RERE	chr1	9179661	9180161	8848920	-	330991	immune	method4_crosscohort	0.46901804	0.46901804	0.0	0.0
chr1:9179661-9180161	SLC25A33	SLC25A33	chr1	9179661	9180161	9539464	+	359553	immune	method4_crosscohort	0.6296969	0.6296969	0.0	0.0
chr1:9179661-9180161	SPSB1	SPSB1	chr1	9179661	9180161	9292893	+	112982	immune	method4_crosscohort	0.67904013	0.67904013	0.0	0.0
chr1:9179661-9180161	TMEM201	TMEM201	chr1	9179661	9180161	9588910	+	408999	immune	method4_crosscohort	-0.7150676	-0.7150676	0.0	0.0
chr1:9180477-9180977	TMEM201	TMEM201	chr1	9180477	9180977	9588910	+	408183	immune	method4_crosscohort	-0.48680928	-0.48680928	0.0	0.0
chr1:9181217-9181717	SPSB1	SPSB1	chr1	9181217	9181717	9292893	+	111426	immune	method4_crosscohort	0.45129615	0.45129615	0.0	0.0
chr1:9182170-9182670	SPSB1	SPSB1	chr1	9182170	9182670	9292893	+	110473	immune	method4_crosscohort	0.45382592	0.45382592	0.0	0.0
chr1:9182885-9183385	SPSB1	SPSB1	chr1	9182885	9183385	9292893	+	109758	immune	method4_crosscohort	0.4997342	0.4997342	0.0	0.0
chr1:9182885-9183385	TMEM201	TMEM201	chr1	9182885	9183385	9588910	+	405775	immune	method4_crosscohort	-0.45401886	-0.45401886	0.0	0.0
chr1:9233272-9233772	TMEM201	TMEM201	chr1	9233272	9233772	9588910	+	355388	immune	method4_crosscohort	-0.4922252	-0.4922252	0.0	0.0
chr1:9340231-9340731	CLSTN1	CLSTN1	chr1	9340231	9340731	9823983	-	483502	immune	method4_crosscohort	-0.4566587	-0.4566587	0.0	0.0
chr1:9340231-9340731	SLC25A33	SLC25A33	chr1	9340231	9340731	9539464	+	198983	immune	method4_crosscohort	0.5134988	0.5134988	0.0	0.0
chr1:9340231-9340731	SPSB1	SPSB1	chr1	9340231	9340731	9292893	+	47588	immune	method4_crosscohort	0.517915	0.517915	0.0	0.0
chr1:9340231-9340731	TMEM201	TMEM201	chr1	9340231	9340731	9588910	+	248429	immune	method4_crosscohort	-0.5481681	-0.5481681	0.0	0.0
chr1:9340745-9341245	CLSTN1	CLSTN1	chr1	9340745	9341245	9823983	-	482988	immune	method4_crosscohort	-0.45455593	-0.45455593	0.0	0.0
chr1:9340745-9341245	SLC25A33	SLC25A33	chr1	9340745	9341245	9539464	+	198469	immune	method4_crosscohort	0.55104554	0.55104554	0.0	0.0
chr1:9340745-9341245	SPSB1	SPSB1	chr1	9340745	9341245	9292893	+	48102	immune	method4_crosscohort	0.5578696	0.5578696	0.0	0.0
chr1:9340745-9341245	TMEM201	TMEM201	chr1	9340745	9341245	9588910	+	247915	immune	method4_crosscohort	-0.5900339	-0.5900339	0.0	0.0
chr1:9362516-9363016	CLSTN1	CLSTN1	chr1	9362516	9363016	9823983	-	461217	immune	method4_crosscohort	-0.5106767	-0.5106767	0.0	0.0
chr1:9362516-9363016	SLC25A33	SLC25A33	chr1	9362516	9363016	9539464	+	176698	immune	method4_crosscohort	0.58491457	0.58491457	0.0	0.0
chr1:9362516-9363016	SPSB1	SPSB1	chr1	9362516	9363016	9292893	+	69873	immune	method4_crosscohort	0.57827574	0.57827574	0.0	0.0
chr1:9362516-9363016	TMEM201	TMEM201	chr1	9362516	9363016	9588910	+	226144	immune	method4_crosscohort	-0.570787	-0.570787	0.0	0.0
chr1:9373409-9373909	CLSTN1	CLSTN1	chr1	9373409	9373909	9823983	-	450324	immune	method4_crosscohort	-0.468178	-0.468178	0.0	0.0
chr1:9373409-9373909	SPSB1	SPSB1	chr1	9373409	9373909	9292893	+	80766	immune	method4_crosscohort	0.4501061	0.4501061	0.0	0.0
chr1:9373409-9373909	TMEM201	TMEM201	chr1	9373409	9373909	9588910	+	215251	immune	method4_crosscohort	-0.54529047	-0.54529047	0.0	0.0
chr1:9593307-9593807	CLSTN1	CLSTN1	chr1	9593307	9593807	9823983	-	230426	immune	method4_crosscohort	-0.45664296	-0.45664296	0.0	0.0
chr1:9593307-9593807	TMEM201	TMEM201	chr1	9593307	9593807	9588910	+	4647	immune	method4_crosscohort	-0.5545015	-0.5545015	0.0	0.0
chr1:9629628-9630128	NMNAT1	NMNAT1	chr1	9629628	9630128	9943427	+	313549	immune	method4_crosscohort	-0.48179048	-0.48179048	0.0	0.0
chr1:9643865-9644365	CLSTN1	CLSTN1	chr1	9643865	9644365	9823983	-	179868	immune	method4_crosscohort	-0.45741016	-0.45741016	0.0	0.0
chr1:9643865-9644365	TMEM201	TMEM201	chr1	9643865	9644365	9588910	+	55205	immune	method4_crosscohort	-0.4805644	-0.4805644	0.0	0.0
chr1:9644654-9645154	CLSTN1	CLSTN1	chr1	9644654	9645154	9823983	-	179079	immune	method4_crosscohort	-0.59037316	-0.59037316	0.0	0.0
chr1:9644654-9645154	LZIC	LZIC	chr1	9644654	9645154	9943406	-	298502	immune	method4_crosscohort	-0.57942927	-0.57942927	0.0	0.0
chr1:9644654-9645154	SLC25A33	SLC25A33	chr1	9644654	9645154	9539464	+	105440	immune	method4_crosscohort	0.50502646	0.50502646	0.0	0.0
chr1:9644654-9645154	SPSB1	SPSB1	chr1	9644654	9645154	9292893	+	352011	immune	method4_crosscohort	0.52424806	0.52424806	0.0	0.0
chr1:9644654-9645154	TMEM201	TMEM201	chr1	9644654	9645154	9588910	+	55994	immune	method4_crosscohort	-0.65875864	-0.65875864	0.0	0.0
chr1:9645320-9645820	CLSTN1	CLSTN1	chr1	9645320	9645820	9823983	-	178413	immune	method4_crosscohort	-0.48088264	-0.48088264	0.0	0.0
chr1:9645320-9645820	LZIC	LZIC	chr1	9645320	9645820	9943406	-	297836	immune	method4_crosscohort	-0.45007586	-0.45007586	0.0	0.0
chr1:9645320-9645820	TMEM201	TMEM201	chr1	9645320	9645820	9588910	+	56660	immune	method4_crosscohort	-0.52014685	-0.52014685	0.0	0.0
chr1:9651498-9651998	CLSTN1	CLSTN1	chr1	9651498	9651998	9823983	-	172235	immune	method4_crosscohort	-0.51574636	-0.51574636	0.0	0.0
chr1:9651498-9651998	CTNNBIP1	CTNNBIP1	chr1	9651498	9651998	9910335	-	258587	immune	method4_crosscohort	-0.45833337	-0.45833337	0.0	0.0
chr1:9730514-9731014	CLSTN1	CLSTN1	chr1	9730514	9731014	9823983	-	93219	immune	method4_crosscohort	-0.5973356	-0.5973356	0.0	0.0
chr1:9730514-9731014	LZIC	LZIC	chr1	9730514	9731014	9943406	-	212642	immune	method4_crosscohort	-0.5859269	-0.5859269	0.0	0.0
chr1:9730514-9731014	SPSB1	SPSB1	chr1	9730514	9731014	9292893	+	437871	immune	method4_crosscohort	0.45715576	0.45715576	0.0	0.0
chr1:9730514-9731014	TMEM201	TMEM201	chr1	9730514	9731014	9588910	+	141854	immune	method4_crosscohort	-0.57833076	-0.57833076	0.0	0.0
chr1:9737070-9737570	CLSTN1	CLSTN1	chr1	9737070	9737570	9823983	-	86663	immune	method4_crosscohort	-0.5204083	-0.5204083	0.0	0.0
chr1:9737070-9737570	KIF1B	KIF1B	chr1	9737070	9737570	10210569	+	473249	immune	method4_crosscohort	0.49708846	0.49708846	0.0	0.0
chr1:9737070-9737570	LZIC	LZIC	chr1	9737070	9737570	9943406	-	206086	immune	method4_crosscohort	-0.5251307	-0.5251307	0.0	0.0
chr1:9737070-9737570	SLC25A33	SLC25A33	chr1	9737070	9737570	9539464	+	197856	immune	method4_crosscohort	0.5152481	0.5152481	0.0	0.0
chr1:9737070-9737570	SPSB1	SPSB1	chr1	9737070	9737570	9292893	+	444427	immune	method4_crosscohort	0.5486854	0.5486854	0.0	0.0
chr1:9737070-9737570	TMEM201	TMEM201	chr1	9737070	9737570	9588910	+	148410	immune	method4_crosscohort	-0.6136871	-0.6136871	0.0	0.0
chr1:9845906-9846406	TMEM201	TMEM201	chr1	9845906	9846406	9588910	+	257246	immune	method4_crosscohort	-0.4862743	-0.4862743	0.0	0.0
chr1:9859993-9860493	TMEM201	TMEM201	chr1	9859993	9860493	9588910	+	271333	immune	method4_crosscohort	-0.49021348	-0.49021348	0.0	0.0
chr1:9892509-9893009	CLSTN1	CLSTN1	chr1	9892509	9893009	9823983	-	68776	immune	method4_crosscohort	-0.512826	-0.512826	0.0	0.0
chr1:9892509-9893009	KIF1B	KIF1B	chr1	9892509	9893009	10210569	+	317810	immune	method4_crosscohort	0.51914835	0.51914835	0.0	0.0
chr1:9892509-9893009	LZIC	LZIC	chr1	9892509	9893009	9943406	-	50647	immune	method4_crosscohort	-0.5383043	-0.5383043	0.0	0.0
chr1:9892509-9893009	SLC25A33	SLC25A33	chr1	9892509	9893009	9539464	+	353295	immune	method4_crosscohort	0.54371566	0.54371566	0.0	0.0
chr1:9892509-9893009	TMEM201	TMEM201	chr1	9892509	9893009	9588910	+	303849	immune	method4_crosscohort	-0.60490006	-0.60490006	0.0	0.0
chr1:9893106-9893606	CLSTN1	CLSTN1	chr1	9893106	9893606	9823983	-	69373	immune	method4_crosscohort	-0.56643695	-0.56643695	0.0	0.0
chr1:9893106-9893606	KIF1B	KIF1B	chr1	9893106	9893606	10210569	+	317213	immune	method4_crosscohort	0.62942684	0.62942684	0.0	0.0
chr1:9893106-9893606	LZIC	LZIC	chr1	9893106	9893606	9943406	-	50050	immune	method4_crosscohort	-0.56854945	-0.56854945	0.0	0.0
chr1:9893106-9893606	SLC25A33	SLC25A33	chr1	9893106	9893606	9539464	+	353892	immune	method4_crosscohort	0.6038377	0.6038377	0.0	0.0
chr1:9893106-9893606	TMEM201	TMEM201	chr1	9893106	9893606	9588910	+	304446	immune	method4_crosscohort	-0.66174954	-0.66174954	0.0	0.0
chr1:9900296-9900796	CLSTN1	CLSTN1	chr1	9900296	9900796	9823983	-	76563	immune	method4_crosscohort	-0.5351978	-0.5351978	0.0	0.0
chr1:9900296-9900796	KIF1B	KIF1B	chr1	9900296	9900796	10210569	+	310023	immune	method4_crosscohort	0.6388491	0.6388491	0.0	0.0
chr1:9900296-9900796	LZIC	LZIC	chr1	9900296	9900796	9943406	-	42860	immune	method4_crosscohort	-0.5719628	-0.5719628	0.0	0.0
chr1:9900296-9900796	PGD	PGD	chr1	9900296	9900796	10398591	+	498045	immune	method4_crosscohort	0.52834404	0.52834404	0.0	0.0
chr1:9900296-9900796	SLC25A33	SLC25A33	chr1	9900296	9900796	9539464	+	361082	immune	method4_crosscohort	0.6500267	0.6500267	0.0	0.0
chr1:9900296-9900796	TMEM201	TMEM201	chr1	9900296	9900796	9588910	+	311636	immune	method4_crosscohort	-0.68954253	-0.68954253	0.0	0.0
chr1:9901004-9901504	TMEM201	TMEM201	chr1	9901004	9901504	9588910	+	312344	immune	method4_crosscohort	-0.4619704	-0.4619704	0.0	0.0
chr1:9950244-9950744	RBP7	RBP7	chr1	9950244	9950744	9997205	+	46711	immune	method4_crosscohort	0.47455972	0.47455972	0.0	0.0
chr1:9950817-9951317	RBP7	RBP7	chr1	9950817	9951317	9997205	+	46138	immune	method4_crosscohort	0.47765315	0.47765315	0.0	0.0
chr1:9950817-9951317	TMEM201	TMEM201	chr1	9950817	9951317	9588910	+	362157	immune	method4_crosscohort	-0.50985444	-0.50985444	0.0	0.0
chr1:9990907-9991407	CLSTN1	CLSTN1	chr1	9990907	9991407	9823983	-	167174	immune	method4_crosscohort	-0.5810088	-0.5810088	0.0	0.0
chr1:9990907-9991407	DFFA	DFFA	chr1	9990907	9991407	10472528	-	481371	immune	method4_crosscohort	-0.56496644	-0.56496644	0.0	0.0
chr1:9990907-9991407	KIF1B	KIF1B	chr1	9990907	9991407	10210569	+	219412	immune	method4_crosscohort	0.55980533	0.55980533	0.0	0.0
chr1:9990907-9991407	LZIC	LZIC	chr1	9990907	9991407	9943406	-	47751	immune	method4_crosscohort	-0.57231045	-0.57231045	0.0	0.0
chr1:9990907-9991407	PEX14	PEX14	chr1	9990907	9991407	10472287	+	481130	immune	method4_crosscohort	0.70627993	0.70627993	0.0	0.0
chr1:9990907-9991407	PGD	PGD	chr1	9990907	9991407	10398591	+	407434	immune	method4_crosscohort	0.49487725	0.49487725	0.0	0.0
chr1:9990907-9991407	SLC25A33	SLC25A33	chr1	9990907	9991407	9539464	+	451693	immune	method4_crosscohort	0.5056938	0.5056938	0.0	0.0
chr1:9990907-9991407	TMEM201	TMEM201	chr1	9990907	9991407	9588910	+	402247	immune	method4_crosscohort	-0.67035604	-0.67035604	0.0	0.0
chr1:9997543-9998043	DFFA	DFFA	chr1	9997543	9998043	10472528	-	474735	immune	method4_crosscohort	-0.45524648	-0.45524648	0.0	0.0
chr1:9997543-9998043	PEX14	PEX14	chr1	9997543	9998043	10472287	+	474494	immune	method4_crosscohort	0.4516197	0.4516197	0.0	0.0
chr1:9997543-9998043	TMEM201	TMEM201	chr1	9997543	9998043	9588910	+	408883	immune	method4_crosscohort	-0.4723847	-0.4723847	0.0	0.0
chr1:10055640-10056140	PEX14	PEX14	chr1	10055640	10056140	10472287	+	416397	immune	method4_crosscohort	0.46124724	0.46124724	0.0	0.0
chr1:10055640-10056140	TMEM201	TMEM201	chr1	10055640	10056140	9588910	+	466980	immune	method4_crosscohort	-0.49709195	-0.49709195	0.0	0.0
chr1:10066917-10067417	CLSTN1	CLSTN1	chr1	10066917	10067417	9823983	-	243184	immune	method4_crosscohort	-0.48384902	-0.48384902	0.0	0.0
chr1:10066917-10067417	DFFA	DFFA	chr1	10066917	10067417	10472528	-	405361	immune	method4_crosscohort	-0.48892263	-0.48892263	0.0	0.0
chr1:10066917-10067417	LZIC	LZIC	chr1	10066917	10067417	9943406	-	123761	immune	method4_crosscohort	-0.47909972	-0.47909972	0.0	0.0
chr1:10066917-10067417	PEX14	PEX14	chr1	10066917	10067417	10472287	+	405120	immune	method4_crosscohort	0.5899182	0.5899182	0.0	0.0
chr1:10066917-10067417	TMEM201	TMEM201	chr1	10066917	10067417	9588910	+	478257	immune	method4_crosscohort	-0.57664	-0.57664	0.0	0.0
chr1:10189688-10190188	DFFA	DFFA	chr1	10189688	10190188	10472528	-	282590	immune	method4_crosscohort	0.5542871	0.5542871	0.0	0.0
chr1:10208510-10209010	CLSTN1	CLSTN1	chr1	10208510	10209010	9823983	-	384777	immune	method4_crosscohort	-0.54409516	-0.54409516	0.0	0.0
chr1:10208510-10209010	DFFA	DFFA	chr1	10208510	10209010	10472528	-	263768	immune	method4_crosscohort	-0.5349351	-0.5349351	0.0	0.0
chr1:10208510-10209010	KIF1B	KIF1B	chr1	10208510	10209010	10210569	+	1809	immune	method4_crosscohort	0.56015146	0.56015146	0.0	0.0
chr1:10208510-10209010	LZIC	LZIC	chr1	10208510	10209010	9943406	-	265354	immune	method4_crosscohort	-0.5432822	-0.5432822	0.0	0.0
chr1:10208510-10209010	PEX14	PEX14	chr1	10208510	10209010	10472287	+	263527	immune	method4_crosscohort	0.67227185	0.67227185	0.0	0.0
chr1:10208510-10209010	PGD	PGD	chr1	10208510	10209010	10398591	+	189831	immune	method4_crosscohort	0.4661273	0.4661273	0.0	0.0
chr1:10209649-10210149	PEX14	PEX14	chr1	10209649	10210149	10472287	+	262388	immune	method4_crosscohort	0.5290462	0.5290462	0.0	0.0
chr1:10218497-10218997	PEX14	PEX14	chr1	10218497	10218997	10472287	+	253540	immune	method4_crosscohort	0.49594784	0.49594784	0.0	0.0
chr1:10251620-10252120	CLSTN1	CLSTN1	chr1	10251620	10252120	9823983	-	427887	immune	method4_crosscohort	-0.5499236	-0.5499236	0.0	0.0
chr1:10251620-10252120	DFFA	DFFA	chr1	10251620	10252120	10472528	-	220658	immune	method4_crosscohort	-0.5813655	-0.5813655	0.0	0.0
chr1:10251620-10252120	KIF1B	KIF1B	chr1	10251620	10252120	10210569	+	41301	immune	method4_crosscohort	0.6319688	0.6319688	0.0	0.0
chr1:10251620-10252120	LZIC	LZIC	chr1	10251620	10252120	9943406	-	308464	immune	method4_crosscohort	-0.57209605	-0.57209605	0.0	0.0
chr1:10251620-10252120	PEX14	PEX14	chr1	10251620	10252120	10472287	+	220417	immune	method4_crosscohort	0.7276103	0.7276103	0.0	0.0
chr1:10251620-10252120	PGD	PGD	chr1	10251620	10252120	10398591	+	146721	immune	method4_crosscohort	0.5145966	0.5145966	0.0	0.0
chr1:10252265-10252765	DFFA	DFFA	chr1	10252265	10252765	10472528	-	220013	immune	method4_crosscohort	-0.46333167	-0.46333167	0.0	0.0
chr1:10252265-10252765	PEX14	PEX14	chr1	10252265	10252765	10472287	+	219772	immune	method4_crosscohort	0.46804324	0.46804324	0.0	0.0
chr1:10253640-10254140	CLSTN1	CLSTN1	chr1	10253640	10254140	9823983	-	429907	immune	method4_crosscohort	-0.60350555	-0.60350555	0.0	0.0
chr1:10253640-10254140	DFFA	DFFA	chr1	10253640	10254140	10472528	-	218638	immune	method4_crosscohort	-0.6123277	-0.6123277	0.0	0.0
chr1:10253640-10254140	KIF1B	KIF1B	chr1	10253640	10254140	10210569	+	43321	immune	method4_crosscohort	0.6265707	0.6265707	0.0	0.0
chr1:10253640-10254140	LZIC	LZIC	chr1	10253640	10254140	9943406	-	310484	immune	method4_crosscohort	-0.6071057	-0.6071057	0.0	0.0
chr1:10253640-10254140	PEX14	PEX14	chr1	10253640	10254140	10472287	+	218397	immune	method4_crosscohort	0.75612634	0.75612634	0.0	0.0
chr1:10253640-10254140	PGD	PGD	chr1	10253640	10254140	10398591	+	144701	immune	method4_crosscohort	0.5150336	0.5150336	0.0	0.0
chr1:10377368-10377868	DFFA	DFFA	chr1	10377368	10377868	10472528	-	94910	immune	method4_crosscohort	-0.4531847	-0.4531847	0.0	0.0
chr1:10377368-10377868	LZIC	LZIC	chr1	10377368	10377868	9943406	-	434212	immune	method4_crosscohort	-0.45441765	-0.45441765	0.0	0.0
chr1:10377368-10377868	PEX14	PEX14	chr1	10377368	10377868	10472287	+	94669	immune	method4_crosscohort	0.5629246	0.5629246	0.0	0.0
chr1:10378361-10378861	DFFA	DFFA	chr1	10378361	10378861	10472528	-	93917	immune	method4_crosscohort	-0.57056797	-0.57056797	0.0	0.0
chr1:10378361-10378861	KIF1B	KIF1B	chr1	10378361	10378861	10210569	+	168042	immune	method4_crosscohort	0.46999747	0.46999747	0.0	0.0
chr1:10378361-10378861	LZIC	LZIC	chr1	10378361	10378861	9943406	-	435205	immune	method4_crosscohort	-0.5453695	-0.5453695	0.0	0.0
chr1:10378361-10378861	PEX14	PEX14	chr1	10378361	10378861	10472287	+	93676	immune	method4_crosscohort	0.6347925	0.6347925	0.0	0.0
chr1:10380076-10380576	DFFA	DFFA	chr1	10380076	10380576	10472528	-	92202	immune	method4_crosscohort	-0.45064515	-0.45064515	0.0	0.0
chr1:10380076-10380576	PEX14	PEX14	chr1	10380076	10380576	10472287	+	91961	immune	method4_crosscohort	0.5191181	0.5191181	0.0	0.0
chr1:10387991-10388491	DFFA	DFFA	chr1	10387991	10388491	10472528	-	84287	immune	method4_crosscohort	-0.5275658	-0.5275658	0.0	0.0
chr1:10387991-10388491	KIF1B	KIF1B	chr1	10387991	10388491	10210569	+	177672	immune	method4_crosscohort	0.4563332	0.4563332	0.0	0.0
chr1:10387991-10388491	LZIC	LZIC	chr1	10387991	10388491	9943406	-	444835	immune	method4_crosscohort	-0.50556815	-0.50556815	0.0	0.0
chr1:10387991-10388491	PEX14	PEX14	chr1	10387991	10388491	10472287	+	84046	immune	method4_crosscohort	0.62043196	0.62043196	0.0	0.0
chr1:10400399-10400899	DFFA	DFFA	chr1	10400399	10400899	10472528	-	71879	immune	method4_crosscohort	-0.50940603	-0.50940603	0.0	0.0
chr1:10400399-10400899	LZIC	LZIC	chr1	10400399	10400899	9943406	-	457243	immune	method4_crosscohort	-0.4886657	-0.4886657	0.0	0.0
chr1:10400399-10400899	PEX14	PEX14	chr1	10400399	10400899	10472287	+	71638	immune	method4_crosscohort	0.5827961	0.5827961	0.0	0.0
chr1:10414779-10415279	DFFA	DFFA	chr1	10414779	10415279	10472528	-	57499	immune	method4_crosscohort	-0.6179124	-0.6179124	0.0	0.0
chr1:10414779-10415279	KIF1B	KIF1B	chr1	10414779	10415279	10210569	+	204460	immune	method4_crosscohort	0.51420295	0.51420295	0.0	0.0
chr1:10414779-10415279	LZIC	LZIC	chr1	10414779	10415279	9943406	-	471623	immune	method4_crosscohort	-0.5832394	-0.5832394	0.0	0.0
chr1:10414779-10415279	PEX14	PEX14	chr1	10414779	10415279	10472287	+	57258	immune	method4_crosscohort	0.6492406	0.6492406	0.0	0.0
chr1:10415317-10415817	DFFA	DFFA	chr1	10415317	10415817	10472528	-	56961	immune	method4_crosscohort	-0.57958543	-0.57958543	0.0	0.0
chr1:10415317-10415817	KIF1B	KIF1B	chr1	10415317	10415817	10210569	+	204998	immune	method4_crosscohort	0.51873124	0.51873124	0.0	0.0
chr1:10415317-10415817	LZIC	LZIC	chr1	10415317	10415817	9943406	-	472161	immune	method4_crosscohort	-0.54505605	-0.54505605	0.0	0.0
chr1:10415317-10415817	PEX14	PEX14	chr1	10415317	10415817	10472287	+	56720	immune	method4_crosscohort	0.6753117	0.6753117	0.0	0.0
chr1:10737867-10738367	CASZ1	CASZ1	chr1	10737867	10738367	10796649	-	58532	immune	method4_crosscohort	0.46464995	0.46464995	0.0	0.0
chr1:10796491-10796991	CASZ1	CASZ1	chr1	10796491	10796991	10796649	-	92	immune	method4_crosscohort	0.4582272	0.4582272	0.0	0.0
chr1:10818522-10819022	CASZ1	CASZ1	chr1	10818522	10819022	10796649	-	22123	immune	method4_crosscohort	0.48242828	0.48242828	0.0	0.0
chr1:10964973-10965473	DFFA	DFFA	chr1	10964973	10965473	10472528	-	492695	immune	method4_crosscohort	-0.52945954	-0.52945954	0.0	0.0
chr1:10964973-10965473	MASP2	MASP2	chr1	10964973	10965473	11047238	-	82015	immune	method4_crosscohort	0.6972507	0.6972507	0.0	0.0
chr1:10964973-10965473	PEX14	PEX14	chr1	10964973	10965473	10472287	+	492936	immune	method4_crosscohort	0.7218967	0.7218967	0.0	0.0
chr1:10965586-10966086	DFFA	DFFA	chr1	10965586	10966086	10472528	-	493308	immune	method4_crosscohort	-0.48096928	-0.48096928	0.0	0.0
chr1:10965586-10966086	MASP2	MASP2	chr1	10965586	10966086	11047238	-	81402	immune	method4_crosscohort	0.63679415	0.63679415	0.0	0.0
chr1:10965586-10966086	PEX14	PEX14	chr1	10965586	10966086	10472287	+	493549	immune	method4_crosscohort	0.68487567	0.68487567	0.0	0.0
chr1:10966203-10966703	MASP2	MASP2	chr1	10966203	10966703	11047238	-	80785	immune	method4_crosscohort	0.5377656	0.5377656	0.0	0.0
chr1:10966203-10966703	PEX14	PEX14	chr1	10966203	10966703	10472287	+	494166	immune	method4_crosscohort	0.5258578	0.5258578	0.0	0.0
chr1:10967050-10967550	DFFA	DFFA	chr1	10967050	10967550	10472528	-	494772	immune	method4_crosscohort	-0.50656605	-0.50656605	0.0	0.0
chr1:10967050-10967550	MASP2	MASP2	chr1	10967050	10967550	11047238	-	79938	immune	method4_crosscohort	0.6966252	0.6966252	0.0	0.0
chr1:10967050-10967550	PEX14	PEX14	chr1	10967050	10967550	10472287	+	495013	immune	method4_crosscohort	0.68986994	0.68986994	0.0	0.0
chr1:10969144-10969644	MASP2	MASP2	chr1	10969144	10969644	11047238	-	77844	immune	method4_crosscohort	0.48612025	0.48612025	0.0	0.0
chr1:10969144-10969644	PEX14	PEX14	chr1	10969144	10969644	10472287	+	497107	immune	method4_crosscohort	0.5374173	0.5374173	0.0	0.0
chr1:10975427-10975927	MASP2	MASP2	chr1	10975427	10975927	11047238	-	71561	immune	method4_crosscohort	0.49183124	0.49183124	0.0	0.0
chr1:10979382-10979882	MASP2	MASP2	chr1	10979382	10979882	11047238	-	67606	immune	method4_crosscohort	0.6553839	0.6553839	0.0	0.0
chr1:10980027-10980527	MASP2	MASP2	chr1	10980027	10980527	11047238	-	66961	immune	method4_crosscohort	0.6294776	0.6294776	0.0	0.0
chr1:11650340-11650840	MFN2	MFN2	chr1	11650340	11650840	11980180	+	329590	immune	method4_crosscohort	0.48349532	0.48349532	0.0	0.0
chr1:11654585-11655085	FBXO2	FBXO2	chr1	11654585	11655085	11655784	-	949	immune	method4_crosscohort	0.46948415	0.46948415	0.0	0.0
chr1:11654585-11655085	FBXO44	FBXO44	chr1	11654585	11655085	11654374	+	461	immune	method4_crosscohort	0.46330878	0.46330878	0.0	0.0
chr1:11654585-11655085	MFN2	MFN2	chr1	11654585	11655085	11980180	+	325345	immune	method4_crosscohort	0.4531096	0.4531096	0.0	0.0
chr1:11670629-11671129	MIIP	MIIP	chr1	11670629	11671129	12019465	+	348586	immune	method4_crosscohort	0.46192047	0.46192047	0.0	0.0
chr1:11670629-11671129	NPPA	NPPA	chr1	11670629	11671129	11848344	-	177465	immune	method4_crosscohort	0.5003337	0.5003337	0.0	0.0
chr1:11670629-11671129	TNFRSF1B	TNFRSF1B	chr1	11670629	11671129	12166990	+	496111	immune	method4_crosscohort	0.48277417	0.48277417	0.0	0.0
chr1:11731415-11731915	CLCN6	CLCN6	chr1	11731415	11731915	11806095	+	74430	immune	method4_crosscohort	0.5225691	0.5225691	0.0	0.0
chr1:11731415-11731915	FBXO2	FBXO2	chr1	11731415	11731915	11655784	-	75881	immune	method4_crosscohort	-0.52833176	-0.52833176	0.0	0.0
chr1:11731415-11731915	FBXO44	FBXO44	chr1	11731415	11731915	11654374	+	77291	immune	method4_crosscohort	-0.48399267	-0.48399267	0.0	0.0
chr1:11731415-11731915	MIIP	MIIP	chr1	11731415	11731915	12019465	+	287800	immune	method4_crosscohort	0.47447932	0.47447932	0.0	0.0
chr1:11731415-11731915	NPPA	NPPA	chr1	11731415	11731915	11848344	-	116679	immune	method4_crosscohort	0.464261	0.464261	0.0	0.0
chr1:11731415-11731915	TNFRSF1B	TNFRSF1B	chr1	11731415	11731915	12166990	+	435325	immune	method4_crosscohort	0.45400053	0.45400053	0.0	0.0
chr1:11731917-11732417	CLCN6	CLCN6	chr1	11731917	11732417	11806095	+	73928	immune	method4_crosscohort	0.6959311	0.6959311	0.0	0.0
chr1:11731917-11732417	FBXO2	FBXO2	chr1	11731917	11732417	11655784	-	76383	immune	method4_crosscohort	-0.6802501	-0.6802501	0.0	0.0
chr1:11731917-11732417	FBXO44	FBXO44	chr1	11731917	11732417	11654374	+	77793	immune	method4_crosscohort	-0.6107721	-0.6107721	0.0	0.0
chr1:11731917-11732417	MIIP	MIIP	chr1	11731917	11732417	12019465	+	287298	immune	method4_crosscohort	0.6181688	0.6181688	0.0	0.0
chr1:11731917-11732417	NPPA	NPPA	chr1	11731917	11732417	11848344	-	116177	immune	method4_crosscohort	0.6400586	0.6400586	0.0	0.0
chr1:11731917-11732417	TNFRSF1B	TNFRSF1B	chr1	11731917	11732417	12166990	+	434823	immune	method4_crosscohort	0.5909386	0.5909386	0.0	0.0
chr1:11789256-11789756	CLCN6	CLCN6	chr1	11789256	11789756	11806095	+	16589	immune	method4_crosscohort	0.5689065	0.5689065	0.0	0.0
chr1:11789256-11789756	FBXO2	FBXO2	chr1	11789256	11789756	11655784	-	133722	immune	method4_crosscohort	-0.57467693	-0.57467693	0.0	0.0
chr1:11789256-11789756	FBXO44	FBXO44	chr1	11789256	11789756	11654374	+	135132	immune	method4_crosscohort	-0.5486622	-0.5486622	0.0	0.0
chr1:11789256-11789756	MIIP	MIIP	chr1	11789256	11789756	12019465	+	229959	immune	method4_crosscohort	0.46199852	0.46199852	0.0	0.0
chr1:11789256-11789756	NPPA	NPPA	chr1	11789256	11789756	11848344	-	58838	immune	method4_crosscohort	0.49670157	0.49670157	0.0	0.0
chr1:11789256-11789756	TNFRSF1B	TNFRSF1B	chr1	11789256	11789756	12166990	+	377484	immune	method4_crosscohort	0.4640301	0.4640301	0.0	0.0
chr1:11790279-11790779	CLCN6	CLCN6	chr1	11790279	11790779	11806095	+	15566	immune	method4_crosscohort	0.5322194	0.5322194	0.0	0.0
chr1:11790279-11790779	FBXO2	FBXO2	chr1	11790279	11790779	11655784	-	134745	immune	method4_crosscohort	-0.5471882	-0.5471882	0.0	0.0
chr1:11790279-11790779	FBXO44	FBXO44	chr1	11790279	11790779	11654374	+	136155	immune	method4_crosscohort	-0.5235532	-0.5235532	0.0	0.0
chr1:11790279-11790779	NPPA	NPPA	chr1	11790279	11790779	11848344	-	57815	immune	method4_crosscohort	0.46379772	0.46379772	0.0	0.0
chr1:11790799-11791299	CLCN6	CLCN6	chr1	11790799	11791299	11806095	+	15046	immune	method4_crosscohort	0.7722348	0.7722348	0.0	0.0
chr1:11790799-11791299	FBXO2	FBXO2	chr1	11790799	11791299	11655784	-	135265	immune	method4_crosscohort	-0.77749985	-0.77749985	0.0	0.0
chr1:11790799-11791299	FBXO44	FBXO44	chr1	11790799	11791299	11654374	+	136675	immune	method4_crosscohort	-0.6879342	-0.6879342	0.0	0.0
chr1:11790799-11791299	MFN2	MFN2	chr1	11790799	11791299	11980180	+	189131	immune	method4_crosscohort	-0.5140282	-0.5140282	0.0	0.0
chr1:11790799-11791299	MIIP	MIIP	chr1	11790799	11791299	12019465	+	228416	immune	method4_crosscohort	0.6908749	0.6908749	0.0	0.0
chr1:11790799-11791299	NPPA	NPPA	chr1	11790799	11791299	11848344	-	57295	immune	method4_crosscohort	0.73840255	0.73840255	0.0	0.0
chr1:11790799-11791299	TNFRSF1B	TNFRSF1B	chr1	11790799	11791299	12166990	+	375941	immune	method4_crosscohort	0.6874899	0.6874899	0.0	0.0
chr1:11791367-11791867	CLCN6	CLCN6	chr1	11791367	11791867	11806095	+	14478	immune	method4_crosscohort	0.53235245	0.53235245	0.0	0.0
chr1:11791367-11791867	FBXO2	FBXO2	chr1	11791367	11791867	11655784	-	135833	immune	method4_crosscohort	-0.5411042	-0.5411042	0.0	0.0
chr1:11791367-11791867	FBXO44	FBXO44	chr1	11791367	11791867	11654374	+	137243	immune	method4_crosscohort	-0.51997036	-0.51997036	0.0	0.0
chr1:11791367-11791867	NPPA	NPPA	chr1	11791367	11791867	11848344	-	56727	immune	method4_crosscohort	0.45484614	0.45484614	0.0	0.0
chr1:11802524-11803024	CLCN6	CLCN6	chr1	11802524	11803024	11806095	+	3321	immune	method4_crosscohort	0.5783489	0.5783489	0.0	0.0
chr1:11802524-11803024	FBXO2	FBXO2	chr1	11802524	11803024	11655784	-	146990	immune	method4_crosscohort	-0.5884619	-0.5884619	0.0	0.0
chr1:11802524-11803024	FBXO44	FBXO44	chr1	11802524	11803024	11654374	+	148400	immune	method4_crosscohort	-0.52666765	-0.52666765	0.0	0.0
chr1:11802524-11803024	MIIP	MIIP	chr1	11802524	11803024	12019465	+	216691	immune	method4_crosscohort	0.5090361	0.5090361	0.0	0.0
chr1:11802524-11803024	NPPA	NPPA	chr1	11802524	11803024	11848344	-	45570	immune	method4_crosscohort	0.5541248	0.5541248	0.0	0.0
chr1:11802524-11803024	TNFRSF1B	TNFRSF1B	chr1	11802524	11803024	12166990	+	364216	immune	method4_crosscohort	0.5226189	0.5226189	0.0	0.0
chr1:11814516-11815016	FBXO2	FBXO2	chr1	11814516	11815016	11655784	-	158982	immune	method4_crosscohort	-0.4522298	-0.4522298	0.0	0.0
chr1:11842684-11843184	CLCN6	CLCN6	chr1	11842684	11843184	11806095	+	36839	immune	method4_crosscohort	0.50889504	0.50889504	0.0	0.0
chr1:11842684-11843184	FBXO2	FBXO2	chr1	11842684	11843184	11655784	-	187150	immune	method4_crosscohort	-0.5384153	-0.5384153	0.0	0.0
chr1:11842684-11843184	FBXO44	FBXO44	chr1	11842684	11843184	11654374	+	188560	immune	method4_crosscohort	-0.48673838	-0.48673838	0.0	0.0
chr1:11842684-11843184	MIIP	MIIP	chr1	11842684	11843184	12019465	+	176531	immune	method4_crosscohort	0.45664394	0.45664394	0.0	0.0
chr1:11842684-11843184	NPPA	NPPA	chr1	11842684	11843184	11848344	-	5410	immune	method4_crosscohort	0.5011547	0.5011547	0.0	0.0
chr1:11842684-11843184	TNFRSF1B	TNFRSF1B	chr1	11842684	11843184	12166990	+	324056	immune	method4_crosscohort	0.47059938	0.47059938	0.0	0.0
chr1:11960611-11961111	CLCN6	CLCN6	chr1	11960611	11961111	11806095	+	154766	immune	method4_crosscohort	0.6717127	0.6717127	0.0	0.0
chr1:11960611-11961111	FBXO2	FBXO2	chr1	11960611	11961111	11655784	-	305077	immune	method4_crosscohort	-0.69155484	-0.69155484	0.0	0.0
chr1:11960611-11961111	FBXO44	FBXO44	chr1	11960611	11961111	11654374	+	306487	immune	method4_crosscohort	-0.60677075	-0.60677075	0.0	0.0
chr1:11960611-11961111	MIIP	MIIP	chr1	11960611	11961111	12019465	+	58604	immune	method4_crosscohort	0.636209	0.636209	0.0	0.0
chr1:11960611-11961111	NPPA	NPPA	chr1	11960611	11961111	11848344	-	112517	immune	method4_crosscohort	0.6824788	0.6824788	0.0	0.0
chr1:11960611-11961111	TNFRSF1B	TNFRSF1B	chr1	11960611	11961111	12166990	+	206129	immune	method4_crosscohort	0.6337901	0.6337901	0.0	0.0
chr1:11961161-11961661	CLCN6	CLCN6	chr1	11961161	11961661	11806095	+	155316	immune	method4_crosscohort	0.5430295	0.5430295	0.0	0.0
chr1:11961161-11961661	FBXO2	FBXO2	chr1	11961161	11961661	11655784	-	305627	immune	method4_crosscohort	-0.5623145	-0.5623145	0.0	0.0
chr1:11961161-11961661	FBXO44	FBXO44	chr1	11961161	11961661	11654374	+	307037	immune	method4_crosscohort	-0.49101245	-0.49101245	0.0	0.0
chr1:11961161-11961661	MIIP	MIIP	chr1	11961161	11961661	12019465	+	58054	immune	method4_crosscohort	0.52848303	0.52848303	0.0	0.0
chr1:11961161-11961661	NPPA	NPPA	chr1	11961161	11961661	11848344	-	113067	immune	method4_crosscohort	0.54819244	0.54819244	0.0	0.0
chr1:11961161-11961661	TNFRSF1B	TNFRSF1B	chr1	11961161	11961661	12166990	+	205579	immune	method4_crosscohort	0.53812516	0.53812516	0.0	0.0
chr1:11978199-11978699	CLCN6	CLCN6	chr1	11978199	11978699	11806095	+	172354	immune	method4_crosscohort	0.6000488	0.6000488	0.0	0.0
chr1:11978199-11978699	FBXO2	FBXO2	chr1	11978199	11978699	11655784	-	322665	immune	method4_crosscohort	-0.5870763	-0.5870763	0.0	0.0
chr1:11978199-11978699	FBXO44	FBXO44	chr1	11978199	11978699	11654374	+	324075	immune	method4_crosscohort	-0.53193665	-0.53193665	0.0	0.0
chr1:11978199-11978699	MIIP	MIIP	chr1	11978199	11978699	12019465	+	41016	immune	method4_crosscohort	0.48455882	0.48455882	0.0	0.0
chr1:11978199-11978699	NPPA	NPPA	chr1	11978199	11978699	11848344	-	130105	immune	method4_crosscohort	0.5349504	0.5349504	0.0	0.0
chr1:11978199-11978699	TNFRSF1B	TNFRSF1B	chr1	11978199	11978699	12166990	+	188541	immune	method4_crosscohort	0.48689544	0.48689544	0.0	0.0
chr1:11985741-11986241	FBXO2	FBXO2	chr1	11985741	11986241	11655784	-	330207	immune	method4_crosscohort	-0.45307967	-0.45307967	0.0	0.0
chr1:11985741-11986241	FBXO44	FBXO44	chr1	11985741	11986241	11654374	+	331617	immune	method4_crosscohort	-0.48399702	-0.48399702	0.0	0.0
chr1:12020044-12020544	CLCN6	CLCN6	chr1	12020044	12020544	11806095	+	214199	immune	method4_crosscohort	0.47500774	0.47500774	0.0	0.0
chr1:12020044-12020544	FBXO2	FBXO2	chr1	12020044	12020544	11655784	-	364510	immune	method4_crosscohort	-0.5100068	-0.5100068	0.0	0.0
chr1:12020044-12020544	FBXO44	FBXO44	chr1	12020044	12020544	11654374	+	365920	immune	method4_crosscohort	-0.47409397	-0.47409397	0.0	0.0
chr1:12125641-12126141	CLCN6	CLCN6	chr1	12125641	12126141	11806095	+	319796	immune	method4_crosscohort	0.53082013	0.53082013	0.0	0.0
chr1:12125641-12126141	FBXO2	FBXO2	chr1	12125641	12126141	11655784	-	470107	immune	method4_crosscohort	-0.547081	-0.547081	0.0	0.0
chr1:12125641-12126141	FBXO44	FBXO44	chr1	12125641	12126141	11654374	+	471517	immune	method4_crosscohort	-0.48966727	-0.48966727	0.0	0.0
chr1:12125641-12126141	MIIP	MIIP	chr1	12125641	12126141	12019465	+	106426	immune	method4_crosscohort	0.46639168	0.46639168	0.0	0.0
chr1:12125641-12126141	NPPA	NPPA	chr1	12125641	12126141	11848344	-	277547	immune	method4_crosscohort	0.5257245	0.5257245	0.0	0.0
chr1:12125641-12126141	TNFRSF1B	TNFRSF1B	chr1	12125641	12126141	12166990	+	41099	immune	method4_crosscohort	0.4785631	0.4785631	0.0	0.0
chr1:12132787-12133287	CLCN6	CLCN6	chr1	12132787	12133287	11806095	+	326942	immune	method4_crosscohort	0.6550471	0.6550471	0.0	0.0
chr1:12132787-12133287	FBXO2	FBXO2	chr1	12132787	12133287	11655784	-	477253	immune	method4_crosscohort	-0.66572464	-0.66572464	0.0	0.0
chr1:12132787-12133287	FBXO44	FBXO44	chr1	12132787	12133287	11654374	+	478663	immune	method4_crosscohort	-0.57688606	-0.57688606	0.0	0.0
chr1:12132787-12133287	MIIP	MIIP	chr1	12132787	12133287	12019465	+	113572	immune	method4_crosscohort	0.64672047	0.64672047	0.0	0.0
chr1:12132787-12133287	NPPA	NPPA	chr1	12132787	12133287	11848344	-	284693	immune	method4_crosscohort	0.66931194	0.66931194	0.0	0.0
chr1:12132787-12133287	TNFRSF1B	TNFRSF1B	chr1	12132787	12133287	12166990	+	33953	immune	method4_crosscohort	0.61670315	0.61670315	0.0	0.0
chr1:12141053-12141553	CLCN6	CLCN6	chr1	12141053	12141553	11806095	+	335208	immune	method4_crosscohort	0.6366156	0.6366156	0.0	0.0
chr1:12141053-12141553	FBXO2	FBXO2	chr1	12141053	12141553	11655784	-	485519	immune	method4_crosscohort	-0.6527183	-0.6527183	0.0	0.0
chr1:12141053-12141553	FBXO44	FBXO44	chr1	12141053	12141553	11654374	+	486929	immune	method4_crosscohort	-0.5802108	-0.5802108	0.0	0.0
chr1:12141053-12141553	MIIP	MIIP	chr1	12141053	12141553	12019465	+	121838	immune	method4_crosscohort	0.5673124	0.5673124	0.0	0.0
chr1:12141053-12141553	NPPA	NPPA	chr1	12141053	12141553	11848344	-	292959	immune	method4_crosscohort	0.6118505	0.6118505	0.0	0.0
chr1:12141053-12141553	TNFRSF1B	TNFRSF1B	chr1	12141053	12141553	12166990	+	25687	immune	method4_crosscohort	0.56308883	0.56308883	0.0	0.0
chr1:12142120-12142620	CLCN6	CLCN6	chr1	12142120	12142620	11806095	+	336275	immune	method4_crosscohort	0.5825316	0.5825316	0.0	0.0
chr1:12142120-12142620	FBXO2	FBXO2	chr1	12142120	12142620	11655784	-	486586	immune	method4_crosscohort	-0.594082	-0.594082	0.0	0.0
chr1:12142120-12142620	FBXO44	FBXO44	chr1	12142120	12142620	11654374	+	487996	immune	method4_crosscohort	-0.55334634	-0.55334634	0.0	0.0
chr1:12142120-12142620	MIIP	MIIP	chr1	12142120	12142620	12019465	+	122905	immune	method4_crosscohort	0.4949032	0.4949032	0.0	0.0
chr1:12142120-12142620	NPPA	NPPA	chr1	12142120	12142620	11848344	-	294026	immune	method4_crosscohort	0.5376728	0.5376728	0.0	0.0
chr1:12142120-12142620	TNFRSF1B	TNFRSF1B	chr1	12142120	12142620	12166990	+	24620	immune	method4_crosscohort	0.48648617	0.48648617	0.0	0.0
chr1:12142800-12143300	CLCN6	CLCN6	chr1	12142800	12143300	11806095	+	336955	immune	method4_crosscohort	0.659576	0.659576	0.0	0.0
chr1:12142800-12143300	FBXO2	FBXO2	chr1	12142800	12143300	11655784	-	487266	immune	method4_crosscohort	-0.6901462	-0.6901462	0.0	0.0
chr1:12142800-12143300	FBXO44	FBXO44	chr1	12142800	12143300	11654374	+	488676	immune	method4_crosscohort	-0.6076772	-0.6076772	0.0	0.0
chr1:12142800-12143300	MFN2	MFN2	chr1	12142800	12143300	11980180	+	162870	immune	method4_crosscohort	-0.45930427	-0.45930427	0.0	0.0
chr1:12142800-12143300	MIIP	MIIP	chr1	12142800	12143300	12019465	+	123585	immune	method4_crosscohort	0.62495244	0.62495244	0.0	0.0
chr1:12142800-12143300	NPPA	NPPA	chr1	12142800	12143300	11848344	-	294706	immune	method4_crosscohort	0.64393926	0.64393926	0.0	0.0
chr1:12142800-12143300	TNFRSF1B	TNFRSF1B	chr1	12142800	12143300	12166990	+	23940	immune	method4_crosscohort	0.61367935	0.61367935	0.0	0.0
chr1:12143610-12144110	CLCN6	CLCN6	chr1	12143610	12144110	11806095	+	337765	immune	method4_crosscohort	0.66295916	0.66295916	0.0	0.0
chr1:12143610-12144110	FBXO2	FBXO2	chr1	12143610	12144110	11655784	-	488076	immune	method4_crosscohort	-0.69353914	-0.69353914	0.0	0.0
chr1:12143610-12144110	FBXO44	FBXO44	chr1	12143610	12144110	11654374	+	489486	immune	method4_crosscohort	-0.64345527	-0.64345527	0.0	0.0
chr1:12143610-12144110	MFN2	MFN2	chr1	12143610	12144110	11980180	+	163680	immune	method4_crosscohort	-0.49245858	-0.49245858	0.0	0.0
chr1:12143610-12144110	MIIP	MIIP	chr1	12143610	12144110	12019465	+	124395	immune	method4_crosscohort	0.5767698	0.5767698	0.0	0.0
chr1:12143610-12144110	NPPA	NPPA	chr1	12143610	12144110	11848344	-	295516	immune	method4_crosscohort	0.60818404	0.60818404	0.0	0.0
chr1:12143610-12144110	TNFRSF1B	TNFRSF1B	chr1	12143610	12144110	12166990	+	23130	immune	method4_crosscohort	0.573837	0.573837	0.0	0.0
chr1:12147124-12147624	CLCN6	CLCN6	chr1	12147124	12147624	11806095	+	341279	immune	method4_crosscohort	0.4914652	0.4914652	0.0	0.0
chr1:12147124-12147624	FBXO2	FBXO2	chr1	12147124	12147624	11655784	-	491590	immune	method4_crosscohort	-0.5265748	-0.5265748	0.0	0.0
chr1:12147124-12147624	MIIP	MIIP	chr1	12147124	12147624	12019465	+	127909	immune	method4_crosscohort	0.5518559	0.5518559	0.0	0.0
chr1:12147124-12147624	NPPA	NPPA	chr1	12147124	12147624	11848344	-	299030	immune	method4_crosscohort	0.5516469	0.5516469	0.0	0.0
chr1:12147124-12147624	TNFRSF1B	TNFRSF1B	chr1	12147124	12147624	12166990	+	19616	immune	method4_crosscohort	0.53513587	0.53513587	0.0	0.0
chr1:12150362-12150862	C1orf167	C1orf167	chr1	12150362	12150862	11761786	+	388826	immune	method4_crosscohort	0.6012659	0.6012659	0.0	0.0
chr1:12150362-12150862	DHRS3	DHRS3	chr1	12150362	12150862	12618209	-	467597	immune	method4_crosscohort	-0.5320266	-0.5320266	0.0	0.0
chr1:12150362-12150862	FBXO6	FBXO6	chr1	12150362	12150862	11664199	+	486413	immune	method4_crosscohort	0.51527286	0.51527286	0.0	0.0
chr1:12153216-12153716	CLCN6	CLCN6	chr1	12153216	12153716	11806095	+	347371	immune	method4_crosscohort	0.6328014	0.6328014	0.0	0.0
chr1:12153216-12153716	FBXO2	FBXO2	chr1	12153216	12153716	11655784	-	497682	immune	method4_crosscohort	-0.65251476	-0.65251476	0.0	0.0
chr1:12153216-12153716	FBXO44	FBXO44	chr1	12153216	12153716	11654374	+	499092	immune	method4_crosscohort	-0.57509565	-0.57509565	0.0	0.0
chr1:12153216-12153716	MIIP	MIIP	chr1	12153216	12153716	12019465	+	134001	immune	method4_crosscohort	0.5841491	0.5841491	0.0	0.0
chr1:12153216-12153716	NPPA	NPPA	chr1	12153216	12153716	11848344	-	305122	immune	method4_crosscohort	0.61080915	0.61080915	0.0	0.0
chr1:12153216-12153716	TNFRSF1B	TNFRSF1B	chr1	12153216	12153716	12166990	+	13524	immune	method4_crosscohort	0.5628473	0.5628473	0.0	0.0
chr1:12157852-12158352	CLCN6	CLCN6	chr1	12157852	12158352	11806095	+	352007	immune	method4_crosscohort	0.5941845	0.5941845	0.0	0.0
chr1:12157852-12158352	MIIP	MIIP	chr1	12157852	12158352	12019465	+	138637	immune	method4_crosscohort	0.55680287	0.55680287	0.0	0.0
chr1:12157852-12158352	NPPA	NPPA	chr1	12157852	12158352	11848344	-	309758	immune	method4_crosscohort	0.565963	0.565963	0.0	0.0
chr1:12157852-12158352	TNFRSF1B	TNFRSF1B	chr1	12157852	12158352	12166990	+	8888	immune	method4_crosscohort	0.517084	0.517084	0.0	0.0
chr1:12173636-12174136	C1orf167	C1orf167	chr1	12173636	12174136	11761786	+	412100	immune	method4_crosscohort	0.68287754	0.68287754	0.0	0.0
chr1:12173636-12174136	DHRS3	DHRS3	chr1	12173636	12174136	12618209	-	444323	immune	method4_crosscohort	-0.5349932	-0.5349932	0.0	0.0
chr1:12173636-12174136	MTHFR	MTHFR	chr1	12173636	12174136	11806454	-	367432	immune	method4_crosscohort	-0.49137646	-0.49137646	0.0	0.0
chr1:12175083-12175583	MIIP	MIIP	chr1	12175083	12175583	12019465	+	155868	immune	method4_crosscohort	0.49475953	0.49475953	0.0	0.0
chr1:12175083-12175583	NPPA	NPPA	chr1	12175083	12175583	11848344	-	326989	immune	method4_crosscohort	0.4784766	0.4784766	0.0	0.0
chr1:12178078-12178578	C1orf167	C1orf167	chr1	12178078	12178578	11761786	+	416542	immune	method4_crosscohort	0.53237325	0.53237325	0.0	0.0
chr1:12180259-12180759	CLCN6	CLCN6	chr1	12180259	12180759	11806095	+	374414	immune	method4_crosscohort	0.776757	0.776757	0.0	0.0
chr1:12180259-12180759	MFN2	MFN2	chr1	12180259	12180759	11980180	+	200329	immune	method4_crosscohort	-0.4557812	-0.4557812	0.0	0.0
chr1:12180259-12180759	MIIP	MIIP	chr1	12180259	12180759	12019465	+	161044	immune	method4_crosscohort	0.750277	0.750277	0.0	0.0
chr1:12180259-12180759	NPPA	NPPA	chr1	12180259	12180759	11848344	-	332165	immune	method4_crosscohort	0.797962	0.797962	0.0	0.0
chr1:12180259-12180759	TNFRSF1B	TNFRSF1B	chr1	12180259	12180759	12166990	+	13519	immune	method4_crosscohort	0.7240361	0.7240361	0.0	0.0
chr1:12181054-12181554	CLCN6	CLCN6	chr1	12181054	12181554	11806095	+	375209	immune	method4_crosscohort	0.49529812	0.49529812	0.0	0.0
chr1:12181820-12182320	CLCN6	CLCN6	chr1	12181820	12182320	11806095	+	375975	immune	method4_crosscohort	0.4562622	0.4562622	0.0	0.0
chr1:12182639-12183139	CLCN6	CLCN6	chr1	12182639	12183139	11806095	+	376794	immune	method4_crosscohort	0.4772323	0.4772323	0.0	0.0
chr1:12182639-12183139	MIIP	MIIP	chr1	12182639	12183139	12019465	+	163424	immune	method4_crosscohort	0.48325026	0.48325026	0.0	0.0
chr1:12182639-12183139	NPPA	NPPA	chr1	12182639	12183139	11848344	-	334545	immune	method4_crosscohort	0.50350344	0.50350344	0.0	0.0
chr1:12182639-12183139	TNFRSF1B	TNFRSF1B	chr1	12182639	12183139	12166990	+	15899	immune	method4_crosscohort	0.46670285	0.46670285	0.0	0.0
chr1:12184178-12184678	CLCN6	CLCN6	chr1	12184178	12184678	11806095	+	378333	immune	method4_crosscohort	0.80615073	0.80615073	0.0	0.0
chr1:12184178-12184678	MFN2	MFN2	chr1	12184178	12184678	11980180	+	204248	immune	method4_crosscohort	-0.5323311	-0.5323311	0.0	0.0
chr1:12184178-12184678	MIIP	MIIP	chr1	12184178	12184678	12019465	+	164963	immune	method4_crosscohort	0.738632	0.738632	0.0	0.0
chr1:12184178-12184678	NPPA	NPPA	chr1	12184178	12184678	11848344	-	336084	immune	method4_crosscohort	0.787359	0.787359	0.0	0.0
chr1:12184178-12184678	TNFRSF1B	TNFRSF1B	chr1	12184178	12184678	12166990	+	17438	immune	method4_crosscohort	0.7302386	0.7302386	0.0	0.0
chr1:12184976-12185476	CLCN6	CLCN6	chr1	12184976	12185476	11806095	+	379131	immune	method4_crosscohort	0.5249939	0.5249939	0.0	0.0
chr1:12184976-12185476	MIIP	MIIP	chr1	12184976	12185476	12019465	+	165761	immune	method4_crosscohort	0.4540054	0.4540054	0.0	0.0
chr1:12184976-12185476	NPPA	NPPA	chr1	12184976	12185476	11848344	-	336882	immune	method4_crosscohort	0.4833719	0.4833719	0.0	0.0
chr1:12185773-12186273	CLCN6	CLCN6	chr1	12185773	12186273	11806095	+	379928	immune	method4_crosscohort	0.49549273	0.49549273	0.0	0.0
chr1:12185773-12186273	NPPA	NPPA	chr1	12185773	12186273	11848344	-	337679	immune	method4_crosscohort	0.4588269	0.4588269	0.0	0.0
chr1:12194579-12195079	CLCN6	CLCN6	chr1	12194579	12195079	11806095	+	388734	immune	method4_crosscohort	0.5871358	0.5871358	0.0	0.0
chr1:12194579-12195079	MIIP	MIIP	chr1	12194579	12195079	12019465	+	175364	immune	method4_crosscohort	0.57656527	0.57656527	0.0	0.0
chr1:12194579-12195079	NPPA	NPPA	chr1	12194579	12195079	11848344	-	346485	immune	method4_crosscohort	0.6048897	0.6048897	0.0	0.0
chr1:12194579-12195079	TNFRSF1B	TNFRSF1B	chr1	12194579	12195079	12166990	+	27839	immune	method4_crosscohort	0.5742114	0.5742114	0.0	0.0
chr1:12195949-12196449	CLCN6	CLCN6	chr1	12195949	12196449	11806095	+	390104	immune	method4_crosscohort	0.45259762	0.45259762	0.0	0.0
chr1:12195949-12196449	NPPA	NPPA	chr1	12195949	12196449	11848344	-	347855	immune	method4_crosscohort	0.4509595	0.4509595	0.0	0.0
chr1:12196590-12197090	CLCN6	CLCN6	chr1	12196590	12197090	11806095	+	390745	immune	method4_crosscohort	0.70204574	0.70204574	0.0	0.0
chr1:12196590-12197090	MIIP	MIIP	chr1	12196590	12197090	12019465	+	177375	immune	method4_crosscohort	0.6480875	0.6480875	0.0	0.0
chr1:12196590-12197090	NPPA	NPPA	chr1	12196590	12197090	11848344	-	348496	immune	method4_crosscohort	0.6891661	0.6891661	0.0	0.0
chr1:12196590-12197090	TNFRSF1B	TNFRSF1B	chr1	12196590	12197090	12166990	+	29850	immune	method4_crosscohort	0.62389475	0.62389475	0.0	0.0
chr1:12344453-12344953	MIIP	MIIP	chr1	12344453	12344953	12019465	+	325238	immune	method4_crosscohort	0.68453044	0.68453044	0.0	0.0
chr1:12344453-12344953	NPPA	NPPA	chr1	12344453	12344953	11848344	-	496359	immune	method4_crosscohort	0.7291444	0.7291444	0.0	0.0
chr1:12344453-12344953	TNFRSF1B	TNFRSF1B	chr1	12344453	12344953	12166990	+	177713	immune	method4_crosscohort	0.6791288	0.6791288	0.0	0.0
chr1:12376725-12377225	MFN2	MFN2	chr1	12376725	12377225	11980180	+	396795	immune	method4_crosscohort	-0.45679155	-0.45679155	0.0	0.0
chr1:12376725-12377225	MIIP	MIIP	chr1	12376725	12377225	12019465	+	357510	immune	method4_crosscohort	0.5666425	0.5666425	0.0	0.0
chr1:12376725-12377225	TNFRSF1B	TNFRSF1B	chr1	12376725	12377225	12166990	+	209985	immune	method4_crosscohort	0.56324977	0.56324977	0.0	0.0
chr1:12380888-12381388	MIIP	MIIP	chr1	12380888	12381388	12019465	+	361673	immune	method4_crosscohort	0.5986201	0.5986201	0.0	0.0
chr1:12380888-12381388	TNFRSF1B	TNFRSF1B	chr1	12380888	12381388	12166990	+	214148	immune	method4_crosscohort	0.60886955	0.60886955	0.0	0.0
chr1:12381429-12381929	MIIP	MIIP	chr1	12381429	12381929	12019465	+	362214	immune	method4_crosscohort	0.6111623	0.6111623	0.0	0.0
chr1:12381429-12381929	TNFRSF1B	TNFRSF1B	chr1	12381429	12381929	12166990	+	214689	immune	method4_crosscohort	0.58045423	0.58045423	0.0	0.0
chr1:12510274-12510774	MIIP	MIIP	chr1	12510274	12510774	12019465	+	491059	immune	method4_crosscohort	0.47495943	0.47495943	0.0	0.0
chr1:12595820-12596320	TNFRSF1B	TNFRSF1B	chr1	12595820	12596320	12166990	+	429080	immune	method4_crosscohort	0.4656578	0.4656578	0.0	0.0
chr1:12597720-12598220	TNFRSF1B	TNFRSF1B	chr1	12597720	12598220	12166990	+	430980	immune	method4_crosscohort	0.45747215	0.45747215	0.0	0.0
chr1:12615591-12616091	TNFRSF1B	TNFRSF1B	chr1	12615591	12616091	12166990	+	448851	immune	method4_crosscohort	0.61407185	0.61407185	0.0	0.0
chr1:13623192-13623692	PRDM2	PRDM2	chr1	13623192	13623692	13700187	+	76745	immune	method4_crosscohort	0.47943747	0.47943747	0.0	0.0
chr1:13825846-13826346	PRDM2	PRDM2	chr1	13825846	13826346	13700187	+	125909	immune	method4_crosscohort	0.5728973	0.5728973	0.0	0.0
chr1:15016435-15016935	CELA2B	CELA2B	chr1	15016435	15016935	15465908	+	449223	immune	method4_crosscohort	0.53856444	0.53856444	0.0	0.0
chr1:15112177-15112677	CASP9	CASP9	chr1	15112177	15112677	15526533	-	414106	immune	method4_crosscohort	0.6737344	0.6737344	0.0	0.0
chr1:15112177-15112677	CELA2B	CELA2B	chr1	15112177	15112677	15465908	+	353481	immune	method4_crosscohort	0.5986131	0.5986131	0.0	0.0
chr1:15112177-15112677	DNAJC16	DNAJC16	chr1	15112177	15112677	15526812	+	414385	immune	method4_crosscohort	0.53715694	0.53715694	0.0	0.0
chr1:15112177-15112677	TMEM51	TMEM51	chr1	15112177	15112677	15152531	+	40104	immune	method4_crosscohort	0.58007425	0.58007425	0.0	0.0
chr1:15128435-15128935	CASP9	CASP9	chr1	15128435	15128935	15526533	-	397848	immune	method4_crosscohort	0.56072646	0.56072646	0.0	0.0
chr1:15128435-15128935	CELA2B	CELA2B	chr1	15128435	15128935	15465908	+	337223	immune	method4_crosscohort	0.5337626	0.5337626	0.0	0.0
chr1:15128435-15128935	TMEM51	TMEM51	chr1	15128435	15128935	15152531	+	23846	immune	method4_crosscohort	0.49816114	0.49816114	0.0	0.0
chr1:15135568-15136068	CASP9	CASP9	chr1	15135568	15136068	15526533	-	390715	immune	method4_crosscohort	0.46687335	0.46687335	0.0	0.0
chr1:15135568-15136068	CELA2B	CELA2B	chr1	15135568	15136068	15465908	+	330090	immune	method4_crosscohort	0.48388937	0.48388937	0.0	0.0
chr1:15135568-15136068	TMEM51	TMEM51	chr1	15135568	15136068	15152531	+	16713	immune	method4_crosscohort	0.45466098	0.45466098	0.0	0.0
chr1:15137503-15138003	CASP9	CASP9	chr1	15137503	15138003	15526533	-	388780	immune	method4_crosscohort	0.52859056	0.52859056	0.0	0.0
chr1:15137503-15138003	CELA2B	CELA2B	chr1	15137503	15138003	15465908	+	328155	immune	method4_crosscohort	0.5000065	0.5000065	0.0	0.0
chr1:15137503-15138003	TMEM51	TMEM51	chr1	15137503	15138003	15152531	+	14778	immune	method4_crosscohort	0.49479115	0.49479115	0.0	0.0
chr1:15138119-15138619	CASP9	CASP9	chr1	15138119	15138619	15526533	-	388164	immune	method4_crosscohort	0.45467868	0.45467868	0.0	0.0
chr1:15141746-15142246	CASP9	CASP9	chr1	15141746	15142246	15526533	-	384537	immune	method4_crosscohort	0.5637365	0.5637365	0.0	0.0
chr1:15141746-15142246	CELA2B	CELA2B	chr1	15141746	15142246	15465908	+	323912	immune	method4_crosscohort	0.52584	0.52584	0.0	0.0
chr1:15141746-15142246	TMEM51	TMEM51	chr1	15141746	15142246	15152531	+	10535	immune	method4_crosscohort	0.4689898	0.4689898	0.0	0.0
chr1:15142836-15143336	CASP9	CASP9	chr1	15142836	15143336	15526533	-	383447	immune	method4_crosscohort	0.6582174	0.6582174	0.0	0.0
chr1:15142836-15143336	CELA2B	CELA2B	chr1	15142836	15143336	15465908	+	322822	immune	method4_crosscohort	0.5349025	0.5349025	0.0	0.0
chr1:15142836-15143336	DNAJC16	DNAJC16	chr1	15142836	15143336	15526812	+	383726	immune	method4_crosscohort	0.5719485	0.5719485	0.0	0.0
chr1:15142836-15143336	TMEM51	TMEM51	chr1	15142836	15143336	15152531	+	9445	immune	method4_crosscohort	0.59350824	0.59350824	0.0	0.0
chr1:15146877-15147377	CASP9	CASP9	chr1	15146877	15147377	15526533	-	379406	immune	method4_crosscohort	0.5461088	0.5461088	0.0	0.0
chr1:15146877-15147377	DNAJC16	DNAJC16	chr1	15146877	15147377	15526812	+	379685	immune	method4_crosscohort	0.526429	0.526429	0.0	0.0
chr1:15146877-15147377	EFHD2	EFHD2	chr1	15146877	15147377	15409887	+	262760	immune	method4_crosscohort	0.4534537	0.4534537	0.0	0.0
chr1:15152510-15153010	CASP9	CASP9	chr1	15152510	15153010	15526533	-	373773	immune	method4_crosscohort	0.6586464	0.6586464	0.0	0.0
chr1:15152510-15153010	CELA2B	CELA2B	chr1	15152510	15153010	15465908	+	313148	immune	method4_crosscohort	0.6182801	0.6182801	0.0	0.0
chr1:15152510-15153010	DNAJC16	DNAJC16	chr1	15152510	15153010	15526812	+	374052	immune	method4_crosscohort	0.5246056	0.5246056	0.0	0.0
chr1:15152510-15153010	FHAD1	FHAD1	chr1	15152510	15153010	15236520	+	83760	immune	method4_crosscohort	-0.46502182	-0.46502182	0.0	0.0
chr1:15152510-15153010	TMEM51	TMEM51	chr1	15152510	15153010	15152531	+	229	immune	method4_crosscohort	0.5904257	0.5904257	0.0	0.0
chr1:15153440-15153940	CASP9	CASP9	chr1	15153440	15153940	15526533	-	372843	immune	method4_crosscohort	0.6461348	0.6461348	0.0	0.0
chr1:15153440-15153940	CELA2B	CELA2B	chr1	15153440	15153940	15465908	+	312218	immune	method4_crosscohort	0.5581518	0.5581518	0.0	0.0
chr1:15153440-15153940	DNAJC16	DNAJC16	chr1	15153440	15153940	15526812	+	373122	immune	method4_crosscohort	0.5219605	0.5219605	0.0	0.0
chr1:15153440-15153940	FHAD1	FHAD1	chr1	15153440	15153940	15236520	+	82830	immune	method4_crosscohort	-0.4669276	-0.4669276	0.0	0.0
chr1:15153440-15153940	TMEM51	TMEM51	chr1	15153440	15153940	15152531	+	1159	immune	method4_crosscohort	0.5568172	0.5568172	0.0	0.0
chr1:15153963-15154463	FHAD1	FHAD1	chr1	15153963	15154463	15236520	+	82307	immune	method4_crosscohort	-0.46559355	-0.46559355	0.0	0.0
chr1:15154564-15155064	CASP9	CASP9	chr1	15154564	15155064	15526533	-	371719	immune	method4_crosscohort	0.45957687	0.45957687	0.0	0.0
chr1:15168332-15168832	CASP9	CASP9	chr1	15168332	15168832	15526533	-	357951	immune	method4_crosscohort	0.6182089	0.6182089	0.0	0.0
chr1:15168332-15168832	CELA2B	CELA2B	chr1	15168332	15168832	15465908	+	297326	immune	method4_crosscohort	0.5175117	0.5175117	0.0	0.0
chr1:15168332-15168832	DNAJC16	DNAJC16	chr1	15168332	15168832	15526812	+	358230	immune	method4_crosscohort	0.53434235	0.53434235	0.0	0.0
chr1:15168332-15168832	TMEM51	TMEM51	chr1	15168332	15168832	15152531	+	16051	immune	method4_crosscohort	0.5407807	0.5407807	0.0	0.0
chr1:15172337-15172837	CASP9	CASP9	chr1	15172337	15172837	15526533	-	353946	immune	method4_crosscohort	0.4532814	0.4532814	0.0	0.0
chr1:15172337-15172837	TMEM51	TMEM51	chr1	15172337	15172837	15152531	+	20056	immune	method4_crosscohort	0.45959914	0.45959914	0.0	0.0
chr1:15179102-15179602	CASP9	CASP9	chr1	15179102	15179602	15526533	-	347181	immune	method4_crosscohort	0.46458182	0.46458182	0.0	0.0
chr1:15179102-15179602	FHAD1	FHAD1	chr1	15179102	15179602	15236520	+	57168	immune	method4_crosscohort	-0.45994395	-0.45994395	0.0	0.0
chr1:15224233-15224733	CASP9	CASP9	chr1	15224233	15224733	15526533	-	302050	immune	method4_crosscohort	0.69124717	0.69124717	0.0	0.0
chr1:15224233-15224733	CELA2B	CELA2B	chr1	15224233	15224733	15465908	+	241425	immune	method4_crosscohort	0.6766742	0.6766742	0.0	0.0
chr1:15224233-15224733	DNAJC16	DNAJC16	chr1	15224233	15224733	15526812	+	302329	immune	method4_crosscohort	0.4892283	0.4892283	0.0	0.0
chr1:15224233-15224733	PLEKHM2	PLEKHM2	chr1	15224233	15224733	15684319	+	459836	immune	method4_crosscohort	0.58943456	0.58943456	0.0	0.0
chr1:15224233-15224733	TMEM51	TMEM51	chr1	15224233	15224733	15152531	+	71952	immune	method4_crosscohort	0.6027851	0.6027851	0.0	0.0
chr1:15224814-15225314	CASP9	CASP9	chr1	15224814	15225314	15526533	-	301469	immune	method4_crosscohort	0.6234214	0.6234214	0.0	0.0
chr1:15224814-15225314	CELA2B	CELA2B	chr1	15224814	15225314	15465908	+	240844	immune	method4_crosscohort	0.59303135	0.59303135	0.0	0.0
chr1:15224814-15225314	DNAJC16	DNAJC16	chr1	15224814	15225314	15526812	+	301748	immune	method4_crosscohort	0.4603108	0.4603108	0.0	0.0
chr1:15224814-15225314	PLEKHM2	PLEKHM2	chr1	15224814	15225314	15684319	+	459255	immune	method4_crosscohort	0.5153299	0.5153299	0.0	0.0
chr1:15224814-15225314	TMEM51	TMEM51	chr1	15224814	15225314	15152531	+	72533	immune	method4_crosscohort	0.51751703	0.51751703	0.0	0.0
chr1:15231612-15232112	CASP9	CASP9	chr1	15231612	15232112	15526533	-	294671	immune	method4_crosscohort	0.6189276	0.6189276	0.0	0.0
chr1:15231612-15232112	CELA2B	CELA2B	chr1	15231612	15232112	15465908	+	234046	immune	method4_crosscohort	0.45138603	0.45138603	0.0	0.0
chr1:15231612-15232112	DNAJC16	DNAJC16	chr1	15231612	15232112	15526812	+	294950	immune	method4_crosscohort	0.54996777	0.54996777	0.0	0.0
chr1:15231612-15232112	FHAD1	FHAD1	chr1	15231612	15232112	15236520	+	4658	immune	method4_crosscohort	-0.46828043	-0.46828043	0.0	0.0
chr1:15245877-15246377	CASP9	CASP9	chr1	15245877	15246377	15526533	-	280406	immune	method4_crosscohort	0.7405666	0.7405666	0.0	0.0
chr1:15245877-15246377	CELA2B	CELA2B	chr1	15245877	15246377	15465908	+	219781	immune	method4_crosscohort	0.6602145	0.6602145	0.0	0.0
chr1:15245877-15246377	DNAJC16	DNAJC16	chr1	15245877	15246377	15526812	+	280685	immune	method4_crosscohort	0.5923844	0.5923844	0.0	0.0
chr1:15245877-15246377	EFHD2	EFHD2	chr1	15245877	15246377	15409887	+	163760	immune	method4_crosscohort	0.46129292	0.46129292	0.0	0.0
chr1:15245877-15246377	PLEKHM2	PLEKHM2	chr1	15245877	15246377	15684319	+	438192	immune	method4_crosscohort	0.628769	0.628769	0.0	0.0
chr1:15245877-15246377	TMEM51	TMEM51	chr1	15245877	15246377	15152531	+	93596	immune	method4_crosscohort	0.6523499	0.6523499	0.0	0.0
chr1:15246944-15247444	CASP9	CASP9	chr1	15246944	15247444	15526533	-	279339	immune	method4_crosscohort	0.45972115	0.45972115	0.0	0.0
chr1:15257366-15257866	CASP9	CASP9	chr1	15257366	15257866	15526533	-	268917	immune	method4_crosscohort	0.6195723	0.6195723	0.0	0.0
chr1:15257366-15257866	CELA2B	CELA2B	chr1	15257366	15257866	15465908	+	208292	immune	method4_crosscohort	0.5739385	0.5739385	0.0	0.0
chr1:15257366-15257866	DNAJC16	DNAJC16	chr1	15257366	15257866	15526812	+	269196	immune	method4_crosscohort	0.4628219	0.4628219	0.0	0.0
chr1:15257366-15257866	PLEKHM2	PLEKHM2	chr1	15257366	15257866	15684319	+	426703	immune	method4_crosscohort	0.5300591	0.5300591	0.0	0.0
chr1:15257366-15257866	TMEM51	TMEM51	chr1	15257366	15257866	15152531	+	105085	immune	method4_crosscohort	0.5311815	0.5311815	0.0	0.0
chr1:15258126-15258626	CASP9	CASP9	chr1	15258126	15258626	15526533	-	268157	immune	method4_crosscohort	0.58671546	0.58671546	0.0	0.0
chr1:15258126-15258626	CELA2B	CELA2B	chr1	15258126	15258626	15465908	+	207532	immune	method4_crosscohort	0.6243182	0.6243182	0.0	0.0
chr1:15258126-15258626	PLEKHM2	PLEKHM2	chr1	15258126	15258626	15684319	+	425943	immune	method4_crosscohort	0.50096244	0.50096244	0.0	0.0
chr1:15258126-15258626	TMEM51	TMEM51	chr1	15258126	15258626	15152531	+	105845	immune	method4_crosscohort	0.5251543	0.5251543	0.0	0.0
chr1:15258770-15259270	CASP9	CASP9	chr1	15258770	15259270	15526533	-	267513	immune	method4_crosscohort	0.7860893	0.7860893	0.0	0.0
chr1:15258770-15259270	CELA2B	CELA2B	chr1	15258770	15259270	15465908	+	206888	immune	method4_crosscohort	0.73699033	0.73699033	0.0	0.0
chr1:15258770-15259270	DNAJC16	DNAJC16	chr1	15258770	15259270	15526812	+	267792	immune	method4_crosscohort	0.60489786	0.60489786	0.0	0.0
chr1:15258770-15259270	EFHD2	EFHD2	chr1	15258770	15259270	15409887	+	150867	immune	method4_crosscohort	0.48202628	0.48202628	0.0	0.0
chr1:15258770-15259270	PLEKHM2	PLEKHM2	chr1	15258770	15259270	15684319	+	425299	immune	method4_crosscohort	0.6932595	0.6932595	0.0	0.0
chr1:15258770-15259270	TMEM51	TMEM51	chr1	15258770	15259270	15152531	+	106489	immune	method4_crosscohort	0.6985125	0.6985125	0.0	0.0
chr1:15259504-15260004	CASP9	CASP9	chr1	15259504	15260004	15526533	-	266779	immune	method4_crosscohort	0.5232824	0.5232824	0.0	0.0
chr1:15259504-15260004	CELA2B	CELA2B	chr1	15259504	15260004	15465908	+	206154	immune	method4_crosscohort	0.5023213	0.5023213	0.0	0.0
chr1:15259504-15260004	TMEM51	TMEM51	chr1	15259504	15260004	15152531	+	107223	immune	method4_crosscohort	0.45652446	0.45652446	0.0	0.0
chr1:15260245-15260745	CASP9	CASP9	chr1	15260245	15260745	15526533	-	266038	immune	method4_crosscohort	0.6302615	0.6302615	0.0	0.0
chr1:15260245-15260745	CELA2B	CELA2B	chr1	15260245	15260745	15465908	+	205413	immune	method4_crosscohort	0.5932502	0.5932502	0.0	0.0
chr1:15260245-15260745	DNAJC16	DNAJC16	chr1	15260245	15260745	15526812	+	266317	immune	method4_crosscohort	0.4801067	0.4801067	0.0	0.0
chr1:15260245-15260745	PLEKHM2	PLEKHM2	chr1	15260245	15260745	15684319	+	423824	immune	method4_crosscohort	0.53312784	0.53312784	0.0	0.0
chr1:15260245-15260745	TMEM51	TMEM51	chr1	15260245	15260745	15152531	+	107964	immune	method4_crosscohort	0.5500009	0.5500009	0.0	0.0
chr1:15261109-15261609	CASP9	CASP9	chr1	15261109	15261609	15526533	-	265174	immune	method4_crosscohort	0.7983454	0.7983454	0.0	0.0
chr1:15261109-15261609	CELA2B	CELA2B	chr1	15261109	15261609	15465908	+	204549	immune	method4_crosscohort	0.76151633	0.76151633	0.0	0.0
chr1:15261109-15261609	DNAJC16	DNAJC16	chr1	15261109	15261609	15526812	+	265453	immune	method4_crosscohort	0.6021724	0.6021724	0.0	0.0
chr1:15261109-15261609	PLEKHM2	PLEKHM2	chr1	15261109	15261609	15684319	+	422960	immune	method4_crosscohort	0.65266085	0.65266085	0.0	0.0
chr1:15261109-15261609	TMEM51	TMEM51	chr1	15261109	15261609	15152531	+	108828	immune	method4_crosscohort	0.69185865	0.69185865	0.0	0.0
chr1:15261966-15262466	CASP9	CASP9	chr1	15261966	15262466	15526533	-	264317	immune	method4_crosscohort	0.49439707	0.49439707	0.0	0.0
chr1:15261966-15262466	CELA2B	CELA2B	chr1	15261966	15262466	15465908	+	203692	immune	method4_crosscohort	0.5063449	0.5063449	0.0	0.0
chr1:15262635-15263135	CASP9	CASP9	chr1	15262635	15263135	15526533	-	263648	immune	method4_crosscohort	0.6423503	0.6423503	0.0	0.0
chr1:15262635-15263135	CELA2B	CELA2B	chr1	15262635	15263135	15465908	+	203023	immune	method4_crosscohort	0.5078959	0.5078959	0.0	0.0
chr1:15262635-15263135	DNAJC16	DNAJC16	chr1	15262635	15263135	15526812	+	263927	immune	method4_crosscohort	0.5478029	0.5478029	0.0	0.0
chr1:15262635-15263135	PLEKHM2	PLEKHM2	chr1	15262635	15263135	15684319	+	421434	immune	method4_crosscohort	0.60024935	0.60024935	0.0	0.0
chr1:15262635-15263135	TMEM51	TMEM51	chr1	15262635	15263135	15152531	+	110354	immune	method4_crosscohort	0.5618223	0.5618223	0.0	0.0
chr1:15265300-15265800	CASP9	CASP9	chr1	15265300	15265800	15526533	-	260983	immune	method4_crosscohort	0.56216955	0.56216955	0.0	0.0
chr1:15265300-15265800	CELA2B	CELA2B	chr1	15265300	15265800	15465908	+	200358	immune	method4_crosscohort	0.50160414	0.50160414	0.0	0.0
chr1:15265300-15265800	DNAJC16	DNAJC16	chr1	15265300	15265800	15526812	+	261262	immune	method4_crosscohort	0.47465548	0.47465548	0.0	0.0
chr1:15265300-15265800	PLEKHM2	PLEKHM2	chr1	15265300	15265800	15684319	+	418769	immune	method4_crosscohort	0.52246505	0.52246505	0.0	0.0
chr1:15265300-15265800	TMEM51	TMEM51	chr1	15265300	15265800	15152531	+	113019	immune	method4_crosscohort	0.4865047	0.4865047	0.0	0.0
chr1:15266231-15266731	CASP9	CASP9	chr1	15266231	15266731	15526533	-	260052	immune	method4_crosscohort	0.46447447	0.46447447	0.0	0.0
chr1:15266231-15266731	CELA2B	CELA2B	chr1	15266231	15266731	15465908	+	199427	immune	method4_crosscohort	0.4691991	0.4691991	0.0	0.0
chr1:15272433-15272933	CASP9	CASP9	chr1	15272433	15272933	15526533	-	253850	immune	method4_crosscohort	0.6733628	0.6733628	0.0	0.0
chr1:15272433-15272933	CELA2B	CELA2B	chr1	15272433	15272933	15465908	+	193225	immune	method4_crosscohort	0.5976255	0.5976255	0.0	0.0
chr1:15272433-15272933	DNAJC16	DNAJC16	chr1	15272433	15272933	15526812	+	254129	immune	method4_crosscohort	0.50637585	0.50637585	0.0	0.0
chr1:15272433-15272933	PLEKHM2	PLEKHM2	chr1	15272433	15272933	15684319	+	411636	immune	method4_crosscohort	0.54700357	0.54700357	0.0	0.0
chr1:15272433-15272933	TMEM51	TMEM51	chr1	15272433	15272933	15152531	+	120152	immune	method4_crosscohort	0.568569	0.568569	0.0	0.0
chr1:15275856-15276356	CASP9	CASP9	chr1	15275856	15276356	15526533	-	250427	immune	method4_crosscohort	0.7777739	0.7777739	0.0	0.0
chr1:15275856-15276356	CELA2B	CELA2B	chr1	15275856	15276356	15465908	+	189802	immune	method4_crosscohort	0.66083086	0.66083086	0.0	0.0
chr1:15275856-15276356	DNAJC16	DNAJC16	chr1	15275856	15276356	15526812	+	250706	immune	method4_crosscohort	0.65284103	0.65284103	0.0	0.0
chr1:15275856-15276356	EFHD2	EFHD2	chr1	15275856	15276356	15409887	+	133781	immune	method4_crosscohort	0.49578315	0.49578315	0.0	0.0
chr1:15275856-15276356	PLEKHM2	PLEKHM2	chr1	15275856	15276356	15684319	+	408213	immune	method4_crosscohort	0.708659	0.708659	0.0	0.0
chr1:15275856-15276356	TMEM51	TMEM51	chr1	15275856	15276356	15152531	+	123575	immune	method4_crosscohort	0.70115066	0.70115066	0.0	0.0
chr1:15276676-15277176	CASP9	CASP9	chr1	15276676	15277176	15526533	-	249607	immune	method4_crosscohort	0.5147692	0.5147692	0.0	0.0
chr1:15276676-15277176	CELA2B	CELA2B	chr1	15276676	15277176	15465908	+	188982	immune	method4_crosscohort	0.5231601	0.5231601	0.0	0.0
chr1:15277465-15277965	CASP9	CASP9	chr1	15277465	15277965	15526533	-	248818	immune	method4_crosscohort	0.6018302	0.6018302	0.0	0.0
chr1:15277465-15277965	CELA2B	CELA2B	chr1	15277465	15277965	15465908	+	188193	immune	method4_crosscohort	0.5335738	0.5335738	0.0	0.0
chr1:15277465-15277965	DNAJC16	DNAJC16	chr1	15277465	15277965	15526812	+	249097	immune	method4_crosscohort	0.48125952	0.48125952	0.0	0.0
chr1:15277465-15277965	PLEKHM2	PLEKHM2	chr1	15277465	15277965	15684319	+	406604	immune	method4_crosscohort	0.5347971	0.5347971	0.0	0.0
chr1:15277465-15277965	TMEM51	TMEM51	chr1	15277465	15277965	15152531	+	125184	immune	method4_crosscohort	0.545271	0.545271	0.0	0.0
chr1:15328771-15329271	CASP9	CASP9	chr1	15328771	15329271	15526533	-	197512	immune	method4_crosscohort	0.7683186	0.7683186	0.0	0.0
chr1:15328771-15329271	CELA2B	CELA2B	chr1	15328771	15329271	15465908	+	136887	immune	method4_crosscohort	0.660964	0.660964	0.0	0.0
chr1:15328771-15329271	DNAJC16	DNAJC16	chr1	15328771	15329271	15526812	+	197791	immune	method4_crosscohort	0.6409121	0.6409121	0.0	0.0
chr1:15328771-15329271	EFHD2	EFHD2	chr1	15328771	15329271	15409887	+	80866	immune	method4_crosscohort	0.47018552	0.47018552	0.0	0.0
chr1:15328771-15329271	PLEKHM2	PLEKHM2	chr1	15328771	15329271	15684319	+	355298	immune	method4_crosscohort	0.67710435	0.67710435	0.0	0.0
chr1:15328771-15329271	TMEM51	TMEM51	chr1	15328771	15329271	15152531	+	176490	immune	method4_crosscohort	0.6390719	0.6390719	0.0	0.0
chr1:15328771-15329271	UQCRHL	UQCRHL	chr1	15328771	15329271	15809347	-	480326	immune	method4_crosscohort	0.6845619	0.6845619	0.0	0.0
chr1:15329390-15329890	CASP9	CASP9	chr1	15329390	15329890	15526533	-	196893	immune	method4_crosscohort	0.46374825	0.46374825	0.0	0.0
chr1:15329390-15329890	CELA2B	CELA2B	chr1	15329390	15329890	15465908	+	136268	immune	method4_crosscohort	0.454909	0.454909	0.0	0.0
chr1:15329390-15329890	TMEM51	TMEM51	chr1	15329390	15329890	15152531	+	177109	immune	method4_crosscohort	0.45934123	0.45934123	0.0	0.0
chr1:15329390-15329890	UQCRHL	UQCRHL	chr1	15329390	15329890	15809347	-	479707	immune	method4_crosscohort	0.4637288	0.4637288	0.0	0.0
chr1:15411592-15412092	CASP9	CASP9	chr1	15411592	15412092	15526533	-	114691	immune	method4_crosscohort	0.54499245	0.54499245	0.0	0.0
chr1:15411592-15412092	CELA2B	CELA2B	chr1	15411592	15412092	15465908	+	54066	immune	method4_crosscohort	0.49379697	0.49379697	0.0	0.0
chr1:15411592-15412092	PLEKHM2	PLEKHM2	chr1	15411592	15412092	15684319	+	272477	immune	method4_crosscohort	0.47239476	0.47239476	0.0	0.0
chr1:15411592-15412092	TMEM51	TMEM51	chr1	15411592	15412092	15152531	+	259311	immune	method4_crosscohort	0.56359845	0.56359845	0.0	0.0
chr1:15411592-15412092	UQCRHL	UQCRHL	chr1	15411592	15412092	15809347	-	397505	immune	method4_crosscohort	0.51048565	0.51048565	0.0	0.0
chr1:15415894-15416394	CASP9	CASP9	chr1	15415894	15416394	15526533	-	110389	immune	method4_crosscohort	0.63530207	0.63530207	0.0	0.0
chr1:15415894-15416394	CELA2B	CELA2B	chr1	15415894	15416394	15465908	+	49764	immune	method4_crosscohort	0.5743874	0.5743874	0.0	0.0
chr1:15415894-15416394	DNAJC16	DNAJC16	chr1	15415894	15416394	15526812	+	110668	immune	method4_crosscohort	0.48136124	0.48136124	0.0	0.0
chr1:15415894-15416394	PLEKHM2	PLEKHM2	chr1	15415894	15416394	15684319	+	268175	immune	method4_crosscohort	0.5342418	0.5342418	0.0	0.0
chr1:15415894-15416394	TMEM51	TMEM51	chr1	15415894	15416394	15152531	+	263613	immune	method4_crosscohort	0.59373784	0.59373784	0.0	0.0
chr1:15415894-15416394	UQCRHL	UQCRHL	chr1	15415894	15416394	15809347	-	393203	immune	method4_crosscohort	0.5904629	0.5904629	0.0	0.0
chr1:15417442-15417942	CASP9	CASP9	chr1	15417442	15417942	15526533	-	108841	immune	method4_crosscohort	0.631631	0.631631	0.0	0.0
chr1:15417442-15417942	CELA2B	CELA2B	chr1	15417442	15417942	15465908	+	48216	immune	method4_crosscohort	0.6041246	0.6041246	0.0	0.0
chr1:15417442-15417942	PLEKHM2	PLEKHM2	chr1	15417442	15417942	15684319	+	266627	immune	method4_crosscohort	0.538477	0.538477	0.0	0.0
chr1:15417442-15417942	TMEM51	TMEM51	chr1	15417442	15417942	15152531	+	265161	immune	method4_crosscohort	0.66123086	0.66123086	0.0	0.0
chr1:15417442-15417942	UQCRHL	UQCRHL	chr1	15417442	15417942	15809347	-	391655	immune	method4_crosscohort	0.619382	0.619382	0.0	0.0
chr1:15421527-15422027	CASP9	CASP9	chr1	15421527	15422027	15526533	-	104756	immune	method4_crosscohort	0.54135776	0.54135776	0.0	0.0
chr1:15421527-15422027	CELA2B	CELA2B	chr1	15421527	15422027	15465908	+	44131	immune	method4_crosscohort	0.542521	0.542521	0.0	0.0
chr1:15421527-15422027	TMEM51	TMEM51	chr1	15421527	15422027	15152531	+	269246	immune	method4_crosscohort	0.49809885	0.49809885	0.0	0.0
chr1:15421527-15422027	UQCRHL	UQCRHL	chr1	15421527	15422027	15809347	-	387570	immune	method4_crosscohort	0.5510525	0.5510525	0.0	0.0
chr1:15434681-15435181	CASP9	CASP9	chr1	15434681	15435181	15526533	-	91602	immune	method4_crosscohort	0.613784	0.613784	0.0	0.0
chr1:15434681-15435181	CELA2B	CELA2B	chr1	15434681	15435181	15465908	+	30977	immune	method4_crosscohort	0.6105379	0.6105379	0.0	0.0
chr1:15434681-15435181	PLEKHM2	PLEKHM2	chr1	15434681	15435181	15684319	+	249388	immune	method4_crosscohort	0.5152768	0.5152768	0.0	0.0
chr1:15434681-15435181	TMEM51	TMEM51	chr1	15434681	15435181	15152531	+	282400	immune	method4_crosscohort	0.56418765	0.56418765	0.0	0.0
chr1:15434681-15435181	UQCRHL	UQCRHL	chr1	15434681	15435181	15809347	-	374416	immune	method4_crosscohort	0.6187588	0.6187588	0.0	0.0
chr1:15579612-15580112	CASP9	CASP9	chr1	15579612	15580112	15526533	-	53329	immune	method4_crosscohort	0.496548	0.496548	0.0	0.0
chr1:15579612-15580112	DNAJC16	DNAJC16	chr1	15579612	15580112	15526812	+	53050	immune	method4_crosscohort	0.4646222	0.4646222	0.0	0.0
chr1:15616639-15617139	CASP9	CASP9	chr1	15616639	15617139	15526533	-	90356	immune	method4_crosscohort	0.53688616	0.53688616	0.0	0.0
chr1:15616639-15617139	CELA2B	CELA2B	chr1	15616639	15617139	15465908	+	150981	immune	method4_crosscohort	0.4597283	0.4597283	0.0	0.0
chr1:15616639-15617139	UQCRHL	UQCRHL	chr1	15616639	15617139	15809347	-	192458	immune	method4_crosscohort	0.47706664	0.47706664	0.0	0.0
chr1:15618665-15619165	CASP9	CASP9	chr1	15618665	15619165	15526533	-	92382	immune	method4_crosscohort	0.5128465	0.5128465	0.0	0.0
chr1:15618665-15619165	DNAJC16	DNAJC16	chr1	15618665	15619165	15526812	+	92103	immune	method4_crosscohort	0.45768875	0.45768875	0.0	0.0
chr1:15626224-15626724	CASP9	CASP9	chr1	15626224	15626724	15526533	-	99941	immune	method4_crosscohort	0.687189	0.687189	0.0	0.0
chr1:15626224-15626724	CELA2B	CELA2B	chr1	15626224	15626724	15465908	+	160566	immune	method4_crosscohort	0.62276566	0.62276566	0.0	0.0
chr1:15626224-15626724	DNAJC16	DNAJC16	chr1	15626224	15626724	15526812	+	99662	immune	method4_crosscohort	0.5813528	0.5813528	0.0	0.0
chr1:15626224-15626724	PLEKHM2	PLEKHM2	chr1	15626224	15626724	15684319	+	57845	immune	method4_crosscohort	0.6135325	0.6135325	0.0	0.0
chr1:15626224-15626724	TMEM51	TMEM51	chr1	15626224	15626724	15152531	+	473943	immune	method4_crosscohort	0.6146024	0.6146024	0.0	0.0
chr1:15626224-15626724	UQCRHL	UQCRHL	chr1	15626224	15626724	15809347	-	182873	immune	method4_crosscohort	0.6446737	0.6446737	0.0	0.0
chr1:15656936-15657436	CASP9	CASP9	chr1	15656936	15657436	15526533	-	130653	immune	method4_crosscohort	0.6056625	0.6056625	0.0	0.0
chr1:15656936-15657436	CELA2B	CELA2B	chr1	15656936	15657436	15465908	+	191278	immune	method4_crosscohort	0.5199468	0.5199468	0.0	0.0
chr1:15656936-15657436	DNAJC16	DNAJC16	chr1	15656936	15657436	15526812	+	130374	immune	method4_crosscohort	0.5172664	0.5172664	0.0	0.0
chr1:15656936-15657436	PLEKHM2	PLEKHM2	chr1	15656936	15657436	15684319	+	27133	immune	method4_crosscohort	0.55112165	0.55112165	0.0	0.0
chr1:15656936-15657436	UQCRHL	UQCRHL	chr1	15656936	15657436	15809347	-	152161	immune	method4_crosscohort	0.5354618	0.5354618	0.0	0.0
chr1:15674770-15675270	CASP9	CASP9	chr1	15674770	15675270	15526533	-	148487	immune	method4_crosscohort	0.6620293	0.6620293	0.0	0.0
chr1:15674770-15675270	CELA2B	CELA2B	chr1	15674770	15675270	15465908	+	209112	immune	method4_crosscohort	0.6186555	0.6186555	0.0	0.0
chr1:15674770-15675270	DNAJC16	DNAJC16	chr1	15674770	15675270	15526812	+	148208	immune	method4_crosscohort	0.51154447	0.51154447	0.0	0.0
chr1:15674770-15675270	PLEKHM2	PLEKHM2	chr1	15674770	15675270	15684319	+	9299	immune	method4_crosscohort	0.55916023	0.55916023	0.0	0.0
chr1:15674770-15675270	UQCRHL	UQCRHL	chr1	15674770	15675270	15809347	-	134327	immune	method4_crosscohort	0.642826	0.642826	0.0	0.0
chr1:15675993-15676493	CASP9	CASP9	chr1	15675993	15676493	15526533	-	149710	immune	method4_crosscohort	0.54865295	0.54865295	0.0	0.0
chr1:15675993-15676493	CELA2B	CELA2B	chr1	15675993	15676493	15465908	+	210335	immune	method4_crosscohort	0.52894783	0.52894783	0.0	0.0
chr1:15675993-15676493	PLEKHM2	PLEKHM2	chr1	15675993	15676493	15684319	+	8076	immune	method4_crosscohort	0.4615349	0.4615349	0.0	0.0
chr1:15675993-15676493	UQCRHL	UQCRHL	chr1	15675993	15676493	15809347	-	133104	immune	method4_crosscohort	0.54053175	0.54053175	0.0	0.0
chr1:15680642-15681142	CASP9	CASP9	chr1	15680642	15681142	15526533	-	154359	immune	method4_crosscohort	0.5194782	0.5194782	0.0	0.0
chr1:15680642-15681142	CELA2B	CELA2B	chr1	15680642	15681142	15465908	+	214984	immune	method4_crosscohort	0.50661	0.50661	0.0	0.0
chr1:15680642-15681142	UQCRHL	UQCRHL	chr1	15680642	15681142	15809347	-	128455	immune	method4_crosscohort	0.5207362	0.5207362	0.0	0.0
chr1:15682226-15682726	CASP9	CASP9	chr1	15682226	15682726	15526533	-	155943	immune	method4_crosscohort	0.7229234	0.7229234	0.0	0.0
chr1:15682226-15682726	CELA2B	CELA2B	chr1	15682226	15682726	15465908	+	216568	immune	method4_crosscohort	0.6713457	0.6713457	0.0	0.0
chr1:15682226-15682726	DNAJC16	DNAJC16	chr1	15682226	15682726	15526812	+	155664	immune	method4_crosscohort	0.6089509	0.6089509	0.0	0.0
chr1:15682226-15682726	EFHD2	EFHD2	chr1	15682226	15682726	15409887	+	272589	immune	method4_crosscohort	0.46703354	0.46703354	0.0	0.0
chr1:15682226-15682726	PLEKHM2	PLEKHM2	chr1	15682226	15682726	15684319	+	1843	immune	method4_crosscohort	0.6457981	0.6457981	0.0	0.0
chr1:15682226-15682726	UQCRHL	UQCRHL	chr1	15682226	15682726	15809347	-	126871	immune	method4_crosscohort	0.6871373	0.6871373	0.0	0.0
chr1:15684551-15685051	CASP9	CASP9	chr1	15684551	15685051	15526533	-	158268	immune	method4_crosscohort	0.4924224	0.4924224	0.0	0.0
chr1:15703504-15704004	CASP9	CASP9	chr1	15703504	15704004	15526533	-	177221	immune	method4_crosscohort	0.5374748	0.5374748	0.0	0.0
chr1:15703504-15704004	CELA2B	CELA2B	chr1	15703504	15704004	15465908	+	237846	immune	method4_crosscohort	0.4792524	0.4792524	0.0	0.0
chr1:15703504-15704004	PLEKHM2	PLEKHM2	chr1	15703504	15704004	15684319	+	19435	immune	method4_crosscohort	0.46850264	0.46850264	0.0	0.0
chr1:15703504-15704004	UQCRHL	UQCRHL	chr1	15703504	15704004	15809347	-	105593	immune	method4_crosscohort	0.48951557	0.48951557	0.0	0.0
chr1:15780658-15781158	CASP9	CASP9	chr1	15780658	15781158	15526533	-	254375	immune	method4_crosscohort	0.6579708	0.6579708	0.0	0.0
chr1:15780658-15781158	CELA2B	CELA2B	chr1	15780658	15781158	15465908	+	315000	immune	method4_crosscohort	0.6252723	0.6252723	0.0	0.0
chr1:15780658-15781158	DNAJC16	DNAJC16	chr1	15780658	15781158	15526812	+	254096	immune	method4_crosscohort	0.5663638	0.5663638	0.0	0.0
chr1:15780658-15781158	PLEKHM2	PLEKHM2	chr1	15780658	15781158	15684319	+	96589	immune	method4_crosscohort	0.53256583	0.53256583	0.0	0.0
chr1:15780658-15781158	UQCRHL	UQCRHL	chr1	15780658	15781158	15809347	-	28439	immune	method4_crosscohort	0.6436265	0.6436265	0.0	0.0
chr1:15788497-15788997	CASP9	CASP9	chr1	15788497	15788997	15526533	-	262214	immune	method4_crosscohort	0.51221895	0.51221895	0.0	0.0
chr1:15788497-15788997	CELA2B	CELA2B	chr1	15788497	15788997	15465908	+	322839	immune	method4_crosscohort	0.5778255	0.5778255	0.0	0.0
chr1:15788497-15788997	UQCRHL	UQCRHL	chr1	15788497	15788997	15809347	-	20600	immune	method4_crosscohort	0.5826035	0.5826035	0.0	0.0
chr1:15794965-15795465	FBLIM1	FBLIM1	chr1	15794965	15795465	15756606	+	38609	immune	method4_crosscohort	0.5241783	0.5241783	0.0	0.0
chr1:15800035-15800535	FBLIM1	FBLIM1	chr1	15800035	15800535	15756606	+	43679	immune	method4_crosscohort	0.5567122	0.5567122	0.0	0.0
chr1:15837321-15837821	CASP9	CASP9	chr1	15837321	15837821	15526533	-	311038	immune	method4_crosscohort	0.50043714	0.50043714	0.0	0.0
chr1:15885650-15886150	CASP9	CASP9	chr1	15885650	15886150	15526533	-	359367	immune	method4_crosscohort	0.6028528	0.6028528	0.0	0.0
chr1:15885650-15886150	CELA2B	CELA2B	chr1	15885650	15886150	15465908	+	419992	immune	method4_crosscohort	0.5746104	0.5746104	0.0	0.0
chr1:15885650-15886150	PLEKHM2	PLEKHM2	chr1	15885650	15886150	15684319	+	201581	immune	method4_crosscohort	0.4709542	0.4709542	0.0	0.0
chr1:15885650-15886150	UQCRHL	UQCRHL	chr1	15885650	15886150	15809347	-	76553	immune	method4_crosscohort	0.5869558	0.5869558	0.0	0.0
chr1:15886241-15886741	CASP9	CASP9	chr1	15886241	15886741	15526533	-	359958	immune	method4_crosscohort	0.7194395	0.7194395	0.0	0.0
chr1:15886241-15886741	CELA2B	CELA2B	chr1	15886241	15886741	15465908	+	420583	immune	method4_crosscohort	0.6932334	0.6932334	0.0	0.0
chr1:15886241-15886741	DNAJC16	DNAJC16	chr1	15886241	15886741	15526812	+	359679	immune	method4_crosscohort	0.5485921	0.5485921	0.0	0.0
chr1:15886241-15886741	FBXO42	FBXO42	chr1	15886241	15886741	16352479	-	465988	immune	method4_crosscohort	0.566211	0.566211	0.0	0.0
chr1:15886241-15886741	PLEKHM2	PLEKHM2	chr1	15886241	15886741	15684319	+	202172	immune	method4_crosscohort	0.559903	0.559903	0.0	0.0
chr1:15886241-15886741	UQCRHL	UQCRHL	chr1	15886241	15886741	15809347	-	77144	immune	method4_crosscohort	0.70576656	0.70576656	0.0	0.0
chr1:16143434-16143934	FBLIM1	FBLIM1	chr1	16143434	16143934	15756606	+	387078	immune	method4_crosscohort	0.47859284	0.47859284	0.0	0.0
chr1:16143434-16143934	NBPF1	NBPF1	chr1	16143434	16143934	16613561	-	469877	immune	method4_crosscohort	0.5201435	0.5201435	0.0	0.0
chr1:16173037-16173537	UQCRHL	UQCRHL	chr1	16173037	16173537	15809347	-	363940	immune	method4_crosscohort	0.47397602	0.47397602	0.0	0.0
chr1:16293495-16293995	FBXO42	FBXO42	chr1	16293495	16293995	16352479	-	58734	immune	method4_crosscohort	0.610702	0.610702	0.0	0.0
chr1:16293495-16293995	SPATA21	SPATA21	chr1	16293495	16293995	16437423	-	143678	immune	method4_crosscohort	0.6405212	0.6405212	0.0	0.0
chr1:16293495-16293995	UQCRHL	UQCRHL	chr1	16293495	16293995	15809347	-	484398	immune	method4_crosscohort	0.64599425	0.64599425	0.0	0.0
chr1:16296612-16297112	SPATA21	SPATA21	chr1	16296612	16297112	16437423	-	140561	immune	method4_crosscohort	0.45235637	0.45235637	0.0	0.0
chr1:16318518-16319018	FBXO42	FBXO42	chr1	16318518	16319018	16352479	-	33711	immune	method4_crosscohort	0.6889006	0.6889006	0.0	0.0
chr1:16318518-16319018	SPATA21	SPATA21	chr1	16318518	16319018	16437423	-	118655	immune	method4_crosscohort	0.76121026	0.76121026	0.0	0.0
chr1:16442150-16442650	FBXO42	FBXO42	chr1	16442150	16442650	16352479	-	89921	immune	method4_crosscohort	0.65693843	0.65693843	0.0	0.0
chr1:16442150-16442650	SPATA21	SPATA21	chr1	16442150	16442650	16437423	-	4977	immune	method4_crosscohort	0.7100658	0.7100658	0.0	0.0
chr1:16442755-16443255	SPATA21	SPATA21	chr1	16442755	16443255	16437423	-	5582	immune	method4_crosscohort	0.48804268	0.48804268	0.0	0.0
chr1:16443873-16444373	FBXO42	FBXO42	chr1	16443873	16444373	16352479	-	91644	immune	method4_crosscohort	0.5439602	0.5439602	0.0	0.0
chr1:16443873-16444373	SPATA21	SPATA21	chr1	16443873	16444373	16437423	-	6700	immune	method4_crosscohort	0.59202623	0.59202623	0.0	0.0
chr1:16444413-16444913	FBXO42	FBXO42	chr1	16444413	16444913	16352479	-	92184	immune	method4_crosscohort	0.5660341	0.5660341	0.0	0.0
chr1:16444413-16444913	SPATA21	SPATA21	chr1	16444413	16444913	16437423	-	7240	immune	method4_crosscohort	0.5894249	0.5894249	0.0	0.0
chr1:16500556-16501056	FBXO42	FBXO42	chr1	16500556	16501056	16352479	-	148327	immune	method4_crosscohort	0.47988877	0.47988877	0.0	0.0
chr1:16500556-16501056	SPATA21	SPATA21	chr1	16500556	16501056	16437423	-	63383	immune	method4_crosscohort	0.48332372	0.48332372	0.0	0.0
chr1:16613370-16613870	ARHGEF19	ARHGEF19	chr1	16613370	16613870	16212651	-	400969	immune	method4_crosscohort	-0.5032432	-0.5032432	0.0	0.0
chr1:16613370-16613870	MFAP2	MFAP2	chr1	16613370	16613870	16980631	-	367011	immune	method4_crosscohort	-0.57883114	-0.57883114	0.0	0.0
chr1:16613370-16613870	SDHB	SDHB	chr1	16613370	16613870	17054031	-	440411	immune	method4_crosscohort	0.46709806	0.46709806	0.0	0.0
chr1:16620959-16621459	MFAP2	MFAP2	chr1	16620959	16621459	16980631	-	359422	immune	method4_crosscohort	-0.46146265	-0.46146265	0.0	0.0
chr1:16624000-16624500	NBPF1	NBPF1	chr1	16624000	16624500	16613561	-	10689	immune	method4_crosscohort	0.61627537	0.61627537	0.0	0.0
chr1:16624000-16624500	PADI2	PADI2	chr1	16624000	16624500	17119450	-	495200	immune	method4_crosscohort	0.5305098	0.5305098	0.0	0.0
chr1:16889236-16889736	MFAP2	MFAP2	chr1	16889236	16889736	16980631	-	91145	immune	method4_crosscohort	-0.4805186	-0.4805186	0.0	0.0
chr1:16889236-16889736	PADI1	PADI1	chr1	16889236	16889736	17205127	+	315641	immune	method4_crosscohort	0.57672685	0.57672685	0.0	0.0
chr1:16889236-16889736	PADI4	PADI4	chr1	16889236	16889736	17308194	+	418708	immune	method4_crosscohort	0.47545198	0.47545198	0.0	0.0
chr1:16889236-16889736	SDHB	SDHB	chr1	16889236	16889736	17054031	-	164545	immune	method4_crosscohort	0.5151077	0.5151077	0.0	0.0
chr1:16889236-16889736	SPATA21	SPATA21	chr1	16889236	16889736	16437423	-	452063	immune	method4_crosscohort	0.5313359	0.5313359	0.0	0.0
chr1:17009639-17010139	PADI1	PADI1	chr1	17009639	17010139	17205127	+	195238	immune	method4_crosscohort	0.51236194	0.51236194	0.0	0.0
chr1:17009639-17010139	PADI4	PADI4	chr1	17009639	17010139	17308194	+	298305	immune	method4_crosscohort	0.47372285	0.47372285	0.0	0.0
chr1:17013793-17014293	ATP13A2	ATP13A2	chr1	17013793	17014293	17011927	-	2116	immune	method4_crosscohort	0.46877798	0.46877798	0.0	0.0
chr1:17013793-17014293	MFAP2	MFAP2	chr1	17013793	17014293	16980631	-	33412	immune	method4_crosscohort	-0.52723074	-0.52723074	0.0	0.0
chr1:17013793-17014293	PADI1	PADI1	chr1	17013793	17014293	17205127	+	191084	immune	method4_crosscohort	0.4716594	0.4716594	0.0	0.0
chr1:17013793-17014293	PADI3	PADI3	chr1	17013793	17014293	17249097	+	235054	immune	method4_crosscohort	-0.4507126	-0.4507126	0.0	0.0
chr1:17013793-17014293	SDHB	SDHB	chr1	17013793	17014293	17054031	-	39988	immune	method4_crosscohort	0.50883126	0.50883126	0.0	0.0
chr1:17023139-17023639	ATP13A2	ATP13A2	chr1	17023139	17023639	17011927	-	11462	immune	method4_crosscohort	0.45264128	0.45264128	0.0	0.0
chr1:17023139-17023639	PADI1	PADI1	chr1	17023139	17023639	17205127	+	181738	immune	method4_crosscohort	0.65257156	0.65257156	0.0	0.0
chr1:17023139-17023639	PADI4	PADI4	chr1	17023139	17023639	17308194	+	284805	immune	method4_crosscohort	0.51162297	0.51162297	0.0	0.0
chr1:17023139-17023639	RCC2	RCC2	chr1	17023139	17023639	17439676	-	416287	immune	method4_crosscohort	0.50680673	0.50680673	0.0	0.0
chr1:17023139-17023639	SDHB	SDHB	chr1	17023139	17023639	17054031	-	30642	immune	method4_crosscohort	0.5630841	0.5630841	0.0	0.0
chr1:17030248-17030748	ATP13A2	ATP13A2	chr1	17030248	17030748	17011927	-	18571	immune	method4_crosscohort	0.49274012	0.49274012	0.0	0.0
chr1:17030248-17030748	PADI1	PADI1	chr1	17030248	17030748	17205127	+	174629	immune	method4_crosscohort	0.65210587	0.65210587	0.0	0.0
chr1:17030248-17030748	PADI4	PADI4	chr1	17030248	17030748	17308194	+	277696	immune	method4_crosscohort	0.5797122	0.5797122	0.0	0.0
chr1:17030248-17030748	RCC2	RCC2	chr1	17030248	17030748	17439676	-	409178	immune	method4_crosscohort	0.48326728	0.48326728	0.0	0.0
chr1:17030248-17030748	SDHB	SDHB	chr1	17030248	17030748	17054031	-	23533	immune	method4_crosscohort	0.5355918	0.5355918	0.0	0.0
chr1:17045064-17045564	ATP13A2	ATP13A2	chr1	17045064	17045564	17011927	-	33387	immune	method4_crosscohort	0.54974324	0.54974324	0.0	0.0
chr1:17045064-17045564	MFAP2	MFAP2	chr1	17045064	17045564	16980631	-	64683	immune	method4_crosscohort	-0.53578085	-0.53578085	0.0	0.0
chr1:17045064-17045564	PADI1	PADI1	chr1	17045064	17045564	17205127	+	159813	immune	method4_crosscohort	0.63588	0.63588	0.0	0.0
chr1:17045064-17045564	PADI4	PADI4	chr1	17045064	17045564	17308194	+	262880	immune	method4_crosscohort	0.5420244	0.5420244	0.0	0.0
chr1:17045064-17045564	RCC2	RCC2	chr1	17045064	17045564	17439676	-	394362	immune	method4_crosscohort	0.53329414	0.53329414	0.0	0.0
chr1:17045064-17045564	SDHB	SDHB	chr1	17045064	17045564	17054031	-	8717	immune	method4_crosscohort	0.58294314	0.58294314	0.0	0.0
chr1:17059575-17060075	MFAP2	MFAP2	chr1	17059575	17060075	16980631	-	79194	immune	method4_crosscohort	-0.49701425	-0.49701425	0.0	0.0
chr1:17065619-17066119	ATP13A2	ATP13A2	chr1	17065619	17066119	17011927	-	53942	immune	method4_crosscohort	0.4914451	0.4914451	0.0	0.0
chr1:17065619-17066119	MFAP2	MFAP2	chr1	17065619	17066119	16980631	-	85238	immune	method4_crosscohort	-0.46066245	-0.46066245	0.0	0.0
chr1:17065619-17066119	PADI1	PADI1	chr1	17065619	17066119	17205127	+	139258	immune	method4_crosscohort	0.6348122	0.6348122	0.0	0.0
chr1:17065619-17066119	PADI4	PADI4	chr1	17065619	17066119	17308194	+	242325	immune	method4_crosscohort	0.5497893	0.5497893	0.0	0.0
chr1:17065619-17066119	RCC2	RCC2	chr1	17065619	17066119	17439676	-	373807	immune	method4_crosscohort	0.5593575	0.5593575	0.0	0.0
chr1:17065619-17066119	SDHB	SDHB	chr1	17065619	17066119	17054031	-	11838	immune	method4_crosscohort	0.5731504	0.5731504	0.0	0.0
chr1:17066926-17067426	ATP13A2	ATP13A2	chr1	17066926	17067426	17011927	-	55249	immune	method4_crosscohort	0.47888827	0.47888827	0.0	0.0
chr1:17066926-17067426	PADI1	PADI1	chr1	17066926	17067426	17205127	+	137951	immune	method4_crosscohort	0.6287833	0.6287833	0.0	0.0
chr1:17066926-17067426	PADI4	PADI4	chr1	17066926	17067426	17308194	+	241018	immune	method4_crosscohort	0.5276069	0.5276069	0.0	0.0
chr1:17066926-17067426	RCC2	RCC2	chr1	17066926	17067426	17439676	-	372500	immune	method4_crosscohort	0.534905	0.534905	0.0	0.0
chr1:17066926-17067426	SDHB	SDHB	chr1	17066926	17067426	17054031	-	13145	immune	method4_crosscohort	0.53270555	0.53270555	0.0	0.0
chr1:17119289-17119789	MFAP2	MFAP2	chr1	17119289	17119789	16980631	-	138908	immune	method4_crosscohort	-0.48790073	-0.48790073	0.0	0.0
chr1:17125734-17126234	MFAP2	MFAP2	chr1	17125734	17126234	16980631	-	145353	immune	method4_crosscohort	-0.4706381	-0.4706381	0.0	0.0
chr1:17125734-17126234	PADI1	PADI1	chr1	17125734	17126234	17205127	+	79143	immune	method4_crosscohort	0.45054758	0.45054758	0.0	0.0
chr1:17128301-17128801	ATP13A2	ATP13A2	chr1	17128301	17128801	17011927	-	116624	immune	method4_crosscohort	0.4936158	0.4936158	0.0	0.0
chr1:17128301-17128801	MFAP2	MFAP2	chr1	17128301	17128801	16980631	-	147920	immune	method4_crosscohort	-0.4754134	-0.4754134	0.0	0.0
chr1:17128301-17128801	PADI1	PADI1	chr1	17128301	17128801	17205127	+	76576	immune	method4_crosscohort	0.5608366	0.5608366	0.0	0.0
chr1:17128301-17128801	PADI4	PADI4	chr1	17128301	17128801	17308194	+	179643	immune	method4_crosscohort	0.4923753	0.4923753	0.0	0.0
chr1:17128301-17128801	SDHB	SDHB	chr1	17128301	17128801	17054031	-	74520	immune	method4_crosscohort	0.4966959	0.4966959	0.0	0.0
chr1:17141747-17142247	ATP13A2	ATP13A2	chr1	17141747	17142247	17011927	-	130070	immune	method4_crosscohort	0.5303292	0.5303292	0.0	0.0
chr1:17141747-17142247	MFAP2	MFAP2	chr1	17141747	17142247	16980631	-	161366	immune	method4_crosscohort	-0.5192875	-0.5192875	0.0	0.0
chr1:17141747-17142247	PADI1	PADI1	chr1	17141747	17142247	17205127	+	63130	immune	method4_crosscohort	0.61686486	0.61686486	0.0	0.0
chr1:17141747-17142247	PADI4	PADI4	chr1	17141747	17142247	17308194	+	166197	immune	method4_crosscohort	0.50600034	0.50600034	0.0	0.0
chr1:17141747-17142247	RCC2	RCC2	chr1	17141747	17142247	17439676	-	297679	immune	method4_crosscohort	0.45689404	0.45689404	0.0	0.0
chr1:17141747-17142247	SDHB	SDHB	chr1	17141747	17142247	17054031	-	87966	immune	method4_crosscohort	0.57249767	0.57249767	0.0	0.0
chr1:17206973-17207473	ATP13A2	ATP13A2	chr1	17206973	17207473	17011927	-	195296	immune	method4_crosscohort	0.5570209	0.5570209	0.0	0.0
chr1:17206973-17207473	MFAP2	MFAP2	chr1	17206973	17207473	16980631	-	226592	immune	method4_crosscohort	-0.5453102	-0.5453102	0.0	0.0
chr1:17206973-17207473	PADI1	PADI1	chr1	17206973	17207473	17205127	+	2096	immune	method4_crosscohort	0.6728175	0.6728175	0.0	0.0
chr1:17206973-17207473	PADI4	PADI4	chr1	17206973	17207473	17308194	+	100971	immune	method4_crosscohort	0.568272	0.568272	0.0	0.0
chr1:17206973-17207473	RCC2	RCC2	chr1	17206973	17207473	17439676	-	232453	immune	method4_crosscohort	0.5413058	0.5413058	0.0	0.0
chr1:17206973-17207473	SDHB	SDHB	chr1	17206973	17207473	17054031	-	153192	immune	method4_crosscohort	0.6220665	0.6220665	0.0	0.0
chr1:17365167-17365667	ATP13A2	ATP13A2	chr1	17365167	17365667	17011927	-	353490	immune	method4_crosscohort	0.49895296	0.49895296	0.0	0.0
chr1:17365167-17365667	MFAP2	MFAP2	chr1	17365167	17365667	16980631	-	384786	immune	method4_crosscohort	-0.49679777	-0.49679777	0.0	0.0
chr1:17365167-17365667	PADI1	PADI1	chr1	17365167	17365667	17205127	+	160290	immune	method4_crosscohort	0.5978853	0.5978853	0.0	0.0
chr1:17365167-17365667	PADI4	PADI4	chr1	17365167	17365667	17308194	+	57223	immune	method4_crosscohort	0.5282161	0.5282161	0.0	0.0
chr1:17365167-17365667	RCC2	RCC2	chr1	17365167	17365667	17439676	-	74259	immune	method4_crosscohort	0.46246517	0.46246517	0.0	0.0
chr1:17365167-17365667	SDHB	SDHB	chr1	17365167	17365667	17054031	-	311386	immune	method4_crosscohort	0.51515293	0.51515293	0.0	0.0
chr1:17431431-17431931	ATP13A2	ATP13A2	chr1	17431431	17431931	17011927	-	419754	immune	method4_crosscohort	0.479803	0.479803	0.0	0.0
chr1:17431431-17431931	PADI1	PADI1	chr1	17431431	17431931	17205127	+	226554	immune	method4_crosscohort	0.59541076	0.59541076	0.0	0.0
chr1:17431431-17431931	PADI4	PADI4	chr1	17431431	17431931	17308194	+	123487	immune	method4_crosscohort	0.46271664	0.46271664	0.0	0.0
chr1:17431431-17431931	SDHB	SDHB	chr1	17431431	17431931	17054031	-	377650	immune	method4_crosscohort	0.5421613	0.5421613	0.0	0.0
chr1:17502229-17502729	RCC2	RCC2	chr1	17502229	17502729	17439676	-	62803	immune	method4_crosscohort	0.5217827	0.5217827	0.0	0.0
chr1:17516015-17516515	RCC2	RCC2	chr1	17516015	17516515	17439676	-	76589	immune	method4_crosscohort	0.45242408	0.45242408	0.0	0.0
chr1:17516015-17516515	SDHB	SDHB	chr1	17516015	17516515	17054031	-	462234	immune	method4_crosscohort	0.45475838	0.45475838	0.0	0.0
chr1:17561498-17561998	PADI1	PADI1	chr1	17561498	17561998	17205127	+	356621	immune	method4_crosscohort	0.5518083	0.5518083	0.0	0.0
chr1:17561498-17561998	PADI4	PADI4	chr1	17561498	17561998	17308194	+	253554	immune	method4_crosscohort	0.48065895	0.48065895	0.0	0.0
chr1:17561498-17561998	RCC2	RCC2	chr1	17561498	17561998	17439676	-	122072	immune	method4_crosscohort	0.4910027	0.4910027	0.0	0.0
chr1:17565375-17565875	PADI1	PADI1	chr1	17565375	17565875	17205127	+	360498	immune	method4_crosscohort	0.4750516	0.4750516	0.0	0.0
chr1:17565375-17565875	RCC2	RCC2	chr1	17565375	17565875	17439676	-	125949	immune	method4_crosscohort	0.49259704	0.49259704	0.0	0.0
chr1:17569777-17570277	PADI1	PADI1	chr1	17569777	17570277	17205127	+	364900	immune	method4_crosscohort	0.48384258	0.48384258	0.0	0.0
chr1:17569777-17570277	PADI4	PADI4	chr1	17569777	17570277	17308194	+	261833	immune	method4_crosscohort	0.51830214	0.51830214	0.0	0.0
chr1:17569777-17570277	RCC2	RCC2	chr1	17569777	17570277	17439676	-	130351	immune	method4_crosscohort	0.49628842	0.49628842	0.0	0.0
chr1:17586114-17586614	PADI1	PADI1	chr1	17586114	17586614	17205127	+	381237	immune	method4_crosscohort	0.5081779	0.5081779	0.0	0.0
chr1:17597377-17597877	PADI2	PADI2	chr1	17597377	17597877	17119450	-	478177	immune	method4_crosscohort	0.4629568	0.4629568	0.0	0.0
chr1:17606778-17607278	RCC2	RCC2	chr1	17606778	17607278	17439676	-	167352	immune	method4_crosscohort	0.46247807	0.46247807	0.0	0.0
chr1:17608177-17608677	PADI1	PADI1	chr1	17608177	17608677	17205127	+	403300	immune	method4_crosscohort	0.4583278	0.4583278	0.0	0.0
chr1:17608177-17608677	PADI4	PADI4	chr1	17608177	17608677	17308194	+	300233	immune	method4_crosscohort	0.45388892	0.45388892	0.0	0.0
