peak_id	gene_id	gene_name	chrom	peak_start	peak_end	tss_pos	strand	distance_bp	compartment	method	score	r	pvalue	fdr
chr1:925433-925933	ACAP3	ACAP3	chr1	925433	925933	1309608	-	383925	stromal	method4_crosscohort	-0.47992486	-0.47992486	0.0	0.0
chr1:940223-940723	ACAP3	ACAP3	chr1	940223	940723	1309608	-	369135	stromal	method4_crosscohort	-0.5260605	-0.5260605	0.0	0.0
chr1:941565-942065	ACAP3	ACAP3	chr1	941565	942065	1309608	-	367793	stromal	method4_crosscohort	-0.5576764	-0.5576764	0.0	0.0
chr1:941565-942065	SAMD11	SAMD11	chr1	941565	942065	923922	+	17893	stromal	method4_crosscohort	0.49275658	0.49275658	0.0	0.0
chr1:942403-942903	ACAP3	ACAP3	chr1	942403	942903	1309608	-	366955	stromal	method4_crosscohort	-0.49298948	-0.49298948	0.0	0.0
chr1:942403-942903	NOC2L	NOC2L	chr1	942403	942903	959308	-	16655	stromal	method4_crosscohort	0.4692925	0.4692925	0.0	0.0
chr1:942403-942903	SAMD11	SAMD11	chr1	942403	942903	923922	+	18731	stromal	method4_crosscohort	0.4617411	0.4617411	0.0	0.0
chr1:942990-943490	ACAP3	ACAP3	chr1	942990	943490	1309608	-	366368	stromal	method4_crosscohort	-0.5383538	-0.5383538	0.0	0.0
chr1:942990-943490	SAMD11	SAMD11	chr1	942990	943490	923922	+	19318	stromal	method4_crosscohort	0.4628576	0.4628576	0.0	0.0
chr1:943961-944461	ACAP3	ACAP3	chr1	943961	944461	1309608	-	365397	stromal	method4_crosscohort	-0.5944867	-0.5944867	0.0	0.0
chr1:943961-944461	ANKRD65	ANKRD65	chr1	943961	944461	1421768	-	477557	stromal	method4_crosscohort	0.4674422	0.4674422	0.0	0.0
chr1:943961-944461	NOC2L	NOC2L	chr1	943961	944461	959308	-	15097	stromal	method4_crosscohort	0.5147761	0.5147761	0.0	0.0
chr1:943961-944461	SAMD11	SAMD11	chr1	943961	944461	923922	+	20289	stromal	method4_crosscohort	0.482692	0.482692	0.0	0.0
chr1:944478-944978	ACAP3	ACAP3	chr1	944478	944978	1309608	-	364880	stromal	method4_crosscohort	-0.6148745	-0.6148745	0.0	0.0
chr1:944478-944978	ANKRD65	ANKRD65	chr1	944478	944978	1421768	-	477040	stromal	method4_crosscohort	0.46110126	0.46110126	0.0	0.0
chr1:944478-944978	NOC2L	NOC2L	chr1	944478	944978	959308	-	14580	stromal	method4_crosscohort	0.54246867	0.54246867	0.0	0.0
chr1:944478-944978	SAMD11	SAMD11	chr1	944478	944978	923922	+	20806	stromal	method4_crosscohort	0.5089604	0.5089604	0.0	0.0
chr1:1124374-1124874	C1QTNF12	C1QTNF12	chr1	1124374	1124874	1246721	-	122097	stromal	method4_crosscohort	0.4715519	0.4715519	0.0	0.0
chr1:1125121-1125621	C1QTNF12	C1QTNF12	chr1	1125121	1125621	1246721	-	121350	stromal	method4_crosscohort	0.49213663	0.49213663	0.0	0.0
chr1:1182831-1183331	CCNL2	CCNL2	chr1	1182831	1183331	1399334	-	216253	stromal	method4_crosscohort	0.514949	0.514949	0.0	0.0
chr1:1182831-1183331	INTS11	INTS11	chr1	1182831	1183331	1324686	-	141605	stromal	method4_crosscohort	0.50070846	0.50070846	0.0	0.0
chr1:1207935-1208435	ACAP3	ACAP3	chr1	1207935	1208435	1309608	-	101423	stromal	method4_crosscohort	-0.46226642	-0.46226642	0.0	0.0
chr1:1212837-1213337	AGRN	AGRN	chr1	1212837	1213337	1020119	+	192968	stromal	method4_crosscohort	0.47299632	0.47299632	0.0	0.0
chr1:1212837-1213337	ATAD3B	ATAD3B	chr1	1212837	1213337	1471764	+	258677	stromal	method4_crosscohort	-0.5100778	-0.5100778	0.0	0.0
chr1:1212837-1213337	ATAD3C	ATAD3C	chr1	1212837	1213337	1449688	+	236601	stromal	method4_crosscohort	-0.48627988	-0.48627988	0.0	0.0
chr1:1212837-1213337	INTS11	INTS11	chr1	1212837	1213337	1324686	-	111599	stromal	method4_crosscohort	0.50515974	0.50515974	0.0	0.0
chr1:1212837-1213337	MXRA8	MXRA8	chr1	1212837	1213337	1361776	-	148689	stromal	method4_crosscohort	-0.5533631	-0.5533631	0.0	0.0
chr1:1212837-1213337	SLC35E2B	SLC35E2B	chr1	1212837	1213337	1692794	-	479707	stromal	method4_crosscohort	0.63543344	0.63543344	0.0	0.0
chr1:1212837-1213337	SSU72	SSU72	chr1	1212837	1213337	1574862	-	361775	stromal	method4_crosscohort	0.59198	0.59198	0.0	0.0
chr1:1212837-1213337	TNFRSF4	TNFRSF4	chr1	1212837	1213337	1214152	-	1065	stromal	method4_crosscohort	0.49344274	0.49344274	0.0	0.0
chr1:1212837-1213337	UBE2J2	UBE2J2	chr1	1212837	1213337	1273863	-	60776	stromal	method4_crosscohort	0.51316464	0.51316464	0.0	0.0
chr1:1213511-1214011	MXRA8	MXRA8	chr1	1213511	1214011	1361776	-	148015	stromal	method4_crosscohort	-0.45918483	-0.45918483	0.0	0.0
chr1:1213511-1214011	SLC35E2B	SLC35E2B	chr1	1213511	1214011	1692794	-	479033	stromal	method4_crosscohort	0.46429533	0.46429533	0.0	0.0
chr1:1298773-1299273	VWA1	VWA1	chr1	1298773	1299273	1434860	+	135837	stromal	method4_crosscohort	0.46375728	0.46375728	0.0	0.0
chr1:1351979-1352479	ACAP3	ACAP3	chr1	1351979	1352479	1309608	-	42621	stromal	method4_crosscohort	-0.48926654	-0.48926654	0.0	0.0
chr1:1358362-1358862	ACAP3	ACAP3	chr1	1358362	1358862	1309608	-	49004	stromal	method4_crosscohort	-0.45413995	-0.45413995	0.0	0.0
chr1:1358362-1358862	C1orf159	C1orf159	chr1	1358362	1358862	1116360	-	242252	stromal	method4_crosscohort	-0.46055713	-0.46055713	0.0	0.0
chr1:1358362-1358862	INTS11	INTS11	chr1	1358362	1358862	1324686	-	33926	stromal	method4_crosscohort	-0.54032385	-0.54032385	0.0	0.0
chr1:1358948-1359448	NOC2L	NOC2L	chr1	1358948	1359448	959308	-	399890	stromal	method4_crosscohort	0.45862672	0.45862672	0.0	0.0
chr1:1360476-1360976	ACAP3	ACAP3	chr1	1360476	1360976	1309608	-	51118	stromal	method4_crosscohort	-0.58879554	-0.58879554	0.0	0.0
chr1:1360476-1360976	ANKRD65	ANKRD65	chr1	1360476	1360976	1421768	-	61042	stromal	method4_crosscohort	0.46411228	0.46411228	0.0	0.0
chr1:1360476-1360976	INTS11	INTS11	chr1	1360476	1360976	1324686	-	36040	stromal	method4_crosscohort	-0.55271655	-0.55271655	0.0	0.0
chr1:1360476-1360976	NOC2L	NOC2L	chr1	1360476	1360976	959308	-	401418	stromal	method4_crosscohort	0.5519022	0.5519022	0.0	0.0
chr1:1360476-1360976	SAMD11	SAMD11	chr1	1360476	1360976	923922	+	436804	stromal	method4_crosscohort	0.47673938	0.47673938	0.0	0.0
chr1:1540366-1540866	CFAP74	CFAP74	chr1	1540366	1540866	2003836	-	463220	stromal	method4_crosscohort	0.46643966	0.46643966	0.0	0.0
chr1:1630221-1630721	ACAP3	ACAP3	chr1	1630221	1630721	1309608	-	320863	stromal	method4_crosscohort	-0.483172	-0.483172	0.0	0.0
chr1:1630221-1630721	MMP23B	MMP23B	chr1	1630221	1630721	1632162	+	1691	stromal	method4_crosscohort	0.46422628	0.46422628	0.0	0.0
chr1:1630909-1631409	ACAP3	ACAP3	chr1	1630909	1631409	1309608	-	321551	stromal	method4_crosscohort	-0.62683356	-0.62683356	0.0	0.0
chr1:1631422-1631922	ACAP3	ACAP3	chr1	1631422	1631922	1309608	-	322064	stromal	method4_crosscohort	-0.5551101	-0.5551101	0.0	0.0
chr1:1631990-1632490	ACAP3	ACAP3	chr1	1631990	1632490	1309608	-	322632	stromal	method4_crosscohort	-0.52274734	-0.52274734	0.0	0.0
chr1:1677743-1678243	SSU72	SSU72	chr1	1677743	1678243	1574862	-	103131	stromal	method4_crosscohort	0.4585047	0.4585047	0.0	0.0
chr1:1678683-1679183	C1QTNF12	C1QTNF12	chr1	1678683	1679183	1246721	-	432212	stromal	method4_crosscohort	0.45929787	0.45929787	0.0	0.0
chr1:1678683-1679183	PRKCZ	PRKCZ	chr1	1678683	1679183	2050410	+	371477	stromal	method4_crosscohort	0.5753983	0.5753983	0.0	0.0
chr1:1686166-1686666	ACAP3	ACAP3	chr1	1686166	1686666	1309608	-	376808	stromal	method4_crosscohort	-0.49140322	-0.49140322	0.0	0.0
chr1:1758769-1759269	FAAP20	FAAP20	chr1	1758769	1759269	2212719	-	453700	stromal	method4_crosscohort	-0.50678563	-0.50678563	0.0	0.0
chr1:1758769-1759269	GNB1	GNB1	chr1	1758769	1759269	1892291	-	133272	stromal	method4_crosscohort	0.55293787	0.55293787	0.0	0.0
chr1:1758769-1759269	INTS11	INTS11	chr1	1758769	1759269	1324686	-	434333	stromal	method4_crosscohort	0.55039537	0.55039537	0.0	0.0
chr1:1758769-1759269	MXRA8	MXRA8	chr1	1758769	1759269	1361776	-	397243	stromal	method4_crosscohort	-0.5486231	-0.5486231	0.0	0.0
chr1:1758769-1759269	NADK	NADK	chr1	1758769	1759269	1780456	-	21437	stromal	method4_crosscohort	0.6190892	0.6190892	0.0	0.0
chr1:1758769-1759269	SLC35E2B	SLC35E2B	chr1	1758769	1759269	1692794	-	66225	stromal	method4_crosscohort	0.53939885	0.53939885	0.0	0.0
chr1:1758769-1759269	SSU72	SSU72	chr1	1758769	1759269	1574862	-	184157	stromal	method4_crosscohort	0.46884143	0.46884143	0.0	0.0
chr1:1758769-1759269	UBE2J2	UBE2J2	chr1	1758769	1759269	1273863	-	485156	stromal	method4_crosscohort	0.5223034	0.5223034	0.0	0.0
chr1:1778767-1779267	SSU72	SSU72	chr1	1778767	1779267	1574862	-	204155	stromal	method4_crosscohort	0.46164158	0.46164158	0.0	0.0
chr1:1780324-1780824	MMP23B	MMP23B	chr1	1780324	1780824	1632162	+	148412	stromal	method4_crosscohort	0.4744943	0.4744943	0.0	0.0
chr1:1780324-1780824	SSU72	SSU72	chr1	1780324	1780824	1574862	-	205712	stromal	method4_crosscohort	0.46821234	0.46821234	0.0	0.0
chr1:1782559-1783059	ATAD3B	ATAD3B	chr1	1782559	1783059	1471764	+	311045	stromal	method4_crosscohort	-0.4614381	-0.4614381	0.0	0.0
chr1:1782559-1783059	ATAD3C	ATAD3C	chr1	1782559	1783059	1449688	+	333121	stromal	method4_crosscohort	-0.45268795	-0.45268795	0.0	0.0
chr1:1782559-1783059	MMP23B	MMP23B	chr1	1782559	1783059	1632162	+	150647	stromal	method4_crosscohort	0.47548553	0.47548553	0.0	0.0
chr1:1782559-1783059	SSU72	SSU72	chr1	1782559	1783059	1574862	-	207947	stromal	method4_crosscohort	0.4675939	0.4675939	0.0	0.0
chr1:1858581-1859081	ATAD3B	ATAD3B	chr1	1858581	1859081	1471764	+	387067	stromal	method4_crosscohort	-0.5716335	-0.5716335	0.0	0.0
chr1:1858581-1859081	ATAD3C	ATAD3C	chr1	1858581	1859081	1449688	+	409143	stromal	method4_crosscohort	-0.551348	-0.551348	0.0	0.0
chr1:1858581-1859081	FAAP20	FAAP20	chr1	1858581	1859081	2212719	-	353888	stromal	method4_crosscohort	-0.5017797	-0.5017797	0.0	0.0
chr1:1858581-1859081	GNB1	GNB1	chr1	1858581	1859081	1892291	-	33460	stromal	method4_crosscohort	0.5515414	0.5515414	0.0	0.0
chr1:1858581-1859081	NADK	NADK	chr1	1858581	1859081	1780456	-	78375	stromal	method4_crosscohort	0.6788181	0.6788181	0.0	0.0
chr1:1858581-1859081	SKI	SKI	chr1	1858581	1859081	2227387	+	368556	stromal	method4_crosscohort	0.4579497	0.4579497	0.0	0.0
chr1:1858581-1859081	SLC35E2B	SLC35E2B	chr1	1858581	1859081	1692794	-	166037	stromal	method4_crosscohort	0.5873191	0.5873191	0.0	0.0
chr1:1858581-1859081	SSU72	SSU72	chr1	1858581	1859081	1574862	-	283969	stromal	method4_crosscohort	0.5473697	0.5473697	0.0	0.0
chr1:1894531-1895031	PRKCZ	PRKCZ	chr1	1894531	1895031	2050410	+	155629	stromal	method4_crosscohort	0.48645866	0.48645866	0.0	0.0
chr1:1908881-1909381	CFAP74	CFAP74	chr1	1908881	1909381	2003836	-	94705	stromal	method4_crosscohort	0.45170572	0.45170572	0.0	0.0
chr1:1989285-1989785	SKI	SKI	chr1	1989285	1989785	2227387	+	237852	stromal	method4_crosscohort	0.52802974	0.52802974	0.0	0.0
chr1:1990168-1990668	SKI	SKI	chr1	1990168	1990668	2227387	+	236969	stromal	method4_crosscohort	0.4588026	0.4588026	0.0	0.0
chr1:2014943-2015443	NADK	NADK	chr1	2014943	2015443	1780456	-	234737	stromal	method4_crosscohort	0.5288291	0.5288291	0.0	0.0
chr1:2014943-2015443	SLC35E2B	SLC35E2B	chr1	2014943	2015443	1692794	-	322399	stromal	method4_crosscohort	0.47745064	0.47745064	0.0	0.0
chr1:2025602-2026102	SKI	SKI	chr1	2025602	2026102	2227387	+	201535	stromal	method4_crosscohort	0.5210484	0.5210484	0.0	0.0
chr1:2044738-2045238	SKI	SKI	chr1	2044738	2045238	2227387	+	182399	stromal	method4_crosscohort	0.47597268	0.47597268	0.0	0.0
chr1:2045914-2046414	SKI	SKI	chr1	2045914	2046414	2227387	+	181223	stromal	method4_crosscohort	0.4641728	0.4641728	0.0	0.0
chr1:2050116-2050616	GNB1	GNB1	chr1	2050116	2050616	1892291	-	158075	stromal	method4_crosscohort	0.46626583	0.46626583	0.0	0.0
chr1:2050116-2050616	MMP23B	MMP23B	chr1	2050116	2050616	1632162	+	418204	stromal	method4_crosscohort	0.45503464	0.45503464	0.0	0.0
chr1:2050116-2050616	NADK	NADK	chr1	2050116	2050616	1780456	-	269910	stromal	method4_crosscohort	0.52770704	0.52770704	0.0	0.0
chr1:2050116-2050616	PRKCZ	PRKCZ	chr1	2050116	2050616	2050410	+	44	stromal	method4_crosscohort	0.46058246	0.46058246	0.0	0.0
chr1:2050116-2050616	SLC35E2B	SLC35E2B	chr1	2050116	2050616	1692794	-	357572	stromal	method4_crosscohort	0.4749026	0.4749026	0.0	0.0
chr1:2050116-2050616	SSU72	SSU72	chr1	2050116	2050616	1574862	-	475504	stromal	method4_crosscohort	0.57006335	0.57006335	0.0	0.0
chr1:2088268-2088768	MORN1	MORN1	chr1	2088268	2088768	2391706	-	303188	stromal	method4_crosscohort	0.53690356	0.53690356	0.0	0.0
chr1:2088268-2088768	SKI	SKI	chr1	2088268	2088768	2227387	+	138869	stromal	method4_crosscohort	0.5783774	0.5783774	0.0	0.0
chr1:2089903-2090403	MORN1	MORN1	chr1	2089903	2090403	2391706	-	301553	stromal	method4_crosscohort	0.4646653	0.4646653	0.0	0.0
chr1:2089903-2090403	SKI	SKI	chr1	2089903	2090403	2227387	+	137234	stromal	method4_crosscohort	0.45989826	0.45989826	0.0	0.0
chr1:2133031-2133531	CFAP74	CFAP74	chr1	2133031	2133531	2003836	-	129445	stromal	method4_crosscohort	0.5007623	0.5007623	0.0	0.0
chr1:2189391-2189891	CFAP74	CFAP74	chr1	2189391	2189891	2003836	-	185805	stromal	method4_crosscohort	0.51703626	0.51703626	0.0	0.0
chr1:2189972-2190472	CFAP74	CFAP74	chr1	2189972	2190472	2003836	-	186386	stromal	method4_crosscohort	0.5056684	0.5056684	0.0	0.0
chr1:2189972-2190472	FAAP20	FAAP20	chr1	2189972	2190472	2212719	-	22497	stromal	method4_crosscohort	0.4812624	0.4812624	0.0	0.0
chr1:2204339-2204839	SKI	SKI	chr1	2204339	2204839	2227387	+	22798	stromal	method4_crosscohort	0.47783023	0.47783023	0.0	0.0
chr1:2214009-2214509	CFAP74	CFAP74	chr1	2214009	2214509	2003836	-	210423	stromal	method4_crosscohort	0.5155478	0.5155478	0.0	0.0
chr1:2214009-2214509	FAAP20	FAAP20	chr1	2214009	2214509	2212719	-	1540	stromal	method4_crosscohort	0.5238717	0.5238717	0.0	0.0
chr1:2227523-2228023	CFAP74	CFAP74	chr1	2227523	2228023	2003836	-	223937	stromal	method4_crosscohort	0.45926034	0.45926034	0.0	0.0
chr1:2255300-2255800	NADK	NADK	chr1	2255300	2255800	1780456	-	475094	stromal	method4_crosscohort	0.45227948	0.45227948	0.0	0.0
chr1:2279187-2279687	SKI	SKI	chr1	2279187	2279687	2227387	+	52050	stromal	method4_crosscohort	0.48757052	0.48757052	0.0	0.0
chr1:2290062-2290562	SKI	SKI	chr1	2290062	2290562	2227387	+	62925	stromal	method4_crosscohort	0.45236757	0.45236757	0.0	0.0
chr1:2290582-2291082	HES5	HES5	chr1	2290582	2291082	2530262	-	239430	stromal	method4_crosscohort	-0.4952806	-0.4952806	0.0	0.0
chr1:2290582-2291082	SKI	SKI	chr1	2290582	2291082	2227387	+	63445	stromal	method4_crosscohort	0.5818558	0.5818558	0.0	0.0
chr1:2304765-2305265	FAAP20	FAAP20	chr1	2304765	2305265	2212719	-	92296	stromal	method4_crosscohort	0.51202273	0.51202273	0.0	0.0
chr1:2311375-2311875	CFAP74	CFAP74	chr1	2311375	2311875	2003836	-	307789	stromal	method4_crosscohort	0.4543711	0.4543711	0.0	0.0
chr1:2315028-2315528	CFAP74	CFAP74	chr1	2315028	2315528	2003836	-	311442	stromal	method4_crosscohort	0.46486998	0.46486998	0.0	0.0
chr1:2321096-2321596	FAAP20	FAAP20	chr1	2321096	2321596	2212719	-	108627	stromal	method4_crosscohort	0.4535586	0.4535586	0.0	0.0
chr1:2322098-2322598	CFAP74	CFAP74	chr1	2322098	2322598	2003836	-	318512	stromal	method4_crosscohort	0.49643216	0.49643216	0.0	0.0
chr1:2322720-2323220	CFAP74	CFAP74	chr1	2322720	2323220	2003836	-	319134	stromal	method4_crosscohort	0.45419192	0.45419192	0.0	0.0
chr1:2330828-2331328	CFAP74	CFAP74	chr1	2330828	2331328	2003836	-	327242	stromal	method4_crosscohort	0.46105894	0.46105894	0.0	0.0
chr1:2330828-2331328	FAAP20	FAAP20	chr1	2330828	2331328	2212719	-	118359	stromal	method4_crosscohort	0.5357361	0.5357361	0.0	0.0
chr1:2330828-2331328	GNB1	GNB1	chr1	2330828	2331328	1892291	-	438787	stromal	method4_crosscohort	-0.4548964	-0.4548964	0.0	0.0
chr1:2330828-2331328	PANK4	PANK4	chr1	2330828	2331328	2526596	-	195518	stromal	method4_crosscohort	0.4572785	0.4572785	0.0	0.0
chr1:2391485-2391985	CFAP74	CFAP74	chr1	2391485	2391985	2003836	-	387899	stromal	method4_crosscohort	0.4568971	0.4568971	0.0	0.0
chr1:2412424-2412924	CFAP74	CFAP74	chr1	2412424	2412924	2003836	-	408838	stromal	method4_crosscohort	0.4760308	0.4760308	0.0	0.0
chr1:2546058-2546558	FAAP20	FAAP20	chr1	2546058	2546558	2212719	-	333589	stromal	method4_crosscohort	-0.51635337	-0.51635337	0.0	0.0
chr1:2546058-2546558	SKI	SKI	chr1	2546058	2546558	2227387	+	318921	stromal	method4_crosscohort	0.5955358	0.5955358	0.0	0.0
chr1:2546802-2547302	FAAP20	FAAP20	chr1	2546802	2547302	2212719	-	334333	stromal	method4_crosscohort	-0.51439935	-0.51439935	0.0	0.0
chr1:2546802-2547302	SKI	SKI	chr1	2546802	2547302	2227387	+	319665	stromal	method4_crosscohort	0.5591693	0.5591693	0.0	0.0
chr1:2548640-2549140	FAAP20	FAAP20	chr1	2548640	2549140	2212719	-	336171	stromal	method4_crosscohort	-0.45503414	-0.45503414	0.0	0.0
chr1:2548640-2549140	HES5	HES5	chr1	2548640	2549140	2530262	-	18628	stromal	method4_crosscohort	-0.4915975	-0.4915975	0.0	0.0
chr1:2548640-2549140	SKI	SKI	chr1	2548640	2549140	2227387	+	321503	stromal	method4_crosscohort	0.58095187	0.58095187	0.0	0.0
chr1:2576416-2576916	FAAP20	FAAP20	chr1	2576416	2576916	2212719	-	363947	stromal	method4_crosscohort	-0.45017484	-0.45017484	0.0	0.0
chr1:2578271-2578771	FAAP20	FAAP20	chr1	2578271	2578771	2212719	-	365802	stromal	method4_crosscohort	-0.5170823	-0.5170823	0.0	0.0
chr1:2578271-2578771	PANK4	PANK4	chr1	2578271	2578771	2526596	-	51925	stromal	method4_crosscohort	-0.49521995	-0.49521995	0.0	0.0
chr1:2578271-2578771	PEX10	PEX10	chr1	2578271	2578771	2413796	-	164725	stromal	method4_crosscohort	-0.45061177	-0.45061177	0.0	0.0
chr1:2578271-2578771	PLCH2	PLCH2	chr1	2578271	2578771	2425979	+	152542	stromal	method4_crosscohort	0.5523173	0.5523173	0.0	0.0
chr1:2593911-2594411	FAAP20	FAAP20	chr1	2593911	2594411	2212719	-	381442	stromal	method4_crosscohort	-0.45136455	-0.45136455	0.0	0.0
chr1:2593911-2594411	PANK4	PANK4	chr1	2593911	2594411	2526596	-	67565	stromal	method4_crosscohort	-0.47540042	-0.47540042	0.0	0.0
chr1:2968549-2969049	PRDM16	PRDM16	chr1	2968549	2969049	3069167	+	100368	stromal	method4_crosscohort	0.6056999	0.6056999	0.0	0.0
chr1:2982952-2983452	PRDM16	PRDM16	chr1	2982952	2983452	3069167	+	85965	stromal	method4_crosscohort	0.60967916	0.60967916	0.0	0.0
chr1:3127851-3128351	PRDM16	PRDM16	chr1	3127851	3128351	3069167	+	58934	stromal	method4_crosscohort	0.49101654	0.49101654	0.0	0.0
chr1:3128474-3128974	PRDM16	PRDM16	chr1	3128474	3128974	3069167	+	59557	stromal	method4_crosscohort	0.50395006	0.50395006	0.0	0.0
chr1:3139290-3139790	PRDM16	PRDM16	chr1	3139290	3139790	3069167	+	70373	stromal	method4_crosscohort	0.48402125	0.48402125	0.0	0.0
chr1:3198740-3199240	PRDM16	PRDM16	chr1	3198740	3199240	3069167	+	129823	stromal	method4_crosscohort	0.48604771	0.48604771	0.0	0.0
chr1:3215467-3215967	PRDM16	PRDM16	chr1	3215467	3215967	3069167	+	146550	stromal	method4_crosscohort	0.5797764	0.5797764	0.0	0.0
chr1:3216009-3216509	PRDM16	PRDM16	chr1	3216009	3216509	3069167	+	147092	stromal	method4_crosscohort	0.49653274	0.49653274	0.0	0.0
chr1:3275563-3276063	PRDM16	PRDM16	chr1	3275563	3276063	3069167	+	206646	stromal	method4_crosscohort	0.45826352	0.45826352	0.0	0.0
chr1:3304227-3304727	PRDM16	PRDM16	chr1	3304227	3304727	3069167	+	235310	stromal	method4_crosscohort	0.54332256	0.54332256	0.0	0.0
chr1:3313103-3313603	MEGF6	MEGF6	chr1	3313103	3313603	3611507	-	298154	stromal	method4_crosscohort	0.50255775	0.50255775	0.0	0.0
chr1:3335177-3335677	PRDM16	PRDM16	chr1	3335177	3335677	3069167	+	266260	stromal	method4_crosscohort	0.47758788	0.47758788	0.0	0.0
chr1:3345728-3346228	PRDM16	PRDM16	chr1	3345728	3346228	3069167	+	276811	stromal	method4_crosscohort	0.51294136	0.51294136	0.0	0.0
chr1:3348266-3348766	PRDM16	PRDM16	chr1	3348266	3348766	3069167	+	279349	stromal	method4_crosscohort	0.5501243	0.5501243	0.0	0.0
chr1:3366032-3366532	CEP104	CEP104	chr1	3366032	3366532	3857395	-	491113	stromal	method4_crosscohort	-0.4637346	-0.4637346	0.0	0.0
chr1:3366606-3367106	CEP104	CEP104	chr1	3366606	3367106	3857395	-	490539	stromal	method4_crosscohort	-0.4583918	-0.4583918	0.0	0.0
chr1:3415416-3415916	TPRG1L	TPRG1L	chr1	3415416	3415916	3625014	+	209348	stromal	method4_crosscohort	-0.5055711	-0.5055711	0.0	0.0
chr1:3423347-3423847	PRDM16	PRDM16	chr1	3423347	3423847	3069167	+	354430	stromal	method4_crosscohort	0.5270261	0.5270261	0.0	0.0
chr1:3439606-3440106	C1orf174	C1orf174	chr1	3439606	3440106	3900292	-	460436	stromal	method4_crosscohort	0.4675618	0.4675618	0.0	0.0
chr1:3439606-3440106	DFFB	DFFB	chr1	3439606	3440106	3857266	+	417410	stromal	method4_crosscohort	0.49900368	0.49900368	0.0	0.0
chr1:3441241-3441741	C1orf174	C1orf174	chr1	3441241	3441741	3900292	-	458801	stromal	method4_crosscohort	0.73107046	0.73107046	0.0	0.0
chr1:3441241-3441741	DFFB	DFFB	chr1	3441241	3441741	3857266	+	415775	stromal	method4_crosscohort	0.8008497	0.8008497	0.0	0.0
chr1:3441241-3441741	PRDM16	PRDM16	chr1	3441241	3441741	3069167	+	372324	stromal	method4_crosscohort	0.625345	0.625345	0.0	0.0
chr1:3441972-3442472	C1orf174	C1orf174	chr1	3441972	3442472	3900292	-	458070	stromal	method4_crosscohort	0.5668696	0.5668696	0.0	0.0
chr1:3441972-3442472	DFFB	DFFB	chr1	3441972	3442472	3857266	+	415044	stromal	method4_crosscohort	0.5651279	0.5651279	0.0	0.0
chr1:3441972-3442472	PRDM16	PRDM16	chr1	3441972	3442472	3069167	+	373055	stromal	method4_crosscohort	0.4601133	0.4601133	0.0	0.0
chr1:3444902-3445402	C1orf174	C1orf174	chr1	3444902	3445402	3900292	-	455140	stromal	method4_crosscohort	0.45131963	0.45131963	0.0	0.0
chr1:3453049-3453549	C1orf174	C1orf174	chr1	3453049	3453549	3900292	-	446993	stromal	method4_crosscohort	0.45244727	0.45244727	0.0	0.0
chr1:3467759-3468259	C1orf174	C1orf174	chr1	3467759	3468259	3900292	-	432283	stromal	method4_crosscohort	0.5456021	0.5456021	0.0	0.0
chr1:3467759-3468259	DFFB	DFFB	chr1	3467759	3468259	3857266	+	389257	stromal	method4_crosscohort	0.49128902	0.49128902	0.0	0.0
chr1:3503979-3504479	TPRG1L	TPRG1L	chr1	3503979	3504479	3625014	+	120785	stromal	method4_crosscohort	-0.4665703	-0.4665703	0.0	0.0
chr1:3516125-3516625	C1orf174	C1orf174	chr1	3516125	3516625	3900292	-	383917	stromal	method4_crosscohort	0.49430388	0.49430388	0.0	0.0
chr1:3516125-3516625	DFFB	DFFB	chr1	3516125	3516625	3857266	+	340891	stromal	method4_crosscohort	0.5410484	0.5410484	0.0	0.0
chr1:3518719-3519219	C1orf174	C1orf174	chr1	3518719	3519219	3900292	-	381323	stromal	method4_crosscohort	0.61325574	0.61325574	0.0	0.0
chr1:3518719-3519219	DFFB	DFFB	chr1	3518719	3519219	3857266	+	338297	stromal	method4_crosscohort	0.629855	0.629855	0.0	0.0
chr1:3518719-3519219	PRDM16	PRDM16	chr1	3518719	3519219	3069167	+	449802	stromal	method4_crosscohort	0.5217746	0.5217746	0.0	0.0
chr1:3524609-3525109	C1orf174	C1orf174	chr1	3524609	3525109	3900292	-	375433	stromal	method4_crosscohort	0.51170486	0.51170486	0.0	0.0
chr1:3524609-3525109	DFFB	DFFB	chr1	3524609	3525109	3857266	+	332407	stromal	method4_crosscohort	0.5173831	0.5173831	0.0	0.0
chr1:3540112-3540612	TPRG1L	TPRG1L	chr1	3540112	3540612	3625014	+	84652	stromal	method4_crosscohort	-0.50897604	-0.50897604	0.0	0.0
chr1:3545718-3546218	CEP104	CEP104	chr1	3545718	3546218	3857395	-	311427	stromal	method4_crosscohort	-0.46002322	-0.46002322	0.0	0.0
chr1:3566012-3566512	C1orf174	C1orf174	chr1	3566012	3566512	3900292	-	334030	stromal	method4_crosscohort	0.65389997	0.65389997	0.0	0.0
chr1:3566012-3566512	DFFB	DFFB	chr1	3566012	3566512	3857266	+	291004	stromal	method4_crosscohort	0.6830558	0.6830558	0.0	0.0
chr1:3566012-3566512	PRDM16	PRDM16	chr1	3566012	3566512	3069167	+	497095	stromal	method4_crosscohort	0.54239535	0.54239535	0.0	0.0
chr1:3573464-3573964	C1orf174	C1orf174	chr1	3573464	3573964	3900292	-	326578	stromal	method4_crosscohort	0.74600214	0.74600214	0.0	0.0
chr1:3573464-3573964	DFFB	DFFB	chr1	3573464	3573964	3857266	+	283552	stromal	method4_crosscohort	0.79670596	0.79670596	0.0	0.0
chr1:3575973-3576473	C1orf174	C1orf174	chr1	3575973	3576473	3900292	-	324069	stromal	method4_crosscohort	0.6793623	0.6793623	0.0	0.0
chr1:3575973-3576473	DFFB	DFFB	chr1	3575973	3576473	3857266	+	281043	stromal	method4_crosscohort	0.76064456	0.76064456	0.0	0.0
chr1:4265638-4266138	DFFB	DFFB	chr1	4265638	4266138	3857266	+	408622	stromal	method4_crosscohort	0.45093235	0.45093235	0.0	0.0
chr1:6058556-6059056	KCNAB2	KCNAB2	chr1	6058556	6059056	5990926	+	67880	stromal	method4_crosscohort	0.58046025	0.58046025	0.0	0.0
chr1:6058556-6059056	TNFRSF25	TNFRSF25	chr1	6058556	6059056	6466174	-	407368	stromal	method4_crosscohort	0.61028934	0.61028934	0.0	0.0
chr1:6222622-6223122	KCNAB2	KCNAB2	chr1	6222622	6223122	5990926	+	231946	stromal	method4_crosscohort	0.5093397	0.5093397	0.0	0.0
chr1:6222622-6223122	TNFRSF25	TNFRSF25	chr1	6222622	6223122	6466174	-	243302	stromal	method4_crosscohort	0.5314318	0.5314318	0.0	0.0
chr1:6222622-6223122	ZBTB48	ZBTB48	chr1	6222622	6223122	6579993	+	357121	stromal	method4_crosscohort	0.47462264	0.47462264	0.0	0.0
chr1:6329334-6329834	RPL22	RPL22	chr1	6329334	6329834	6209388	-	120196	stromal	method4_crosscohort	0.4532202	0.4532202	0.0	0.0
chr1:6348507-6349007	CAMTA1	CAMTA1	chr1	6348507	6349007	6785453	+	436696	stromal	method4_crosscohort	0.51030326	0.51030326	0.0	0.0
chr1:6348507-6349007	KCNAB2	KCNAB2	chr1	6348507	6349007	5990926	+	357831	stromal	method4_crosscohort	0.49173388	0.49173388	0.0	0.0
chr1:6348507-6349007	TNFRSF25	TNFRSF25	chr1	6348507	6349007	6466174	-	117417	stromal	method4_crosscohort	0.5410924	0.5410924	0.0	0.0
chr1:6348507-6349007	ZBTB48	ZBTB48	chr1	6348507	6349007	6579993	+	231236	stromal	method4_crosscohort	0.5293418	0.5293418	0.0	0.0
chr1:6359517-6360017	PHF13	PHF13	chr1	6359517	6360017	6613730	+	253963	stromal	method4_crosscohort	0.52541476	0.52541476	0.0	0.0
chr1:6485233-6485733	CAMTA1	CAMTA1	chr1	6485233	6485733	6785453	+	299970	stromal	method4_crosscohort	0.5335724	0.5335724	0.0	0.0
chr1:6485233-6485733	KCNAB2	KCNAB2	chr1	6485233	6485733	5990926	+	494557	stromal	method4_crosscohort	0.51167065	0.51167065	0.0	0.0
chr1:6485233-6485733	TNFRSF25	TNFRSF25	chr1	6485233	6485733	6466174	-	19309	stromal	method4_crosscohort	0.5323486	0.5323486	0.0	0.0
chr1:6485800-6486300	CAMTA1	CAMTA1	chr1	6485800	6486300	6785453	+	299403	stromal	method4_crosscohort	0.54639924	0.54639924	0.0	0.0
chr1:6485800-6486300	KCNAB2	KCNAB2	chr1	6485800	6486300	5990926	+	495124	stromal	method4_crosscohort	0.56855285	0.56855285	0.0	0.0
chr1:6485800-6486300	TNFRSF25	TNFRSF25	chr1	6485800	6486300	6466174	-	19876	stromal	method4_crosscohort	0.5710388	0.5710388	0.0	0.0
chr1:6486407-6486907	CAMTA1	CAMTA1	chr1	6486407	6486907	6785453	+	298796	stromal	method4_crosscohort	0.4923231	0.4923231	0.0	0.0
chr1:6486407-6486907	TNFRSF25	TNFRSF25	chr1	6486407	6486907	6466174	-	20483	stromal	method4_crosscohort	0.47260618	0.47260618	0.0	0.0
chr1:6501824-6502324	CAMTA1	CAMTA1	chr1	6501824	6502324	6785453	+	283379	stromal	method4_crosscohort	0.45173007	0.45173007	0.0	0.0
chr1:6501824-6502324	TNFRSF25	TNFRSF25	chr1	6501824	6502324	6466174	-	35900	stromal	method4_crosscohort	0.47317737	0.47317737	0.0	0.0
chr1:6579659-6580159	TAS1R1	TAS1R1	chr1	6579659	6580159	6555306	+	24603	stromal	method4_crosscohort	0.45069477	0.45069477	0.0	0.0
chr1:6613277-6613777	TAS1R1	TAS1R1	chr1	6613277	6613777	6555306	+	58221	stromal	method4_crosscohort	0.48207936	0.48207936	0.0	0.0
chr1:6704150-6704650	PHF13	PHF13	chr1	6704150	6704650	6613730	+	90670	stromal	method4_crosscohort	-0.46359628	-0.46359628	0.0	0.0
chr1:6704150-6704650	RPL22	RPL22	chr1	6704150	6704650	6209388	-	495012	stromal	method4_crosscohort	0.5276988	0.5276988	0.0	0.0
chr1:6735003-6735503	ICMT	ICMT	chr1	6735003	6735503	6235971	-	499282	stromal	method4_crosscohort	0.48156598	0.48156598	0.0	0.0
chr1:6784804-6785304	TAS1R1	TAS1R1	chr1	6784804	6785304	6555306	+	229748	stromal	method4_crosscohort	0.46216112	0.46216112	0.0	0.0
chr1:6912643-6913143	CAMTA1	CAMTA1	chr1	6912643	6913143	6785453	+	127440	stromal	method4_crosscohort	0.5293139	0.5293139	0.0	0.0
chr1:6912643-6913143	TNFRSF25	TNFRSF25	chr1	6912643	6913143	6466174	-	446719	stromal	method4_crosscohort	0.560781	0.560781	0.0	0.0
chr1:6912643-6913143	ZBTB48	ZBTB48	chr1	6912643	6913143	6579993	+	332900	stromal	method4_crosscohort	0.47741964	0.47741964	0.0	0.0
chr1:6935291-6935791	CAMTA1	CAMTA1	chr1	6935291	6935791	6785453	+	150088	stromal	method4_crosscohort	0.54862976	0.54862976	0.0	0.0
chr1:6935291-6935791	TNFRSF25	TNFRSF25	chr1	6935291	6935791	6466174	-	469367	stromal	method4_crosscohort	0.5751694	0.5751694	0.0	0.0
chr1:6935291-6935791	ZBTB48	ZBTB48	chr1	6935291	6935791	6579993	+	355548	stromal	method4_crosscohort	0.4788461	0.4788461	0.0	0.0
chr1:6963207-6963707	CAMTA1	CAMTA1	chr1	6963207	6963707	6785453	+	178004	stromal	method4_crosscohort	0.5150369	0.5150369	0.0	0.0
chr1:6963207-6963707	TNFRSF25	TNFRSF25	chr1	6963207	6963707	6466174	-	497283	stromal	method4_crosscohort	0.56919646	0.56919646	0.0	0.0
chr1:6963207-6963707	ZBTB48	ZBTB48	chr1	6963207	6963707	6579993	+	383464	stromal	method4_crosscohort	0.5069565	0.5069565	0.0	0.0
chr1:7015552-7016052	CAMTA1	CAMTA1	chr1	7015552	7016052	6785453	+	230349	stromal	method4_crosscohort	0.47578043	0.47578043	0.0	0.0
chr1:7552285-7552785	TNFRSF9	TNFRSF9	chr1	7552285	7552785	7943164	-	390629	stromal	method4_crosscohort	0.5466425	0.5466425	0.0	0.0
chr1:8121285-8121785	PARK7	PARK7	chr1	8121285	8121785	7954290	+	167245	stromal	method4_crosscohort	0.58172166	0.58172166	0.0	0.0
chr1:8202102-8202602	ERRFI1	ERRFI1	chr1	8202102	8202602	8026308	-	176044	stromal	method4_crosscohort	0.47230482	0.47230482	0.0	0.0
chr1:8202102-8202602	PARK7	PARK7	chr1	8202102	8202602	7954290	+	248062	stromal	method4_crosscohort	0.5503676	0.5503676	0.0	0.0
chr1:8204371-8204871	ERRFI1	ERRFI1	chr1	8204371	8204871	8026308	-	178313	stromal	method4_crosscohort	0.5071622	0.5071622	0.0	0.0
chr1:8204371-8204871	PARK7	PARK7	chr1	8204371	8204871	7954290	+	250331	stromal	method4_crosscohort	0.54544157	0.54544157	0.0	0.0
chr1:8266848-8267348	TNFRSF9	TNFRSF9	chr1	8266848	8267348	7943164	-	323934	stromal	method4_crosscohort	0.4678654	0.4678654	0.0	0.0
chr1:8364454-8364954	PARK7	PARK7	chr1	8364454	8364954	7954290	+	410414	stromal	method4_crosscohort	0.48098862	0.48098862	0.0	0.0
chr1:8370939-8371439	PARK7	PARK7	chr1	8370939	8371439	7954290	+	416899	stromal	method4_crosscohort	0.49311614	0.49311614	0.0	0.0
chr1:8652639-8653139	GPR157	GPR157	chr1	8652639	8653139	9129101	-	476212	stromal	method4_crosscohort	0.51034975	0.51034975	0.0	0.0
chr1:8826068-8826568	GPR157	GPR157	chr1	8826068	8826568	9129101	-	302783	stromal	method4_crosscohort	0.53260535	0.53260535	0.0	0.0
chr1:8826068-8826568	H6PD	H6PD	chr1	8826068	8826568	9234773	+	408455	stromal	method4_crosscohort	0.48118097	0.48118097	0.0	0.0
chr1:8857886-8858386	GPR157	GPR157	chr1	8857886	8858386	9129101	-	270965	stromal	method4_crosscohort	0.48618802	0.48618802	0.0	0.0
chr1:8857886-8858386	RERE	RERE	chr1	8857886	8858386	8848920	-	9216	stromal	method4_crosscohort	0.46478617	0.46478617	0.0	0.0
chr1:8899800-8900300	GPR157	GPR157	chr1	8899800	8900300	9129101	-	229051	stromal	method4_crosscohort	0.4539948	0.4539948	0.0	0.0
chr1:8947105-8947605	GPR157	GPR157	chr1	8947105	8947605	9129101	-	181746	stromal	method4_crosscohort	0.5467292	0.5467292	0.0	0.0
chr1:8947105-8947605	H6PD	H6PD	chr1	8947105	8947605	9234773	+	287418	stromal	method4_crosscohort	0.46224633	0.46224633	0.0	0.0
chr1:8947105-8947605	RERE	RERE	chr1	8947105	8947605	8848920	-	98435	stromal	method4_crosscohort	0.4983558	0.4983558	0.0	0.0
chr1:9010932-9011432	GPR157	GPR157	chr1	9010932	9011432	9129101	-	117919	stromal	method4_crosscohort	0.6175215	0.6175215	0.0	0.0
chr1:9010932-9011432	H6PD	H6PD	chr1	9010932	9011432	9234773	+	223591	stromal	method4_crosscohort	0.4921794	0.4921794	0.0	0.0
chr1:9010932-9011432	RERE	RERE	chr1	9010932	9011432	8848920	-	162262	stromal	method4_crosscohort	0.51872635	0.51872635	0.0	0.0
chr1:9018368-9018868	GPR157	GPR157	chr1	9018368	9018868	9129101	-	110483	stromal	method4_crosscohort	0.50962	0.50962	0.0	0.0
chr1:9163868-9164368	PIK3CD	PIK3CD	chr1	9163868	9164368	9629888	+	465770	stromal	method4_crosscohort	-0.45645052	-0.45645052	0.0	0.0
chr1:9210687-9211187	GPR157	GPR157	chr1	9210687	9211187	9129101	-	81836	stromal	method4_crosscohort	0.4727625	0.4727625	0.0	0.0
chr1:9211471-9211971	GPR157	GPR157	chr1	9211471	9211971	9129101	-	82620	stromal	method4_crosscohort	0.5592929	0.5592929	0.0	0.0
chr1:9211471-9211971	H6PD	H6PD	chr1	9211471	9211971	9234773	+	23052	stromal	method4_crosscohort	0.48670375	0.48670375	0.0	0.0
chr1:9211471-9211971	RERE	RERE	chr1	9211471	9211971	8848920	-	362801	stromal	method4_crosscohort	0.46703768	0.46703768	0.0	0.0
chr1:9233255-9233755	H6PD	H6PD	chr1	9233255	9233755	9234773	+	1268	stromal	method4_crosscohort	0.5949324	0.5949324	0.0	0.0
chr1:9239696-9240196	GPR157	GPR157	chr1	9239696	9240196	9129101	-	110845	stromal	method4_crosscohort	0.62583613	0.62583613	0.0	0.0
chr1:9239696-9240196	H6PD	H6PD	chr1	9239696	9240196	9234773	+	5173	stromal	method4_crosscohort	0.6179507	0.6179507	0.0	0.0
chr1:9239696-9240196	RERE	RERE	chr1	9239696	9240196	8848920	-	391026	stromal	method4_crosscohort	0.5203115	0.5203115	0.0	0.0
chr1:9321326-9321826	ENO1	ENO1	chr1	9321326	9321826	8879189	-	442387	stromal	method4_crosscohort	0.46059525	0.46059525	0.0	0.0
chr1:9322567-9323067	GPR157	GPR157	chr1	9322567	9323067	9129101	-	193716	stromal	method4_crosscohort	0.45948622	0.45948622	0.0	0.0
chr1:9384809-9385309	SLC25A33	SLC25A33	chr1	9384809	9385309	9539464	+	154405	stromal	method4_crosscohort	-0.45438075	-0.45438075	0.0	0.0
chr1:9397796-9398296	GPR157	GPR157	chr1	9397796	9398296	9129101	-	268945	stromal	method4_crosscohort	0.7453509	0.7453509	0.0	0.0
chr1:9397796-9398296	H6PD	H6PD	chr1	9397796	9398296	9234773	+	163273	stromal	method4_crosscohort	0.6276298	0.6276298	0.0	0.0
chr1:9398314-9398814	GPR157	GPR157	chr1	9398314	9398814	9129101	-	269463	stromal	method4_crosscohort	0.5482644	0.5482644	0.0	0.0
chr1:9398314-9398814	H6PD	H6PD	chr1	9398314	9398814	9234773	+	163791	stromal	method4_crosscohort	0.4796501	0.4796501	0.0	0.0
chr1:9438322-9438822	PIK3CD	PIK3CD	chr1	9438322	9438822	9629888	+	191316	stromal	method4_crosscohort	-0.48761818	-0.48761818	0.0	0.0
chr1:9465652-9466152	GPR157	GPR157	chr1	9465652	9466152	9129101	-	336801	stromal	method4_crosscohort	0.61365694	0.61365694	0.0	0.0
chr1:9465652-9466152	H6PD	H6PD	chr1	9465652	9466152	9234773	+	231129	stromal	method4_crosscohort	0.5101589	0.5101589	0.0	0.0
chr1:9593303-9593803	H6PD	H6PD	chr1	9593303	9593803	9234773	+	358780	stromal	method4_crosscohort	0.45464912	0.45464912	0.0	0.0
chr1:9593303-9593803	RBP7	RBP7	chr1	9593303	9593803	9997205	+	403652	stromal	method4_crosscohort	0.4591713	0.4591713	0.0	0.0
chr1:9836006-9836506	LZIC	LZIC	chr1	9836006	9836506	9943406	-	107150	stromal	method4_crosscohort	0.46630034	0.46630034	0.0	0.0
chr1:9910082-9910582	TMEM201	TMEM201	chr1	9910082	9910582	9588910	+	321422	stromal	method4_crosscohort	0.4502628	0.4502628	0.0	0.0
chr1:9990808-9991308	DFFA	DFFA	chr1	9990808	9991308	10472528	-	481470	stromal	method4_crosscohort	0.4956252	0.4956252	0.0	0.0
chr1:9990808-9991308	KIF1B	KIF1B	chr1	9990808	9991308	10210569	+	219511	stromal	method4_crosscohort	0.4815632	0.4815632	0.0	0.0
chr1:9990808-9991308	RBP7	RBP7	chr1	9990808	9991308	9997205	+	6147	stromal	method4_crosscohort	0.48308894	0.48308894	0.0	0.0
chr1:10108257-10108757	CTNNBIP1	CTNNBIP1	chr1	10108257	10108757	9910335	-	198172	stromal	method4_crosscohort	-0.50364745	-0.50364745	0.0	0.0
chr1:10108257-10108757	PIK3CD	PIK3CD	chr1	10108257	10108757	9629888	+	478619	stromal	method4_crosscohort	0.47011724	0.47011724	0.0	0.0
chr1:10108909-10109409	CTNNBIP1	CTNNBIP1	chr1	10108909	10109409	9910335	-	198824	stromal	method4_crosscohort	-0.5264416	-0.5264416	0.0	0.0
chr1:10108909-10109409	PIK3CD	PIK3CD	chr1	10108909	10109409	9629888	+	479271	stromal	method4_crosscohort	0.5276459	0.5276459	0.0	0.0
chr1:10109414-10109914	CTNNBIP1	CTNNBIP1	chr1	10109414	10109914	9910335	-	199329	stromal	method4_crosscohort	-0.4688327	-0.4688327	0.0	0.0
chr1:10117825-10118325	CTNNBIP1	CTNNBIP1	chr1	10117825	10118325	9910335	-	207740	stromal	method4_crosscohort	-0.52548367	-0.52548367	0.0	0.0
chr1:10117825-10118325	PEX14	PEX14	chr1	10117825	10118325	10472287	+	354212	stromal	method4_crosscohort	0.4595325	0.4595325	0.0	0.0
chr1:10117825-10118325	PIK3CD	PIK3CD	chr1	10117825	10118325	9629888	+	488187	stromal	method4_crosscohort	0.4878607	0.4878607	0.0	0.0
chr1:10117825-10118325	RBP7	RBP7	chr1	10117825	10118325	9997205	+	120870	stromal	method4_crosscohort	-0.456254	-0.456254	0.0	0.0
chr1:10122841-10123341	CTNNBIP1	CTNNBIP1	chr1	10122841	10123341	9910335	-	212756	stromal	method4_crosscohort	-0.5956466	-0.5956466	0.0	0.0
chr1:10122841-10123341	PEX14	PEX14	chr1	10122841	10123341	10472287	+	349196	stromal	method4_crosscohort	0.4930987	0.4930987	0.0	0.0
chr1:10122841-10123341	PIK3CD	PIK3CD	chr1	10122841	10123341	9629888	+	493203	stromal	method4_crosscohort	0.58227044	0.58227044	0.0	0.0
chr1:10122841-10123341	RBP7	RBP7	chr1	10122841	10123341	9997205	+	125886	stromal	method4_crosscohort	-0.51863945	-0.51863945	0.0	0.0
chr1:10160846-10161346	CTNNBIP1	CTNNBIP1	chr1	10160846	10161346	9910335	-	250761	stromal	method4_crosscohort	-0.4541205	-0.4541205	0.0	0.0
chr1:10161538-10162038	CTNNBIP1	CTNNBIP1	chr1	10161538	10162038	9910335	-	251453	stromal	method4_crosscohort	-0.54815835	-0.54815835	0.0	0.0
chr1:10286234-10286734	CTNNBIP1	CTNNBIP1	chr1	10286234	10286734	9910335	-	376149	stromal	method4_crosscohort	-0.5771649	-0.5771649	0.0	0.0
chr1:10286234-10286734	LZIC	LZIC	chr1	10286234	10286734	9943406	-	343078	stromal	method4_crosscohort	0.5398598	0.5398598	0.0	0.0
chr1:10286234-10286734	RBP7	RBP7	chr1	10286234	10286734	9997205	+	289279	stromal	method4_crosscohort	-0.48394996	-0.48394996	0.0	0.0
chr1:10424001-10424501	DFFA	DFFA	chr1	10424001	10424501	10472528	-	48277	stromal	method4_crosscohort	-0.45497242	-0.45497242	0.0	0.0
chr1:10424001-10424501	UBE4B	UBE4B	chr1	10424001	10424501	10032831	+	391420	stromal	method4_crosscohort	-0.4723147	-0.4723147	0.0	0.0
chr1:10528262-10528762	PEX14	PEX14	chr1	10528262	10528762	10472287	+	56225	stromal	method4_crosscohort	0.48407656	0.48407656	0.0	0.0
chr1:10628670-10629170	MASP2	MASP2	chr1	10628670	10629170	11047238	-	418318	stromal	method4_crosscohort	0.45994508	0.45994508	0.0	0.0
chr1:10635472-10635972	MASP2	MASP2	chr1	10635472	10635972	11047238	-	411516	stromal	method4_crosscohort	0.4851213	0.4851213	0.0	0.0
chr1:10640274-10640774	MASP2	MASP2	chr1	10640274	10640774	11047238	-	406714	stromal	method4_crosscohort	0.46885642	0.46885642	0.0	0.0
chr1:10640915-10641415	MASP2	MASP2	chr1	10640915	10641415	11047238	-	406073	stromal	method4_crosscohort	0.51206297	0.51206297	0.0	0.0
chr1:10641544-10642044	MASP2	MASP2	chr1	10641544	10642044	11047238	-	405444	stromal	method4_crosscohort	0.47467348	0.47467348	0.0	0.0
chr1:10642451-10642951	MASP2	MASP2	chr1	10642451	10642951	11047238	-	404537	stromal	method4_crosscohort	0.510578	0.510578	0.0	0.0
chr1:10648752-10649252	MASP2	MASP2	chr1	10648752	10649252	11047238	-	398236	stromal	method4_crosscohort	0.52760535	0.52760535	0.0	0.0
chr1:10649291-10649791	MASP2	MASP2	chr1	10649291	10649791	11047238	-	397697	stromal	method4_crosscohort	0.59269357	0.59269357	0.0	0.0
chr1:10649877-10650377	MASP2	MASP2	chr1	10649877	10650377	11047238	-	397111	stromal	method4_crosscohort	0.5012955	0.5012955	0.0	0.0
chr1:10654915-10655415	MASP2	MASP2	chr1	10654915	10655415	11047238	-	392073	stromal	method4_crosscohort	0.67980355	0.67980355	0.0	0.0
chr1:10655477-10655977	MASP2	MASP2	chr1	10655477	10655977	11047238	-	391511	stromal	method4_crosscohort	0.5809497	0.5809497	0.0	0.0
chr1:10656390-10656890	MASP2	MASP2	chr1	10656390	10656890	11047238	-	390598	stromal	method4_crosscohort	0.50081646	0.50081646	0.0	0.0
chr1:10657094-10657594	MASP2	MASP2	chr1	10657094	10657594	11047238	-	389894	stromal	method4_crosscohort	0.5626555	0.5626555	0.0	0.0
chr1:10657683-10658183	MASP2	MASP2	chr1	10657683	10658183	11047238	-	389305	stromal	method4_crosscohort	0.6062497	0.6062497	0.0	0.0
chr1:10658359-10658859	MASP2	MASP2	chr1	10658359	10658859	11047238	-	388629	stromal	method4_crosscohort	0.60180587	0.60180587	0.0	0.0
chr1:10663536-10664036	MASP2	MASP2	chr1	10663536	10664036	11047238	-	383452	stromal	method4_crosscohort	0.632047	0.632047	0.0	0.0
chr1:10665856-10666356	MASP2	MASP2	chr1	10665856	10666356	11047238	-	381132	stromal	method4_crosscohort	0.61614203	0.61614203	0.0	0.0
chr1:10667402-10667902	MASP2	MASP2	chr1	10667402	10667902	11047238	-	379586	stromal	method4_crosscohort	0.4788611	0.4788611	0.0	0.0
chr1:10668199-10668699	DFFA	DFFA	chr1	10668199	10668699	10472528	-	195921	stromal	method4_crosscohort	0.6348952	0.6348952	0.0	0.0
chr1:10668199-10668699	KIF1B	KIF1B	chr1	10668199	10668699	10210569	+	457880	stromal	method4_crosscohort	0.4665768	0.4665768	0.0	0.0
chr1:10669329-10669829	MASP2	MASP2	chr1	10669329	10669829	11047238	-	377659	stromal	method4_crosscohort	0.5426846	0.5426846	0.0	0.0
chr1:10669916-10670416	MASP2	MASP2	chr1	10669916	10670416	11047238	-	377072	stromal	method4_crosscohort	0.46452528	0.46452528	0.0	0.0
chr1:10670531-10671031	MASP2	MASP2	chr1	10670531	10671031	11047238	-	376457	stromal	method4_crosscohort	0.53480905	0.53480905	0.0	0.0
chr1:10671051-10671551	MASP2	MASP2	chr1	10671051	10671551	11047238	-	375937	stromal	method4_crosscohort	0.5839706	0.5839706	0.0	0.0
chr1:10671790-10672290	MASP2	MASP2	chr1	10671790	10672290	11047238	-	375198	stromal	method4_crosscohort	0.6013924	0.6013924	0.0	0.0
chr1:10673294-10673794	MASP2	MASP2	chr1	10673294	10673794	11047238	-	373694	stromal	method4_crosscohort	0.62760603	0.62760603	0.0	0.0
chr1:10673870-10674370	MASP2	MASP2	chr1	10673870	10674370	11047238	-	373118	stromal	method4_crosscohort	0.5139745	0.5139745	0.0	0.0
chr1:10676927-10677427	MASP2	MASP2	chr1	10676927	10677427	11047238	-	370061	stromal	method4_crosscohort	0.46341065	0.46341065	0.0	0.0
chr1:10677641-10678141	MASP2	MASP2	chr1	10677641	10678141	11047238	-	369347	stromal	method4_crosscohort	0.50447047	0.50447047	0.0	0.0
chr1:10678947-10679447	MASP2	MASP2	chr1	10678947	10679447	11047238	-	368041	stromal	method4_crosscohort	0.48786232	0.48786232	0.0	0.0
chr1:10679538-10680038	DFFA	DFFA	chr1	10679538	10680038	10472528	-	207260	stromal	method4_crosscohort	0.58632225	0.58632225	0.0	0.0
chr1:10679538-10680038	KIF1B	KIF1B	chr1	10679538	10680038	10210569	+	469219	stromal	method4_crosscohort	0.45819008	0.45819008	0.0	0.0
chr1:10682175-10682675	MASP2	MASP2	chr1	10682175	10682675	11047238	-	364813	stromal	method4_crosscohort	0.46440881	0.46440881	0.0	0.0
chr1:10682944-10683444	MASP2	MASP2	chr1	10682944	10683444	11047238	-	364044	stromal	method4_crosscohort	0.5299925	0.5299925	0.0	0.0
chr1:10684738-10685238	MASP2	MASP2	chr1	10684738	10685238	11047238	-	362250	stromal	method4_crosscohort	0.4771206	0.4771206	0.0	0.0
chr1:10704383-10704883	MASP2	MASP2	chr1	10704383	10704883	11047238	-	342605	stromal	method4_crosscohort	0.5381829	0.5381829	0.0	0.0
chr1:10714244-10714744	MASP2	MASP2	chr1	10714244	10714744	11047238	-	332744	stromal	method4_crosscohort	0.50592196	0.50592196	0.0	0.0
chr1:10723999-10724499	MASP2	MASP2	chr1	10723999	10724499	11047238	-	322989	stromal	method4_crosscohort	0.5431744	0.5431744	0.0	0.0
chr1:10726387-10726887	MASP2	MASP2	chr1	10726387	10726887	11047238	-	320601	stromal	method4_crosscohort	0.63106656	0.63106656	0.0	0.0
chr1:10737082-10737582	DFFA	DFFA	chr1	10737082	10737582	10472528	-	264804	stromal	method4_crosscohort	0.52053124	0.52053124	0.0	0.0
chr1:10738167-10738667	CASZ1	CASZ1	chr1	10738167	10738667	10796649	-	58232	stromal	method4_crosscohort	0.51918256	0.51918256	0.0	0.0
chr1:10755881-10756381	DFFA	DFFA	chr1	10755881	10756381	10472528	-	283603	stromal	method4_crosscohort	0.5380787	0.5380787	0.0	0.0
chr1:10761392-10761892	DFFA	DFFA	chr1	10761392	10761892	10472528	-	289114	stromal	method4_crosscohort	0.45535904	0.45535904	0.0	0.0
chr1:10762052-10762552	DFFA	DFFA	chr1	10762052	10762552	10472528	-	289774	stromal	method4_crosscohort	0.47417334	0.47417334	0.0	0.0
chr1:10788662-10789162	DFFA	DFFA	chr1	10788662	10789162	10472528	-	316384	stromal	method4_crosscohort	0.5195685	0.5195685	0.0	0.0
chr1:10788662-10789162	MTOR	MTOR	chr1	10788662	10789162	11262555	-	473643	stromal	method4_crosscohort	0.5645728	0.5645728	0.0	0.0
chr1:10793753-10794253	DFFA	DFFA	chr1	10793753	10794253	10472528	-	321475	stromal	method4_crosscohort	0.49444008	0.49444008	0.0	0.0
chr1:10793753-10794253	MTOR	MTOR	chr1	10793753	10794253	11262555	-	468552	stromal	method4_crosscohort	0.5097086	0.5097086	0.0	0.0
chr1:10796466-10796966	DFFA	DFFA	chr1	10796466	10796966	10472528	-	324188	stromal	method4_crosscohort	0.45131868	0.45131868	0.0	0.0
chr1:10796466-10796966	MTOR	MTOR	chr1	10796466	10796966	11262555	-	465839	stromal	method4_crosscohort	0.4943794	0.4943794	0.0	0.0
chr1:10803917-10804417	CASZ1	CASZ1	chr1	10803917	10804417	10796649	-	7518	stromal	method4_crosscohort	0.5654893	0.5654893	0.0	0.0
chr1:10975682-10976182	MASP2	MASP2	chr1	10975682	10976182	11047238	-	71306	stromal	method4_crosscohort	0.45281315	0.45281315	0.0	0.0
chr1:10979533-10980033	TARDBP	TARDBP	chr1	10979533	10980033	11012343	+	32560	stromal	method4_crosscohort	0.5844959	0.5844959	0.0	0.0
chr1:11109248-11109748	TARDBP	TARDBP	chr1	11109248	11109748	11012343	+	97155	stromal	method4_crosscohort	0.71858734	0.71858734	0.0	0.0
chr1:11186970-11187470	TARDBP	TARDBP	chr1	11186970	11187470	11012343	+	174877	stromal	method4_crosscohort	0.5968621	0.5968621	0.0	0.0
chr1:11730321-11730821	KIAA2013	KIAA2013	chr1	11730321	11730821	11926427	-	195856	stromal	method4_crosscohort	-0.45049688	-0.45049688	0.0	0.0
chr1:11730321-11730821	MAD2L2	MAD2L2	chr1	11730321	11730821	11691810	-	38761	stromal	method4_crosscohort	-0.47556955	-0.47556955	0.0	0.0
chr1:11730321-11730821	MTHFR	MTHFR	chr1	11730321	11730821	11806454	-	75883	stromal	method4_crosscohort	0.4830664	0.4830664	0.0	0.0
chr1:11730321-11730821	TNFRSF1B	TNFRSF1B	chr1	11730321	11730821	12166990	+	436419	stromal	method4_crosscohort	0.45887345	0.45887345	0.0	0.0
chr1:11880915-11881415	AGTRAP	AGTRAP	chr1	11880915	11881415	11736083	+	145082	stromal	method4_crosscohort	-0.5081118	-0.5081118	0.0	0.0
chr1:11918807-11919307	TNFRSF8	TNFRSF8	chr1	11918807	11919307	12063302	+	144245	stromal	method4_crosscohort	0.52803445	0.52803445	0.0	0.0
chr1:11940593-11941093	MTHFR	MTHFR	chr1	11940593	11941093	11806454	-	134389	stromal	method4_crosscohort	-0.48096904	-0.48096904	0.0	0.0
chr1:11940593-11941093	PLOD1	PLOD1	chr1	11940593	11941093	11934204	+	6639	stromal	method4_crosscohort	-0.4745628	-0.4745628	0.0	0.0
chr1:11940593-11941093	TNFRSF1B	TNFRSF1B	chr1	11940593	11941093	12166990	+	226147	stromal	method4_crosscohort	-0.5070018	-0.5070018	0.0	0.0
chr1:11979373-11979873	TNFRSF8	TNFRSF8	chr1	11979373	11979873	12063302	+	83679	stromal	method4_crosscohort	0.46820328	0.46820328	0.0	0.0
chr1:11990694-11991194	TNFRSF1B	TNFRSF1B	chr1	11990694	11991194	12166990	+	176046	stromal	method4_crosscohort	-0.45168716	-0.45168716	0.0	0.0
chr1:12019139-12019639	TNFRSF8	TNFRSF8	chr1	12019139	12019639	12063302	+	43913	stromal	method4_crosscohort	0.49879685	0.49879685	0.0	0.0
chr1:12132850-12133350	AGTRAP	AGTRAP	chr1	12132850	12133350	11736083	+	397017	stromal	method4_crosscohort	-0.52554876	-0.52554876	0.0	0.0
chr1:12132850-12133350	KIAA2013	KIAA2013	chr1	12132850	12133350	11926427	-	206673	stromal	method4_crosscohort	-0.49313864	-0.49313864	0.0	0.0
chr1:12132850-12133350	MTHFR	MTHFR	chr1	12132850	12133350	11806454	-	326646	stromal	method4_crosscohort	0.5577368	0.5577368	0.0	0.0
chr1:12132850-12133350	TNFRSF1B	TNFRSF1B	chr1	12132850	12133350	12166990	+	33890	stromal	method4_crosscohort	0.5054568	0.5054568	0.0	0.0
chr1:12143489-12143989	PLOD1	PLOD1	chr1	12143489	12143989	11934204	+	209535	stromal	method4_crosscohort	0.59261847	0.59261847	0.0	0.0
chr1:12143489-12143989	TNFRSF1B	TNFRSF1B	chr1	12143489	12143989	12166990	+	23251	stromal	method4_crosscohort	0.49791506	0.49791506	0.0	0.0
chr1:12146806-12147306	AGTRAP	AGTRAP	chr1	12146806	12147306	11736083	+	410973	stromal	method4_crosscohort	-0.48862922	-0.48862922	0.0	0.0
chr1:12146806-12147306	KIAA2013	KIAA2013	chr1	12146806	12147306	11926427	-	220629	stromal	method4_crosscohort	-0.4947283	-0.4947283	0.0	0.0
chr1:12146806-12147306	MAD2L2	MAD2L2	chr1	12146806	12147306	11691810	-	455246	stromal	method4_crosscohort	-0.49162257	-0.49162257	0.0	0.0
chr1:12146806-12147306	MTHFR	MTHFR	chr1	12146806	12147306	11806454	-	340602	stromal	method4_crosscohort	0.4976826	0.4976826	0.0	0.0
chr1:12147326-12147826	AGTRAP	AGTRAP	chr1	12147326	12147826	11736083	+	411493	stromal	method4_crosscohort	-0.5092819	-0.5092819	0.0	0.0
chr1:12147326-12147826	KIAA2013	KIAA2013	chr1	12147326	12147826	11926427	-	221149	stromal	method4_crosscohort	-0.5614638	-0.5614638	0.0	0.0
chr1:12147326-12147826	MAD2L2	MAD2L2	chr1	12147326	12147826	11691810	-	455766	stromal	method4_crosscohort	-0.5511505	-0.5511505	0.0	0.0
chr1:12147326-12147826	MTHFR	MTHFR	chr1	12147326	12147826	11806454	-	341122	stromal	method4_crosscohort	0.5465116	0.5465116	0.0	0.0
chr1:12147326-12147826	TNFRSF1B	TNFRSF1B	chr1	12147326	12147826	12166990	+	19414	stromal	method4_crosscohort	0.4605658	0.4605658	0.0	0.0
chr1:12161132-12161632	KIAA2013	KIAA2013	chr1	12161132	12161632	11926427	-	234955	stromal	method4_crosscohort	-0.45994422	-0.45994422	0.0	0.0
chr1:12161132-12161632	MAD2L2	MAD2L2	chr1	12161132	12161632	11691810	-	469572	stromal	method4_crosscohort	-0.484329	-0.484329	0.0	0.0
chr1:12161132-12161632	MTHFR	MTHFR	chr1	12161132	12161632	11806454	-	354928	stromal	method4_crosscohort	0.45904613	0.45904613	0.0	0.0
chr1:12161796-12162296	AGTRAP	AGTRAP	chr1	12161796	12162296	11736083	+	425963	stromal	method4_crosscohort	-0.5781101	-0.5781101	0.0	0.0
chr1:12161796-12162296	KIAA2013	KIAA2013	chr1	12161796	12162296	11926427	-	235619	stromal	method4_crosscohort	-0.6390774	-0.6390774	0.0	0.0
chr1:12161796-12162296	MAD2L2	MAD2L2	chr1	12161796	12162296	11691810	-	470236	stromal	method4_crosscohort	-0.6886191	-0.6886191	0.0	0.0
chr1:12161796-12162296	MTHFR	MTHFR	chr1	12161796	12162296	11806454	-	355592	stromal	method4_crosscohort	0.6544719	0.6544719	0.0	0.0
chr1:12161796-12162296	PLOD1	PLOD1	chr1	12161796	12162296	11934204	+	227842	stromal	method4_crosscohort	0.61885047	0.61885047	0.0	0.0
chr1:12161796-12162296	TNFRSF1B	TNFRSF1B	chr1	12161796	12162296	12166990	+	4944	stromal	method4_crosscohort	0.6588129	0.6588129	0.0	0.0
chr1:12162299-12162799	KIAA2013	KIAA2013	chr1	12162299	12162799	11926427	-	236122	stromal	method4_crosscohort	-0.4655658	-0.4655658	0.0	0.0
chr1:12162299-12162799	MAD2L2	MAD2L2	chr1	12162299	12162799	11691810	-	470739	stromal	method4_crosscohort	-0.51539594	-0.51539594	0.0	0.0
chr1:12162299-12162799	MTHFR	MTHFR	chr1	12162299	12162799	11806454	-	356095	stromal	method4_crosscohort	0.47477472	0.47477472	0.0	0.0
chr1:12162299-12162799	PLOD1	PLOD1	chr1	12162299	12162799	11934204	+	228345	stromal	method4_crosscohort	0.45997956	0.45997956	0.0	0.0
chr1:12162299-12162799	TNFRSF1B	TNFRSF1B	chr1	12162299	12162799	12166990	+	4441	stromal	method4_crosscohort	0.48025715	0.48025715	0.0	0.0
chr1:12166711-12167211	AGTRAP	AGTRAP	chr1	12166711	12167211	11736083	+	430878	stromal	method4_crosscohort	-0.5295442	-0.5295442	0.0	0.0
chr1:12166711-12167211	KIAA2013	KIAA2013	chr1	12166711	12167211	11926427	-	240534	stromal	method4_crosscohort	-0.55249584	-0.55249584	0.0	0.0
chr1:12166711-12167211	MAD2L2	MAD2L2	chr1	12166711	12167211	11691810	-	475151	stromal	method4_crosscohort	-0.5772936	-0.5772936	0.0	0.0
chr1:12166711-12167211	MTHFR	MTHFR	chr1	12166711	12167211	11806454	-	360507	stromal	method4_crosscohort	0.6226659	0.6226659	0.0	0.0
chr1:12166711-12167211	PLOD1	PLOD1	chr1	12166711	12167211	11934204	+	232757	stromal	method4_crosscohort	0.60593	0.60593	0.0	0.0
chr1:12166711-12167211	TNFRSF1B	TNFRSF1B	chr1	12166711	12167211	12166990	+	29	stromal	method4_crosscohort	0.64048463	0.64048463	0.0	0.0
chr1:12167321-12167821	KIAA2013	KIAA2013	chr1	12167321	12167821	11926427	-	241144	stromal	method4_crosscohort	-0.47228146	-0.47228146	0.0	0.0
chr1:12167321-12167821	MAD2L2	MAD2L2	chr1	12167321	12167821	11691810	-	475761	stromal	method4_crosscohort	-0.5029236	-0.5029236	0.0	0.0
chr1:12167321-12167821	MTHFR	MTHFR	chr1	12167321	12167821	11806454	-	361117	stromal	method4_crosscohort	0.48991367	0.48991367	0.0	0.0
chr1:12167321-12167821	PLOD1	PLOD1	chr1	12167321	12167821	11934204	+	233367	stromal	method4_crosscohort	0.48950925	0.48950925	0.0	0.0
chr1:12167321-12167821	TNFRSF1B	TNFRSF1B	chr1	12167321	12167821	12166990	+	581	stromal	method4_crosscohort	0.5071684	0.5071684	0.0	0.0
chr1:12168375-12168875	MTHFR	MTHFR	chr1	12168375	12168875	11806454	-	362171	stromal	method4_crosscohort	0.49765745	0.49765745	0.0	0.0
chr1:12168375-12168875	TNFRSF1B	TNFRSF1B	chr1	12168375	12168875	12166990	+	1635	stromal	method4_crosscohort	0.47479805	0.47479805	0.0	0.0
chr1:12175127-12175627	MTHFR	MTHFR	chr1	12175127	12175627	11806454	-	368923	stromal	method4_crosscohort	0.45784914	0.45784914	0.0	0.0
chr1:12175127-12175627	PLOD1	PLOD1	chr1	12175127	12175627	11934204	+	241173	stromal	method4_crosscohort	0.5276336	0.5276336	0.0	0.0
chr1:12175127-12175627	TNFRSF1B	TNFRSF1B	chr1	12175127	12175627	12166990	+	8387	stromal	method4_crosscohort	0.496761	0.496761	0.0	0.0
chr1:12180242-12180742	PLOD1	PLOD1	chr1	12180242	12180742	11934204	+	246288	stromal	method4_crosscohort	0.45306113	0.45306113	0.0	0.0
chr1:12309730-12310230	KIAA2013	KIAA2013	chr1	12309730	12310230	11926427	-	383553	stromal	method4_crosscohort	0.5039262	0.5039262	0.0	0.0
chr1:12309730-12310230	TNFRSF8	TNFRSF8	chr1	12309730	12310230	12063302	+	246678	stromal	method4_crosscohort	0.48329064	0.48329064	0.0	0.0
chr1:12435568-12436068	HNRNPCL1	HNRNPCL1	chr1	12435568	12436068	12848719	-	412901	stromal	method4_crosscohort	0.46262348	0.46262348	0.0	0.0
chr1:12464623-12465123	PRAMEF6	PRAMEF6	chr1	12464623	12465123	12947579	-	482706	stromal	method4_crosscohort	0.47978568	0.47978568	0.0	0.0
chr1:12464623-12465123	TNFRSF8	TNFRSF8	chr1	12464623	12465123	12063302	+	401571	stromal	method4_crosscohort	0.4756919	0.4756919	0.0	0.0
chr1:12505145-12505645	DHRS3	DHRS3	chr1	12505145	12505645	12618209	-	112814	stromal	method4_crosscohort	0.5021342	0.5021342	0.0	0.0
chr1:12518803-12519303	PRAMEF6	PRAMEF6	chr1	12518803	12519303	12947579	-	428526	stromal	method4_crosscohort	0.45933306	0.45933306	0.0	0.0
chr1:12549015-12549515	PRAMEF6	PRAMEF6	chr1	12549015	12549515	12947579	-	398314	stromal	method4_crosscohort	0.46318027	0.46318027	0.0	0.0
chr1:12604357-12604857	TNFRSF1B	TNFRSF1B	chr1	12604357	12604857	12166990	+	437617	stromal	method4_crosscohort	0.58159626	0.58159626	0.0	0.0
chr1:12635534-12636034	HNRNPCL1	HNRNPCL1	chr1	12635534	12636034	12848719	-	212935	stromal	method4_crosscohort	0.6731652	0.6731652	0.0	0.0
chr1:12636343-12636843	HNRNPCL1	HNRNPCL1	chr1	12636343	12636843	12848719	-	212126	stromal	method4_crosscohort	0.54462546	0.54462546	0.0	0.0
chr1:13540907-13541407	PRDM2	PRDM2	chr1	13540907	13541407	13700187	+	159030	stromal	method4_crosscohort	0.5222671	0.5222671	0.0	0.0
chr1:13549498-13549998	LRRC38	LRRC38	chr1	13549498	13549998	13514002	-	35746	stromal	method4_crosscohort	0.6126971	0.6126971	0.0	0.0
chr1:13585882-13586382	KAZN	KAZN	chr1	13585882	13586382	13892791	+	306659	stromal	method4_crosscohort	0.48685732	0.48685732	0.0	0.0
chr1:13593379-13593879	KAZN	KAZN	chr1	13593379	13593879	13892791	+	299162	stromal	method4_crosscohort	0.62162584	0.62162584	0.0	0.0
chr1:13593379-13593879	PRDM2	PRDM2	chr1	13593379	13593879	13700187	+	106558	stromal	method4_crosscohort	-0.46364534	-0.46364534	0.0	0.0
chr1:13605078-13605578	KAZN	KAZN	chr1	13605078	13605578	13892791	+	287463	stromal	method4_crosscohort	0.4925461	0.4925461	0.0	0.0
chr1:13619912-13620412	KAZN	KAZN	chr1	13619912	13620412	13892791	+	272629	stromal	method4_crosscohort	0.4548598	0.4548598	0.0	0.0
chr1:13994065-13994565	LRRC38	LRRC38	chr1	13994065	13994565	13514002	-	480313	stromal	method4_crosscohort	0.54717004	0.54717004	0.0	0.0
chr1:14113432-14113932	KAZN	KAZN	chr1	14113432	14113932	13892791	+	220891	stromal	method4_crosscohort	0.47237572	0.47237572	0.0	0.0
chr1:14238496-14238996	KAZN	KAZN	chr1	14238496	14238996	13892791	+	345955	stromal	method4_crosscohort	0.5096787	0.5096787	0.0	0.0
chr1:14242090-14242590	KAZN	KAZN	chr1	14242090	14242590	13892791	+	349549	stromal	method4_crosscohort	0.4607396	0.4607396	0.0	0.0
chr1:14259036-14259536	KAZN	KAZN	chr1	14259036	14259536	13892791	+	366495	stromal	method4_crosscohort	0.60762066	0.60762066	0.0	0.0
chr1:14259609-14260109	KAZN	KAZN	chr1	14259609	14260109	13892791	+	367068	stromal	method4_crosscohort	0.5365513	0.5365513	0.0	0.0
chr1:14350206-14350706	KAZN	KAZN	chr1	14350206	14350706	13892791	+	457665	stromal	method4_crosscohort	0.5355656	0.5355656	0.0	0.0
chr1:14700284-14700784	TMEM51	TMEM51	chr1	14700284	14700784	15152531	+	451997	stromal	method4_crosscohort	0.53449684	0.53449684	0.0	0.0
chr1:14742242-14742742	TMEM51	TMEM51	chr1	14742242	14742742	15152531	+	410039	stromal	method4_crosscohort	0.45735994	0.45735994	0.0	0.0
chr1:14810982-14811482	TMEM51	TMEM51	chr1	14810982	14811482	15152531	+	341299	stromal	method4_crosscohort	0.5167189	0.5167189	0.0	0.0
chr1:14825642-14826142	TMEM51	TMEM51	chr1	14825642	14826142	15152531	+	326639	stromal	method4_crosscohort	0.46202588	0.46202588	0.0	0.0
chr1:14826153-14826653	TMEM51	TMEM51	chr1	14826153	14826653	15152531	+	326128	stromal	method4_crosscohort	0.56992865	0.56992865	0.0	0.0
chr1:14842276-14842776	TMEM51	TMEM51	chr1	14842276	14842776	15152531	+	310005	stromal	method4_crosscohort	0.45015657	0.45015657	0.0	0.0
chr1:14842880-14843380	TMEM51	TMEM51	chr1	14842880	14843380	15152531	+	309401	stromal	method4_crosscohort	0.4598492	0.4598492	0.0	0.0
chr1:15178754-15179254	TMEM51	TMEM51	chr1	15178754	15179254	15152531	+	26473	stromal	method4_crosscohort	0.46626052	0.46626052	0.0	0.0
chr1:15179387-15179887	TMEM51	TMEM51	chr1	15179387	15179887	15152531	+	27106	stromal	method4_crosscohort	0.45627758	0.45627758	0.0	0.0
chr1:15243131-15243631	FHAD1	FHAD1	chr1	15243131	15243631	15236520	+	6861	stromal	method4_crosscohort	0.49965817	0.49965817	0.0	0.0
chr1:15243131-15243631	SLC25A34	SLC25A34	chr1	15243131	15243631	15736257	+	492876	stromal	method4_crosscohort	-0.5949185	-0.5949185	0.0	0.0
chr1:15282747-15283247	FHAD1	FHAD1	chr1	15282747	15283247	15236520	+	46477	stromal	method4_crosscohort	0.5845738	0.5845738	0.0	0.0
chr1:15282747-15283247	SLC25A34	SLC25A34	chr1	15282747	15283247	15736257	+	453260	stromal	method4_crosscohort	-0.6194521	-0.6194521	0.0	0.0
chr1:15283443-15283943	FHAD1	FHAD1	chr1	15283443	15283943	15236520	+	47173	stromal	method4_crosscohort	0.5293573	0.5293573	0.0	0.0
chr1:15283443-15283943	SLC25A34	SLC25A34	chr1	15283443	15283943	15736257	+	452564	stromal	method4_crosscohort	-0.59674966	-0.59674966	0.0	0.0
chr1:15424362-15424862	DNAJC16	DNAJC16	chr1	15424362	15424862	15526812	+	102200	stromal	method4_crosscohort	0.47735694	0.47735694	0.0	0.0
chr1:15427192-15427692	SLC25A34	SLC25A34	chr1	15427192	15427692	15736257	+	308815	stromal	method4_crosscohort	-0.50584596	-0.50584596	0.0	0.0
chr1:15717343-15717843	FHAD1	FHAD1	chr1	15717343	15717843	15236520	+	481073	stromal	method4_crosscohort	0.4518057	0.4518057	0.0	0.0
chr1:15717343-15717843	HSPB7	HSPB7	chr1	15717343	15717843	16019593	-	302000	stromal	method4_crosscohort	0.5253825	0.5253825	0.0	0.0
chr1:15717343-15717843	SLC25A34	SLC25A34	chr1	15717343	15717843	15736257	+	18664	stromal	method4_crosscohort	-0.5463706	-0.5463706	0.0	0.0
chr1:15780620-15781120	DNAJC16	DNAJC16	chr1	15780620	15781120	15526812	+	254058	stromal	method4_crosscohort	0.46337458	0.46337458	0.0	0.0
chr1:16012486-16012986	SZRD1	SZRD1	chr1	16012486	16012986	16352574	+	339838	stromal	method4_crosscohort	0.516783	0.516783	0.0	0.0
chr1:16013129-16013629	HSPB7	HSPB7	chr1	16013129	16013629	16019593	-	6214	stromal	method4_crosscohort	0.49334538	0.49334538	0.0	0.0
chr1:16013129-16013629	SLC25A34	SLC25A34	chr1	16013129	16013629	15736257	+	277122	stromal	method4_crosscohort	-0.47178644	-0.47178644	0.0	0.0
chr1:16013129-16013629	SZRD1	SZRD1	chr1	16013129	16013629	16352574	+	339195	stromal	method4_crosscohort	0.6516616	0.6516616	0.0	0.0
chr1:16013129-16013629	ZBTB17	ZBTB17	chr1	16013129	16013629	15976131	-	37248	stromal	method4_crosscohort	0.5490473	0.5490473	0.0	0.0
chr1:16013877-16014377	SZRD1	SZRD1	chr1	16013877	16014377	16352574	+	338447	stromal	method4_crosscohort	0.45819172	0.45819172	0.0	0.0
chr1:16014599-16015099	HSPB7	HSPB7	chr1	16014599	16015099	16019593	-	4744	stromal	method4_crosscohort	0.5160328	0.5160328	0.0	0.0
chr1:16014599-16015099	SLC25A34	SLC25A34	chr1	16014599	16015099	15736257	+	278592	stromal	method4_crosscohort	-0.5145883	-0.5145883	0.0	0.0
chr1:16014599-16015099	SZRD1	SZRD1	chr1	16014599	16015099	16352574	+	337725	stromal	method4_crosscohort	0.5645668	0.5645668	0.0	0.0
chr1:16015209-16015709	SZRD1	SZRD1	chr1	16015209	16015709	16352574	+	337115	stromal	method4_crosscohort	0.5026	0.5026	0.0	0.0
chr1:16015962-16016462	HSPB7	HSPB7	chr1	16015962	16016462	16019593	-	3381	stromal	method4_crosscohort	0.5927842	0.5927842	0.0	0.0
chr1:16015962-16016462	SLC25A34	SLC25A34	chr1	16015962	16016462	15736257	+	279955	stromal	method4_crosscohort	-0.6097011	-0.6097011	0.0	0.0
chr1:16015962-16016462	SZRD1	SZRD1	chr1	16015962	16016462	16352574	+	336362	stromal	method4_crosscohort	0.64773315	0.64773315	0.0	0.0
chr1:16015962-16016462	ZBTB17	ZBTB17	chr1	16015962	16016462	15976131	-	40081	stromal	method4_crosscohort	0.52715975	0.52715975	0.0	0.0
chr1:16016537-16017037	SZRD1	SZRD1	chr1	16016537	16017037	16352574	+	335787	stromal	method4_crosscohort	0.49865055	0.49865055	0.0	0.0
chr1:16017149-16017649	HSPB7	HSPB7	chr1	16017149	16017649	16019593	-	2194	stromal	method4_crosscohort	0.5228676	0.5228676	0.0	0.0
chr1:16017149-16017649	SLC25A34	SLC25A34	chr1	16017149	16017649	15736257	+	281142	stromal	method4_crosscohort	-0.506191	-0.506191	0.0	0.0
chr1:16017149-16017649	SZRD1	SZRD1	chr1	16017149	16017649	16352574	+	335175	stromal	method4_crosscohort	0.59776765	0.59776765	0.0	0.0
chr1:16017149-16017649	ZBTB17	ZBTB17	chr1	16017149	16017649	15976131	-	41268	stromal	method4_crosscohort	0.49405134	0.49405134	0.0	0.0
chr1:16017832-16018332	HSPB7	HSPB7	chr1	16017832	16018332	16019593	-	1511	stromal	method4_crosscohort	0.6379068	0.6379068	0.0	0.0
chr1:16017832-16018332	SLC25A34	SLC25A34	chr1	16017832	16018332	15736257	+	281825	stromal	method4_crosscohort	-0.64147186	-0.64147186	0.0	0.0
chr1:16017832-16018332	SPEN	SPEN	chr1	16017832	16018332	15836094	+	181988	stromal	method4_crosscohort	-0.54550534	-0.54550534	0.0	0.0
chr1:16017832-16018332	SZRD1	SZRD1	chr1	16017832	16018332	16352574	+	334492	stromal	method4_crosscohort	0.7081201	0.7081201	0.0	0.0
chr1:16017832-16018332	ZBTB17	ZBTB17	chr1	16017832	16018332	15976131	-	41951	stromal	method4_crosscohort	0.52530867	0.52530867	0.0	0.0
chr1:16018681-16019181	SZRD1	SZRD1	chr1	16018681	16019181	16352574	+	333643	stromal	method4_crosscohort	0.45662218	0.45662218	0.0	0.0
chr1:16019606-16020106	HSPB7	HSPB7	chr1	16019606	16020106	16019593	-	263	stromal	method4_crosscohort	0.579055	0.579055	0.0	0.0
chr1:16019606-16020106	SLC25A34	SLC25A34	chr1	16019606	16020106	15736257	+	283599	stromal	method4_crosscohort	-0.58767587	-0.58767587	0.0	0.0
chr1:16019606-16020106	SZRD1	SZRD1	chr1	16019606	16020106	16352574	+	332718	stromal	method4_crosscohort	0.6775401	0.6775401	0.0	0.0
chr1:16019606-16020106	ZBTB17	ZBTB17	chr1	16019606	16020106	15976131	-	43725	stromal	method4_crosscohort	0.59749794	0.59749794	0.0	0.0
chr1:16020195-16020695	HSPB7	HSPB7	chr1	16020195	16020695	16019593	-	852	stromal	method4_crosscohort	0.47295356	0.47295356	0.0	0.0
chr1:16020195-16020695	SLC25A34	SLC25A34	chr1	16020195	16020695	15736257	+	284188	stromal	method4_crosscohort	-0.47586483	-0.47586483	0.0	0.0
chr1:16020195-16020695	SZRD1	SZRD1	chr1	16020195	16020695	16352574	+	332129	stromal	method4_crosscohort	0.57137114	0.57137114	0.0	0.0
chr1:16020195-16020695	ZBTB17	ZBTB17	chr1	16020195	16020695	15976131	-	44314	stromal	method4_crosscohort	0.47846377	0.47846377	0.0	0.0
chr1:16026720-16027220	SZRD1	SZRD1	chr1	16026720	16027220	16352574	+	325604	stromal	method4_crosscohort	0.46241194	0.46241194	0.0	0.0
chr1:16133776-16134276	EPHA2	EPHA2	chr1	16133776	16134276	16156068	-	22042	stromal	method4_crosscohort	0.55494034	0.55494034	0.0	0.0
chr1:16133776-16134276	SPEN	SPEN	chr1	16133776	16134276	15836094	+	297932	stromal	method4_crosscohort	0.5723617	0.5723617	0.0	0.0
chr1:16138849-16139349	EPHA2	EPHA2	chr1	16138849	16139349	16156068	-	16969	stromal	method4_crosscohort	0.63681823	0.63681823	0.0	0.0
chr1:16138849-16139349	PLEKHM2	PLEKHM2	chr1	16138849	16139349	15684319	+	454780	stromal	method4_crosscohort	0.4587104	0.4587104	0.0	0.0
chr1:16138849-16139349	SPEN	SPEN	chr1	16138849	16139349	15836094	+	303005	stromal	method4_crosscohort	0.62568766	0.62568766	0.0	0.0
chr1:16141571-16142071	PLEKHM2	PLEKHM2	chr1	16141571	16142071	15684319	+	457502	stromal	method4_crosscohort	0.4608817	0.4608817	0.0	0.0
chr1:16144915-16145415	EPHA2	EPHA2	chr1	16144915	16145415	16156068	-	10903	stromal	method4_crosscohort	0.53185517	0.53185517	0.0	0.0
chr1:16144915-16145415	SPEN	SPEN	chr1	16144915	16145415	15836094	+	309071	stromal	method4_crosscohort	0.57812583	0.57812583	0.0	0.0
chr1:16152688-16153188	EPHA2	EPHA2	chr1	16152688	16153188	16156068	-	3130	stromal	method4_crosscohort	0.54115224	0.54115224	0.0	0.0
chr1:16152688-16153188	SPEN	SPEN	chr1	16152688	16153188	15836094	+	316844	stromal	method4_crosscohort	0.5766416	0.5766416	0.0	0.0
chr1:16210002-16210502	NECAP2	NECAP2	chr1	16210002	16210502	16440720	+	230468	stromal	method4_crosscohort	0.5607296	0.5607296	0.0	0.0
chr1:16432987-16433487	EPHA2	EPHA2	chr1	16432987	16433487	16156068	-	277169	stromal	method4_crosscohort	0.45371002	0.45371002	0.0	0.0
chr1:16623966-16624466	PADI2	PADI2	chr1	16623966	16624466	17119450	-	495234	stromal	method4_crosscohort	0.45247465	0.45247465	0.0	0.0
chr1:16770239-16770739	SZRD1	SZRD1	chr1	16770239	16770739	16352574	+	417915	stromal	method4_crosscohort	0.45208892	0.45208892	0.0	0.0
chr1:17108694-17109194	PADI2	PADI2	chr1	17108694	17109194	17119450	-	10506	stromal	method4_crosscohort	0.46412748	0.46412748	0.0	0.0
chr1:17250506-17251006	RCC2	RCC2	chr1	17250506	17251006	17439676	-	188920	stromal	method4_crosscohort	0.47068065	0.47068065	0.0	0.0
chr1:17531712-17532212	PADI3	PADI3	chr1	17531712	17532212	17249097	+	282865	stromal	method4_crosscohort	0.5041812	0.5041812	0.0	0.0
chr1:17531712-17532212	PADI4	PADI4	chr1	17531712	17532212	17308194	+	223768	stromal	method4_crosscohort	-0.5824323	-0.5824323	0.0	0.0
chr1:17580165-17580665	PADI2	PADI2	chr1	17580165	17580665	17119450	-	460965	stromal	method4_crosscohort	0.49723345	0.49723345	0.0	0.0
chr1:17596728-17597228	PADI2	PADI2	chr1	17596728	17597228	17119450	-	477528	stromal	method4_crosscohort	0.45428413	0.45428413	0.0	0.0
chr1:17618094-17618594	PADI4	PADI4	chr1	17618094	17618594	17308194	+	310150	stromal	method4_crosscohort	-0.4829624	-0.4829624	0.0	0.0
chr1:18962042-18962542	IFFO2	IFFO2	chr1	18962042	18962542	18956675	-	5617	stromal	method4_crosscohort	0.45953292	0.45953292	0.0	0.0
chr1:18965736-18966236	AKR7A2	AKR7A2	chr1	18965736	18966236	19312143	-	346157	stromal	method4_crosscohort	-0.48184752	-0.48184752	0.0	0.0
chr1:19010970-19011470	IFFO2	IFFO2	chr1	19010970	19011470	18956675	-	54545	stromal	method4_crosscohort	0.48175767	0.48175767	0.0	0.0
chr1:19156658-19157158	CAPZB	CAPZB	chr1	19156658	19157158	19485538	-	328630	stromal	method4_crosscohort	-0.47239384	-0.47239384	0.0	0.0
chr1:19203333-19203833	AKR7A2	AKR7A2	chr1	19203333	19203833	19312143	-	108560	stromal	method4_crosscohort	-0.45477316	-0.45477316	0.0	0.0
chr1:19203333-19203833	CAPZB	CAPZB	chr1	19203333	19203833	19485538	-	281955	stromal	method4_crosscohort	0.4656551	0.4656551	0.0	0.0
chr1:19232132-19232632	AKR7A2	AKR7A2	chr1	19232132	19232632	19312143	-	79761	stromal	method4_crosscohort	-0.5237735	-0.5237735	0.0	0.0
chr1:19232132-19232632	CAPZB	CAPZB	chr1	19232132	19232632	19485538	-	253156	stromal	method4_crosscohort	0.55695844	0.55695844	0.0	0.0
chr1:19232132-19232632	NBL1	NBL1	chr1	19232132	19232632	19596978	+	364596	stromal	method4_crosscohort	0.48581448	0.48581448	0.0	0.0
chr1:19400167-19400667	CAPZB	CAPZB	chr1	19400167	19400667	19485538	-	85121	stromal	method4_crosscohort	0.4508865	0.4508865	0.0	0.0
chr1:19418387-19418887	CAPZB	CAPZB	chr1	19418387	19418887	19485538	-	66901	stromal	method4_crosscohort	0.47028753	0.47028753	0.0	0.0
chr1:19418387-19418887	NBL1	NBL1	chr1	19418387	19418887	19596978	+	178341	stromal	method4_crosscohort	0.46247765	0.46247765	0.0	0.0
chr1:19452397-19452897	IFFO2	IFFO2	chr1	19452397	19452897	18956675	-	495972	stromal	method4_crosscohort	0.453583	0.453583	0.0	0.0
chr1:19494970-19495470	AKR7A2	AKR7A2	chr1	19494970	19495470	19312143	-	183077	stromal	method4_crosscohort	0.48911196	0.48911196	0.0	0.0
chr1:19494970-19495470	CAPZB	CAPZB	chr1	19494970	19495470	19485538	-	9682	stromal	method4_crosscohort	-0.45956534	-0.45956534	0.0	0.0
chr1:19504732-19505232	AKR7A2	AKR7A2	chr1	19504732	19505232	19312143	-	192839	stromal	method4_crosscohort	0.5189091	0.5189091	0.0	0.0
chr1:19508899-19509399	AKR7A2	AKR7A2	chr1	19508899	19509399	19312143	-	197006	stromal	method4_crosscohort	0.4730356	0.4730356	0.0	0.0
chr1:19529525-19530025	AKR7A2	AKR7A2	chr1	19529525	19530025	19312143	-	217632	stromal	method4_crosscohort	-0.50812554	-0.50812554	0.0	0.0
chr1:19529525-19530025	CAPZB	CAPZB	chr1	19529525	19530025	19485538	-	44237	stromal	method4_crosscohort	0.5151324	0.5151324	0.0	0.0
chr1:19529525-19530025	NBL1	NBL1	chr1	19529525	19530025	19596978	+	67203	stromal	method4_crosscohort	0.45479682	0.45479682	0.0	0.0
chr1:19532469-19532969	AKR7A2	AKR7A2	chr1	19532469	19532969	19312143	-	220576	stromal	method4_crosscohort	-0.51869386	-0.51869386	0.0	0.0
chr1:19532469-19532969	CAPZB	CAPZB	chr1	19532469	19532969	19485538	-	47181	stromal	method4_crosscohort	0.52048683	0.52048683	0.0	0.0
chr1:19532469-19532969	NBL1	NBL1	chr1	19532469	19532969	19596978	+	64259	stromal	method4_crosscohort	0.49030226	0.49030226	0.0	0.0
chr1:19602564-19603064	AKR7A2	AKR7A2	chr1	19602564	19603064	19312143	-	290671	stromal	method4_crosscohort	-0.5075068	-0.5075068	0.0	0.0
chr1:19602564-19603064	CAPZB	CAPZB	chr1	19602564	19603064	19485538	-	117276	stromal	method4_crosscohort	0.5225385	0.5225385	0.0	0.0
chr1:19602564-19603064	NBL1	NBL1	chr1	19602564	19603064	19596978	+	5836	stromal	method4_crosscohort	0.46282303	0.46282303	0.0	0.0
chr1:19731335-19731835	AKR7A2	AKR7A2	chr1	19731335	19731835	19312143	-	419442	stromal	method4_crosscohort	-0.4636298	-0.4636298	0.0	0.0
chr1:19735719-19736219	CAPZB	CAPZB	chr1	19735719	19736219	19485538	-	250431	stromal	method4_crosscohort	0.4809344	0.4809344	0.0	0.0
chr1:19735719-19736219	NBL1	NBL1	chr1	19735719	19736219	19596978	+	138991	stromal	method4_crosscohort	0.4765147	0.4765147	0.0	0.0
chr1:19735719-19736219	PLA2G5	PLA2G5	chr1	19735719	19736219	20028178	+	292209	stromal	method4_crosscohort	0.5244068	0.5244068	0.0	0.0
chr1:19754416-19754916	AKR7A2	AKR7A2	chr1	19754416	19754916	19312143	-	442523	stromal	method4_crosscohort	-0.4624181	-0.4624181	0.0	0.0
chr1:19754416-19754916	CAPZB	CAPZB	chr1	19754416	19754916	19485538	-	269128	stromal	method4_crosscohort	0.47648516	0.47648516	0.0	0.0
chr1:19754416-19754916	PLA2G2C	PLA2G2C	chr1	19754416	19754916	20186517	-	431851	stromal	method4_crosscohort	0.50907356	0.50907356	0.0	0.0
chr1:19754416-19754916	UBXN10	UBXN10	chr1	19754416	19754916	20186095	+	431429	stromal	method4_crosscohort	0.47185203	0.47185203	0.0	0.0
chr1:20165998-20166498	CAMK2N1	CAMK2N1	chr1	20165998	20166498	20486209	-	319961	stromal	method4_crosscohort	-0.51275474	-0.51275474	0.0	0.0
chr1:20165998-20166498	PINK1	PINK1	chr1	20165998	20166498	20633457	+	467209	stromal	method4_crosscohort	0.47874236	0.47874236	0.0	0.0
chr1:20165998-20166498	PLA2G2A	PLA2G2A	chr1	20165998	20166498	19980415	-	185833	stromal	method4_crosscohort	0.4604638	0.4604638	0.0	0.0
chr1:20165998-20166498	PLA2G2C	PLA2G2C	chr1	20165998	20166498	20186517	-	20269	stromal	method4_crosscohort	0.49705875	0.49705875	0.0	0.0
chr1:20165998-20166498	UBXN10	UBXN10	chr1	20165998	20166498	20186095	+	19847	stromal	method4_crosscohort	0.51866454	0.51866454	0.0	0.0
chr1:20178551-20179051	CAMK2N1	CAMK2N1	chr1	20178551	20179051	20486209	-	307408	stromal	method4_crosscohort	-0.49728554	-0.49728554	0.0	0.0
chr1:20178551-20179051	CDA	CDA	chr1	20178551	20179051	20589085	+	410284	stromal	method4_crosscohort	-0.49559364	-0.49559364	0.0	0.0
chr1:20178551-20179051	PINK1	PINK1	chr1	20178551	20179051	20633457	+	454656	stromal	method4_crosscohort	0.5145132	0.5145132	0.0	0.0
chr1:20178551-20179051	PLA2G2A	PLA2G2A	chr1	20178551	20179051	19980415	-	198386	stromal	method4_crosscohort	0.4530174	0.4530174	0.0	0.0
chr1:20178551-20179051	PLA2G2C	PLA2G2C	chr1	20178551	20179051	20186517	-	7716	stromal	method4_crosscohort	0.4874719	0.4874719	0.0	0.0
chr1:20178551-20179051	UBXN10	UBXN10	chr1	20178551	20179051	20186095	+	7294	stromal	method4_crosscohort	0.48023608	0.48023608	0.0	0.0
chr1:20183879-20184379	CAMK2N1	CAMK2N1	chr1	20183879	20184379	20486209	-	302080	stromal	method4_crosscohort	-0.578872	-0.578872	0.0	0.0
chr1:20183879-20184379	CDA	CDA	chr1	20183879	20184379	20589085	+	404956	stromal	method4_crosscohort	-0.6119328	-0.6119328	0.0	0.0
chr1:20183879-20184379	OTUD3	OTUD3	chr1	20183879	20184379	19882394	+	301735	stromal	method4_crosscohort	0.5118812	0.5118812	0.0	0.0
chr1:20183879-20184379	PINK1	PINK1	chr1	20183879	20184379	20633457	+	449328	stromal	method4_crosscohort	0.69005656	0.69005656	0.0	0.0
chr1:20183879-20184379	PLA2G2A	PLA2G2A	chr1	20183879	20184379	19980415	-	203714	stromal	method4_crosscohort	0.5408485	0.5408485	0.0	0.0
chr1:20183879-20184379	PLA2G2C	PLA2G2C	chr1	20183879	20184379	20186517	-	2388	stromal	method4_crosscohort	0.65580606	0.65580606	0.0	0.0
chr1:20183879-20184379	UBXN10	UBXN10	chr1	20183879	20184379	20186095	+	1966	stromal	method4_crosscohort	0.6326197	0.6326197	0.0	0.0
chr1:20185847-20186347	CDA	CDA	chr1	20185847	20186347	20589085	+	402988	stromal	method4_crosscohort	-0.4863523	-0.4863523	0.0	0.0
chr1:20185847-20186347	PINK1	PINK1	chr1	20185847	20186347	20633457	+	447360	stromal	method4_crosscohort	0.54056287	0.54056287	0.0	0.0
chr1:20185847-20186347	PLA2G2C	PLA2G2C	chr1	20185847	20186347	20186517	-	420	stromal	method4_crosscohort	0.5171509	0.5171509	0.0	0.0
chr1:20186383-20186883	CDA	CDA	chr1	20186383	20186883	20589085	+	402452	stromal	method4_crosscohort	-0.52880627	-0.52880627	0.0	0.0
chr1:20186383-20186883	PINK1	PINK1	chr1	20186383	20186883	20633457	+	446824	stromal	method4_crosscohort	0.60734665	0.60734665	0.0	0.0
chr1:20186383-20186883	PLA2G2A	PLA2G2A	chr1	20186383	20186883	19980415	-	206218	stromal	method4_crosscohort	0.4557691	0.4557691	0.0	0.0
chr1:20186383-20186883	PLA2G2C	PLA2G2C	chr1	20186383	20186883	20186517	-	116	stromal	method4_crosscohort	0.54989576	0.54989576	0.0	0.0
chr1:20186383-20186883	UBXN10	UBXN10	chr1	20186383	20186883	20186095	+	538	stromal	method4_crosscohort	0.49086043	0.49086043	0.0	0.0
chr1:20192335-20192835	PLA2G5	PLA2G5	chr1	20192335	20192835	20028178	+	164407	stromal	method4_crosscohort	0.46672034	0.46672034	0.0	0.0
chr1:20237607-20238107	TMCO4	TMCO4	chr1	20237607	20238107	19799944	-	437913	stromal	method4_crosscohort	0.50086147	0.50086147	0.0	0.0
chr1:20265130-20265630	CAMK2N1	CAMK2N1	chr1	20265130	20265630	20486209	-	220829	stromal	method4_crosscohort	-0.45099515	-0.45099515	0.0	0.0
chr1:20265130-20265630	UBXN10	UBXN10	chr1	20265130	20265630	20186095	+	79285	stromal	method4_crosscohort	0.4584168	0.4584168	0.0	0.0
chr1:20486055-20486555	KIF17	KIF17	chr1	20486055	20486555	20718016	-	231711	stromal	method4_crosscohort	-0.4970286	-0.4970286	0.0	0.0
chr1:20486564-20487064	KIF17	KIF17	chr1	20486564	20487064	20718016	-	231202	stromal	method4_crosscohort	-0.48765728	-0.48765728	0.0	0.0
chr1:20494278-20494778	KIF17	KIF17	chr1	20494278	20494778	20718016	-	223488	stromal	method4_crosscohort	0.55996335	0.55996335	0.0	0.0
chr1:20495226-20495726	KIF17	KIF17	chr1	20495226	20495726	20718016	-	222540	stromal	method4_crosscohort	0.5065675	0.5065675	0.0	0.0
chr1:20589565-20590065	UBXN10	UBXN10	chr1	20589565	20590065	20186095	+	403720	stromal	method4_crosscohort	-0.49360013	-0.49360013	0.0	0.0
chr1:20618625-20619125	KIF17	KIF17	chr1	20618625	20619125	20718016	-	99141	stromal	method4_crosscohort	0.45210198	0.45210198	0.0	0.0
chr1:20666052-20666552	KIF17	KIF17	chr1	20666052	20666552	20718016	-	51714	stromal	method4_crosscohort	0.5074612	0.5074612	0.0	0.0
chr1:20684172-20684672	EIF4G3	EIF4G3	chr1	20684172	20684672	21177284	-	492862	stromal	method4_crosscohort	0.459394	0.459394	0.0	0.0
chr1:20684172-20684672	KIF17	KIF17	chr1	20684172	20684672	20718016	-	33594	stromal	method4_crosscohort	0.53436923	0.53436923	0.0	0.0
chr1:20685052-20685552	EIF4G3	EIF4G3	chr1	20685052	20685552	21177284	-	491982	stromal	method4_crosscohort	0.5704936	0.5704936	0.0	0.0
chr1:20685052-20685552	KIF17	KIF17	chr1	20685052	20685552	20718016	-	32714	stromal	method4_crosscohort	0.65027314	0.65027314	0.0	0.0
chr1:21261737-21262237	HP1BP3	HP1BP3	chr1	21261737	21262237	20787322	-	474665	stromal	method4_crosscohort	-0.5048886	-0.5048886	0.0	0.0
chr1:21278185-21278685	ALPL	ALPL	chr1	21278185	21278685	21509396	+	230961	stromal	method4_crosscohort	0.5017673	0.5017673	0.0	0.0
chr1:21278185-21278685	HP1BP3	HP1BP3	chr1	21278185	21278685	20787322	-	491113	stromal	method4_crosscohort	-0.5070676	-0.5070676	0.0	0.0
chr1:21279394-21279894	ALPL	ALPL	chr1	21279394	21279894	21509396	+	229752	stromal	method4_crosscohort	0.5471783	0.5471783	0.0	0.0
chr1:21279394-21279894	HP1BP3	HP1BP3	chr1	21279394	21279894	20787322	-	492322	stromal	method4_crosscohort	-0.5447848	-0.5447848	0.0	0.0
chr1:21280474-21280974	ALPL	ALPL	chr1	21280474	21280974	21509396	+	228672	stromal	method4_crosscohort	0.54793483	0.54793483	0.0	0.0
chr1:21289748-21290248	ALPL	ALPL	chr1	21289748	21290248	21509396	+	219398	stromal	method4_crosscohort	0.4674059	0.4674059	0.0	0.0
chr1:21289748-21290248	USP48	USP48	chr1	21289748	21290248	21783605	-	493607	stromal	method4_crosscohort	0.4521723	0.4521723	0.0	0.0
chr1:21308748-21309248	USP48	USP48	chr1	21308748	21309248	21783605	-	474607	stromal	method4_crosscohort	-0.4938235	-0.4938235	0.0	0.0
chr1:21310962-21311462	RAP1GAP	RAP1GAP	chr1	21310962	21311462	21669356	-	358144	stromal	method4_crosscohort	0.6025261	0.6025261	0.0	0.0
chr1:21332065-21332565	LDLRAD2	LDLRAD2	chr1	21332065	21332565	21812264	+	479949	stromal	method4_crosscohort	-0.5688243	-0.5688243	0.0	0.0
chr1:21337933-21338433	LDLRAD2	LDLRAD2	chr1	21337933	21338433	21812264	+	474081	stromal	method4_crosscohort	0.4908344	0.4908344	0.0	0.0
chr1:21524967-21525467	ALPL	ALPL	chr1	21524967	21525467	21509396	+	15821	stromal	method4_crosscohort	0.50537556	0.50537556	0.0	0.0
chr1:21524967-21525467	HSPG2	HSPG2	chr1	21524967	21525467	21937309	-	412092	stromal	method4_crosscohort	0.5411513	0.5411513	0.0	0.0
chr1:21524967-21525467	USP48	USP48	chr1	21524967	21525467	21783605	-	258388	stromal	method4_crosscohort	0.45557097	0.45557097	0.0	0.0
chr1:21537896-21538396	ALPL	ALPL	chr1	21537896	21538396	21509396	+	28750	stromal	method4_crosscohort	0.57989776	0.57989776	0.0	0.0
chr1:21537896-21538396	HSPG2	HSPG2	chr1	21537896	21538396	21937309	-	399163	stromal	method4_crosscohort	0.552673	0.552673	0.0	0.0
chr1:21537896-21538396	USP48	USP48	chr1	21537896	21538396	21783605	-	245459	stromal	method4_crosscohort	0.58569187	0.58569187	0.0	0.0
chr1:21545951-21546451	USP48	USP48	chr1	21545951	21546451	21783605	-	237404	stromal	method4_crosscohort	0.5062728	0.5062728	0.0	0.0
chr1:21573947-21574447	ALPL	ALPL	chr1	21573947	21574447	21509396	+	64801	stromal	method4_crosscohort	0.58055174	0.58055174	0.0	0.0
chr1:21573947-21574447	EIF4G3	EIF4G3	chr1	21573947	21574447	21177284	-	396913	stromal	method4_crosscohort	0.50801504	0.50801504	0.0	0.0
chr1:21573947-21574447	HSPG2	HSPG2	chr1	21573947	21574447	21937309	-	363112	stromal	method4_crosscohort	0.621156	0.621156	0.0	0.0
chr1:21574482-21574982	ALPL	ALPL	chr1	21574482	21574982	21509396	+	65336	stromal	method4_crosscohort	0.59809613	0.59809613	0.0	0.0
chr1:21574482-21574982	ECE1	ECE1	chr1	21574482	21574982	21345571	-	229161	stromal	method4_crosscohort	0.46260977	0.46260977	0.0	0.0
chr1:21574482-21574982	EIF4G3	EIF4G3	chr1	21574482	21574982	21177284	-	397448	stromal	method4_crosscohort	0.5404017	0.5404017	0.0	0.0
chr1:21574482-21574982	HSPG2	HSPG2	chr1	21574482	21574982	21937309	-	362577	stromal	method4_crosscohort	0.66244	0.66244	0.0	0.0
chr1:21575003-21575503	ALPL	ALPL	chr1	21575003	21575503	21509396	+	65857	stromal	method4_crosscohort	0.49707204	0.49707204	0.0	0.0
chr1:21575003-21575503	HSPG2	HSPG2	chr1	21575003	21575503	21937309	-	362056	stromal	method4_crosscohort	0.5079207	0.5079207	0.0	0.0
chr1:21583846-21584346	ALPL	ALPL	chr1	21583846	21584346	21509396	+	74700	stromal	method4_crosscohort	0.48557308	0.48557308	0.0	0.0
chr1:21583846-21584346	EIF4G3	EIF4G3	chr1	21583846	21584346	21177284	-	406812	stromal	method4_crosscohort	0.45471475	0.45471475	0.0	0.0
chr1:21583846-21584346	HSPG2	HSPG2	chr1	21583846	21584346	21937309	-	353213	stromal	method4_crosscohort	0.525208	0.525208	0.0	0.0
chr1:21586876-21587376	ALPL	ALPL	chr1	21586876	21587376	21509396	+	77730	stromal	method4_crosscohort	0.52810514	0.52810514	0.0	0.0
chr1:21586876-21587376	HSPG2	HSPG2	chr1	21586876	21587376	21937309	-	350183	stromal	method4_crosscohort	0.51796496	0.51796496	0.0	0.0
chr1:21586876-21587376	USP48	USP48	chr1	21586876	21587376	21783605	-	196479	stromal	method4_crosscohort	0.49236974	0.49236974	0.0	0.0
chr1:21869720-21870220	LDLRAD2	LDLRAD2	chr1	21869720	21870220	21812264	+	57706	stromal	method4_crosscohort	-0.54529464	-0.54529464	0.0	0.0
chr1:21869720-21870220	USP48	USP48	chr1	21869720	21870220	21783605	-	86365	stromal	method4_crosscohort	-0.53764236	-0.53764236	0.0	0.0
chr1:21899898-21900398	ALPL	ALPL	chr1	21899898	21900398	21509396	+	390752	stromal	method4_crosscohort	0.5655439	0.5655439	0.0	0.0
chr1:21899898-21900398	HSPG2	HSPG2	chr1	21899898	21900398	21937309	-	37161	stromal	method4_crosscohort	0.60501224	0.60501224	0.0	0.0
chr1:21899898-21900398	USP48	USP48	chr1	21899898	21900398	21783605	-	116543	stromal	method4_crosscohort	0.45198405	0.45198405	0.0	0.0
chr1:21914949-21915449	LDLRAD2	LDLRAD2	chr1	21914949	21915449	21812264	+	102935	stromal	method4_crosscohort	-0.58521503	-0.58521503	0.0	0.0
chr1:21914949-21915449	USP48	USP48	chr1	21914949	21915449	21783605	-	131594	stromal	method4_crosscohort	-0.5066586	-0.5066586	0.0	0.0
chr1:21920354-21920854	LDLRAD2	LDLRAD2	chr1	21920354	21920854	21812264	+	108340	stromal	method4_crosscohort	-0.48559734	-0.48559734	0.0	0.0
chr1:21920354-21920854	USP48	USP48	chr1	21920354	21920854	21783605	-	136999	stromal	method4_crosscohort	-0.53934926	-0.53934926	0.0	0.0
chr1:21924529-21925029	ALPL	ALPL	chr1	21924529	21925029	21509396	+	415383	stromal	method4_crosscohort	0.5302504	0.5302504	0.0	0.0
chr1:21924529-21925029	HSPG2	HSPG2	chr1	21924529	21925029	21937309	-	12530	stromal	method4_crosscohort	0.6015775	0.6015775	0.0	0.0
chr1:21933623-21934123	HSPG2	HSPG2	chr1	21933623	21934123	21937309	-	3436	stromal	method4_crosscohort	0.4655893	0.4655893	0.0	0.0
chr1:21942363-21942863	LDLRAD2	LDLRAD2	chr1	21942363	21942863	21812264	+	130349	stromal	method4_crosscohort	-0.52907693	-0.52907693	0.0	0.0
chr1:21942363-21942863	USP48	USP48	chr1	21942363	21942863	21783605	-	159008	stromal	method4_crosscohort	-0.5090161	-0.5090161	0.0	0.0
chr1:21942870-21943370	LDLRAD2	LDLRAD2	chr1	21942870	21943370	21812264	+	130856	stromal	method4_crosscohort	-0.46924305	-0.46924305	0.0	0.0
chr1:21942870-21943370	USP48	USP48	chr1	21942870	21943370	21783605	-	159515	stromal	method4_crosscohort	-0.49934262	-0.49934262	0.0	0.0
chr1:21946845-21947345	HSPG2	HSPG2	chr1	21946845	21947345	21937309	-	9786	stromal	method4_crosscohort	0.45824456	0.45824456	0.0	0.0
chr1:21961811-21962311	ALPL	ALPL	chr1	21961811	21962311	21509396	+	452665	stromal	method4_crosscohort	0.4579983	0.4579983	0.0	0.0
chr1:21961811-21962311	HSPG2	HSPG2	chr1	21961811	21962311	21937309	-	24752	stromal	method4_crosscohort	0.5086204	0.5086204	0.0	0.0
chr1:22031463-22031963	LDLRAD2	LDLRAD2	chr1	22031463	22031963	21812264	+	219449	stromal	method4_crosscohort	-0.46298066	-0.46298066	0.0	0.0
chr1:22039759-22040259	CDC42	CDC42	chr1	22039759	22040259	22052626	+	12617	stromal	method4_crosscohort	0.47584438	0.47584438	0.0	0.0
chr1:22039759-22040259	HSPG2	HSPG2	chr1	22039759	22040259	21937309	-	102700	stromal	method4_crosscohort	0.4519111	0.4519111	0.0	0.0
chr1:22039759-22040259	USP48	USP48	chr1	22039759	22040259	21783605	-	256404	stromal	method4_crosscohort	0.471763	0.471763	0.0	0.0
chr1:22039759-22040259	ZBTB40	ZBTB40	chr1	22039759	22040259	22428837	+	388828	stromal	method4_crosscohort	0.5368922	0.5368922	0.0	0.0
chr1:22122292-22122792	RAP1GAP	RAP1GAP	chr1	22122292	22122792	21669356	-	453186	stromal	method4_crosscohort	0.5461831	0.5461831	0.0	0.0
chr1:22163451-22163951	C1QA	C1QA	chr1	22163451	22163951	22635076	+	471375	stromal	method4_crosscohort	-0.46382934	-0.46382934	0.0	0.0
chr1:22163451-22163951	HSPG2	HSPG2	chr1	22163451	22163951	21937309	-	226392	stromal	method4_crosscohort	0.50299704	0.50299704	0.0	0.0
chr1:22163451-22163951	USP48	USP48	chr1	22163451	22163951	21783605	-	380096	stromal	method4_crosscohort	0.45384863	0.45384863	0.0	0.0
chr1:22163451-22163951	ZBTB40	ZBTB40	chr1	22163451	22163951	22428837	+	265136	stromal	method4_crosscohort	0.5366263	0.5366263	0.0	0.0
chr1:22677787-22678287	KDM1A	KDM1A	chr1	22677787	22678287	23019442	+	341405	stromal	method4_crosscohort	0.48045972	0.48045972	0.0	0.0
chr1:22702570-22703070	KDM1A	KDM1A	chr1	22702570	22703070	23019442	+	316622	stromal	method4_crosscohort	0.50673056	0.50673056	0.0	0.0
chr1:22702570-22703070	LUZP1	LUZP1	chr1	22702570	22703070	23177807	-	474987	stromal	method4_crosscohort	0.54161537	0.54161537	0.0	0.0
chr1:22710549-22711049	C1QB	C1QB	chr1	22710549	22711049	22652761	+	58038	stromal	method4_crosscohort	0.4961111	0.4961111	0.0	0.0
chr1:22710549-22711049	C1QC	C1QC	chr1	22710549	22711049	22643013	+	67786	stromal	method4_crosscohort	0.47960058	0.47960058	0.0	0.0
chr1:22753656-22754156	C1QB	C1QB	chr1	22753656	22754156	22652761	+	101145	stromal	method4_crosscohort	0.49532712	0.49532712	0.0	0.0
chr1:23050205-23050705	KDM1A	KDM1A	chr1	23050205	23050705	23019442	+	31013	stromal	method4_crosscohort	0.4856259	0.4856259	0.0	0.0
chr1:23102185-23102685	KDM1A	KDM1A	chr1	23102185	23102685	23019442	+	82993	stromal	method4_crosscohort	0.4865698	0.4865698	0.0	0.0
chr1:23169587-23170087	KDM1A	KDM1A	chr1	23169587	23170087	23019442	+	150395	stromal	method4_crosscohort	0.5435453	0.5435453	0.0	0.0
chr1:23368108-23368608	PITHD1	PITHD1	chr1	23368108	23368608	23778417	+	410059	stromal	method4_crosscohort	0.4698982	0.4698982	0.0	0.0
chr1:23378253-23378753	HMGCL	HMGCL	chr1	23378253	23378753	23838619	-	460116	stromal	method4_crosscohort	0.45705852	0.45705852	0.0	0.0
chr1:23378253-23378753	PITHD1	PITHD1	chr1	23378253	23378753	23778417	+	399914	stromal	method4_crosscohort	0.45388457	0.45388457	0.0	0.0
chr1:23444067-23444567	CNR2	CNR2	chr1	23444067	23444567	23913361	-	469044	stromal	method4_crosscohort	-0.56185114	-0.56185114	0.0	0.0
chr1:23444067-23444567	HMGCL	HMGCL	chr1	23444067	23444567	23838619	-	394302	stromal	method4_crosscohort	0.5705918	0.5705918	0.0	0.0
chr1:23444067-23444567	PITHD1	PITHD1	chr1	23444067	23444567	23778417	+	334100	stromal	method4_crosscohort	0.51294595	0.51294595	0.0	0.0
chr1:23478870-23479370	HMGCL	HMGCL	chr1	23478870	23479370	23838619	-	359499	stromal	method4_crosscohort	0.48922464	0.48922464	0.0	0.0
chr1:23548690-23549190	CNR2	CNR2	chr1	23548690	23549190	23913361	-	364421	stromal	method4_crosscohort	-0.48449054	-0.48449054	0.0	0.0
chr1:23548690-23549190	HMGCL	HMGCL	chr1	23548690	23549190	23838619	-	289679	stromal	method4_crosscohort	0.53209364	0.53209364	0.0	0.0
chr1:23548690-23549190	PITHD1	PITHD1	chr1	23548690	23549190	23778417	+	229477	stromal	method4_crosscohort	0.52889603	0.52889603	0.0	0.0
chr1:23554271-23554771	ID3	ID3	chr1	23554271	23554771	23559500	-	4979	stromal	method4_crosscohort	0.54428595	0.54428595	0.0	0.0
chr1:23554271-23554771	LUZP1	LUZP1	chr1	23554271	23554771	23177807	-	376714	stromal	method4_crosscohort	0.47234863	0.47234863	0.0	0.0
chr1:23554795-23555295	ID3	ID3	chr1	23554795	23555295	23559500	-	4455	stromal	method4_crosscohort	0.45450303	0.45450303	0.0	0.0
chr1:23559299-23559799	ID3	ID3	chr1	23559299	23559799	23559500	-	49	stromal	method4_crosscohort	0.45808384	0.45808384	0.0	0.0
chr1:23559299-23559799	PITHD1	PITHD1	chr1	23559299	23559799	23778417	+	218868	stromal	method4_crosscohort	0.49101117	0.49101117	0.0	0.0
chr1:23581197-23581697	CNR2	CNR2	chr1	23581197	23581697	23913361	-	331914	stromal	method4_crosscohort	-0.4776881	-0.4776881	0.0	0.0
chr1:23581197-23581697	HMGCL	HMGCL	chr1	23581197	23581697	23838619	-	257172	stromal	method4_crosscohort	0.4711165	0.4711165	0.0	0.0
chr1:23581197-23581697	PITHD1	PITHD1	chr1	23581197	23581697	23778417	+	196970	stromal	method4_crosscohort	0.5252802	0.5252802	0.0	0.0
chr1:23585581-23586081	CNR2	CNR2	chr1	23585581	23586081	23913361	-	327530	stromal	method4_crosscohort	-0.47518897	-0.47518897	0.0	0.0
chr1:23585581-23586081	SRSF10	SRSF10	chr1	23585581	23586081	23980926	-	395095	stromal	method4_crosscohort	-0.4607957	-0.4607957	0.0	0.0
chr1:23727206-23727706	CNR2	CNR2	chr1	23727206	23727706	23913361	-	185905	stromal	method4_crosscohort	-0.5443455	-0.5443455	0.0	0.0
chr1:23727206-23727706	GALE	GALE	chr1	23727206	23727706	23800780	-	73324	stromal	method4_crosscohort	0.4852441	0.4852441	0.0	0.0
chr1:23727206-23727706	HMGCL	HMGCL	chr1	23727206	23727706	23838619	-	111163	stromal	method4_crosscohort	0.5655559	0.5655559	0.0	0.0
chr1:23727206-23727706	PITHD1	PITHD1	chr1	23727206	23727706	23778417	+	50961	stromal	method4_crosscohort	0.50875306	0.50875306	0.0	0.0
chr1:23727206-23727706	SRSF10	SRSF10	chr1	23727206	23727706	23980926	-	253470	stromal	method4_crosscohort	-0.5438913	-0.5438913	0.0	0.0
chr1:23919934-23920434	CNR2	CNR2	chr1	23919934	23920434	23913361	-	6823	stromal	method4_crosscohort	0.5001628	0.5001628	0.0	0.0
chr1:23919934-23920434	FUCA1	FUCA1	chr1	23919934	23920434	23868289	-	51895	stromal	method4_crosscohort	0.48568612	0.48568612	0.0	0.0
chr1:23919934-23920434	HMGCL	HMGCL	chr1	23919934	23920434	23838619	-	81565	stromal	method4_crosscohort	-0.47742262	-0.47742262	0.0	0.0
chr1:23955160-23955660	CNR2	CNR2	chr1	23955160	23955660	23913361	-	42049	stromal	method4_crosscohort	-0.4630429	-0.4630429	0.0	0.0
chr1:23955160-23955660	HMGCL	HMGCL	chr1	23955160	23955660	23838619	-	116791	stromal	method4_crosscohort	0.47468206	0.47468206	0.0	0.0
chr1:23955160-23955660	ID3	ID3	chr1	23955160	23955660	23559500	-	395910	stromal	method4_crosscohort	0.45947647	0.45947647	0.0	0.0
chr1:23955160-23955660	PITHD1	PITHD1	chr1	23955160	23955660	23778417	+	176993	stromal	method4_crosscohort	0.4793584	0.4793584	0.0	0.0
chr1:24022665-24023165	HMGCL	HMGCL	chr1	24022665	24023165	23838619	-	184296	stromal	method4_crosscohort	-0.47319245	-0.47319245	0.0	0.0
chr1:24022665-24023165	PITHD1	PITHD1	chr1	24022665	24023165	23778417	+	244498	stromal	method4_crosscohort	-0.4629667	-0.4629667	0.0	0.0
chr1:24046244-24046744	SRSF10	SRSF10	chr1	24046244	24046744	23980926	-	65568	stromal	method4_crosscohort	-0.4566276	-0.4566276	0.0	0.0
chr1:24118278-24118778	IFNLR1	IFNLR1	chr1	24118278	24118778	24187958	-	69430	stromal	method4_crosscohort	0.54837406	0.54837406	0.0	0.0
chr1:24118278-24118778	IL22RA1	IL22RA1	chr1	24118278	24118778	24143139	-	24611	stromal	method4_crosscohort	0.556043	0.556043	0.0	0.0
chr1:24118278-24118778	STPG1	STPG1	chr1	24118278	24118778	24416933	-	298405	stromal	method4_crosscohort	0.4791815	0.4791815	0.0	0.0
chr1:24534911-24535411	IFNLR1	IFNLR1	chr1	24534911	24535411	24187958	-	347203	stromal	method4_crosscohort	0.4611873	0.4611873	0.0	0.0
chr1:24534911-24535411	IL22RA1	IL22RA1	chr1	24534911	24535411	24143139	-	392022	stromal	method4_crosscohort	0.45203176	0.45203176	0.0	0.0
chr1:24619233-24619733	RCAN3	RCAN3	chr1	24619233	24619733	24502350	+	117133	stromal	method4_crosscohort	0.5076599	0.5076599	0.0	0.0
chr1:24727420-24727920	SRRM1	SRRM1	chr1	24727420	24727920	24631715	+	95955	stromal	method4_crosscohort	-0.46567267	-0.46567267	0.0	0.0
chr1:25676466-25676966	FAM110D	FAM110D	chr1	25676466	25676966	26159078	+	482362	stromal	method4_crosscohort	0.4541492	0.4541492	0.0	0.0
chr1:25694122-25694622	RSRP1	RSRP1	chr1	25694122	25694622	25338212	-	356160	stromal	method4_crosscohort	-0.46163964	-0.46163964	0.0	0.0
chr1:25805234-25805734	PAQR7	PAQR7	chr1	25805234	25805734	25875707	-	70223	stromal	method4_crosscohort	0.4855594	0.4855594	0.0	0.0
chr1:25805234-25805734	RSRP1	RSRP1	chr1	25805234	25805734	25338212	-	467272	stromal	method4_crosscohort	0.4933727	0.4933727	0.0	0.0
chr1:25805846-25806346	MAN1C1	MAN1C1	chr1	25805846	25806346	25616790	+	189306	stromal	method4_crosscohort	0.51367277	0.51367277	0.0	0.0
chr1:25805846-25806346	PAQR7	PAQR7	chr1	25805846	25806346	25875707	-	69611	stromal	method4_crosscohort	0.5441848	0.5441848	0.0	0.0
chr1:25805846-25806346	RSRP1	RSRP1	chr1	25805846	25806346	25338212	-	467884	stromal	method4_crosscohort	0.54398006	0.54398006	0.0	0.0
chr1:26028334-26028834	CEP85	CEP85	chr1	26028334	26028834	26234199	+	205615	stromal	method4_crosscohort	0.45907623	0.45907623	0.0	0.0
chr1:26094726-26095226	FAM110D	FAM110D	chr1	26094726	26095226	26159078	+	64102	stromal	method4_crosscohort	0.47340685	0.47340685	0.0	0.0
chr1:26094726-26095226	PAQR7	PAQR7	chr1	26094726	26095226	25875707	-	219269	stromal	method4_crosscohort	0.49904737	0.49904737	0.0	0.0
chr1:26126376-26126876	CRYBG2	CRYBG2	chr1	26126376	26126876	26360079	-	233453	stromal	method4_crosscohort	0.5084266	0.5084266	0.0	0.0
chr1:26126376-26126876	RPS6KA1	RPS6KA1	chr1	26126376	26126876	26529760	+	403134	stromal	method4_crosscohort	0.4984129	0.4984129	0.0	0.0
chr1:26154688-26155188	PAQR7	PAQR7	chr1	26154688	26155188	25875707	-	279231	stromal	method4_crosscohort	0.5261635	0.5261635	0.0	0.0
chr1:26155878-26156378	PAQR7	PAQR7	chr1	26155878	26156378	25875707	-	280421	stromal	method4_crosscohort	0.59503824	0.59503824	0.0	0.0
chr1:26156383-26156883	PAQR7	PAQR7	chr1	26156383	26156883	25875707	-	280926	stromal	method4_crosscohort	0.5666942	0.5666942	0.0	0.0
chr1:26158733-26159233	PAQR7	PAQR7	chr1	26158733	26159233	25875707	-	283276	stromal	method4_crosscohort	0.5444113	0.5444113	0.0	0.0
chr1:26160487-26160987	PAQR7	PAQR7	chr1	26160487	26160987	25875707	-	285030	stromal	method4_crosscohort	0.54634047	0.54634047	0.0	0.0
chr1:26177309-26177809	CRYBG2	CRYBG2	chr1	26177309	26177809	26360079	-	182520	stromal	method4_crosscohort	0.51533747	0.51533747	0.0	0.0
chr1:26276127-26276627	FAM110D	FAM110D	chr1	26276127	26276627	26159078	+	117299	stromal	method4_crosscohort	0.49118093	0.49118093	0.0	0.0
chr1:26531081-26531581	CNKSR1	CNKSR1	chr1	26531081	26531581	26177483	+	353848	stromal	method4_crosscohort	0.60708636	0.60708636	0.0	0.0
chr1:26531081-26531581	CRYBG2	CRYBG2	chr1	26531081	26531581	26360079	-	171252	stromal	method4_crosscohort	0.63850754	0.63850754	0.0	0.0
chr1:26531081-26531581	DHDDS	DHDDS	chr1	26531081	26531581	26432281	+	99050	stromal	method4_crosscohort	0.5363062	0.5363062	0.0	0.0
chr1:26531081-26531581	GPATCH3	GPATCH3	chr1	26531081	26531581	26900466	-	369135	stromal	method4_crosscohort	0.5991639	0.5991639	0.0	0.0
chr1:26531081-26531581	PDIK1L	PDIK1L	chr1	26531081	26531581	26111164	+	420167	stromal	method4_crosscohort	0.5671599	0.5671599	0.0	0.0
chr1:26531081-26531581	RPS6KA1	RPS6KA1	chr1	26531081	26531581	26529760	+	1571	stromal	method4_crosscohort	0.6142067	0.6142067	0.0	0.0
chr1:26542186-26542686	FAM110D	FAM110D	chr1	26542186	26542686	26159078	+	383358	stromal	method4_crosscohort	0.46931323	0.46931323	0.0	0.0
chr1:26542186-26542686	SH3BGRL3	SH3BGRL3	chr1	26542186	26542686	26280085	+	262351	stromal	method4_crosscohort	0.4662081	0.4662081	0.0	0.0
chr1:26555440-26555940	CEP85	CEP85	chr1	26555440	26555940	26234199	+	321491	stromal	method4_crosscohort	0.483952	0.483952	0.0	0.0
chr1:26555440-26555940	TRNP1	TRNP1	chr1	26555440	26555940	26993691	+	438001	stromal	method4_crosscohort	0.5666291	0.5666291	0.0	0.0
chr1:26555440-26555940	ZDHHC18	ZDHHC18	chr1	26555440	26555940	26826687	+	270997	stromal	method4_crosscohort	0.48871657	0.48871657	0.0	0.0
chr1:26574674-26575174	GPN2	GPN2	chr1	26574674	26575174	26890282	-	315358	stromal	method4_crosscohort	-0.45797738	-0.45797738	0.0	0.0
chr1:26743967-26744467	WDTC1	WDTC1	chr1	26743967	26744467	27234631	+	490414	stromal	method4_crosscohort	0.5486067	0.5486067	0.0	0.0
chr1:26772668-26773168	HMGN2	HMGN2	chr1	26772668	26773168	26472439	+	300479	stromal	method4_crosscohort	0.46850735	0.46850735	0.0	0.0
chr1:26799431-26799931	GPN2	GPN2	chr1	26799431	26799931	26890282	-	90601	stromal	method4_crosscohort	0.4727293	0.4727293	0.0	0.0
chr1:26799431-26799931	PIGV	PIGV	chr1	26799431	26799931	26787053	+	12628	stromal	method4_crosscohort	0.46480474	0.46480474	0.0	0.0
chr1:26838749-26839249	WDTC1	WDTC1	chr1	26838749	26839249	27234631	+	395632	stromal	method4_crosscohort	0.47628143	0.47628143	0.0	0.0
chr1:26862707-26863207	RPS6KA1	RPS6KA1	chr1	26862707	26863207	26529760	+	333197	stromal	method4_crosscohort	0.45669913	0.45669913	0.0	0.0
chr1:26945518-26946018	RPS6KA1	RPS6KA1	chr1	26945518	26946018	26529760	+	416008	stromal	method4_crosscohort	0.49150583	0.49150583	0.0	0.0
chr1:26960204-26960704	GPATCH3	GPATCH3	chr1	26960204	26960704	26900466	-	59988	stromal	method4_crosscohort	0.5354902	0.5354902	0.0	0.0
chr1:26960204-26960704	RPS6KA1	RPS6KA1	chr1	26960204	26960704	26529760	+	430694	stromal	method4_crosscohort	0.6342456	0.6342456	0.0	0.0
chr1:26960204-26960704	SLC9A1	SLC9A1	chr1	26960204	26960704	27166980	-	206526	stromal	method4_crosscohort	0.58071226	0.58071226	0.0	0.0
chr1:26960204-26960704	WDTC1	WDTC1	chr1	26960204	26960704	27234631	+	274177	stromal	method4_crosscohort	0.502142	0.502142	0.0	0.0
chr1:26999342-26999842	MAP3K6	MAP3K6	chr1	26999342	26999842	27366960	-	367368	stromal	method4_crosscohort	0.4787825	0.4787825	0.0	0.0
chr1:26999342-26999842	PIGV	PIGV	chr1	26999342	26999842	26787053	+	212539	stromal	method4_crosscohort	0.49954647	0.49954647	0.0	0.0
chr1:26999342-26999842	TMEM222	TMEM222	chr1	26999342	26999842	27322144	+	322552	stromal	method4_crosscohort	-0.45166737	-0.45166737	0.0	0.0
chr1:26999342-26999842	WASF2	WASF2	chr1	26999342	26999842	27490166	-	490574	stromal	method4_crosscohort	-0.49546248	-0.49546248	0.0	0.0
chr1:26999342-26999842	WDTC1	WDTC1	chr1	26999342	26999842	27234631	+	235039	stromal	method4_crosscohort	-0.5503802	-0.5503802	0.0	0.0
chr1:27000578-27001078	GPN2	GPN2	chr1	27000578	27001078	26890282	-	110546	stromal	method4_crosscohort	0.45734343	0.45734343	0.0	0.0
chr1:27000578-27001078	MAP3K6	MAP3K6	chr1	27000578	27001078	27366960	-	366132	stromal	method4_crosscohort	0.46874458	0.46874458	0.0	0.0
chr1:27000578-27001078	PIGV	PIGV	chr1	27000578	27001078	26787053	+	213775	stromal	method4_crosscohort	0.45810226	0.45810226	0.0	0.0
chr1:27000578-27001078	TMEM222	TMEM222	chr1	27000578	27001078	27322144	+	321316	stromal	method4_crosscohort	-0.46546552	-0.46546552	0.0	0.0
chr1:27001797-27002297	ZDHHC18	ZDHHC18	chr1	27001797	27002297	26826687	+	175360	stromal	method4_crosscohort	0.4772183	0.4772183	0.0	0.0
chr1:27008059-27008559	GPN2	GPN2	chr1	27008059	27008559	26890282	-	118027	stromal	method4_crosscohort	0.5081768	0.5081768	0.0	0.0
chr1:27008059-27008559	PIGV	PIGV	chr1	27008059	27008559	26787053	+	221256	stromal	method4_crosscohort	0.47761124	0.47761124	0.0	0.0
chr1:27008059-27008559	TMEM222	TMEM222	chr1	27008059	27008559	27322144	+	313835	stromal	method4_crosscohort	-0.47955048	-0.47955048	0.0	0.0
chr1:27010937-27011437	GPN2	GPN2	chr1	27010937	27011437	26890282	-	120905	stromal	method4_crosscohort	0.514201	0.514201	0.0	0.0
chr1:27010937-27011437	MAP3K6	MAP3K6	chr1	27010937	27011437	27366960	-	355773	stromal	method4_crosscohort	0.49177277	0.49177277	0.0	0.0
chr1:27010937-27011437	PIGV	PIGV	chr1	27010937	27011437	26787053	+	224134	stromal	method4_crosscohort	0.4852795	0.4852795	0.0	0.0
chr1:27087219-27087719	TRNP1	TRNP1	chr1	27087219	27087719	26993691	+	93778	stromal	method4_crosscohort	0.47444975	0.47444975	0.0	0.0
chr1:27087744-27088244	TRNP1	TRNP1	chr1	27087744	27088244	26993691	+	94303	stromal	method4_crosscohort	0.5596945	0.5596945	0.0	0.0
chr1:27111979-27112479	TMEM222	TMEM222	chr1	27111979	27112479	27322144	+	209915	stromal	method4_crosscohort	0.62313247	0.62313247	0.0	0.0
chr1:27161514-27162014	WDTC1	WDTC1	chr1	27161514	27162014	27234631	+	72867	stromal	method4_crosscohort	0.48421228	0.48421228	0.0	0.0
chr1:27299355-27299855	FGR	FGR	chr1	27299355	27299855	27635184	-	335579	stromal	method4_crosscohort	-0.48734874	-0.48734874	0.0	0.0
chr1:27299355-27299855	WDTC1	WDTC1	chr1	27299355	27299855	27234631	+	64974	stromal	method4_crosscohort	-0.5311276	-0.5311276	0.0	0.0
chr1:27375987-27376487	STX12	STX12	chr1	27375987	27376487	27773218	+	396981	stromal	method4_crosscohort	0.55648154	0.55648154	0.0	0.0
chr1:27375987-27376487	WASF2	WASF2	chr1	27375987	27376487	27490166	-	113929	stromal	method4_crosscohort	0.47365594	0.47365594	0.0	0.0
chr1:27436431-27436931	TMEM222	TMEM222	chr1	27436431	27436931	27322144	+	114537	stromal	method4_crosscohort	0.45757326	0.45757326	0.0	0.0
chr1:27513959-27514459	FGR	FGR	chr1	27513959	27514459	27635184	-	120975	stromal	method4_crosscohort	0.51334083	0.51334083	0.0	0.0
chr1:27513959-27514459	STX12	STX12	chr1	27513959	27514459	27773218	+	259009	stromal	method4_crosscohort	0.52222586	0.52222586	0.0	0.0
chr1:27513959-27514459	TMEM222	TMEM222	chr1	27513959	27514459	27322144	+	192065	stromal	method4_crosscohort	0.49448094	0.49448094	0.0	0.0
chr1:27513959-27514459	WASF2	WASF2	chr1	27513959	27514459	27490166	-	24043	stromal	method4_crosscohort	0.49489364	0.49489364	0.0	0.0
chr1:27517234-27517734	STX12	STX12	chr1	27517234	27517734	27773218	+	255734	stromal	method4_crosscohort	0.53407973	0.53407973	0.0	0.0
chr1:27517234-27517734	WASF2	WASF2	chr1	27517234	27517734	27490166	-	27318	stromal	method4_crosscohort	0.45176813	0.45176813	0.0	0.0
chr1:27517234-27517734	WDTC1	WDTC1	chr1	27517234	27517734	27234631	+	282853	stromal	method4_crosscohort	0.48483464	0.48483464	0.0	0.0
chr1:27536662-27537162	WDTC1	WDTC1	chr1	27536662	27537162	27234631	+	302281	stromal	method4_crosscohort	-0.4766944	-0.4766944	0.0	0.0
chr1:27625036-27625536	EYA3	EYA3	chr1	27625036	27625536	28088636	-	463350	stromal	method4_crosscohort	0.50735986	0.50735986	0.0	0.0
chr1:27625036-27625536	FGR	FGR	chr1	27625036	27625536	27635184	-	9898	stromal	method4_crosscohort	0.530142	0.530142	0.0	0.0
chr1:27625036-27625536	STX12	STX12	chr1	27625036	27625536	27773218	+	147932	stromal	method4_crosscohort	0.6393507	0.6393507	0.0	0.0
chr1:27625036-27625536	TMEM222	TMEM222	chr1	27625036	27625536	27322144	+	303142	stromal	method4_crosscohort	0.4809816	0.4809816	0.0	0.0
chr1:27625036-27625536	WASF2	WASF2	chr1	27625036	27625536	27490166	-	135120	stromal	method4_crosscohort	0.54928875	0.54928875	0.0	0.0
chr1:27625036-27625536	WDTC1	WDTC1	chr1	27625036	27625536	27234631	+	390655	stromal	method4_crosscohort	0.5127019	0.5127019	0.0	0.0
chr1:27631034-27631534	FGR	FGR	chr1	27631034	27631534	27635184	-	3900	stromal	method4_crosscohort	0.58140224	0.58140224	0.0	0.0
chr1:27631034-27631534	STX12	STX12	chr1	27631034	27631534	27773218	+	141934	stromal	method4_crosscohort	0.61926615	0.61926615	0.0	0.0
chr1:27631034-27631534	TMEM222	TMEM222	chr1	27631034	27631534	27322144	+	309140	stromal	method4_crosscohort	0.5394321	0.5394321	0.0	0.0
chr1:27631034-27631534	WASF2	WASF2	chr1	27631034	27631534	27490166	-	141118	stromal	method4_crosscohort	0.5714378	0.5714378	0.0	0.0
chr1:27631034-27631534	WDTC1	WDTC1	chr1	27631034	27631534	27234631	+	396653	stromal	method4_crosscohort	0.50325626	0.50325626	0.0	0.0
chr1:27631640-27632140	FGR	FGR	chr1	27631640	27632140	27635184	-	3294	stromal	method4_crosscohort	0.5340723	0.5340723	0.0	0.0
chr1:27631640-27632140	STX12	STX12	chr1	27631640	27632140	27773218	+	141328	stromal	method4_crosscohort	0.6157092	0.6157092	0.0	0.0
chr1:27631640-27632140	TMEM222	TMEM222	chr1	27631640	27632140	27322144	+	309746	stromal	method4_crosscohort	0.49258098	0.49258098	0.0	0.0
chr1:27631640-27632140	WASF2	WASF2	chr1	27631640	27632140	27490166	-	141724	stromal	method4_crosscohort	0.53883684	0.53883684	0.0	0.0
chr1:27631640-27632140	WDTC1	WDTC1	chr1	27631640	27632140	27234631	+	397259	stromal	method4_crosscohort	0.5124924	0.5124924	0.0	0.0
chr1:27632777-27633277	STX12	STX12	chr1	27632777	27633277	27773218	+	140191	stromal	method4_crosscohort	0.49495104	0.49495104	0.0	0.0
chr1:27634102-27634602	FGR	FGR	chr1	27634102	27634602	27635184	-	832	stromal	method4_crosscohort	0.5783503	0.5783503	0.0	0.0
chr1:27634102-27634602	STX12	STX12	chr1	27634102	27634602	27773218	+	138866	stromal	method4_crosscohort	0.65353954	0.65353954	0.0	0.0
chr1:27634102-27634602	THEMIS2	THEMIS2	chr1	27634102	27634602	27872542	+	238190	stromal	method4_crosscohort	0.45528308	0.45528308	0.0	0.0
chr1:27634102-27634602	TMEM222	TMEM222	chr1	27634102	27634602	27322144	+	312208	stromal	method4_crosscohort	0.56497395	0.56497395	0.0	0.0
chr1:27634102-27634602	WASF2	WASF2	chr1	27634102	27634602	27490166	-	144186	stromal	method4_crosscohort	0.5413839	0.5413839	0.0	0.0
chr1:27634102-27634602	WDTC1	WDTC1	chr1	27634102	27634602	27234631	+	399721	stromal	method4_crosscohort	0.4679499	0.4679499	0.0	0.0
chr1:27634774-27635274	FGR	FGR	chr1	27634774	27635274	27635184	-	160	stromal	method4_crosscohort	0.5255574	0.5255574	0.0	0.0
chr1:27634774-27635274	STX12	STX12	chr1	27634774	27635274	27773218	+	138194	stromal	method4_crosscohort	0.5148443	0.5148443	0.0	0.0
chr1:27634774-27635274	TMEM222	TMEM222	chr1	27634774	27635274	27322144	+	312880	stromal	method4_crosscohort	0.52070343	0.52070343	0.0	0.0
chr1:27634774-27635274	WASF2	WASF2	chr1	27634774	27635274	27490166	-	144858	stromal	method4_crosscohort	0.4869234	0.4869234	0.0	0.0
chr1:27788114-27788614	IFI6	IFI6	chr1	27788114	27788614	27672211	-	116153	stromal	method4_crosscohort	0.45520326	0.45520326	0.0	0.0
chr1:27789453-27789953	EYA3	EYA3	chr1	27789453	27789953	28088636	-	298933	stromal	method4_crosscohort	0.5693959	0.5693959	0.0	0.0
chr1:27789453-27789953	FGR	FGR	chr1	27789453	27789953	27635184	-	154519	stromal	method4_crosscohort	0.54637605	0.54637605	0.0	0.0
chr1:27789453-27789953	PTAFR	PTAFR	chr1	27789453	27789953	28193935	-	404232	stromal	method4_crosscohort	0.7188312	0.7188312	0.0	0.0
chr1:27789453-27789953	STX12	STX12	chr1	27789453	27789953	27773218	+	16485	stromal	method4_crosscohort	0.6733514	0.6733514	0.0	0.0
chr1:27789453-27789953	TMEM222	TMEM222	chr1	27789453	27789953	27322144	+	467559	stromal	method4_crosscohort	0.48349267	0.48349267	0.0	0.0
chr1:27789453-27789953	WASF2	WASF2	chr1	27789453	27789953	27490166	-	299537	stromal	method4_crosscohort	0.591938	0.591938	0.0	0.0
chr1:27863096-27863596	PPP1R8	PPP1R8	chr1	27863096	27863596	27830781	+	32565	stromal	method4_crosscohort	-0.4709429	-0.4709429	0.0	0.0
chr1:27959707-27960207	THEMIS2	THEMIS2	chr1	27959707	27960207	27872542	+	87415	stromal	method4_crosscohort	0.47549704	0.47549704	0.0	0.0
chr1:27992251-27992751	PTAFR	PTAFR	chr1	27992251	27992751	28193935	-	201434	stromal	method4_crosscohort	0.57412076	0.57412076	0.0	0.0
chr1:27992251-27992751	STX12	STX12	chr1	27992251	27992751	27773218	+	219283	stromal	method4_crosscohort	0.5330291	0.5330291	0.0	0.0
chr1:28031071-28031571	PTAFR	PTAFR	chr1	28031071	28031571	28193935	-	162614	stromal	method4_crosscohort	0.5152223	0.5152223	0.0	0.0
chr1:28031071-28031571	STX12	STX12	chr1	28031071	28031571	27773218	+	258103	stromal	method4_crosscohort	0.5272872	0.5272872	0.0	0.0
chr1:28062734-28063234	PTAFR	PTAFR	chr1	28062734	28063234	28193935	-	130951	stromal	method4_crosscohort	0.57930017	0.57930017	0.0	0.0
chr1:28062734-28063234	STX12	STX12	chr1	28062734	28063234	27773218	+	289766	stromal	method4_crosscohort	0.5362379	0.5362379	0.0	0.0
chr1:28128997-28129497	FGR	FGR	chr1	28128997	28129497	27635184	-	494063	stromal	method4_crosscohort	0.45792025	0.45792025	0.0	0.0
chr1:28128997-28129497	PTAFR	PTAFR	chr1	28128997	28129497	28193935	-	64688	stromal	method4_crosscohort	0.57719296	0.57719296	0.0	0.0
chr1:28128997-28129497	STX12	STX12	chr1	28128997	28129497	27773218	+	356029	stromal	method4_crosscohort	0.56913906	0.56913906	0.0	0.0
chr1:28154755-28155255	EYA3	EYA3	chr1	28154755	28155255	28088636	-	66369	stromal	method4_crosscohort	0.51458186	0.51458186	0.0	0.0
chr1:28154755-28155255	PTAFR	PTAFR	chr1	28154755	28155255	28193935	-	38930	stromal	method4_crosscohort	0.6981602	0.6981602	0.0	0.0
chr1:28154755-28155255	STX12	STX12	chr1	28154755	28155255	27773218	+	381787	stromal	method4_crosscohort	0.6855176	0.6855176	0.0	0.0
chr1:28180306-28180806	PTAFR	PTAFR	chr1	28180306	28180806	28193935	-	13379	stromal	method4_crosscohort	0.55420876	0.55420876	0.0	0.0
chr1:28180306-28180806	STX12	STX12	chr1	28180306	28180806	27773218	+	407338	stromal	method4_crosscohort	0.5501932	0.5501932	0.0	0.0
chr1:28190952-28191452	PTAFR	PTAFR	chr1	28190952	28191452	28193935	-	2733	stromal	method4_crosscohort	0.59341806	0.59341806	0.0	0.0
chr1:28190952-28191452	STX12	STX12	chr1	28190952	28191452	27773218	+	417984	stromal	method4_crosscohort	0.5552274	0.5552274	0.0	0.0
chr1:28193739-28194239	PTAFR	PTAFR	chr1	28193739	28194239	28193935	-	54	stromal	method4_crosscohort	0.60867095	0.60867095	0.0	0.0
chr1:28193739-28194239	STX12	STX12	chr1	28193739	28194239	27773218	+	420771	stromal	method4_crosscohort	0.57488126	0.57488126	0.0	0.0
chr1:28199401-28199901	PTAFR	PTAFR	chr1	28199401	28199901	28193935	-	5716	stromal	method4_crosscohort	0.4783921	0.4783921	0.0	0.0
chr1:28259205-28259705	RAB42	RAB42	chr1	28259205	28259705	28592199	+	332744	stromal	method4_crosscohort	0.4561974	0.4561974	0.0	0.0
chr1:28280747-28281247	PTAFR	PTAFR	chr1	28280747	28281247	28193935	-	87062	stromal	method4_crosscohort	0.4958361	0.4958361	0.0	0.0
chr1:28455961-28456461	EPB41	EPB41	chr1	28455961	28456461	28887090	+	430879	stromal	method4_crosscohort	0.45655036	0.45655036	0.0	0.0
chr1:28455961-28456461	PTAFR	PTAFR	chr1	28455961	28456461	28193935	-	262276	stromal	method4_crosscohort	0.609112	0.609112	0.0	0.0
chr1:28458824-28459324	EPB41	EPB41	chr1	28458824	28459324	28887090	+	428016	stromal	method4_crosscohort	0.47109622	0.47109622	0.0	0.0
chr1:28458824-28459324	PTAFR	PTAFR	chr1	28458824	28459324	28193935	-	265139	stromal	method4_crosscohort	0.62796724	0.62796724	0.0	0.0
chr1:28505650-28506150	RAB42	RAB42	chr1	28505650	28506150	28592199	+	86299	stromal	method4_crosscohort	0.48575425	0.48575425	0.0	0.0
chr1:28517914-28518414	RAB42	RAB42	chr1	28517914	28518414	28592199	+	74035	stromal	method4_crosscohort	0.45836335	0.45836335	0.0	0.0
chr1:28581649-28582149	RAB42	RAB42	chr1	28581649	28582149	28592199	+	10300	stromal	method4_crosscohort	0.48567873	0.48567873	0.0	0.0
chr1:28668765-28669265	RAB42	RAB42	chr1	28668765	28669265	28592199	+	76816	stromal	method4_crosscohort	0.46064046	0.46064046	0.0	0.0
chr1:29055082-29055582	GMEB1	GMEB1	chr1	29055082	29055582	28668777	+	386555	stromal	method4_crosscohort	0.4881382	0.4881382	0.0	0.0
chr1:29083144-29083644	GMEB1	GMEB1	chr1	29083144	29083644	28668777	+	414617	stromal	method4_crosscohort	0.492838	0.492838	0.0	0.0
chr1:29083144-29083644	OPRD1	OPRD1	chr1	29083144	29083644	28812169	+	271225	stromal	method4_crosscohort	-0.5113427	-0.5113427	0.0	0.0
chr1:29083144-29083644	TAF12	TAF12	chr1	29083144	29083644	28648290	-	435104	stromal	method4_crosscohort	-0.4528118	-0.4528118	0.0	0.0
chr1:29083144-29083644	YTHDF2	YTHDF2	chr1	29083144	29083644	28736620	+	346774	stromal	method4_crosscohort	-0.5219238	-0.5219238	0.0	0.0
chr1:29121131-29121631	GMEB1	GMEB1	chr1	29121131	29121631	28668777	+	452604	stromal	method4_crosscohort	0.46738514	0.46738514	0.0	0.0
chr1:29121131-29121631	OPRD1	OPRD1	chr1	29121131	29121631	28812169	+	309212	stromal	method4_crosscohort	-0.47267795	-0.47267795	0.0	0.0
chr1:29121131-29121631	TAF12	TAF12	chr1	29121131	29121631	28648290	-	473091	stromal	method4_crosscohort	-0.47392866	-0.47392866	0.0	0.0
chr1:29121131-29121631	YTHDF2	YTHDF2	chr1	29121131	29121631	28736620	+	384761	stromal	method4_crosscohort	-0.49838132	-0.49838132	0.0	0.0
chr1:30840901-30841401	PUM1	PUM1	chr1	30840901	30841401	31065990	-	224839	stromal	method4_crosscohort	0.5160709	0.5160709	0.0	0.0
chr1:30847515-30848015	PUM1	PUM1	chr1	30847515	30848015	31065990	-	218225	stromal	method4_crosscohort	0.48576435	0.48576435	0.0	0.0
chr1:30888456-30888956	FABP3	FABP3	chr1	30888456	30888956	31376849	-	488143	stromal	method4_crosscohort	0.57458913	0.57458913	0.0	0.0
chr1:30888456-30888956	PUM1	PUM1	chr1	30888456	30888956	31065990	-	177284	stromal	method4_crosscohort	-0.545835	-0.545835	0.0	0.0
chr1:30888456-30888956	SDC3	SDC3	chr1	30888456	30888956	30908757	-	20051	stromal	method4_crosscohort	0.5234528	0.5234528	0.0	0.0
chr1:30908526-30909026	FABP3	FABP3	chr1	30908526	30909026	31376849	-	468073	stromal	method4_crosscohort	0.46278444	0.46278444	0.0	0.0
chr1:31170725-31171225	FABP3	FABP3	chr1	31170725	31171225	31376849	-	205874	stromal	method4_crosscohort	0.458461	0.458461	0.0	0.0
chr1:31296693-31297193	FABP3	FABP3	chr1	31296693	31297193	31376849	-	79906	stromal	method4_crosscohort	0.45988327	0.45988327	0.0	0.0
chr1:31372935-31373435	FABP3	FABP3	chr1	31372935	31373435	31376849	-	3664	stromal	method4_crosscohort	0.544765	0.544765	0.0	0.0
chr1:31372935-31373435	PEF1	PEF1	chr1	31372935	31373435	31644895	-	271710	stromal	method4_crosscohort	0.48136547	0.48136547	0.0	0.0
chr1:31373542-31374042	FABP3	FABP3	chr1	31373542	31374042	31376849	-	3057	stromal	method4_crosscohort	0.46201295	0.46201295	0.0	0.0
chr1:31444786-31445286	SERINC2	SERINC2	chr1	31444786	31445286	31409564	+	35472	stromal	method4_crosscohort	0.557471	0.557471	0.0	0.0
chr1:31577745-31578245	PEF1	PEF1	chr1	31577745	31578245	31644895	-	66900	stromal	method4_crosscohort	0.47736874	0.47736874	0.0	0.0
chr1:31579754-31580254	FABP3	FABP3	chr1	31579754	31580254	31376849	-	203155	stromal	method4_crosscohort	0.48381215	0.48381215	0.0	0.0
chr1:31579754-31580254	PEF1	PEF1	chr1	31579754	31580254	31644895	-	64891	stromal	method4_crosscohort	0.517546	0.517546	0.0	0.0
chr1:31580366-31580866	FABP3	FABP3	chr1	31580366	31580866	31376849	-	203767	stromal	method4_crosscohort	0.55630606	0.55630606	0.0	0.0
chr1:31580366-31580866	KHDRBS1	KHDRBS1	chr1	31580366	31580866	32013867	+	433251	stromal	method4_crosscohort	-0.4552346	-0.4552346	0.0	0.0
chr1:31580366-31580866	PEF1	PEF1	chr1	31580366	31580866	31644895	-	64279	stromal	method4_crosscohort	0.58437055	0.58437055	0.0	0.0
chr1:31580366-31580866	TINAGL1	TINAGL1	chr1	31580366	31580866	31576484	+	4132	stromal	method4_crosscohort	-0.57799846	-0.57799846	0.0	0.0
chr1:31580878-31581378	PEF1	PEF1	chr1	31580878	31581378	31644895	-	63767	stromal	method4_crosscohort	0.5006023	0.5006023	0.0	0.0
chr1:31591672-31592172	FABP3	FABP3	chr1	31591672	31592172	31376849	-	215073	stromal	method4_crosscohort	0.4603739	0.4603739	0.0	0.0
chr1:31591672-31592172	TINAGL1	TINAGL1	chr1	31591672	31592172	31576484	+	15438	stromal	method4_crosscohort	-0.45152327	-0.45152327	0.0	0.0
chr1:31596381-31596881	TINAGL1	TINAGL1	chr1	31596381	31596881	31576484	+	20147	stromal	method4_crosscohort	0.47493201	0.47493201	0.0	0.0
chr1:31648615-31649115	KHDRBS1	KHDRBS1	chr1	31648615	31649115	32013867	+	365002	stromal	method4_crosscohort	0.47600186	0.47600186	0.0	0.0
chr1:31648615-31649115	KPNA6	KPNA6	chr1	31648615	31649115	32108055	+	459190	stromal	method4_crosscohort	0.47519347	0.47519347	0.0	0.0
chr1:31648615-31649115	TINAGL1	TINAGL1	chr1	31648615	31649115	31576484	+	72381	stromal	method4_crosscohort	0.51206636	0.51206636	0.0	0.0
chr1:31681386-31681886	PEF1	PEF1	chr1	31681386	31681886	31644895	-	36741	stromal	method4_crosscohort	0.4524098	0.4524098	0.0	0.0
chr1:31688141-31688641	FABP3	FABP3	chr1	31688141	31688641	31376849	-	311542	stromal	method4_crosscohort	0.47903612	0.47903612	0.0	0.0
chr1:31688141-31688641	PEF1	PEF1	chr1	31688141	31688641	31644895	-	43496	stromal	method4_crosscohort	0.53627807	0.53627807	0.0	0.0
chr1:31688141-31688641	TINAGL1	TINAGL1	chr1	31688141	31688641	31576484	+	111907	stromal	method4_crosscohort	-0.51849174	-0.51849174	0.0	0.0
chr1:31688141-31688641	TXLNA	TXLNA	chr1	31688141	31688641	32179674	+	491283	stromal	method4_crosscohort	0.45920515	0.45920515	0.0	0.0
chr1:31694765-31695265	SNRNP40	SNRNP40	chr1	31694765	31695265	31296787	-	398228	stromal	method4_crosscohort	0.67296755	0.67296755	0.0	0.0
chr1:31696148-31696648	SNRNP40	SNRNP40	chr1	31696148	31696648	31296787	-	399611	stromal	method4_crosscohort	0.47524476	0.47524476	0.0	0.0
chr1:31701031-31701531	PTP4A2	PTP4A2	chr1	31701031	31701531	31944855	-	243574	stromal	method4_crosscohort	-0.5327992	-0.5327992	0.0	0.0
chr1:31701031-31701531	SERINC2	SERINC2	chr1	31701031	31701531	31409564	+	291717	stromal	method4_crosscohort	-0.46734574	-0.46734574	0.0	0.0
chr1:31703832-31704332	KPNA6	KPNA6	chr1	31703832	31704332	32108055	+	403973	stromal	method4_crosscohort	-0.47734287	-0.47734287	0.0	0.0
chr1:31703832-31704332	PTP4A2	PTP4A2	chr1	31703832	31704332	31944855	-	240773	stromal	method4_crosscohort	-0.49697563	-0.49697563	0.0	0.0
chr1:31714526-31715026	FABP3	FABP3	chr1	31714526	31715026	31376849	-	337927	stromal	method4_crosscohort	0.5418238	0.5418238	0.0	0.0
chr1:31715079-31715579	FABP3	FABP3	chr1	31715079	31715579	31376849	-	338480	stromal	method4_crosscohort	0.5853666	0.5853666	0.0	0.0
chr1:31762624-31763124	FABP3	FABP3	chr1	31762624	31763124	31376849	-	386025	stromal	method4_crosscohort	0.45041162	0.45041162	0.0	0.0
chr1:31955954-31956454	MARCKSL1	MARCKSL1	chr1	31955954	31956454	32336232	-	380028	stromal	method4_crosscohort	0.48151878	0.48151878	0.0	0.0
chr1:32066450-32066950	KHDRBS1	KHDRBS1	chr1	32066450	32066950	32013867	+	52833	stromal	method4_crosscohort	0.49671224	0.49671224	0.0	0.0
chr1:32066450-32066950	TINAGL1	TINAGL1	chr1	32066450	32066950	31576484	+	490216	stromal	method4_crosscohort	0.54452807	0.54452807	0.0	0.0
chr1:32066450-32066950	TSSK3	TSSK3	chr1	32066450	32066950	32351520	+	284820	stromal	method4_crosscohort	0.50505894	0.50505894	0.0	0.0
chr1:32075677-32076177	HDAC1	HDAC1	chr1	32075677	32076177	32292082	+	216155	stromal	method4_crosscohort	0.48645833	0.48645833	0.0	0.0
chr1:32075677-32076177	TINAGL1	TINAGL1	chr1	32075677	32076177	31576484	+	499443	stromal	method4_crosscohort	0.4861242	0.4861242	0.0	0.0
chr1:32075677-32076177	TSSK3	TSSK3	chr1	32075677	32076177	32351520	+	275593	stromal	method4_crosscohort	0.61131316	0.61131316	0.0	0.0
chr1:32223647-32224147	TSSK3	TSSK3	chr1	32223647	32224147	32351520	+	127623	stromal	method4_crosscohort	0.45871985	0.45871985	0.0	0.0
chr1:32248088-32248588	TSSK3	TSSK3	chr1	32248088	32248588	32351520	+	103182	stromal	method4_crosscohort	0.5211107	0.5211107	0.0	0.0
chr1:32249852-32250352	ADGRB2	ADGRB2	chr1	32249852	32250352	31764892	-	485210	stromal	method4_crosscohort	-0.5038227	-0.5038227	0.0	0.0
chr1:32249852-32250352	HDAC1	HDAC1	chr1	32249852	32250352	32292082	+	41980	stromal	method4_crosscohort	0.7187893	0.7187893	0.0	0.0
chr1:32249852-32250352	KHDRBS1	KHDRBS1	chr1	32249852	32250352	32013867	+	236235	stromal	method4_crosscohort	0.5755204	0.5755204	0.0	0.0
chr1:32249852-32250352	KIAA1522	KIAA1522	chr1	32249852	32250352	32741829	+	491727	stromal	method4_crosscohort	0.49986455	0.49986455	0.0	0.0
chr1:32249852-32250352	KPNA6	KPNA6	chr1	32249852	32250352	32108055	+	142047	stromal	method4_crosscohort	0.63953215	0.63953215	0.0	0.0
chr1:32249852-32250352	PTP4A2	PTP4A2	chr1	32249852	32250352	31944855	-	305247	stromal	method4_crosscohort	0.5217136	0.5217136	0.0	0.0
chr1:32249852-32250352	TSSK3	TSSK3	chr1	32249852	32250352	32351520	+	101418	stromal	method4_crosscohort	0.829588	0.829588	0.0	0.0
chr1:32249852-32250352	TXLNA	TXLNA	chr1	32249852	32250352	32179674	+	70428	stromal	method4_crosscohort	-0.50952154	-0.50952154	0.0	0.0
chr1:32249852-32250352	ZBTB8A	ZBTB8A	chr1	32249852	32250352	32539426	+	289324	stromal	method4_crosscohort	0.50567085	0.50567085	0.0	0.0
chr1:32249852-32250352	ZBTB8OS	ZBTB8OS	chr1	32249852	32250352	32650902	-	400800	stromal	method4_crosscohort	0.6948912	0.6948912	0.0	0.0
chr1:32250401-32250901	HDAC1	HDAC1	chr1	32250401	32250901	32292082	+	41431	stromal	method4_crosscohort	0.5645483	0.5645483	0.0	0.0
chr1:32250401-32250901	KHDRBS1	KHDRBS1	chr1	32250401	32250901	32013867	+	236784	stromal	method4_crosscohort	0.45436072	0.45436072	0.0	0.0
chr1:32250401-32250901	KPNA6	KPNA6	chr1	32250401	32250901	32108055	+	142596	stromal	method4_crosscohort	0.503457	0.503457	0.0	0.0
chr1:32250401-32250901	TSSK3	TSSK3	chr1	32250401	32250901	32351520	+	100869	stromal	method4_crosscohort	0.63928556	0.63928556	0.0	0.0
chr1:32250401-32250901	ZBTB8OS	ZBTB8OS	chr1	32250401	32250901	32650902	-	400251	stromal	method4_crosscohort	0.5346281	0.5346281	0.0	0.0
chr1:32251024-32251524	HDAC1	HDAC1	chr1	32251024	32251524	32292082	+	40808	stromal	method4_crosscohort	0.49849918	0.49849918	0.0	0.0
chr1:32251024-32251524	TSSK3	TSSK3	chr1	32251024	32251524	32351520	+	100246	stromal	method4_crosscohort	0.50606745	0.50606745	0.0	0.0
chr1:32251024-32251524	ZBTB8OS	ZBTB8OS	chr1	32251024	32251524	32650902	-	399628	stromal	method4_crosscohort	0.45147106	0.45147106	0.0	0.0
chr1:32251982-32252482	HDAC1	HDAC1	chr1	32251982	32252482	32292082	+	39850	stromal	method4_crosscohort	0.58393407	0.58393407	0.0	0.0
chr1:32251982-32252482	KHDRBS1	KHDRBS1	chr1	32251982	32252482	32013867	+	238365	stromal	method4_crosscohort	0.5163641	0.5163641	0.0	0.0
chr1:32251982-32252482	KPNA6	KPNA6	chr1	32251982	32252482	32108055	+	144177	stromal	method4_crosscohort	0.5169415	0.5169415	0.0	0.0
chr1:32251982-32252482	TSSK3	TSSK3	chr1	32251982	32252482	32351520	+	99288	stromal	method4_crosscohort	0.72377414	0.72377414	0.0	0.0
chr1:32251982-32252482	ZBTB8OS	ZBTB8OS	chr1	32251982	32252482	32650902	-	398670	stromal	method4_crosscohort	0.60111576	0.60111576	0.0	0.0
chr1:32267173-32267673	HDAC1	HDAC1	chr1	32267173	32267673	32292082	+	24659	stromal	method4_crosscohort	0.56110436	0.56110436	0.0	0.0
chr1:32267173-32267673	KHDRBS1	KHDRBS1	chr1	32267173	32267673	32013867	+	253556	stromal	method4_crosscohort	0.4644898	0.4644898	0.0	0.0
chr1:32267173-32267673	TSSK3	TSSK3	chr1	32267173	32267673	32351520	+	84097	stromal	method4_crosscohort	0.6770048	0.6770048	0.0	0.0
chr1:32267173-32267673	ZBTB8OS	ZBTB8OS	chr1	32267173	32267673	32650902	-	383479	stromal	method4_crosscohort	0.55821145	0.55821145	0.0	0.0
chr1:32316403-32316903	HDAC1	HDAC1	chr1	32316403	32316903	32292082	+	24571	stromal	method4_crosscohort	0.45409042	0.45409042	0.0	0.0
chr1:32316403-32316903	TSSK3	TSSK3	chr1	32316403	32316903	32351520	+	34867	stromal	method4_crosscohort	0.47401825	0.47401825	0.0	0.0
chr1:32316403-32316903	ZBTB8OS	ZBTB8OS	chr1	32316403	32316903	32650902	-	334249	stromal	method4_crosscohort	0.45223743	0.45223743	0.0	0.0
chr1:32345398-32345898	TSSK3	TSSK3	chr1	32345398	32345898	32351520	+	5872	stromal	method4_crosscohort	0.5034313	0.5034313	0.0	0.0
chr1:32349169-32349669	TSSK3	TSSK3	chr1	32349169	32349669	32351520	+	2101	stromal	method4_crosscohort	0.5691486	0.5691486	0.0	0.0
chr1:32501772-32502272	HDAC1	HDAC1	chr1	32501772	32502272	32292082	+	209940	stromal	method4_crosscohort	0.45124567	0.45124567	0.0	0.0
chr1:32501772-32502272	S100PBP	S100PBP	chr1	32501772	32502272	32816766	+	314744	stromal	method4_crosscohort	0.45016223	0.45016223	0.0	0.0
chr1:32501772-32502272	TSSK3	TSSK3	chr1	32501772	32502272	32351520	+	150502	stromal	method4_crosscohort	0.6174318	0.6174318	0.0	0.0
chr1:32501772-32502272	ZBTB8OS	ZBTB8OS	chr1	32501772	32502272	32650902	-	148880	stromal	method4_crosscohort	0.45109478	0.45109478	0.0	0.0
chr1:32533891-32534391	HDAC1	HDAC1	chr1	32533891	32534391	32292082	+	242059	stromal	method4_crosscohort	0.58424497	0.58424497	0.0	0.0
chr1:32533891-32534391	KPNA6	KPNA6	chr1	32533891	32534391	32108055	+	426086	stromal	method4_crosscohort	0.50984293	0.50984293	0.0	0.0
chr1:32533891-32534391	S100PBP	S100PBP	chr1	32533891	32534391	32816766	+	282625	stromal	method4_crosscohort	0.5258211	0.5258211	0.0	0.0
chr1:32533891-32534391	TSSK3	TSSK3	chr1	32533891	32534391	32351520	+	182621	stromal	method4_crosscohort	0.6827014	0.6827014	0.0	0.0
chr1:32533891-32534391	ZBTB8OS	ZBTB8OS	chr1	32533891	32534391	32650902	-	116761	stromal	method4_crosscohort	0.5902727	0.5902727	0.0	0.0
chr1:32665894-32666394	MARCKSL1	MARCKSL1	chr1	32665894	32666394	32336232	-	329912	stromal	method4_crosscohort	-0.5550253	-0.5550253	0.0	0.0
chr1:32687366-32687866	EIF3I	EIF3I	chr1	32687366	32687866	32221076	+	466540	stromal	method4_crosscohort	0.466959	0.466959	0.0	0.0
chr1:32703924-32704424	AK2	AK2	chr1	32703924	32704424	33080995	-	376821	stromal	method4_crosscohort	0.5341221	0.5341221	0.0	0.0
chr1:32703924-32704424	MARCKSL1	MARCKSL1	chr1	32703924	32704424	32336232	-	367942	stromal	method4_crosscohort	-0.4542779	-0.4542779	0.0	0.0
chr1:32703924-32704424	SYNC	SYNC	chr1	32703924	32704424	32703595	-	579	stromal	method4_crosscohort	0.5244447	0.5244447	0.0	0.0
chr1:32725131-32725631	TSSK3	TSSK3	chr1	32725131	32725631	32351520	+	373861	stromal	method4_crosscohort	0.45319897	0.45319897	0.0	0.0
chr1:32737266-32737766	KIAA1522	KIAA1522	chr1	32737266	32737766	32741829	+	4313	stromal	method4_crosscohort	0.461298	0.461298	0.0	0.0
chr1:32743587-32744087	TSSK3	TSSK3	chr1	32743587	32744087	32351520	+	392317	stromal	method4_crosscohort	0.48483866	0.48483866	0.0	0.0
chr1:32904266-32904766	AZIN2	AZIN2	chr1	32904266	32904766	33081103	+	176587	stromal	method4_crosscohort	0.5827926	0.5827926	0.0	0.0
chr1:32904266-32904766	KIAA1522	KIAA1522	chr1	32904266	32904766	32741829	+	162687	stromal	method4_crosscohort	0.47171363	0.47171363	0.0	0.0
chr1:32933946-32934446	S100PBP	S100PBP	chr1	32933946	32934446	32816766	+	117430	stromal	method4_crosscohort	0.45024186	0.45024186	0.0	0.0
chr1:32933946-32934446	ZBTB8OS	ZBTB8OS	chr1	32933946	32934446	32650902	-	283294	stromal	method4_crosscohort	0.53087145	0.53087145	0.0	0.0
chr1:32936017-32936517	AZIN2	AZIN2	chr1	32936017	32936517	33081103	+	144836	stromal	method4_crosscohort	0.58859694	0.58859694	0.0	0.0
chr1:32936017-32936517	KIAA1522	KIAA1522	chr1	32936017	32936517	32741829	+	194438	stromal	method4_crosscohort	0.49088836	0.49088836	0.0	0.0
chr1:32936017-32936517	RNF19B	RNF19B	chr1	32936017	32936517	32964808	-	28541	stromal	method4_crosscohort	0.46796763	0.46796763	0.0	0.0
chr1:32981166-32981666	KIAA1522	KIAA1522	chr1	32981166	32981666	32741829	+	239587	stromal	method4_crosscohort	0.52872914	0.52872914	0.0	0.0
chr1:32981166-32981666	ZBTB8A	ZBTB8A	chr1	32981166	32981666	32539426	+	441990	stromal	method4_crosscohort	0.49604875	0.49604875	0.0	0.0
chr1:32981166-32981666	ZBTB8OS	ZBTB8OS	chr1	32981166	32981666	32650902	-	330514	stromal	method4_crosscohort	0.54056334	0.54056334	0.0	0.0
chr1:32981166-32981666	ZNF362	ZNF362	chr1	32981166	32981666	33256491	+	275075	stromal	method4_crosscohort	-0.4811914	-0.4811914	0.0	0.0
chr1:33060722-33061222	AK2	AK2	chr1	33060722	33061222	33080995	-	20023	stromal	method4_crosscohort	-0.46642178	-0.46642178	0.0	0.0
chr1:33099194-33099694	AK2	AK2	chr1	33099194	33099694	33080995	-	18449	stromal	method4_crosscohort	-0.45035893	-0.45035893	0.0	0.0
chr1:33346892-33347392	AK2	AK2	chr1	33346892	33347392	33080995	-	266147	stromal	method4_crosscohort	-0.45223498	-0.45223498	0.0	0.0
chr1:33460972-33461472	AK2	AK2	chr1	33460972	33461472	33080995	-	380227	stromal	method4_crosscohort	0.48352847	0.48352847	0.0	0.0
chr1:33606193-33606693	TRIM62	TRIM62	chr1	33606193	33606693	33182058	-	424385	stromal	method4_crosscohort	0.4781477	0.4781477	0.0	0.0
chr1:35448365-35448865	C1orf216	C1orf216	chr1	35448365	35448865	35718893	-	270278	stromal	method4_crosscohort	0.49234334	0.49234334	0.0	0.0
chr1:35505933-35506433	AGO4	AGO4	chr1	35505933	35506433	35808015	+	301832	stromal	method4_crosscohort	0.52572423	0.52572423	0.0	0.0
chr1:35505933-35506433	NCDN	NCDN	chr1	35505933	35506433	35557472	+	51289	stromal	method4_crosscohort	-0.49185792	-0.49185792	0.0	0.0
chr1:35519287-35519787	AGO4	AGO4	chr1	35519287	35519787	35808015	+	288478	stromal	method4_crosscohort	0.49882513	0.49882513	0.0	0.0
chr1:36176248-36176748	C1orf216	C1orf216	chr1	36176248	36176748	35718893	-	457605	stromal	method4_crosscohort	-0.5225007	-0.5225007	0.0	0.0
chr1:36176248-36176748	COL8A2	COL8A2	chr1	36176248	36176748	36125221	-	51277	stromal	method4_crosscohort	0.5178337	0.5178337	0.0	0.0
chr1:36176248-36176748	LSM10	LSM10	chr1	36176248	36176748	36397907	-	221409	stromal	method4_crosscohort	-0.45588583	-0.45588583	0.0	0.0
chr1:36183383-36183883	C1orf216	C1orf216	chr1	36183383	36183883	35718893	-	464740	stromal	method4_crosscohort	-0.54350126	-0.54350126	0.0	0.0
chr1:36183383-36183883	COL8A2	COL8A2	chr1	36183383	36183883	36125221	-	58412	stromal	method4_crosscohort	0.4934967	0.4934967	0.0	0.0
chr1:36183383-36183883	LSM10	LSM10	chr1	36183383	36183883	36397907	-	214274	stromal	method4_crosscohort	-0.45532253	-0.45532253	0.0	0.0
chr1:36183383-36183883	MAP7D1	MAP7D1	chr1	36183383	36183883	36155578	+	28055	stromal	method4_crosscohort	0.5030196	0.5030196	0.0	0.0
chr1:36183383-36183883	TRAPPC3	TRAPPC3	chr1	36183383	36183883	36156052	-	27581	stromal	method4_crosscohort	-0.4626905	-0.4626905	0.0	0.0
chr1:36321200-36321700	EVA1B	EVA1B	chr1	36321200	36321700	36324153	-	2703	stromal	method4_crosscohort	0.5562399	0.5562399	0.0	0.0
chr1:36323499-36323999	EVA1B	EVA1B	chr1	36323499	36323999	36324153	-	404	stromal	method4_crosscohort	0.5540596	0.5540596	0.0	0.0
chr1:36400977-36401477	LSM10	LSM10	chr1	36400977	36401477	36397907	-	3320	stromal	method4_crosscohort	0.49800992	0.49800992	0.0	0.0
chr1:36653792-36654292	GRIK3	GRIK3	chr1	36653792	36654292	37034514	-	380472	stromal	method4_crosscohort	0.5322186	0.5322186	0.0	0.0
chr1:36857784-36858284	GRIK3	GRIK3	chr1	36857784	36858284	37034514	-	176480	stromal	method4_crosscohort	0.4630525	0.4630525	0.0	0.0
chr1:36864679-36865179	GRIK3	GRIK3	chr1	36864679	36865179	37034514	-	169585	stromal	method4_crosscohort	0.74104136	0.74104136	0.0	0.0
chr1:36865211-36865711	GRIK3	GRIK3	chr1	36865211	36865711	37034514	-	169053	stromal	method4_crosscohort	0.62313557	0.62313557	0.0	0.0
chr1:36871366-36871866	GRIK3	GRIK3	chr1	36871366	36871866	37034514	-	162898	stromal	method4_crosscohort	0.6108195	0.6108195	0.0	0.0
chr1:36885456-36885956	GRIK3	GRIK3	chr1	36885456	36885956	37034514	-	148808	stromal	method4_crosscohort	0.46778852	0.46778852	0.0	0.0
chr1:37033920-37034420	GRIK3	GRIK3	chr1	37033920	37034420	37034514	-	344	stromal	method4_crosscohort	0.6478504	0.6478504	0.0	0.0
chr1:37034668-37035168	GRIK3	GRIK3	chr1	37034668	37035168	37034514	-	404	stromal	method4_crosscohort	0.61683035	0.61683035	0.0	0.0
chr1:37035947-37036447	GRIK3	GRIK3	chr1	37035947	37036447	37034514	-	1683	stromal	method4_crosscohort	0.50504684	0.50504684	0.0	0.0
chr1:37036639-37037139	GRIK3	GRIK3	chr1	37036639	37037139	37034514	-	2375	stromal	method4_crosscohort	0.48469964	0.48469964	0.0	0.0
chr1:37038182-37038682	GRIK3	GRIK3	chr1	37038182	37038682	37034514	-	3918	stromal	method4_crosscohort	0.521712	0.521712	0.0	0.0
chr1:37082805-37083305	GRIK3	GRIK3	chr1	37082805	37083305	37034514	-	48541	stromal	method4_crosscohort	0.5484812	0.5484812	0.0	0.0
chr1:37083639-37084139	GRIK3	GRIK3	chr1	37083639	37084139	37034514	-	49375	stromal	method4_crosscohort	0.6999007	0.6999007	0.0	0.0
chr1:37131154-37131654	GRIK3	GRIK3	chr1	37131154	37131654	37034514	-	96890	stromal	method4_crosscohort	0.59641176	0.59641176	0.0	0.0
chr1:37169001-37169501	GRIK3	GRIK3	chr1	37169001	37169501	37034514	-	134737	stromal	method4_crosscohort	0.62405235	0.62405235	0.0	0.0
chr1:37324940-37325440	GRIK3	GRIK3	chr1	37324940	37325440	37034514	-	290676	stromal	method4_crosscohort	0.48478985	0.48478985	0.0	0.0
chr1:37381707-37382207	GRIK3	GRIK3	chr1	37381707	37382207	37034514	-	347443	stromal	method4_crosscohort	0.48735553	0.48735553	0.0	0.0
chr1:37499190-37499690	MEAF6	MEAF6	chr1	37499190	37499690	37514765	-	15325	stromal	method4_crosscohort	0.46331152	0.46331152	0.0	0.0
chr1:37575156-37575656	C1orf109	C1orf109	chr1	37575156	37575656	37692248	-	116842	stromal	method4_crosscohort	0.4720674	0.4720674	0.0	0.0
chr1:37575156-37575656	DNALI1	DNALI1	chr1	37575156	37575656	37556918	+	18488	stromal	method4_crosscohort	0.52586585	0.52586585	0.0	0.0
chr1:37575156-37575656	GNL2	GNL2	chr1	37575156	37575656	37595936	-	20530	stromal	method4_crosscohort	0.51269597	0.51269597	0.0	0.0
chr1:37575156-37575656	MEAF6	MEAF6	chr1	37575156	37575656	37514765	-	60641	stromal	method4_crosscohort	0.62105113	0.62105113	0.0	0.0
chr1:37575156-37575656	RSPO1	RSPO1	chr1	37575156	37575656	37634891	-	59485	stromal	method4_crosscohort	-0.48821628	-0.48821628	0.0	0.0
chr1:37575156-37575656	SF3A3	SF3A3	chr1	37575156	37575656	37990074	-	414668	stromal	method4_crosscohort	0.5431616	0.5431616	0.0	0.0
chr1:37575156-37575656	SNIP1	SNIP1	chr1	37575156	37575656	37554292	-	21114	stromal	method4_crosscohort	-0.5141012	-0.5141012	0.0	0.0
chr1:37575156-37575656	YRDC	YRDC	chr1	37575156	37575656	37808207	-	232801	stromal	method4_crosscohort	0.46529204	0.46529204	0.0	0.0
chr1:37575742-37576242	MEAF6	MEAF6	chr1	37575742	37576242	37514765	-	61227	stromal	method4_crosscohort	0.47879583	0.47879583	0.0	0.0
chr1:37606053-37606553	C1orf109	C1orf109	chr1	37606053	37606553	37692248	-	85945	stromal	method4_crosscohort	0.47659883	0.47659883	0.0	0.0
chr1:37606053-37606553	DNALI1	DNALI1	chr1	37606053	37606553	37556918	+	49385	stromal	method4_crosscohort	0.46480525	0.46480525	0.0	0.0
chr1:37606053-37606553	GNL2	GNL2	chr1	37606053	37606553	37595936	-	10367	stromal	method4_crosscohort	0.5111111	0.5111111	0.0	0.0
