peak_id	gene_id	gene_name	chrom	peak_start	peak_end	tss_pos	strand	distance_bp	compartment	method	score	pvalue	fdr
chr1:826595-827095	ENSG00000131584	ACAP3	chr1	826595	827095	1309608	-	482763	epithelial	method2_cicero	0.2735530734062195	5.828937053124346e-36	2.0675857380334565e-34
chr1:826595-827095	ENSG00000169972	PUSL1	chr1	826595	827095	1308596	+	481751	epithelial	method2_cicero	0.2735530734062195	5.828937053124346e-36	2.0675857380334565e-34
chr1:826595-827095	ENSG00000187583	PLEKHN1	chr1	826595	827095	966481	+	139636	epithelial	method2_cicero	0.25681158900260925	8.642839846836131e-32	2.454018430505447e-30
chr1:826595-827095	ENSG00000188157	AGRN	chr1	826595	827095	1020119	+	193274	epithelial	method2_cicero	0.274342805147171	3.642460880874606e-36	1.3055815122231158e-34
chr1:827296-827796	ENSG00000078808	SDF4	chr1	827296	827796	1232030	-	404484	epithelial	method2_cicero	0.5124261379241943	0.0	0.0
chr1:827296-827796	ENSG00000127054	INTS11	chr1	827296	827796	1324686	-	497140	epithelial	method2_cicero	0.4774475395679474	0.0	0.0
chr1:827296-827796	ENSG00000131584	ACAP3	chr1	827296	827796	1309608	-	482062	epithelial	method2_cicero	0.47217217087745667	0.0	0.0
chr1:827296-827796	ENSG00000131591	C1orf159	chr1	827296	827796	1116360	-	288814	epithelial	method2_cicero	0.49315914511680603	0.0	0.0
chr1:827296-827796	ENSG00000160087	UBE2J2	chr1	827296	827796	1273863	-	446317	epithelial	method2_cicero	0.45850953459739685	0.0	0.0
chr1:827296-827796	ENSG00000162572	SCNN1D	chr1	827296	827796	1280435	+	452889	epithelial	method2_cicero	0.3094971776008606	0.0	0.0
chr1:827296-827796	ENSG00000169972	PUSL1	chr1	827296	827796	1308596	+	481050	epithelial	method2_cicero	0.47217217087745667	0.0	0.0
chr1:827296-827796	ENSG00000176022	B3GALT6	chr1	827296	827796	1232236	+	404690	epithelial	method2_cicero	0.5124261379241943	0.0	0.0
chr1:827296-827796	ENSG00000187583	PLEKHN1	chr1	827296	827796	966481	+	138935	epithelial	method2_cicero	0.34569671750068665	0.0	0.0
chr1:827296-827796	ENSG00000187608	ISG15	chr1	827296	827796	1001137	+	173591	epithelial	method2_cicero	0.3248857259750366	0.0	0.0
chr1:827296-827796	ENSG00000187634	SAMD11	chr1	827296	827796	923922	+	96376	epithelial	method2_cicero	0.31917086243629456	0.0	0.0
chr1:827296-827796	ENSG00000187961	KLHL17	chr1	827296	827796	960583	+	133037	epithelial	method2_cicero	0.4148646295070648	0.0	0.0
chr1:827296-827796	ENSG00000188157	AGRN	chr1	827296	827796	1020119	+	192573	epithelial	method2_cicero	0.4961581826210022	0.0	0.0
chr1:827296-827796	ENSG00000188290	HES4	chr1	827296	827796	1000171	-	172625	epithelial	method2_cicero	0.3248857259750366	0.0	0.0
chr1:827296-827796	ENSG00000188976	NOC2L	chr1	827296	827796	959308	-	131762	epithelial	method2_cicero	0.4148646295070648	0.0	0.0
chr1:827296-827796	ENSG00000224051	CPTP	chr1	827296	827796	1324755	+	497209	epithelial	method2_cicero	0.4774475395679474	0.0	0.0
chr1:827296-827796	ENSG00000237330	RNF223	chr1	827296	827796	1074305	-	246759	epithelial	method2_cicero	0.2834315896034241	1.4534926282255235e-38	5.866363605132796e-37
chr1:829414-829914	ENSG00000188157	AGRN	chr1	829414	829914	1020119	+	190455	epithelial	method2_cicero	0.2503581643104553	2.918565522470185e-30	7.593795520413719e-29
chr1:858581-859081	ENSG00000078808	SDF4	chr1	858581	859081	1232030	-	373199	epithelial	method2_cicero	0.2629912495613098	2.7030510964257733e-33	8.336905099343947e-32
chr1:858581-859081	ENSG00000107404	DVL1	chr1	858581	859081	1349417	-	490586	epithelial	method2_cicero	0.25649091601371765	1.0319117125501379e-31	2.917499113995119e-30
chr1:858581-859081	ENSG00000131591	C1orf159	chr1	858581	859081	1116360	-	257529	epithelial	method2_cicero	0.2509970963001251	2.0690951881252955e-30	5.430527210448568e-29
chr1:858581-859081	ENSG00000160087	UBE2J2	chr1	858581	859081	1273863	-	415032	epithelial	method2_cicero	0.26603490114212036	4.7400101556680205e-34	1.522090770340559e-32
chr1:858581-859081	ENSG00000176022	B3GALT6	chr1	858581	859081	1232236	+	373405	epithelial	method2_cicero	0.2629912495613098	2.7030510964257733e-33	8.336905099343947e-32
chr1:858581-859081	ENSG00000187634	SAMD11	chr1	858581	859081	923922	+	65091	epithelial	method2_cicero	0.28725507855415344	1.3367714726395879e-39	5.671934340038745e-38
chr1:858581-859081	ENSG00000187961	KLHL17	chr1	858581	859081	960583	+	101752	epithelial	method2_cicero	0.30909645557403564	1.401298464324817e-45	7.707141553786494e-44
chr1:858581-859081	ENSG00000188976	NOC2L	chr1	858581	859081	959308	-	100477	epithelial	method2_cicero	0.30909645557403564	1.401298464324817e-45	7.707141553786494e-44
chr1:869661-870161	ENSG00000078808	SDF4	chr1	869661	870161	1232030	-	362119	epithelial	method2_cicero	0.34246960282325745	0.0	0.0
chr1:869661-870161	ENSG00000107404	DVL1	chr1	869661	870161	1349417	-	479506	epithelial	method2_cicero	0.3539865016937256	0.0	0.0
chr1:869661-870161	ENSG00000127054	INTS11	chr1	869661	870161	1324686	-	454775	epithelial	method2_cicero	0.36151131987571716	0.0	0.0
chr1:869661-870161	ENSG00000131584	ACAP3	chr1	869661	870161	1309608	-	439697	epithelial	method2_cicero	0.3433355391025543	0.0	0.0
chr1:869661-870161	ENSG00000131591	C1orf159	chr1	869661	870161	1116360	-	246449	epithelial	method2_cicero	0.3491934537887573	0.0	0.0
chr1:869661-870161	ENSG00000160087	UBE2J2	chr1	869661	870161	1273863	-	403952	epithelial	method2_cicero	0.3744429647922516	0.0	0.0
chr1:869661-870161	ENSG00000169962	TAS1R3	chr1	869661	870161	1331279	+	461368	epithelial	method2_cicero	0.25469768047332764	2.7679280843219145e-31	7.638791111982404e-30
chr1:869661-870161	ENSG00000169972	PUSL1	chr1	869661	870161	1308596	+	438685	epithelial	method2_cicero	0.3433355391025543	0.0	0.0
chr1:869661-870161	ENSG00000176022	B3GALT6	chr1	869661	870161	1232236	+	362325	epithelial	method2_cicero	0.34246960282325745	0.0	0.0
chr1:869661-870161	ENSG00000187608	ISG15	chr1	869661	870161	1001137	+	131226	epithelial	method2_cicero	0.320506751537323	0.0	0.0
chr1:869661-870161	ENSG00000187634	SAMD11	chr1	869661	870161	923922	+	54011	epithelial	method2_cicero	0.2748841643333435	2.6365043623687525e-36	9.517241926695096e-35
chr1:869661-870161	ENSG00000187961	KLHL17	chr1	869661	870161	960583	+	90672	epithelial	method2_cicero	0.31307628750801086	0.0	0.0
chr1:869661-870161	ENSG00000188157	AGRN	chr1	869661	870161	1020119	+	150208	epithelial	method2_cicero	0.346682608127594	0.0	0.0
chr1:869661-870161	ENSG00000188290	HES4	chr1	869661	870161	1000171	-	130260	epithelial	method2_cicero	0.320506751537323	0.0	0.0
chr1:869661-870161	ENSG00000188976	NOC2L	chr1	869661	870161	959308	-	89397	epithelial	method2_cicero	0.31307628750801086	0.0	0.0
chr1:869661-870161	ENSG00000224051	CPTP	chr1	869661	870161	1324755	+	454844	epithelial	method2_cicero	0.36151131987571716	0.0	0.0
chr1:904517-905017	ENSG00000078808	SDF4	chr1	904517	905017	1232030	-	327263	epithelial	method2_cicero	0.4560483396053314	0.0	0.0
chr1:904517-905017	ENSG00000107404	DVL1	chr1	904517	905017	1349417	-	444650	epithelial	method2_cicero	0.4398851990699768	0.0	0.0
chr1:904517-905017	ENSG00000127054	INTS11	chr1	904517	905017	1324686	-	419919	epithelial	method2_cicero	0.40524449944496155	0.0	0.0
chr1:904517-905017	ENSG00000131584	ACAP3	chr1	904517	905017	1309608	-	404841	epithelial	method2_cicero	0.4233818054199219	0.0	0.0
chr1:904517-905017	ENSG00000131591	C1orf159	chr1	904517	905017	1116360	-	211593	epithelial	method2_cicero	0.44942763447761536	0.0	0.0
chr1:904517-905017	ENSG00000160087	UBE2J2	chr1	904517	905017	1273863	-	369096	epithelial	method2_cicero	0.429679811000824	0.0	0.0
chr1:904517-905017	ENSG00000162572	SCNN1D	chr1	904517	905017	1280435	+	375668	epithelial	method2_cicero	0.2868145704269409	1.763113727813485e-39	7.439002532118554e-38
chr1:904517-905017	ENSG00000169972	PUSL1	chr1	904517	905017	1308596	+	403829	epithelial	method2_cicero	0.4233818054199219	0.0	0.0
chr1:904517-905017	ENSG00000175756	AURKAIP1	chr1	904517	905017	1375206	-	470439	epithelial	method2_cicero	0.45274433493614197	0.0	0.0
chr1:904517-905017	ENSG00000176022	B3GALT6	chr1	904517	905017	1232236	+	327469	epithelial	method2_cicero	0.4560483396053314	0.0	0.0
chr1:904517-905017	ENSG00000187583	PLEKHN1	chr1	904517	905017	966481	+	61714	epithelial	method2_cicero	0.26052287220954895	1.0908899816317765e-32	3.255518439065596e-31
chr1:904517-905017	ENSG00000187608	ISG15	chr1	904517	905017	1001137	+	96370	epithelial	method2_cicero	0.3538719713687897	0.0	0.0
chr1:904517-905017	ENSG00000187634	SAMD11	chr1	904517	905017	923922	+	19155	epithelial	method2_cicero	0.3334091603755951	0.0	0.0
chr1:904517-905017	ENSG00000187642	PERM1	chr1	904517	905017	982116	-	77349	epithelial	method2_cicero	0.2831278443336487	1.754078015185672e-38	7.051472432874632e-37
chr1:904517-905017	ENSG00000187961	KLHL17	chr1	904517	905017	960583	+	55816	epithelial	method2_cicero	0.42157307267189026	0.0	0.0
chr1:904517-905017	ENSG00000188157	AGRN	chr1	904517	905017	1020119	+	115352	epithelial	method2_cicero	0.43578648567199707	0.0	0.0
chr1:904517-905017	ENSG00000188290	HES4	chr1	904517	905017	1000171	-	95404	epithelial	method2_cicero	0.3538719713687897	0.0	0.0
chr1:904517-905017	ENSG00000188976	NOC2L	chr1	904517	905017	959308	-	54541	epithelial	method2_cicero	0.42157307267189026	0.0	0.0
chr1:904517-905017	ENSG00000221978	CCNL2	chr1	904517	905017	1399334	-	494567	epithelial	method2_cicero	0.42047739028930664	0.0	0.0
chr1:904517-905017	ENSG00000224051	CPTP	chr1	904517	905017	1324755	+	419988	epithelial	method2_cicero	0.40524449944496155	0.0	0.0
chr1:904517-905017	ENSG00000237330	RNF223	chr1	904517	905017	1074305	-	169538	epithelial	method2_cicero	0.2709573209285736	2.7039211229575e-35	9.268940096836745e-34
chr1:905597-906097	ENSG00000107404	DVL1	chr1	905597	906097	1349417	-	443570	epithelial	method2_cicero	0.254075825214386	3.890121994794867e-31	1.0646004330990473e-29
chr1:905597-906097	ENSG00000186827	TNFRSF4	chr1	905597	906097	1214152	-	308305	epithelial	method2_cicero	0.2522353529930115	1.059377608254841e-30	2.827739117682714e-29
chr1:905597-906097	ENSG00000187608	ISG15	chr1	905597	906097	1001137	+	95290	epithelial	method2_cicero	0.27048859000205994	3.5608737238624773e-35	1.2131465369050793e-33
chr1:905597-906097	ENSG00000188290	HES4	chr1	905597	906097	1000171	-	94324	epithelial	method2_cicero	0.27048859000205994	3.5608737238624773e-35	1.2131465369050793e-33
chr1:906663-907163	ENSG00000078808	SDF4	chr1	906663	907163	1232030	-	325117	epithelial	method2_cicero	0.35682976245880127	0.0	0.0
chr1:906663-907163	ENSG00000107404	DVL1	chr1	906663	907163	1349417	-	442504	epithelial	method2_cicero	0.3138904869556427	0.0	0.0
chr1:906663-907163	ENSG00000127054	INTS11	chr1	906663	907163	1324686	-	417773	epithelial	method2_cicero	0.3880082070827484	0.0	0.0
chr1:906663-907163	ENSG00000131584	ACAP3	chr1	906663	907163	1309608	-	402695	epithelial	method2_cicero	0.36481475830078125	0.0	0.0
chr1:906663-907163	ENSG00000131591	C1orf159	chr1	906663	907163	1116360	-	209447	epithelial	method2_cicero	0.382809579372406	0.0	0.0
chr1:906663-907163	ENSG00000160087	UBE2J2	chr1	906663	907163	1273863	-	366950	epithelial	method2_cicero	0.32927271723747253	0.0	0.0
chr1:906663-907163	ENSG00000162572	SCNN1D	chr1	906663	907163	1280435	+	373522	epithelial	method2_cicero	0.345670223236084	0.0	0.0
chr1:906663-907163	ENSG00000169972	PUSL1	chr1	906663	907163	1308596	+	401683	epithelial	method2_cicero	0.36481475830078125	0.0	0.0
chr1:906663-907163	ENSG00000175756	AURKAIP1	chr1	906663	907163	1375206	-	468293	epithelial	method2_cicero	0.33837589621543884	0.0	0.0
chr1:906663-907163	ENSG00000176022	B3GALT6	chr1	906663	907163	1232236	+	325323	epithelial	method2_cicero	0.35682976245880127	0.0	0.0
chr1:906663-907163	ENSG00000187608	ISG15	chr1	906663	907163	1001137	+	94224	epithelial	method2_cicero	0.263919472694397	1.593388653682357e-33	4.975233407828474e-32
chr1:906663-907163	ENSG00000187634	SAMD11	chr1	906663	907163	923922	+	17009	epithelial	method2_cicero	0.2812698483467102	5.510690288865203e-38	2.1626801961388175e-36
chr1:906663-907163	ENSG00000187961	KLHL17	chr1	906663	907163	960583	+	53670	epithelial	method2_cicero	0.27195096015930176	1.5057680853737812e-35	5.229599879365657e-34
chr1:906663-907163	ENSG00000188157	AGRN	chr1	906663	907163	1020119	+	113206	epithelial	method2_cicero	0.3472746014595032	0.0	0.0
chr1:906663-907163	ENSG00000188290	HES4	chr1	906663	907163	1000171	-	93258	epithelial	method2_cicero	0.263919472694397	1.593388653682357e-33	4.975233407828474e-32
chr1:906663-907163	ENSG00000188976	NOC2L	chr1	906663	907163	959308	-	52395	epithelial	method2_cicero	0.27195096015930176	1.5057680853737812e-35	5.229599879365657e-34
chr1:906663-907163	ENSG00000221978	CCNL2	chr1	906663	907163	1399334	-	492421	epithelial	method2_cicero	0.3426797389984131	0.0	0.0
chr1:906663-907163	ENSG00000224051	CPTP	chr1	906663	907163	1324755	+	417842	epithelial	method2_cicero	0.3880082070827484	0.0	0.0
chr1:906663-907163	ENSG00000237330	RNF223	chr1	906663	907163	1074305	-	167392	epithelial	method2_cicero	0.295932412147522	5.1721926318229e-42	2.4548366887581443e-40
chr1:909902-910402	ENSG00000186827	TNFRSF4	chr1	909902	910402	1214152	-	304000	epithelial	method2_cicero	0.2737952768802643	5.047049280102802e-36	1.7959560850297925e-34
chr1:912779-913279	ENSG00000127054	INTS11	chr1	912779	913279	1324686	-	411657	epithelial	method2_cicero	0.2796103358268738	1.5207216036096638e-37	5.840270844786907e-36
chr1:912779-913279	ENSG00000169962	TAS1R3	chr1	912779	913279	1331279	+	418250	epithelial	method2_cicero	0.25054240226745605	2.6432323959030707e-30	6.894872534330053e-29
chr1:912779-913279	ENSG00000221978	CCNL2	chr1	912779	913279	1399334	-	486305	epithelial	method2_cicero	0.25525617599487305	2.0373164976869735e-31	5.6648001876860925e-30
chr1:912779-913279	ENSG00000224051	CPTP	chr1	912779	913279	1324755	+	411726	epithelial	method2_cicero	0.2796103358268738	1.5207216036096638e-37	5.840270844786907e-36
chr1:912779-913279	ENSG00000237330	RNF223	chr1	912779	913279	1074305	-	161276	epithelial	method2_cicero	0.26235872507095337	3.870264089546518e-33	1.1835960929870249e-31
chr1:916446-916946	ENSG00000186891	TNFRSF18	chr1	916446	916946	1206591	-	289895	epithelial	method2_cicero	0.25508156418800354	2.2423596229929963e-31	6.220162399692534e-30
chr1:916446-916946	ENSG00000187608	ISG15	chr1	916446	916946	1001137	+	84441	epithelial	method2_cicero	0.2521878778934479	1.0869884659228874e-30	2.8995450082467614e-29
chr1:916446-916946	ENSG00000188290	HES4	chr1	916446	916946	1000171	-	83475	epithelial	method2_cicero	0.2521878778934479	1.0869884659228874e-30	2.8995450082467614e-29
chr1:921002-921502	ENSG00000078808	SDF4	chr1	921002	921502	1232030	-	310778	epithelial	method2_cicero	0.3601337671279907	0.0	0.0
chr1:921002-921502	ENSG00000107404	DVL1	chr1	921002	921502	1349417	-	428165	epithelial	method2_cicero	0.3632506728172302	0.0	0.0
chr1:921002-921502	ENSG00000127054	INTS11	chr1	921002	921502	1324686	-	403434	epithelial	method2_cicero	0.33775079250335693	0.0	0.0
chr1:921002-921502	ENSG00000131584	ACAP3	chr1	921002	921502	1309608	-	388356	epithelial	method2_cicero	0.3636484146118164	0.0	0.0
chr1:921002-921502	ENSG00000131591	C1orf159	chr1	921002	921502	1116360	-	195108	epithelial	method2_cicero	0.41980642080307007	0.0	0.0
chr1:921002-921502	ENSG00000160087	UBE2J2	chr1	921002	921502	1273863	-	352611	epithelial	method2_cicero	0.391719251871109	0.0	0.0
chr1:921002-921502	ENSG00000169972	PUSL1	chr1	921002	921502	1308596	+	387344	epithelial	method2_cicero	0.3636484146118164	0.0	0.0
chr1:921002-921502	ENSG00000175756	AURKAIP1	chr1	921002	921502	1375206	-	453954	epithelial	method2_cicero	0.41543474793434143	0.0	0.0
chr1:921002-921502	ENSG00000176022	B3GALT6	chr1	921002	921502	1232236	+	310984	epithelial	method2_cicero	0.3601337671279907	0.0	0.0
chr1:921002-921502	ENSG00000186891	TNFRSF18	chr1	921002	921502	1206591	-	285339	epithelial	method2_cicero	0.2711884081363678	2.3602927853490815e-35	8.115376062496985e-34
chr1:921002-921502	ENSG00000187608	ISG15	chr1	921002	921502	1001137	+	79885	epithelial	method2_cicero	0.36090609431266785	0.0	0.0
chr1:921002-921502	ENSG00000187634	SAMD11	chr1	921002	921502	923922	+	2670	epithelial	method2_cicero	0.43944698572158813	0.0	0.0
chr1:921002-921502	ENSG00000187961	KLHL17	chr1	921002	921502	960583	+	39331	epithelial	method2_cicero	0.386564701795578	0.0	0.0
chr1:921002-921502	ENSG00000188157	AGRN	chr1	921002	921502	1020119	+	98867	epithelial	method2_cicero	0.38328197598457336	0.0	0.0
chr1:921002-921502	ENSG00000188290	HES4	chr1	921002	921502	1000171	-	78919	epithelial	method2_cicero	0.36090609431266785	0.0	0.0
chr1:921002-921502	ENSG00000188976	NOC2L	chr1	921002	921502	959308	-	38056	epithelial	method2_cicero	0.386564701795578	0.0	0.0
chr1:921002-921502	ENSG00000221978	CCNL2	chr1	921002	921502	1399334	-	478082	epithelial	method2_cicero	0.3811582624912262	0.0	0.0
chr1:921002-921502	ENSG00000224051	CPTP	chr1	921002	921502	1324755	+	403503	epithelial	method2_cicero	0.33775079250335693	0.0	0.0
chr1:921002-921502	ENSG00000235098	ANKRD65	chr1	921002	921502	1421768	-	500516	epithelial	method2_cicero	0.2595551311969757	1.877463136808482e-32	5.531206853387457e-31
chr1:921002-921502	ENSG00000242485	MRPL20	chr1	921002	921502	1407292	-	486040	epithelial	method2_cicero	0.39224690198898315	0.0	0.0
chr1:921699-922199	ENSG00000107404	DVL1	chr1	921699	922199	1349417	-	427468	epithelial	method2_cicero	0.2561798691749573	1.22521729166433e-31	3.449412752770454e-30
chr1:921699-922199	ENSG00000162576	MXRA8	chr1	921699	922199	1361776	-	439827	epithelial	method2_cicero	0.26438555121421814	1.2210153695578806e-33	3.836078289367507e-32
chr1:921699-922199	ENSG00000186827	TNFRSF4	chr1	921699	922199	1214152	-	292203	epithelial	method2_cicero	0.26924729347229004	7.362672706148786e-35	2.467465314460686e-33
chr1:921699-922199	ENSG00000186891	TNFRSF18	chr1	921699	922199	1206591	-	284642	epithelial	method2_cicero	0.25321218371391296	6.23115778577103e-31	1.6854177064462812e-29
chr1:921699-922199	ENSG00000187608	ISG15	chr1	921699	922199	1001137	+	79188	epithelial	method2_cicero	0.2524832487106323	9.26098554125841e-31	2.480175117025933e-29
chr1:921699-922199	ENSG00000187634	SAMD11	chr1	921699	922199	923922	+	1973	epithelial	method2_cicero	1.0	0.0	0.0
chr1:921699-922199	ENSG00000188290	HES4	chr1	921699	922199	1000171	-	78222	epithelial	method2_cicero	0.2524832487106323	9.26098554125841e-31	2.480175117025933e-29
chr1:922442-922942	ENSG00000107404	DVL1	chr1	922442	922942	1349417	-	426725	epithelial	method2_cicero	0.25298160314559937	7.064210413695951e-31	1.904803696603523e-29
chr1:922442-922942	ENSG00000187634	SAMD11	chr1	922442	922942	923922	+	1230	epithelial	method2_cicero	1.0	0.0	0.0
chr1:923054-923554	ENSG00000187634	SAMD11	chr1	923054	923554	923922	+	618	epithelial	method2_cicero	1.0	0.0	0.0
chr1:923600-924100	ENSG00000078808	SDF4	chr1	923600	924100	1232030	-	308180	epithelial	method2_cicero	0.4618316888809204	0.0	0.0
chr1:923600-924100	ENSG00000107404	DVL1	chr1	923600	924100	1349417	-	425567	epithelial	method2_cicero	0.49272724986076355	0.0	0.0
chr1:923600-924100	ENSG00000127054	INTS11	chr1	923600	924100	1324686	-	400836	epithelial	method2_cicero	0.4281407296657562	0.0	0.0
chr1:923600-924100	ENSG00000131584	ACAP3	chr1	923600	924100	1309608	-	385758	epithelial	method2_cicero	0.4329052269458771	0.0	0.0
chr1:923600-924100	ENSG00000131591	C1orf159	chr1	923600	924100	1116360	-	192510	epithelial	method2_cicero	0.4996379315853119	0.0	0.0
chr1:923600-924100	ENSG00000160087	UBE2J2	chr1	923600	924100	1273863	-	350013	epithelial	method2_cicero	0.45483946800231934	0.0	0.0
chr1:923600-924100	ENSG00000169972	PUSL1	chr1	923600	924100	1308596	+	384746	epithelial	method2_cicero	0.4329052269458771	0.0	0.0
chr1:923600-924100	ENSG00000175756	AURKAIP1	chr1	923600	924100	1375206	-	451356	epithelial	method2_cicero	0.5142259001731873	0.0	0.0
chr1:923600-924100	ENSG00000176022	B3GALT6	chr1	923600	924100	1232236	+	308386	epithelial	method2_cicero	0.4618316888809204	0.0	0.0
chr1:923600-924100	ENSG00000186891	TNFRSF18	chr1	923600	924100	1206591	-	282741	epithelial	method2_cicero	0.31049132347106934	0.0	0.0
chr1:923600-924100	ENSG00000187583	PLEKHN1	chr1	923600	924100	966481	+	42631	epithelial	method2_cicero	0.31005069613456726	0.0	0.0
chr1:923600-924100	ENSG00000187608	ISG15	chr1	923600	924100	1001137	+	77287	epithelial	method2_cicero	0.420890212059021	0.0	0.0
chr1:923600-924100	ENSG00000187634	SAMD11	chr1	923600	924100	923922	+	72	epithelial	method2_cicero	1.0	0.0	0.0
chr1:923600-924100	ENSG00000187961	KLHL17	chr1	923600	924100	960583	+	36733	epithelial	method2_cicero	0.4536992907524109	0.0	0.0
chr1:923600-924100	ENSG00000188157	AGRN	chr1	923600	924100	1020119	+	96269	epithelial	method2_cicero	0.4447924792766571	0.0	0.0
chr1:923600-924100	ENSG00000188290	HES4	chr1	923600	924100	1000171	-	76321	epithelial	method2_cicero	0.420890212059021	0.0	0.0
chr1:923600-924100	ENSG00000188976	NOC2L	chr1	923600	924100	959308	-	35458	epithelial	method2_cicero	0.4536992907524109	0.0	0.0
chr1:923600-924100	ENSG00000221978	CCNL2	chr1	923600	924100	1399334	-	475484	epithelial	method2_cicero	0.48174095153808594	0.0	0.0
chr1:923600-924100	ENSG00000224051	CPTP	chr1	923600	924100	1324755	+	400905	epithelial	method2_cicero	0.4281407296657562	0.0	0.0
chr1:923600-924100	ENSG00000235098	ANKRD65	chr1	923600	924100	1421768	-	497918	epithelial	method2_cicero	0.31401121616363525	0.0	0.0
chr1:923600-924100	ENSG00000242485	MRPL20	chr1	923600	924100	1407292	-	483442	epithelial	method2_cicero	0.4769543409347534	0.0	0.0
chr1:924745-925245	ENSG00000078808	SDF4	chr1	924745	925245	1232030	-	307035	epithelial	method2_cicero	0.2677731215953827	1.7359813071426335e-34	5.7049444482412504e-33
chr1:924745-925245	ENSG00000107404	DVL1	chr1	924745	925245	1349417	-	424422	epithelial	method2_cicero	0.3450644612312317	0.0	0.0
chr1:924745-925245	ENSG00000127054	INTS11	chr1	924745	925245	1324686	-	399691	epithelial	method2_cicero	0.29891908168792725	7.300764999132297e-43	3.602317962239807e-41
chr1:924745-925245	ENSG00000131584	ACAP3	chr1	924745	925245	1309608	-	384613	epithelial	method2_cicero	0.30640682578086853	4.203895392974451e-45	2.284116496849452e-43
chr1:924745-925245	ENSG00000131591	C1orf159	chr1	924745	925245	1116360	-	191365	epithelial	method2_cicero	0.2882428765296936	7.172602241585149e-40	3.0830452362878957e-38
chr1:924745-925245	ENSG00000160087	UBE2J2	chr1	924745	925245	1273863	-	348868	epithelial	method2_cicero	0.29981544613838196	4.035739577255473e-43	2.0143665424669245e-41
chr1:924745-925245	ENSG00000169972	PUSL1	chr1	924745	925245	1308596	+	383601	epithelial	method2_cicero	0.30640682578086853	4.203895392974451e-45	2.284116496849452e-43
chr1:924745-925245	ENSG00000175756	AURKAIP1	chr1	924745	925245	1375206	-	450211	epithelial	method2_cicero	0.30171653628349304	1.14906474074635e-43	5.875644460913958e-42
chr1:924745-925245	ENSG00000176022	B3GALT6	chr1	924745	925245	1232236	+	307241	epithelial	method2_cicero	0.2677731215953827	1.7359813071426335e-34	5.7049444482412504e-33
chr1:924745-925245	ENSG00000186891	TNFRSF18	chr1	924745	925245	1206591	-	281596	epithelial	method2_cicero	0.2964920997619629	3.5901266656001813e-42	1.7164645019361117e-40
chr1:924745-925245	ENSG00000187608	ISG15	chr1	924745	925245	1001137	+	76142	epithelial	method2_cicero	0.32788142561912537	0.0	0.0
chr1:924745-925245	ENSG00000187634	SAMD11	chr1	924745	925245	923922	+	1073	epithelial	method2_cicero	1.0	0.0	0.0
chr1:924745-925245	ENSG00000187961	KLHL17	chr1	924745	925245	960583	+	35588	epithelial	method2_cicero	0.2603377401828766	1.2105038786676369e-32	3.603500266838388e-31
chr1:924745-925245	ENSG00000188157	AGRN	chr1	924745	925245	1020119	+	95124	epithelial	method2_cicero	0.29000768065452576	2.343755759491116e-40	1.0307404997172268e-38
chr1:924745-925245	ENSG00000188290	HES4	chr1	924745	925245	1000171	-	75176	epithelial	method2_cicero	0.32788142561912537	0.0	0.0
chr1:924745-925245	ENSG00000188976	NOC2L	chr1	924745	925245	959308	-	34313	epithelial	method2_cicero	0.2603377401828766	1.2105038786676369e-32	3.603500266838388e-31
chr1:924745-925245	ENSG00000221978	CCNL2	chr1	924745	925245	1399334	-	474339	epithelial	method2_cicero	0.29328081011772156	2.882611070962581e-41	1.3224740244080818e-39
chr1:924745-925245	ENSG00000224051	CPTP	chr1	924745	925245	1324755	+	399760	epithelial	method2_cicero	0.29891908168792725	7.300764999132297e-43	3.602317962239807e-41
chr1:924745-925245	ENSG00000235098	ANKRD65	chr1	924745	925245	1421768	-	496773	epithelial	method2_cicero	0.26905524730682373	8.235585742314171e-35	2.7530957480311167e-33
chr1:924745-925245	ENSG00000242485	MRPL20	chr1	924745	925245	1407292	-	482297	epithelial	method2_cicero	0.2984001338481903	1.0285530728144157e-42	5.041311355254962e-41
chr1:925445-925945	ENSG00000078808	SDF4	chr1	925445	925945	1232030	-	306335	epithelial	method2_cicero	0.3247300088405609	0.0	0.0
chr1:925445-925945	ENSG00000107404	DVL1	chr1	925445	925945	1349417	-	423722	epithelial	method2_cicero	0.3583434522151947	0.0	0.0
chr1:925445-925945	ENSG00000127054	INTS11	chr1	925445	925945	1324686	-	398991	epithelial	method2_cicero	0.2819581627845764	3.6097100918988135e-38	1.4292303560376125e-36
chr1:925445-925945	ENSG00000131584	ACAP3	chr1	925445	925945	1309608	-	383913	epithelial	method2_cicero	0.31389743089675903	0.0	0.0
chr1:925445-925945	ENSG00000131591	C1orf159	chr1	925445	925945	1116360	-	190665	epithelial	method2_cicero	0.28541699051856995	4.229476096440701e-39	1.7520980645334889e-37
chr1:925445-925945	ENSG00000160087	UBE2J2	chr1	925445	925945	1273863	-	348168	epithelial	method2_cicero	0.3201002776622772	0.0	0.0
chr1:925445-925945	ENSG00000162576	MXRA8	chr1	925445	925945	1361776	-	436081	epithelial	method2_cicero	0.32363706827163696	0.0	0.0
chr1:925445-925945	ENSG00000169972	PUSL1	chr1	925445	925945	1308596	+	382901	epithelial	method2_cicero	0.31389743089675903	0.0	0.0
chr1:925445-925945	ENSG00000175756	AURKAIP1	chr1	925445	925945	1375206	-	449511	epithelial	method2_cicero	0.2980692386627197	1.2779841994642332e-42	6.236899205016896e-41
chr1:925445-925945	ENSG00000176022	B3GALT6	chr1	925445	925945	1232236	+	306541	epithelial	method2_cicero	0.3247300088405609	0.0	0.0
chr1:925445-925945	ENSG00000186827	TNFRSF4	chr1	925445	925945	1214152	-	288457	epithelial	method2_cicero	0.34451887011528015	0.0	0.0
chr1:925445-925945	ENSG00000186891	TNFRSF18	chr1	925445	925945	1206591	-	280896	epithelial	method2_cicero	0.2887743413448334	5.125781626684462e-40	2.2185765065043622e-38
chr1:925445-925945	ENSG00000187608	ISG15	chr1	925445	925945	1001137	+	75442	epithelial	method2_cicero	0.31362488865852356	0.0	0.0
chr1:925445-925945	ENSG00000187634	SAMD11	chr1	925445	925945	923922	+	1773	epithelial	method2_cicero	1.0	0.0	0.0
chr1:925445-925945	ENSG00000187961	KLHL17	chr1	925445	925945	960583	+	34888	epithelial	method2_cicero	0.32409432530403137	0.0	0.0
chr1:925445-925945	ENSG00000188157	AGRN	chr1	925445	925945	1020119	+	94424	epithelial	method2_cicero	0.26445791125297546	1.17152806757872e-33	3.6842244026452315e-32
chr1:925445-925945	ENSG00000188290	HES4	chr1	925445	925945	1000171	-	74476	epithelial	method2_cicero	0.31362488865852356	0.0	0.0
chr1:925445-925945	ENSG00000188976	NOC2L	chr1	925445	925945	959308	-	33613	epithelial	method2_cicero	0.32409432530403137	0.0	0.0
chr1:925445-925945	ENSG00000221978	CCNL2	chr1	925445	925945	1399334	-	473639	epithelial	method2_cicero	0.30271264910697937	5.885453550164232e-44	3.047824159906477e-42
chr1:925445-925945	ENSG00000224051	CPTP	chr1	925445	925945	1324755	+	399060	epithelial	method2_cicero	0.2819581627845764	3.6097100918988135e-38	1.4292303560376125e-36
chr1:925445-925945	ENSG00000235098	ANKRD65	chr1	925445	925945	1421768	-	496073	epithelial	method2_cicero	0.28800448775291443	8.337305473193364e-40	3.572596702071171e-38
chr1:925445-925945	ENSG00000242485	MRPL20	chr1	925445	925945	1407292	-	481597	epithelial	method2_cicero	0.2700945734977722	4.486183502360804e-35	1.5203882504443853e-33
chr1:925963-926463	ENSG00000078808	SDF4	chr1	925963	926463	1232030	-	305817	epithelial	method2_cicero	0.27994099259376526	1.2429444511040983e-37	4.7943714458046334e-36
chr1:925963-926463	ENSG00000107404	DVL1	chr1	925963	926463	1349417	-	423204	epithelial	method2_cicero	0.31118065118789673	0.0	0.0
chr1:925963-926463	ENSG00000127054	INTS11	chr1	925963	926463	1324686	-	398473	epithelial	method2_cicero	0.2631608843803406	2.454569774090181e-33	7.587702599353012e-32
chr1:925963-926463	ENSG00000131584	ACAP3	chr1	925963	926463	1309608	-	383395	epithelial	method2_cicero	0.26343825459480286	2.096201954142775e-33	6.503642901115085e-32
chr1:925963-926463	ENSG00000160087	UBE2J2	chr1	925963	926463	1273863	-	347650	epithelial	method2_cicero	0.26208925247192383	4.5084252789285524e-33	1.3737290128483476e-31
chr1:925963-926463	ENSG00000169972	PUSL1	chr1	925963	926463	1308596	+	382383	epithelial	method2_cicero	0.26343825459480286	2.096201954142775e-33	6.503642901115085e-32
chr1:925963-926463	ENSG00000176022	B3GALT6	chr1	925963	926463	1232236	+	306023	epithelial	method2_cicero	0.27994099259376526	1.2429444511040983e-37	4.7943714458046334e-36
chr1:925963-926463	ENSG00000186827	TNFRSF4	chr1	925963	926463	1214152	-	287939	epithelial	method2_cicero	0.2745135426521301	3.2897408291465466e-36	1.181846726885906e-34
chr1:925963-926463	ENSG00000187608	ISG15	chr1	925963	926463	1001137	+	74924	epithelial	method2_cicero	0.28700748085975647	1.5619180969026563e-39	6.606478222517309e-38
chr1:925963-926463	ENSG00000187634	SAMD11	chr1	925963	926463	923922	+	2291	epithelial	method2_cicero	0.3781064748764038	0.0	0.0
chr1:925963-926463	ENSG00000188290	HES4	chr1	925963	926463	1000171	-	73958	epithelial	method2_cicero	0.28700748085975647	1.5619180969026563e-39	6.606478222517309e-38
chr1:925963-926463	ENSG00000224051	CPTP	chr1	925963	926463	1324755	+	398542	epithelial	method2_cicero	0.2631608843803406	2.454569774090181e-33	7.587702599353012e-32
chr1:926723-927223	ENSG00000187608	ISG15	chr1	926723	927223	1001137	+	74164	epithelial	method2_cicero	0.2649705111980438	8.73595993791438e-34	2.766061634391679e-32
chr1:926723-927223	ENSG00000188290	HES4	chr1	926723	927223	1000171	-	73198	epithelial	method2_cicero	0.2649705111980438	8.73595993791438e-34	2.766061634391679e-32
chr1:927266-927766	ENSG00000187608	ISG15	chr1	927266	927766	1001137	+	73621	epithelial	method2_cicero	0.263281911611557	2.291277813055626e-33	7.094364664980984e-32
chr1:927266-927766	ENSG00000188290	HES4	chr1	927266	927766	1000171	-	72655	epithelial	method2_cicero	0.263281911611557	2.291277813055626e-33	7.094364664980984e-32
chr1:935705-936205	ENSG00000107404	DVL1	chr1	935705	936205	1349417	-	413462	epithelial	method2_cicero	0.2693198621273041	7.057249082885793e-35	2.3673622359255756e-33
chr1:935705-936205	ENSG00000131584	ACAP3	chr1	935705	936205	1309608	-	373653	epithelial	method2_cicero	0.26080456376075745	9.310216478939915e-33	2.788800162015115e-31
chr1:935705-936205	ENSG00000169972	PUSL1	chr1	935705	936205	1308596	+	372641	epithelial	method2_cicero	0.26080456376075745	9.310216478939915e-33	2.788800162015115e-31
chr1:935705-936205	ENSG00000175756	AURKAIP1	chr1	935705	936205	1375206	-	439251	epithelial	method2_cicero	0.2710784673690796	2.517997291126392e-35	8.645332996885828e-34
chr1:935705-936205	ENSG00000179403	VWA1	chr1	935705	936205	1434860	+	498905	epithelial	method2_cicero	0.2876138687133789	1.0665296624960826e-39	4.5463889927176227e-38
chr1:935705-936205	ENSG00000187608	ISG15	chr1	935705	936205	1001137	+	65182	epithelial	method2_cicero	0.2970086932182312	2.5615735927857656e-42	1.2329604798054768e-40
chr1:935705-936205	ENSG00000188290	HES4	chr1	935705	936205	1000171	-	64216	epithelial	method2_cicero	0.2970086932182312	2.5615735927857656e-42	1.2329604798054768e-40
chr1:935705-936205	ENSG00000221978	CCNL2	chr1	935705	936205	1399334	-	463379	epithelial	method2_cicero	0.29665496945381165	3.2285916618043785e-42	1.5468233098449493e-40
chr1:935705-936205	ENSG00000237330	RNF223	chr1	935705	936205	1074305	-	138350	epithelial	method2_cicero	0.2550903856754303	2.2315269723524286e-31	6.1908472632948915e-30
chr1:936832-937332	ENSG00000131584	ACAP3	chr1	936832	937332	1309608	-	372526	epithelial	method2_cicero	0.273445188999176	6.214884694038476e-36	2.201315898772502e-34
chr1:936832-937332	ENSG00000169972	PUSL1	chr1	936832	937332	1308596	+	371514	epithelial	method2_cicero	0.273445188999176	6.214884694038476e-36	2.201315898772502e-34
chr1:938020-938520	ENSG00000078808	SDF4	chr1	938020	938520	1232030	-	293760	epithelial	method2_cicero	0.3523784279823303	0.0	0.0
chr1:938020-938520	ENSG00000107404	DVL1	chr1	938020	938520	1349417	-	411147	epithelial	method2_cicero	0.3530060350894928	0.0	0.0
chr1:938020-938520	ENSG00000127054	INTS11	chr1	938020	938520	1324686	-	386416	epithelial	method2_cicero	0.33499714732170105	0.0	0.0
chr1:938020-938520	ENSG00000131584	ACAP3	chr1	938020	938520	1309608	-	371338	epithelial	method2_cicero	0.32070618867874146	0.0	0.0
chr1:938020-938520	ENSG00000131591	C1orf159	chr1	938020	938520	1116360	-	178090	epithelial	method2_cicero	0.34905749559402466	0.0	0.0
chr1:938020-938520	ENSG00000160087	UBE2J2	chr1	938020	938520	1273863	-	335593	epithelial	method2_cicero	0.3214435279369354	0.0	0.0
chr1:938020-938520	ENSG00000169972	PUSL1	chr1	938020	938520	1308596	+	370326	epithelial	method2_cicero	0.32070618867874146	0.0	0.0
chr1:938020-938520	ENSG00000175756	AURKAIP1	chr1	938020	938520	1375206	-	436936	epithelial	method2_cicero	0.3182141184806824	0.0	0.0
chr1:938020-938520	ENSG00000176022	B3GALT6	chr1	938020	938520	1232236	+	293966	epithelial	method2_cicero	0.3523784279823303	0.0	0.0
chr1:938020-938520	ENSG00000179403	VWA1	chr1	938020	938520	1434860	+	496590	epithelial	method2_cicero	0.36026421189308167	0.0	0.0
chr1:938020-938520	ENSG00000186891	TNFRSF18	chr1	938020	938520	1206591	-	268321	epithelial	method2_cicero	0.27539318799972534	1.9442681226121925e-36	7.064952933069747e-35
chr1:938020-938520	ENSG00000187608	ISG15	chr1	938020	938520	1001137	+	62867	epithelial	method2_cicero	0.28542739152908325	4.202100329641651e-39	1.7410100942527338e-37
chr1:938020-938520	ENSG00000187961	KLHL17	chr1	938020	938520	960583	+	22313	epithelial	method2_cicero	0.2911616265773773	1.1230846672177679e-40	5.013851510548053e-39
chr1:938020-938520	ENSG00000188157	AGRN	chr1	938020	938520	1020119	+	81849	epithelial	method2_cicero	0.30760955810546875	2.802596928649634e-45	1.5274153261140506e-43
chr1:938020-938520	ENSG00000188290	HES4	chr1	938020	938520	1000171	-	61901	epithelial	method2_cicero	0.28542739152908325	4.202100329641651e-39	1.7410100942527338e-37
chr1:938020-938520	ENSG00000188976	NOC2L	chr1	938020	938520	959308	-	21038	epithelial	method2_cicero	0.2911616265773773	1.1230846672177679e-40	5.013851510548053e-39
chr1:938020-938520	ENSG00000221978	CCNL2	chr1	938020	938520	1399334	-	461064	epithelial	method2_cicero	0.31172606348991394	0.0	0.0
chr1:938020-938520	ENSG00000224051	CPTP	chr1	938020	938520	1324755	+	386485	epithelial	method2_cicero	0.33499714732170105	0.0	0.0
chr1:938020-938520	ENSG00000235098	ANKRD65	chr1	938020	938520	1421768	-	483498	epithelial	method2_cicero	0.27663302421569824	9.23422594925521e-37	3.410248012923395e-35
chr1:938020-938520	ENSG00000237330	RNF223	chr1	938020	938520	1074305	-	136035	epithelial	method2_cicero	0.25618478655815125	1.2218968727715622e-31	3.440281888811459e-30
chr1:938020-938520	ENSG00000242485	MRPL20	chr1	938020	938520	1407292	-	469022	epithelial	method2_cicero	0.30064812302589417	2.3261554507791963e-43	1.1734473340256018e-41
chr1:938644-939144	ENSG00000107404	DVL1	chr1	938644	939144	1349417	-	410523	epithelial	method2_cicero	0.2552376091480255	2.0582003303236823e-31	5.721448106808151e-30
chr1:938644-939144	ENSG00000131591	C1orf159	chr1	938644	939144	1116360	-	177466	epithelial	method2_cicero	0.31717488169670105	0.0	0.0
chr1:938644-939144	ENSG00000179403	VWA1	chr1	938644	939144	1434860	+	495966	epithelial	method2_cicero	0.2630806565284729	2.5691255556686515e-33	7.933358476453831e-32
chr1:940079-940579	ENSG00000078808	SDF4	chr1	940079	940579	1232030	-	291701	epithelial	method2_cicero	0.38646671175956726	0.0	0.0
chr1:940079-940579	ENSG00000107404	DVL1	chr1	940079	940579	1349417	-	409088	epithelial	method2_cicero	0.49443089962005615	0.0	0.0
chr1:940079-940579	ENSG00000127054	INTS11	chr1	940079	940579	1324686	-	384357	epithelial	method2_cicero	0.34649959206581116	0.0	0.0
chr1:940079-940579	ENSG00000131584	ACAP3	chr1	940079	940579	1309608	-	369279	epithelial	method2_cicero	0.41666170954704285	0.0	0.0
chr1:940079-940579	ENSG00000131591	C1orf159	chr1	940079	940579	1116360	-	176031	epithelial	method2_cicero	0.3685304820537567	0.0	0.0
chr1:940079-940579	ENSG00000160087	UBE2J2	chr1	940079	940579	1273863	-	333534	epithelial	method2_cicero	0.44397640228271484	0.0	0.0
chr1:940079-940579	ENSG00000162576	MXRA8	chr1	940079	940579	1361776	-	421447	epithelial	method2_cicero	0.5166719555854797	0.0	0.0
chr1:940079-940579	ENSG00000169962	TAS1R3	chr1	940079	940579	1331279	+	390950	epithelial	method2_cicero	0.3058830499649048	7.006492321624085e-45	3.769492869033758e-43
chr1:940079-940579	ENSG00000169972	PUSL1	chr1	940079	940579	1308596	+	368267	epithelial	method2_cicero	0.41666170954704285	0.0	0.0
chr1:940079-940579	ENSG00000175756	AURKAIP1	chr1	940079	940579	1375206	-	434877	epithelial	method2_cicero	0.4387909471988678	0.0	0.0
chr1:940079-940579	ENSG00000176022	B3GALT6	chr1	940079	940579	1232236	+	291907	epithelial	method2_cicero	0.38646671175956726	0.0	0.0
chr1:940079-940579	ENSG00000179403	VWA1	chr1	940079	940579	1434860	+	494531	epithelial	method2_cicero	0.32274407148361206	0.0	0.0
chr1:940079-940579	ENSG00000186827	TNFRSF4	chr1	940079	940579	1214152	-	273823	epithelial	method2_cicero	0.48598936200141907	0.0	0.0
chr1:940079-940579	ENSG00000186891	TNFRSF18	chr1	940079	940579	1206591	-	266262	epithelial	method2_cicero	0.4533923864364624	0.0	0.0
chr1:940079-940579	ENSG00000187583	PLEKHN1	chr1	940079	940579	966481	+	26152	epithelial	method2_cicero	0.3457021713256836	0.0	0.0
chr1:940079-940579	ENSG00000187608	ISG15	chr1	940079	940579	1001137	+	60808	epithelial	method2_cicero	0.38905069231987	0.0	0.0
chr1:940079-940579	ENSG00000187634	SAMD11	chr1	940079	940579	923922	+	16407	epithelial	method2_cicero	0.3837786912918091	0.0	0.0
chr1:940079-940579	ENSG00000187961	KLHL17	chr1	940079	940579	960583	+	20254	epithelial	method2_cicero	0.38817089796066284	0.0	0.0
chr1:940079-940579	ENSG00000188157	AGRN	chr1	940079	940579	1020119	+	79790	epithelial	method2_cicero	0.30364611744880676	3.0828566215145976e-44	1.615697129366514e-42
chr1:940079-940579	ENSG00000188290	HES4	chr1	940079	940579	1000171	-	59842	epithelial	method2_cicero	0.38905069231987	0.0	0.0
chr1:940079-940579	ENSG00000188976	NOC2L	chr1	940079	940579	959308	-	18979	epithelial	method2_cicero	0.38817089796066284	0.0	0.0
chr1:940079-940579	ENSG00000205116	TMEM88B	chr1	940079	940579	1425870	+	485541	epithelial	method2_cicero	0.3188599944114685	0.0	0.0
chr1:940079-940579	ENSG00000221978	CCNL2	chr1	940079	940579	1399334	-	459005	epithelial	method2_cicero	0.4054813086986542	0.0	0.0
chr1:940079-940579	ENSG00000224051	CPTP	chr1	940079	940579	1324755	+	384426	epithelial	method2_cicero	0.34649959206581116	0.0	0.0
chr1:940079-940579	ENSG00000235098	ANKRD65	chr1	940079	940579	1421768	-	481439	epithelial	method2_cicero	0.3940278887748718	0.0	0.0
chr1:940079-940579	ENSG00000242485	MRPL20	chr1	940079	940579	1407292	-	466963	epithelial	method2_cicero	0.3889073133468628	0.0	0.0
chr1:941017-941517	ENSG00000078808	SDF4	chr1	941017	941517	1232030	-	290763	epithelial	method2_cicero	0.3487667143344879	0.0	0.0
chr1:941017-941517	ENSG00000107404	DVL1	chr1	941017	941517	1349417	-	408150	epithelial	method2_cicero	0.41324156522750854	0.0	0.0
chr1:941017-941517	ENSG00000127054	INTS11	chr1	941017	941517	1324686	-	383419	epithelial	method2_cicero	0.32217293977737427	0.0	0.0
chr1:941017-941517	ENSG00000131584	ACAP3	chr1	941017	941517	1309608	-	368341	epithelial	method2_cicero	0.37568172812461853	0.0	0.0
chr1:941017-941517	ENSG00000131591	C1orf159	chr1	941017	941517	1116360	-	175093	epithelial	method2_cicero	0.3484383225440979	0.0	0.0
chr1:941017-941517	ENSG00000160087	UBE2J2	chr1	941017	941517	1273863	-	332596	epithelial	method2_cicero	0.34076228737831116	0.0	0.0
chr1:941017-941517	ENSG00000162576	MXRA8	chr1	941017	941517	1361776	-	420509	epithelial	method2_cicero	0.35269784927368164	0.0	0.0
chr1:941017-941517	ENSG00000169972	PUSL1	chr1	941017	941517	1308596	+	367329	epithelial	method2_cicero	0.37568172812461853	0.0	0.0
chr1:941017-941517	ENSG00000175756	AURKAIP1	chr1	941017	941517	1375206	-	433939	epithelial	method2_cicero	0.33357110619544983	0.0	0.0
chr1:941017-941517	ENSG00000176022	B3GALT6	chr1	941017	941517	1232236	+	290969	epithelial	method2_cicero	0.3487667143344879	0.0	0.0
chr1:941017-941517	ENSG00000179403	VWA1	chr1	941017	941517	1434860	+	493593	epithelial	method2_cicero	0.30517566204071045	1.1210387714598537e-44	5.983544442666969e-43
chr1:941017-941517	ENSG00000186827	TNFRSF4	chr1	941017	941517	1214152	-	272885	epithelial	method2_cicero	0.33846515417099	0.0	0.0
chr1:941017-941517	ENSG00000186891	TNFRSF18	chr1	941017	941517	1206591	-	265324	epithelial	method2_cicero	0.34273943305015564	0.0	0.0
chr1:941017-941517	ENSG00000187583	PLEKHN1	chr1	941017	941517	966481	+	25214	epithelial	method2_cicero	0.28278401494026184	2.1693900896274826e-38	8.682769040953764e-37
chr1:941017-941517	ENSG00000187608	ISG15	chr1	941017	941517	1001137	+	59870	epithelial	method2_cicero	0.37255892157554626	0.0	0.0
chr1:941017-941517	ENSG00000187634	SAMD11	chr1	941017	941517	923922	+	17345	epithelial	method2_cicero	0.30305570363998413	4.624284932271896e-44	2.406029463245711e-42
chr1:941017-941517	ENSG00000187961	KLHL17	chr1	941017	941517	960583	+	19316	epithelial	method2_cicero	0.3521856367588043	0.0	0.0
chr1:941017-941517	ENSG00000188157	AGRN	chr1	941017	941517	1020119	+	78852	epithelial	method2_cicero	0.30433541536331177	1.961817850054744e-44	1.0369608636003646e-42
chr1:941017-941517	ENSG00000188290	HES4	chr1	941017	941517	1000171	-	58904	epithelial	method2_cicero	0.37255892157554626	0.0	0.0
chr1:941017-941517	ENSG00000188976	NOC2L	chr1	941017	941517	959308	-	18041	epithelial	method2_cicero	0.3521856367588043	0.0	0.0
chr1:941017-941517	ENSG00000221978	CCNL2	chr1	941017	941517	1399334	-	458067	epithelial	method2_cicero	0.3664046823978424	0.0	0.0
chr1:941017-941517	ENSG00000224051	CPTP	chr1	941017	941517	1324755	+	383488	epithelial	method2_cicero	0.32217293977737427	0.0	0.0
chr1:941017-941517	ENSG00000235098	ANKRD65	chr1	941017	941517	1421768	-	480501	epithelial	method2_cicero	0.3015013039112091	1.317220556465328e-43	6.717824837973173e-42
chr1:941017-941517	ENSG00000242485	MRPL20	chr1	941017	941517	1407292	-	466025	epithelial	method2_cicero	0.35811877250671387	0.0	0.0
chr1:941558-942058	ENSG00000078808	SDF4	chr1	941558	942058	1232030	-	290222	epithelial	method2_cicero	0.3886321485042572	0.0	0.0
chr1:941558-942058	ENSG00000107404	DVL1	chr1	941558	942058	1349417	-	407609	epithelial	method2_cicero	0.4666641056537628	0.0	0.0
chr1:941558-942058	ENSG00000127054	INTS11	chr1	941558	942058	1324686	-	382878	epithelial	method2_cicero	0.3629958927631378	0.0	0.0
chr1:941558-942058	ENSG00000131584	ACAP3	chr1	941558	942058	1309608	-	367800	epithelial	method2_cicero	0.44181960821151733	0.0	0.0
chr1:941558-942058	ENSG00000131591	C1orf159	chr1	941558	942058	1116360	-	174552	epithelial	method2_cicero	0.37173232436180115	0.0	0.0
chr1:941558-942058	ENSG00000160087	UBE2J2	chr1	941558	942058	1273863	-	332055	epithelial	method2_cicero	0.42349570989608765	0.0	0.0
chr1:941558-942058	ENSG00000162576	MXRA8	chr1	941558	942058	1361776	-	419968	epithelial	method2_cicero	0.43856921792030334	0.0	0.0
chr1:941558-942058	ENSG00000169962	TAS1R3	chr1	941558	942058	1331279	+	389471	epithelial	method2_cicero	0.3014637529850006	1.3592595103950726e-43	6.928019607621896e-42
chr1:941558-942058	ENSG00000169972	PUSL1	chr1	941558	942058	1308596	+	366788	epithelial	method2_cicero	0.44181960821151733	0.0	0.0
chr1:941558-942058	ENSG00000175756	AURKAIP1	chr1	941558	942058	1375206	-	433398	epithelial	method2_cicero	0.431415855884552	0.0	0.0
chr1:941558-942058	ENSG00000176022	B3GALT6	chr1	941558	942058	1232236	+	290428	epithelial	method2_cicero	0.3886321485042572	0.0	0.0
chr1:941558-942058	ENSG00000179403	VWA1	chr1	941558	942058	1434860	+	493052	epithelial	method2_cicero	0.3484693467617035	0.0	0.0
chr1:941558-942058	ENSG00000186827	TNFRSF4	chr1	941558	942058	1214152	-	272344	epithelial	method2_cicero	0.3903322219848633	0.0	0.0
chr1:941558-942058	ENSG00000186891	TNFRSF18	chr1	941558	942058	1206591	-	264783	epithelial	method2_cicero	0.4377148449420929	0.0	0.0
chr1:941558-942058	ENSG00000187583	PLEKHN1	chr1	941558	942058	966481	+	24673	epithelial	method2_cicero	0.33448851108551025	0.0	0.0
chr1:941558-942058	ENSG00000187608	ISG15	chr1	941558	942058	1001137	+	59329	epithelial	method2_cicero	0.38942548632621765	0.0	0.0
chr1:941558-942058	ENSG00000187634	SAMD11	chr1	941558	942058	923922	+	17886	epithelial	method2_cicero	0.36444175243377686	0.0	0.0
chr1:941558-942058	ENSG00000187961	KLHL17	chr1	941558	942058	960583	+	18775	epithelial	method2_cicero	0.40831300616264343	0.0	0.0
chr1:941558-942058	ENSG00000188157	AGRN	chr1	941558	942058	1020119	+	78311	epithelial	method2_cicero	0.33280137181282043	0.0	0.0
chr1:941558-942058	ENSG00000188290	HES4	chr1	941558	942058	1000171	-	58363	epithelial	method2_cicero	0.38942548632621765	0.0	0.0
chr1:941558-942058	ENSG00000188976	NOC2L	chr1	941558	942058	959308	-	17500	epithelial	method2_cicero	0.40831300616264343	0.0	0.0
chr1:941558-942058	ENSG00000205116	TMEM88B	chr1	941558	942058	1425870	+	484062	epithelial	method2_cicero	0.2645035684108734	1.1413342094809034e-33	3.5914502742481087e-32
chr1:941558-942058	ENSG00000221978	CCNL2	chr1	941558	942058	1399334	-	457526	epithelial	method2_cicero	0.39986172318458557	0.0	0.0
chr1:941558-942058	ENSG00000224051	CPTP	chr1	941558	942058	1324755	+	382947	epithelial	method2_cicero	0.3629958927631378	0.0	0.0
chr1:941558-942058	ENSG00000235098	ANKRD65	chr1	941558	942058	1421768	-	479960	epithelial	method2_cicero	0.37506604194641113	0.0	0.0
chr1:941558-942058	ENSG00000242485	MRPL20	chr1	941558	942058	1407292	-	465484	epithelial	method2_cicero	0.421229749917984	0.0	0.0
chr1:942344-942844	ENSG00000078808	SDF4	chr1	942344	942844	1232030	-	289436	epithelial	method2_cicero	0.3113943040370941	0.0	0.0
chr1:942344-942844	ENSG00000107404	DVL1	chr1	942344	942844	1349417	-	406823	epithelial	method2_cicero	0.3790949285030365	0.0	0.0
chr1:942344-942844	ENSG00000127054	INTS11	chr1	942344	942844	1324686	-	382092	epithelial	method2_cicero	0.3107193112373352	0.0	0.0
chr1:942344-942844	ENSG00000131584	ACAP3	chr1	942344	942844	1309608	-	367014	epithelial	method2_cicero	0.3293112814426422	0.0	0.0
chr1:942344-942844	ENSG00000131591	C1orf159	chr1	942344	942844	1116360	-	173766	epithelial	method2_cicero	0.31051450967788696	0.0	0.0
chr1:942344-942844	ENSG00000160087	UBE2J2	chr1	942344	942844	1273863	-	331269	epithelial	method2_cicero	0.3424695134162903	0.0	0.0
chr1:942344-942844	ENSG00000162576	MXRA8	chr1	942344	942844	1361776	-	419182	epithelial	method2_cicero	0.284336119890213	8.292780615787907e-39	3.3869951128349187e-37
chr1:942344-942844	ENSG00000169962	TAS1R3	chr1	942344	942844	1331279	+	388685	epithelial	method2_cicero	0.2869024872779846	1.6684041685051634e-39	7.04739454223957e-38
chr1:942344-942844	ENSG00000169972	PUSL1	chr1	942344	942844	1308596	+	366002	epithelial	method2_cicero	0.3293112814426422	0.0	0.0
chr1:942344-942844	ENSG00000175756	AURKAIP1	chr1	942344	942844	1375206	-	432612	epithelial	method2_cicero	0.3475707173347473	0.0	0.0
chr1:942344-942844	ENSG00000176022	B3GALT6	chr1	942344	942844	1232236	+	289642	epithelial	method2_cicero	0.3113943040370941	0.0	0.0
chr1:942344-942844	ENSG00000179403	VWA1	chr1	942344	942844	1434860	+	492266	epithelial	method2_cicero	0.3162696957588196	0.0	0.0
chr1:942344-942844	ENSG00000186827	TNFRSF4	chr1	942344	942844	1214152	-	271558	epithelial	method2_cicero	0.3122093975543976	0.0	0.0
chr1:942344-942844	ENSG00000186891	TNFRSF18	chr1	942344	942844	1206591	-	263997	epithelial	method2_cicero	0.34401124715805054	0.0	0.0
chr1:942344-942844	ENSG00000187583	PLEKHN1	chr1	942344	942844	966481	+	23887	epithelial	method2_cicero	0.28430482745170593	8.4555820700747e-39	3.4520516832357855e-37
chr1:942344-942844	ENSG00000187608	ISG15	chr1	942344	942844	1001137	+	58543	epithelial	method2_cicero	0.3702451288700104	0.0	0.0
chr1:942344-942844	ENSG00000187634	SAMD11	chr1	942344	942844	923922	+	18672	epithelial	method2_cicero	0.35838496685028076	0.0	0.0
chr1:942344-942844	ENSG00000187961	KLHL17	chr1	942344	942844	960583	+	17989	epithelial	method2_cicero	0.279540091753006	1.5872392238413743e-37	6.090105366028246e-36
chr1:942344-942844	ENSG00000188157	AGRN	chr1	942344	942844	1020119	+	77525	epithelial	method2_cicero	0.29119643568992615	1.0983797752917214e-40	4.9057034989668564e-39
chr1:942344-942844	ENSG00000188290	HES4	chr1	942344	942844	1000171	-	57577	epithelial	method2_cicero	0.3702451288700104	0.0	0.0
chr1:942344-942844	ENSG00000188976	NOC2L	chr1	942344	942844	959308	-	16714	epithelial	method2_cicero	0.279540091753006	1.5872392238413743e-37	6.090105366028246e-36
chr1:942344-942844	ENSG00000205116	TMEM88B	chr1	942344	942844	1425870	+	483276	epithelial	method2_cicero	0.28457126021385193	7.164649872800106e-39	2.9353406990324755e-37
chr1:942344-942844	ENSG00000221978	CCNL2	chr1	942344	942844	1399334	-	456740	epithelial	method2_cicero	0.3001102805137634	3.3210773604498165e-43	1.6637616666928553e-41
chr1:942344-942844	ENSG00000224051	CPTP	chr1	942344	942844	1324755	+	382161	epithelial	method2_cicero	0.3107193112373352	0.0	0.0
chr1:942344-942844	ENSG00000235098	ANKRD65	chr1	942344	942844	1421768	-	479174	epithelial	method2_cicero	0.34322497248649597	0.0	0.0
chr1:942344-942844	ENSG00000242485	MRPL20	chr1	942344	942844	1407292	-	464698	epithelial	method2_cicero	0.3524529039859772	0.0	0.0
chr1:942896-943396	ENSG00000078808	SDF4	chr1	942896	943396	1232030	-	288884	epithelial	method2_cicero	0.33438289165496826	0.0	0.0
chr1:942896-943396	ENSG00000107404	DVL1	chr1	942896	943396	1349417	-	406271	epithelial	method2_cicero	0.39757293462753296	0.0	0.0
chr1:942896-943396	ENSG00000127054	INTS11	chr1	942896	943396	1324686	-	381540	epithelial	method2_cicero	0.34579581022262573	0.0	0.0
chr1:942896-943396	ENSG00000131584	ACAP3	chr1	942896	943396	1309608	-	366462	epithelial	method2_cicero	0.3612179160118103	0.0	0.0
chr1:942896-943396	ENSG00000131591	C1orf159	chr1	942896	943396	1116360	-	173214	epithelial	method2_cicero	0.31409668922424316	0.0	0.0
chr1:942896-943396	ENSG00000160087	UBE2J2	chr1	942896	943396	1273863	-	330717	epithelial	method2_cicero	0.3762975335121155	0.0	0.0
chr1:942896-943396	ENSG00000162576	MXRA8	chr1	942896	943396	1361776	-	418630	epithelial	method2_cicero	0.3853246867656708	0.0	0.0
chr1:942896-943396	ENSG00000169972	PUSL1	chr1	942896	943396	1308596	+	365450	epithelial	method2_cicero	0.3612179160118103	0.0	0.0
chr1:942896-943396	ENSG00000175756	AURKAIP1	chr1	942896	943396	1375206	-	432060	epithelial	method2_cicero	0.33485764265060425	0.0	0.0
chr1:942896-943396	ENSG00000176022	B3GALT6	chr1	942896	943396	1232236	+	289090	epithelial	method2_cicero	0.33438289165496826	0.0	0.0
chr1:942896-943396	ENSG00000179403	VWA1	chr1	942896	943396	1434860	+	491714	epithelial	method2_cicero	0.30580469965934753	7.006492321624085e-45	3.769492869033758e-43
chr1:942896-943396	ENSG00000186827	TNFRSF4	chr1	942896	943396	1214152	-	271006	epithelial	method2_cicero	0.39499127864837646	0.0	0.0
chr1:942896-943396	ENSG00000186891	TNFRSF18	chr1	942896	943396	1206591	-	263445	epithelial	method2_cicero	0.34176725149154663	0.0	0.0
chr1:942896-943396	ENSG00000187583	PLEKHN1	chr1	942896	943396	966481	+	23335	epithelial	method2_cicero	0.3457554280757904	0.0	0.0
chr1:942896-943396	ENSG00000187608	ISG15	chr1	942896	943396	1001137	+	57991	epithelial	method2_cicero	0.34688863158226013	0.0	0.0
chr1:942896-943396	ENSG00000187634	SAMD11	chr1	942896	943396	923922	+	19224	epithelial	method2_cicero	0.3155117928981781	0.0	0.0
chr1:942896-943396	ENSG00000187961	KLHL17	chr1	942896	943396	960583	+	17437	epithelial	method2_cicero	0.36482179164886475	0.0	0.0
chr1:942896-943396	ENSG00000188157	AGRN	chr1	942896	943396	1020119	+	76973	epithelial	method2_cicero	0.288888156414032	4.769417414222018e-40	2.067360007011682e-38
chr1:942896-943396	ENSG00000188290	HES4	chr1	942896	943396	1000171	-	57025	epithelial	method2_cicero	0.34688863158226013	0.0	0.0
chr1:942896-943396	ENSG00000188976	NOC2L	chr1	942896	943396	959308	-	16162	epithelial	method2_cicero	0.36482179164886475	0.0	0.0
chr1:942896-943396	ENSG00000205116	TMEM88B	chr1	942896	943396	1425870	+	482724	epithelial	method2_cicero	0.2968417704105377	2.857247568758302e-42	1.3722915861132934e-40
chr1:942896-943396	ENSG00000221978	CCNL2	chr1	942896	943396	1399334	-	456188	epithelial	method2_cicero	0.30917879939079285	1.401298464324817e-45	7.707141553786494e-44
chr1:942896-943396	ENSG00000224051	CPTP	chr1	942896	943396	1324755	+	381609	epithelial	method2_cicero	0.34579581022262573	0.0	0.0
chr1:942896-943396	ENSG00000235098	ANKRD65	chr1	942896	943396	1421768	-	478622	epithelial	method2_cicero	0.31869179010391235	0.0	0.0
chr1:942896-943396	ENSG00000242485	MRPL20	chr1	942896	943396	1407292	-	464146	epithelial	method2_cicero	0.29518434405326843	8.413395979806202e-42	3.954884655863931e-40
chr1:943623-944123	ENSG00000107404	DVL1	chr1	943623	944123	1349417	-	405544	epithelial	method2_cicero	0.3282068371772766	0.0	0.0
chr1:943623-944123	ENSG00000131584	ACAP3	chr1	943623	944123	1309608	-	365735	epithelial	method2_cicero	0.2637151777744293	1.790280284025244e-33	5.574898920462605e-32
chr1:943623-944123	ENSG00000131591	C1orf159	chr1	943623	944123	1116360	-	172487	epithelial	method2_cicero	0.2634904086589813	2.0348659446138143e-33	6.317792542272678e-32
chr1:943623-944123	ENSG00000160087	UBE2J2	chr1	943623	944123	1273863	-	329990	epithelial	method2_cicero	0.3101528584957123	0.0	0.0
chr1:943623-944123	ENSG00000162576	MXRA8	chr1	943623	944123	1361776	-	417903	epithelial	method2_cicero	0.2941432297229767	1.6518506297460944e-41	7.662075795173808e-40
chr1:943623-944123	ENSG00000169972	PUSL1	chr1	943623	944123	1308596	+	364723	epithelial	method2_cicero	0.2637151777744293	1.790280284025244e-33	5.574898920462605e-32
chr1:943623-944123	ENSG00000175756	AURKAIP1	chr1	943623	944123	1375206	-	431333	epithelial	method2_cicero	0.2557237446308136	1.575359207856193e-31	4.408069585188082e-30
chr1:943623-944123	ENSG00000179403	VWA1	chr1	943623	944123	1434860	+	490987	epithelial	method2_cicero	0.2689725160598755	8.642630507822639e-35	2.8859837313526455e-33
chr1:943623-944123	ENSG00000186827	TNFRSF4	chr1	943623	944123	1214152	-	270279	epithelial	method2_cicero	0.2848297357559204	6.099846610012071e-39	2.507579657189419e-37
chr1:943623-944123	ENSG00000186891	TNFRSF18	chr1	943623	944123	1206591	-	262718	epithelial	method2_cicero	0.2853996753692627	4.2754639094429126e-39	1.7707567459495438e-37
chr1:943623-944123	ENSG00000187583	PLEKHN1	chr1	943623	944123	966481	+	22608	epithelial	method2_cicero	0.2531442940235138	6.465805736302512e-31	1.7472778239436147e-29
chr1:943623-944123	ENSG00000187608	ISG15	chr1	943623	944123	1001137	+	57264	epithelial	method2_cicero	0.30594491958618164	7.006492321624085e-45	3.769492869033758e-43
chr1:943623-944123	ENSG00000188290	HES4	chr1	943623	944123	1000171	-	56298	epithelial	method2_cicero	0.30594491958618164	7.006492321624085e-45	3.769492869033758e-43
chr1:943623-944123	ENSG00000221978	CCNL2	chr1	943623	944123	1399334	-	455461	epithelial	method2_cicero	0.2745325565338135	3.252623863205223e-36	1.1688009206848123e-34
chr1:943623-944123	ENSG00000242485	MRPL20	chr1	943623	944123	1407292	-	463419	epithelial	method2_cicero	0.2835485637187958	1.35189512644566e-38	5.464760881982984e-37
chr1:944195-944695	ENSG00000078808	SDF4	chr1	944195	944695	1232030	-	287585	epithelial	method2_cicero	0.3044569194316864	1.8216880036222622e-44	9.640933434554741e-43
chr1:944195-944695	ENSG00000107404	DVL1	chr1	944195	944695	1349417	-	404972	epithelial	method2_cicero	0.3158842921257019	0.0	0.0
chr1:944195-944695	ENSG00000127054	INTS11	chr1	944195	944695	1324686	-	380241	epithelial	method2_cicero	0.2628805935382843	2.8784352209104432e-33	8.864341186097452e-32
chr1:944195-944695	ENSG00000131584	ACAP3	chr1	944195	944695	1309608	-	365163	epithelial	method2_cicero	0.2885294556617737	5.984567390545926e-40	2.581899987530183e-38
chr1:944195-944695	ENSG00000160087	UBE2J2	chr1	944195	944695	1273863	-	329418	epithelial	method2_cicero	0.3149847388267517	0.0	0.0
chr1:944195-944695	ENSG00000162576	MXRA8	chr1	944195	944695	1361776	-	417331	epithelial	method2_cicero	0.42010393738746643	0.0	0.0
chr1:944195-944695	ENSG00000169962	TAS1R3	chr1	944195	944695	1331279	+	386834	epithelial	method2_cicero	0.2737840414047241	5.08086913649261e-36	1.8077291660485065e-34
chr1:944195-944695	ENSG00000169972	PUSL1	chr1	944195	944695	1308596	+	364151	epithelial	method2_cicero	0.2885294556617737	5.984567390545926e-40	2.581899987530183e-38
chr1:944195-944695	ENSG00000175756	AURKAIP1	chr1	944195	944695	1375206	-	430761	epithelial	method2_cicero	0.26218658685684204	4.266687069733857e-33	1.3018230830130676e-31
chr1:944195-944695	ENSG00000176022	B3GALT6	chr1	944195	944695	1232236	+	287791	epithelial	method2_cicero	0.3044569194316864	1.8216880036222622e-44	9.640933434554741e-43
chr1:944195-944695	ENSG00000179403	VWA1	chr1	944195	944695	1434860	+	490415	epithelial	method2_cicero	0.30157315731048584	1.2611686178923354e-43	6.43756514510821e-42
chr1:944195-944695	ENSG00000186827	TNFRSF4	chr1	944195	944695	1214152	-	269707	epithelial	method2_cicero	0.4002189636230469	0.0	0.0
chr1:944195-944695	ENSG00000186891	TNFRSF18	chr1	944195	944695	1206591	-	262146	epithelial	method2_cicero	0.3244478702545166	0.0	0.0
chr1:944195-944695	ENSG00000187583	PLEKHN1	chr1	944195	944695	966481	+	22036	epithelial	method2_cicero	0.2827153503894806	2.2633402852979864e-38	9.050628497082635e-37
chr1:944195-944695	ENSG00000187608	ISG15	chr1	944195	944695	1001137	+	56692	epithelial	method2_cicero	0.30209898948669434	8.828180325246348e-44	4.5374044274837577e-42
chr1:944195-944695	ENSG00000187634	SAMD11	chr1	944195	944695	923922	+	20523	epithelial	method2_cicero	0.29683083295822144	2.878267045723174e-42	1.3821847532714266e-40
chr1:944195-944695	ENSG00000187961	KLHL17	chr1	944195	944695	960583	+	16138	epithelial	method2_cicero	0.3152605891227722	0.0	0.0
chr1:944195-944695	ENSG00000188290	HES4	chr1	944195	944695	1000171	-	55726	epithelial	method2_cicero	0.30209898948669434	8.828180325246348e-44	4.5374044274837577e-42
chr1:944195-944695	ENSG00000188976	NOC2L	chr1	944195	944695	959308	-	14863	epithelial	method2_cicero	0.3152605891227722	0.0	0.0
chr1:944195-944695	ENSG00000221978	CCNL2	chr1	944195	944695	1399334	-	454889	epithelial	method2_cicero	0.25908371806144714	2.4438489350028956e-32	7.154572075036881e-31
chr1:944195-944695	ENSG00000224051	CPTP	chr1	944195	944695	1324755	+	380310	epithelial	method2_cicero	0.2628805935382843	2.8784352209104432e-33	8.864341186097452e-32
chr1:944195-944695	ENSG00000235098	ANKRD65	chr1	944195	944695	1421768	-	477323	epithelial	method2_cicero	0.2705654799938202	3.403754669373174e-35	1.1608232629690638e-33
chr1:944195-944695	ENSG00000242485	MRPL20	chr1	944195	944695	1407292	-	462847	epithelial	method2_cicero	0.26861003041267395	1.0674605654688392e-34	3.547309506285572e-33
chr1:945256-945756	ENSG00000107404	DVL1	chr1	945256	945756	1349417	-	403911	epithelial	method2_cicero	0.2517482340335846	1.379151944446883e-30	3.6571239963460635e-29
chr1:945256-945756	ENSG00000162576	MXRA8	chr1	945256	945756	1361776	-	416270	epithelial	method2_cicero	0.31232789158821106	0.0	0.0
chr1:945256-945756	ENSG00000169962	TAS1R3	chr1	945256	945756	1331279	+	385773	epithelial	method2_cicero	0.25251537561416626	9.10087850869901e-31	2.4383753654587154e-29
chr1:945256-945756	ENSG00000186827	TNFRSF4	chr1	945256	945756	1214152	-	268646	epithelial	method2_cicero	0.27274930477142334	9.391154516836466e-36	3.296093736134127e-34
chr1:945256-945756	ENSG00000186891	TNFRSF18	chr1	945256	945756	1206591	-	261085	epithelial	method2_cicero	0.31461217999458313	0.0	0.0
chr1:945256-945756	ENSG00000187583	PLEKHN1	chr1	945256	945756	966481	+	20975	epithelial	method2_cicero	0.2620577812194824	4.5894374108513474e-33	1.3978180659314435e-31
chr1:945256-945756	ENSG00000187608	ISG15	chr1	945256	945756	1001137	+	55631	epithelial	method2_cicero	0.3064535856246948	4.203895392974451e-45	2.284116496849452e-43
chr1:945256-945756	ENSG00000187961	KLHL17	chr1	945256	945756	960583	+	15077	epithelial	method2_cicero	0.2735605239868164	5.803210558565868e-36	2.058656572742015e-34
chr1:945256-945756	ENSG00000188290	HES4	chr1	945256	945756	1000171	-	54665	epithelial	method2_cicero	0.3064535856246948	4.203895392974451e-45	2.284116496849452e-43
chr1:945256-945756	ENSG00000188976	NOC2L	chr1	945256	945756	959308	-	13802	epithelial	method2_cicero	0.2735605239868164	5.803210558565868e-36	2.058656572742015e-34
chr1:957913-958413	ENSG00000187961	KLHL17	chr1	957913	958413	960583	+	2420	epithelial	method2_cicero	0.2553316652774811	1.9545414768862503e-31	5.440090806791943e-30
chr1:957913-958413	ENSG00000188976	NOC2L	chr1	957913	958413	959308	-	1145	epithelial	method2_cicero	1.0	0.0	0.0
chr1:958527-959027	ENSG00000131584	ACAP3	chr1	958527	959027	1309608	-	350831	epithelial	method2_cicero	0.2724229395389557	1.139257570714453e-35	3.9813497750671625e-34
chr1:958527-959027	ENSG00000131591	C1orf159	chr1	958527	959027	1116360	-	157583	epithelial	method2_cicero	0.26455292105674744	1.1095651889529848e-33	3.4937446531756987e-32
chr1:958527-959027	ENSG00000169972	PUSL1	chr1	958527	959027	1308596	+	349819	epithelial	method2_cicero	0.2724229395389557	1.139257570714453e-35	3.9813497750671625e-34
chr1:958527-959027	ENSG00000175756	AURKAIP1	chr1	958527	959027	1375206	-	416429	epithelial	method2_cicero	0.26124927401542664	7.246653043802683e-33	2.1836361570055778e-31
chr1:958527-959027	ENSG00000179403	VWA1	chr1	958527	959027	1434860	+	476083	epithelial	method2_cicero	0.2985510528087616	9.304621803116785e-43	4.569494162316796e-41
chr1:958527-959027	ENSG00000187608	ISG15	chr1	958527	959027	1001137	+	42360	epithelial	method2_cicero	0.28766104578971863	1.0352961210247467e-39	4.4160253558024063e-38
chr1:958527-959027	ENSG00000187961	KLHL17	chr1	958527	959027	960583	+	1806	epithelial	method2_cicero	1.0	0.0	0.0
chr1:958527-959027	ENSG00000188157	AGRN	chr1	958527	959027	1020119	+	61342	epithelial	method2_cicero	0.2517978250980377	1.342637140249324e-30	3.56270136877728e-29
chr1:958527-959027	ENSG00000188290	HES4	chr1	958527	959027	1000171	-	41394	epithelial	method2_cicero	0.28766104578971863	1.0352961210247467e-39	4.4160253558024063e-38
chr1:958527-959027	ENSG00000188976	NOC2L	chr1	958527	959027	959308	-	531	epithelial	method2_cicero	1.0	0.0	0.0
chr1:958527-959027	ENSG00000221978	CCNL2	chr1	958527	959027	1399334	-	440557	epithelial	method2_cicero	0.2624824643135071	3.608085870300946e-33	1.1052539789326876e-31
chr1:958527-959027	ENSG00000237330	RNF223	chr1	958527	959027	1074305	-	115528	epithelial	method2_cicero	0.25776997208595276	5.080765764162247e-32	1.4613707213207971e-30
chr1:958527-959027	ENSG00000242485	MRPL20	chr1	958527	959027	1407292	-	448515	epithelial	method2_cicero	0.25490325689315796	2.4728691281129734e-31	6.843260922012567e-30
chr1:959065-959565	ENSG00000078808	SDF4	chr1	959065	959565	1232030	-	272715	epithelial	method2_cicero	0.5607576370239258	0.0	0.0
chr1:959065-959565	ENSG00000107404	DVL1	chr1	959065	959565	1349417	-	390102	epithelial	method2_cicero	0.580001711845398	0.0	0.0
chr1:959065-959565	ENSG00000127054	INTS11	chr1	959065	959565	1324686	-	365371	epithelial	method2_cicero	0.5123013257980347	0.0	0.0
chr1:959065-959565	ENSG00000131584	ACAP3	chr1	959065	959565	1309608	-	350293	epithelial	method2_cicero	0.5764816403388977	0.0	0.0
chr1:959065-959565	ENSG00000131591	C1orf159	chr1	959065	959565	1116360	-	157045	epithelial	method2_cicero	0.582934558391571	0.0	0.0
chr1:959065-959565	ENSG00000160087	UBE2J2	chr1	959065	959565	1273863	-	314548	epithelial	method2_cicero	0.5762767791748047	0.0	0.0
chr1:959065-959565	ENSG00000169962	TAS1R3	chr1	959065	959565	1331279	+	371964	epithelial	method2_cicero	0.2522503435611725	1.0508077842396062e-30	2.8054160849944967e-29
chr1:959065-959565	ENSG00000169972	PUSL1	chr1	959065	959565	1308596	+	349281	epithelial	method2_cicero	0.5764816403388977	0.0	0.0
chr1:959065-959565	ENSG00000175756	AURKAIP1	chr1	959065	959565	1375206	-	415891	epithelial	method2_cicero	0.605958878993988	0.0	0.0
chr1:959065-959565	ENSG00000176022	B3GALT6	chr1	959065	959565	1232236	+	272921	epithelial	method2_cicero	0.5607576370239258	0.0	0.0
chr1:959065-959565	ENSG00000179403	VWA1	chr1	959065	959565	1434860	+	475545	epithelial	method2_cicero	0.4722515940666199	0.0	0.0
chr1:959065-959565	ENSG00000186827	TNFRSF4	chr1	959065	959565	1214152	-	254837	epithelial	method2_cicero	0.27135905623435974	2.1346777955714523e-35	7.355951151390612e-34
chr1:959065-959565	ENSG00000186891	TNFRSF18	chr1	959065	959565	1206591	-	247276	epithelial	method2_cicero	0.33344078063964844	0.0	0.0
chr1:959065-959565	ENSG00000187583	PLEKHN1	chr1	959065	959565	966481	+	7166	epithelial	method2_cicero	0.41274067759513855	0.0	0.0
chr1:959065-959565	ENSG00000187608	ISG15	chr1	959065	959565	1001137	+	41822	epithelial	method2_cicero	0.48282113671302795	0.0	0.0
chr1:959065-959565	ENSG00000187634	SAMD11	chr1	959065	959565	923922	+	35393	epithelial	method2_cicero	0.4536992907524109	0.0	0.0
chr1:959065-959565	ENSG00000187642	PERM1	chr1	959065	959565	982116	-	22801	epithelial	method2_cicero	0.2987686097621918	8.071479154510946e-43	3.9747830940573436e-41
chr1:959065-959565	ENSG00000187961	KLHL17	chr1	959065	959565	960583	+	1268	epithelial	method2_cicero	1.0	0.0	0.0
chr1:959065-959565	ENSG00000188157	AGRN	chr1	959065	959565	1020119	+	60804	epithelial	method2_cicero	0.5604183673858643	0.0	0.0
chr1:959065-959565	ENSG00000188290	HES4	chr1	959065	959565	1000171	-	40856	epithelial	method2_cicero	0.48282113671302795	0.0	0.0
chr1:959065-959565	ENSG00000188976	NOC2L	chr1	959065	959565	959308	-	7	epithelial	method2_cicero	1.0	0.0	0.0
chr1:959065-959565	ENSG00000221978	CCNL2	chr1	959065	959565	1399334	-	440019	epithelial	method2_cicero	0.540255606174469	0.0	0.0
chr1:959065-959565	ENSG00000224051	CPTP	chr1	959065	959565	1324755	+	365440	epithelial	method2_cicero	0.5123013257980347	0.0	0.0
chr1:959065-959565	ENSG00000235098	ANKRD65	chr1	959065	959565	1421768	-	462453	epithelial	method2_cicero	0.31568166613578796	0.0	0.0
chr1:959065-959565	ENSG00000242485	MRPL20	chr1	959065	959565	1407292	-	447977	epithelial	method2_cicero	0.5125991106033325	0.0	0.0
chr1:959579-960079	ENSG00000078808	SDF4	chr1	959579	960079	1232030	-	272201	epithelial	method2_cicero	0.2849545478820801	5.64355440276016e-39	2.323803959852182e-37
chr1:959579-960079	ENSG00000107404	DVL1	chr1	959579	960079	1349417	-	389588	epithelial	method2_cicero	0.35835400223731995	0.0	0.0
chr1:959579-960079	ENSG00000131584	ACAP3	chr1	959579	960079	1309608	-	349779	epithelial	method2_cicero	0.3480764925479889	0.0	0.0
chr1:959579-960079	ENSG00000131591	C1orf159	chr1	959579	960079	1116360	-	156531	epithelial	method2_cicero	0.28992924094200134	2.4636648690833906e-40	1.0823433156659882e-38
chr1:959579-960079	ENSG00000160087	UBE2J2	chr1	959579	960079	1273863	-	314034	epithelial	method2_cicero	0.3033450245857239	3.783505853677006e-44	1.975830834697992e-42
chr1:959579-960079	ENSG00000162576	MXRA8	chr1	959579	960079	1361776	-	401947	epithelial	method2_cicero	0.2583588659763336	3.661628756360138e-32	1.061564874103303e-30
chr1:959579-960079	ENSG00000169972	PUSL1	chr1	959579	960079	1308596	+	348767	epithelial	method2_cicero	0.3480764925479889	0.0	0.0
chr1:959579-960079	ENSG00000175756	AURKAIP1	chr1	959579	960079	1375206	-	415377	epithelial	method2_cicero	0.30766212940216064	1.401298464324817e-45	7.707141553786494e-44
chr1:959579-960079	ENSG00000176022	B3GALT6	chr1	959579	960079	1232236	+	272407	epithelial	method2_cicero	0.2849545478820801	5.64355440276016e-39	2.323803959852182e-37
chr1:959579-960079	ENSG00000179403	VWA1	chr1	959579	960079	1434860	+	475031	epithelial	method2_cicero	0.3082675039768219	1.401298464324817e-45	7.707141553786494e-44
chr1:959579-960079	ENSG00000186827	TNFRSF4	chr1	959579	960079	1214152	-	254323	epithelial	method2_cicero	0.281457781791687	4.910140290164602e-38	1.931617244917819e-36
chr1:959579-960079	ENSG00000186891	TNFRSF18	chr1	959579	960079	1206591	-	246762	epithelial	method2_cicero	0.28879621624946594	5.05528230094428e-40	2.1886914345452462e-38
chr1:959579-960079	ENSG00000187583	PLEKHN1	chr1	959579	960079	966481	+	6652	epithelial	method2_cicero	0.3103213608264923	0.0	0.0
chr1:959579-960079	ENSG00000187608	ISG15	chr1	959579	960079	1001137	+	41308	epithelial	method2_cicero	0.3066149950027466	4.203895392974451e-45	2.284116496849452e-43
chr1:959579-960079	ENSG00000187634	SAMD11	chr1	959579	960079	923922	+	35907	epithelial	method2_cicero	0.2540578544139862	3.9285112893040213e-31	1.0748430702110954e-29
chr1:959579-960079	ENSG00000187961	KLHL17	chr1	959579	960079	960583	+	754	epithelial	method2_cicero	1.0	0.0	0.0
chr1:959579-960079	ENSG00000188157	AGRN	chr1	959579	960079	1020119	+	60290	epithelial	method2_cicero	0.3044290840625763	1.8216880036222622e-44	9.640933434554741e-43
chr1:959579-960079	ENSG00000188290	HES4	chr1	959579	960079	1000171	-	40342	epithelial	method2_cicero	0.3066149950027466	4.203895392974451e-45	2.284116496849452e-43
chr1:959579-960079	ENSG00000188976	NOC2L	chr1	959579	960079	959308	-	521	epithelial	method2_cicero	1.0	0.0	0.0
chr1:959579-960079	ENSG00000221978	CCNL2	chr1	959579	960079	1399334	-	439505	epithelial	method2_cicero	0.2960602641105652	4.758809584847079e-42	2.262396370652417e-40
chr1:959579-960079	ENSG00000242485	MRPL20	chr1	959579	960079	1407292	-	447463	epithelial	method2_cicero	0.3154134452342987	0.0	0.0
chr1:960313-960813	ENSG00000078808	SDF4	chr1	960313	960813	1232030	-	271467	epithelial	method2_cicero	0.46452683210372925	0.0	0.0
chr1:960313-960813	ENSG00000107404	DVL1	chr1	960313	960813	1349417	-	388854	epithelial	method2_cicero	0.4902064800262451	0.0	0.0
chr1:960313-960813	ENSG00000127054	INTS11	chr1	960313	960813	1324686	-	364123	epithelial	method2_cicero	0.43026891350746155	0.0	0.0
chr1:960313-960813	ENSG00000131584	ACAP3	chr1	960313	960813	1309608	-	349045	epithelial	method2_cicero	0.4800902009010315	0.0	0.0
chr1:960313-960813	ENSG00000131591	C1orf159	chr1	960313	960813	1116360	-	155797	epithelial	method2_cicero	0.43519777059555054	0.0	0.0
chr1:960313-960813	ENSG00000160087	UBE2J2	chr1	960313	960813	1273863	-	313300	epithelial	method2_cicero	0.46908271312713623	0.0	0.0
chr1:960313-960813	ENSG00000162576	MXRA8	chr1	960313	960813	1361776	-	401213	epithelial	method2_cicero	0.3424573838710785	0.0	0.0
chr1:960313-960813	ENSG00000169962	TAS1R3	chr1	960313	960813	1331279	+	370716	epithelial	method2_cicero	0.27685868740081787	8.060523466805223e-37	2.9855871903503455e-35
chr1:960313-960813	ENSG00000169972	PUSL1	chr1	960313	960813	1308596	+	348033	epithelial	method2_cicero	0.4800902009010315	0.0	0.0
chr1:960313-960813	ENSG00000175756	AURKAIP1	chr1	960313	960813	1375206	-	414643	epithelial	method2_cicero	0.4390728771686554	0.0	0.0
chr1:960313-960813	ENSG00000176022	B3GALT6	chr1	960313	960813	1232236	+	271673	epithelial	method2_cicero	0.46452683210372925	0.0	0.0
chr1:960313-960813	ENSG00000179403	VWA1	chr1	960313	960813	1434860	+	474297	epithelial	method2_cicero	0.42356839776039124	0.0	0.0
chr1:960313-960813	ENSG00000186827	TNFRSF4	chr1	960313	960813	1214152	-	253589	epithelial	method2_cicero	0.3948405086994171	0.0	0.0
chr1:960313-960813	ENSG00000186891	TNFRSF18	chr1	960313	960813	1206591	-	246028	epithelial	method2_cicero	0.3870266377925873	0.0	0.0
chr1:960313-960813	ENSG00000187583	PLEKHN1	chr1	960313	960813	966481	+	5918	epithelial	method2_cicero	0.3605870306491852	0.0	0.0
chr1:960313-960813	ENSG00000187608	ISG15	chr1	960313	960813	1001137	+	40574	epithelial	method2_cicero	0.3755476474761963	0.0	0.0
chr1:960313-960813	ENSG00000187634	SAMD11	chr1	960313	960813	923922	+	36641	epithelial	method2_cicero	0.3527979850769043	0.0	0.0
chr1:960313-960813	ENSG00000187961	KLHL17	chr1	960313	960813	960583	+	20	epithelial	method2_cicero	1.0	0.0	0.0
chr1:960313-960813	ENSG00000188157	AGRN	chr1	960313	960813	1020119	+	59556	epithelial	method2_cicero	0.43779829144477844	0.0	0.0
chr1:960313-960813	ENSG00000188290	HES4	chr1	960313	960813	1000171	-	39608	epithelial	method2_cicero	0.3755476474761963	0.0	0.0
chr1:960313-960813	ENSG00000188976	NOC2L	chr1	960313	960813	959308	-	1255	epithelial	method2_cicero	1.0	0.0	0.0
chr1:960313-960813	ENSG00000205116	TMEM88B	chr1	960313	960813	1425870	+	465307	epithelial	method2_cicero	0.267902135848999	1.6107808272867422e-34	5.302566854483027e-33
chr1:960313-960813	ENSG00000221978	CCNL2	chr1	960313	960813	1399334	-	438771	epithelial	method2_cicero	0.41991961002349854	0.0	0.0
chr1:960313-960813	ENSG00000224051	CPTP	chr1	960313	960813	1324755	+	364192	epithelial	method2_cicero	0.43026891350746155	0.0	0.0
chr1:960313-960813	ENSG00000235098	ANKRD65	chr1	960313	960813	1421768	-	461205	epithelial	method2_cicero	0.3512618839740753	0.0	0.0
chr1:960313-960813	ENSG00000242485	MRPL20	chr1	960313	960813	1407292	-	446729	epithelial	method2_cicero	0.4101209342479706	0.0	0.0
chr1:960835-961335	ENSG00000078808	SDF4	chr1	960835	961335	1232030	-	270945	epithelial	method2_cicero	0.3271094858646393	0.0	0.0
chr1:960835-961335	ENSG00000107404	DVL1	chr1	960835	961335	1349417	-	388332	epithelial	method2_cicero	0.3919781744480133	0.0	0.0
chr1:960835-961335	ENSG00000127054	INTS11	chr1	960835	961335	1324686	-	363601	epithelial	method2_cicero	0.34350040555000305	0.0	0.0
chr1:960835-961335	ENSG00000131584	ACAP3	chr1	960835	961335	1309608	-	348523	epithelial	method2_cicero	0.3760550916194916	0.0	0.0
chr1:960835-961335	ENSG00000131591	C1orf159	chr1	960835	961335	1116360	-	155275	epithelial	method2_cicero	0.34750574827194214	0.0	0.0
chr1:960835-961335	ENSG00000160087	UBE2J2	chr1	960835	961335	1273863	-	312778	epithelial	method2_cicero	0.3438025414943695	0.0	0.0
chr1:960835-961335	ENSG00000169972	PUSL1	chr1	960835	961335	1308596	+	347511	epithelial	method2_cicero	0.3760550916194916	0.0	0.0
chr1:960835-961335	ENSG00000175756	AURKAIP1	chr1	960835	961335	1375206	-	414121	epithelial	method2_cicero	0.3622530996799469	0.0	0.0
chr1:960835-961335	ENSG00000176022	B3GALT6	chr1	960835	961335	1232236	+	271151	epithelial	method2_cicero	0.3271094858646393	0.0	0.0
chr1:960835-961335	ENSG00000179403	VWA1	chr1	960835	961335	1434860	+	473775	epithelial	method2_cicero	0.3896690607070923	0.0	0.0
chr1:960835-961335	ENSG00000186827	TNFRSF4	chr1	960835	961335	1214152	-	253067	epithelial	method2_cicero	0.28040996193885803	9.332762678877356e-38	3.6220271242470464e-36
chr1:960835-961335	ENSG00000186891	TNFRSF18	chr1	960835	961335	1206591	-	245506	epithelial	method2_cicero	0.29697901010513306	2.612020337501459e-42	1.2567545277297122e-40
chr1:960835-961335	ENSG00000187583	PLEKHN1	chr1	960835	961335	966481	+	5396	epithelial	method2_cicero	0.326275497674942	0.0	0.0
chr1:960835-961335	ENSG00000187608	ISG15	chr1	960835	961335	1001137	+	40052	epithelial	method2_cicero	0.3381519913673401	0.0	0.0
chr1:960835-961335	ENSG00000187634	SAMD11	chr1	960835	961335	923922	+	37163	epithelial	method2_cicero	0.2950863242149353	8.96550757475018e-42	4.2089961193845935e-40
chr1:960835-961335	ENSG00000187961	KLHL17	chr1	960835	961335	960583	+	502	epithelial	method2_cicero	1.0	0.0	0.0
chr1:960835-961335	ENSG00000188157	AGRN	chr1	960835	961335	1020119	+	59034	epithelial	method2_cicero	0.33974000811576843	0.0	0.0
chr1:960835-961335	ENSG00000188290	HES4	chr1	960835	961335	1000171	-	39086	epithelial	method2_cicero	0.3381519913673401	0.0	0.0
chr1:960835-961335	ENSG00000188976	NOC2L	chr1	960835	961335	959308	-	1777	epithelial	method2_cicero	1.0	0.0	0.0
chr1:960835-961335	ENSG00000221978	CCNL2	chr1	960835	961335	1399334	-	438249	epithelial	method2_cicero	0.3713178336620331	0.0	0.0
chr1:960835-961335	ENSG00000224051	CPTP	chr1	960835	961335	1324755	+	363670	epithelial	method2_cicero	0.34350040555000305	0.0	0.0
chr1:960835-961335	ENSG00000235098	ANKRD65	chr1	960835	961335	1421768	-	460683	epithelial	method2_cicero	0.3136102259159088	0.0	0.0
chr1:960835-961335	ENSG00000242485	MRPL20	chr1	960835	961335	1407292	-	446207	epithelial	method2_cicero	0.3857361078262329	0.0	0.0
chr1:961468-961968	ENSG00000186891	TNFRSF18	chr1	961468	961968	1206591	-	244873	epithelial	method2_cicero	0.2578425407409668	4.879985451570046e-32	1.4050201552497225e-30
chr1:961468-961968	ENSG00000187961	KLHL17	chr1	961468	961968	960583	+	1135	epithelial	method2_cicero	1.0	0.0	0.0
chr1:961468-961968	ENSG00000188976	NOC2L	chr1	961468	961968	959308	-	2410	epithelial	method2_cicero	0.2537764310836792	4.58123861693427e-31	1.2486633634434583e-29
chr1:962194-962694	ENSG00000187961	KLHL17	chr1	962194	962694	960583	+	1861	epithelial	method2_cicero	1.0	0.0	0.0
chr1:964092-964592	ENSG00000187583	PLEKHN1	chr1	964092	964592	966481	+	2139	epithelial	method2_cicero	1.0	0.0	0.0
chr1:964868-965368	ENSG00000187583	PLEKHN1	chr1	964868	965368	966481	+	1363	epithelial	method2_cicero	1.0	0.0	0.0
chr1:965658-966158	ENSG00000078808	SDF4	chr1	965658	966158	1232030	-	266122	epithelial	method2_cicero	0.28389066457748413	1.0935329641633147e-38	4.440386144877553e-37
chr1:965658-966158	ENSG00000131584	ACAP3	chr1	965658	966158	1309608	-	343700	epithelial	method2_cicero	0.26375165581703186	1.7534255973910882e-33	5.462806717904069e-32
chr1:965658-966158	ENSG00000131591	C1orf159	chr1	965658	966158	1116360	-	150452	epithelial	method2_cicero	0.25517547130584717	2.12965957230565e-31	5.9150413058801024e-30
chr1:965658-966158	ENSG00000169972	PUSL1	chr1	965658	966158	1308596	+	342688	epithelial	method2_cicero	0.26375165581703186	1.7534255973910882e-33	5.462806717904069e-32
chr1:965658-966158	ENSG00000176022	B3GALT6	chr1	965658	966158	1232236	+	266328	epithelial	method2_cicero	0.28389066457748413	1.0935329641633147e-38	4.440386144877553e-37
chr1:965658-966158	ENSG00000187583	PLEKHN1	chr1	965658	966158	966481	+	573	epithelial	method2_cicero	1.0	0.0	0.0
chr1:966209-966709	ENSG00000078808	SDF4	chr1	966209	966709	1232030	-	265571	epithelial	method2_cicero	0.31727173924446106	0.0	0.0
chr1:966209-966709	ENSG00000107404	DVL1	chr1	966209	966709	1349417	-	382958	epithelial	method2_cicero	0.3649488091468811	0.0	0.0
chr1:966209-966709	ENSG00000127054	INTS11	chr1	966209	966709	1324686	-	358227	epithelial	method2_cicero	0.29580190777778625	5.630417229657115e-42	2.6677639904123002e-40
chr1:966209-966709	ENSG00000131584	ACAP3	chr1	966209	966709	1309608	-	343149	epithelial	method2_cicero	0.33922675251960754	0.0	0.0
chr1:966209-966709	ENSG00000131591	C1orf159	chr1	966209	966709	1116360	-	149901	epithelial	method2_cicero	0.31777945160865784	0.0	0.0
chr1:966209-966709	ENSG00000160087	UBE2J2	chr1	966209	966709	1273863	-	307404	epithelial	method2_cicero	0.34054863452911377	0.0	0.0
chr1:966209-966709	ENSG00000169972	PUSL1	chr1	966209	966709	1308596	+	342137	epithelial	method2_cicero	0.33922675251960754	0.0	0.0
chr1:966209-966709	ENSG00000175756	AURKAIP1	chr1	966209	966709	1375206	-	408747	epithelial	method2_cicero	0.35490262508392334	0.0	0.0
chr1:966209-966709	ENSG00000176022	B3GALT6	chr1	966209	966709	1232236	+	265777	epithelial	method2_cicero	0.31727173924446106	0.0	0.0
chr1:966209-966709	ENSG00000179403	VWA1	chr1	966209	966709	1434860	+	468401	epithelial	method2_cicero	0.3407762348651886	0.0	0.0
chr1:966209-966709	ENSG00000186891	TNFRSF18	chr1	966209	966709	1206591	-	240132	epithelial	method2_cicero	0.3117828071117401	0.0	0.0
chr1:966209-966709	ENSG00000187583	PLEKHN1	chr1	966209	966709	966481	+	22	epithelial	method2_cicero	1.0	0.0	0.0
chr1:966209-966709	ENSG00000187608	ISG15	chr1	966209	966709	1001137	+	34678	epithelial	method2_cicero	0.3253594636917114	0.0	0.0
chr1:966209-966709	ENSG00000187634	SAMD11	chr1	966209	966709	923922	+	42537	epithelial	method2_cicero	0.26627761125564575	4.1215706390859145e-34	1.32779242747238e-32
chr1:966209-966709	ENSG00000187961	KLHL17	chr1	966209	966709	960583	+	5876	epithelial	method2_cicero	0.31533926725387573	0.0	0.0
chr1:966209-966709	ENSG00000188157	AGRN	chr1	966209	966709	1020119	+	53660	epithelial	method2_cicero	0.32539793848991394	0.0	0.0
chr1:966209-966709	ENSG00000188290	HES4	chr1	966209	966709	1000171	-	33712	epithelial	method2_cicero	0.3253594636917114	0.0	0.0
chr1:966209-966709	ENSG00000188976	NOC2L	chr1	966209	966709	959308	-	7151	epithelial	method2_cicero	0.31533926725387573	0.0	0.0
chr1:966209-966709	ENSG00000221978	CCNL2	chr1	966209	966709	1399334	-	432875	epithelial	method2_cicero	0.34230944514274597	0.0	0.0
chr1:966209-966709	ENSG00000224051	CPTP	chr1	966209	966709	1324755	+	358296	epithelial	method2_cicero	0.29580190777778625	5.630417229657115e-42	2.6677639904123002e-40
chr1:966209-966709	ENSG00000235098	ANKRD65	chr1	966209	966709	1421768	-	455309	epithelial	method2_cicero	0.2663668692111969	3.914863630913662e-34	1.2626925217662848e-32
chr1:966209-966709	ENSG00000242485	MRPL20	chr1	966209	966709	1407292	-	440833	epithelial	method2_cicero	0.29947176575660706	5.072700440855838e-43	2.5207958074739134e-41
chr1:966772-967272	ENSG00000078808	SDF4	chr1	966772	967272	1232030	-	265008	epithelial	method2_cicero	0.41298559308052063	0.0	0.0
chr1:966772-967272	ENSG00000107404	DVL1	chr1	966772	967272	1349417	-	382395	epithelial	method2_cicero	0.464658260345459	0.0	0.0
chr1:966772-967272	ENSG00000127054	INTS11	chr1	966772	967272	1324686	-	357664	epithelial	method2_cicero	0.387379914522171	0.0	0.0
chr1:966772-967272	ENSG00000131584	ACAP3	chr1	966772	967272	1309608	-	342586	epithelial	method2_cicero	0.47072526812553406	0.0	0.0
chr1:966772-967272	ENSG00000131591	C1orf159	chr1	966772	967272	1116360	-	149338	epithelial	method2_cicero	0.4020232856273651	0.0	0.0
chr1:966772-967272	ENSG00000160087	UBE2J2	chr1	966772	967272	1273863	-	306841	epithelial	method2_cicero	0.43544796109199524	0.0	0.0
chr1:966772-967272	ENSG00000162576	MXRA8	chr1	966772	967272	1361776	-	394754	epithelial	method2_cicero	0.2601163387298584	1.3707391135796723e-32	4.068509610201644e-31
chr1:966772-967272	ENSG00000169972	PUSL1	chr1	966772	967272	1308596	+	341574	epithelial	method2_cicero	0.47072526812553406	0.0	0.0
chr1:966772-967272	ENSG00000175756	AURKAIP1	chr1	966772	967272	1375206	-	408184	epithelial	method2_cicero	0.43955475091934204	0.0	0.0
chr1:966772-967272	ENSG00000176022	B3GALT6	chr1	966772	967272	1232236	+	265214	epithelial	method2_cicero	0.41298559308052063	0.0	0.0
chr1:966772-967272	ENSG00000179403	VWA1	chr1	966772	967272	1434860	+	467838	epithelial	method2_cicero	0.37680724263191223	0.0	0.0
chr1:966772-967272	ENSG00000186827	TNFRSF4	chr1	966772	967272	1214152	-	247130	epithelial	method2_cicero	0.34142184257507324	0.0	0.0
chr1:966772-967272	ENSG00000186891	TNFRSF18	chr1	966772	967272	1206591	-	239569	epithelial	method2_cicero	0.3397887051105499	0.0	0.0
chr1:966772-967272	ENSG00000187583	PLEKHN1	chr1	966772	967272	966481	+	541	epithelial	method2_cicero	1.0	0.0	0.0
chr1:966772-967272	ENSG00000187608	ISG15	chr1	966772	967272	1001137	+	34115	epithelial	method2_cicero	0.39769190549850464	0.0	0.0
chr1:966772-967272	ENSG00000187634	SAMD11	chr1	966772	967272	923922	+	43100	epithelial	method2_cicero	0.31005069613456726	0.0	0.0
chr1:966772-967272	ENSG00000187961	KLHL17	chr1	966772	967272	960583	+	6439	epithelial	method2_cicero	0.41274067759513855	0.0	0.0
chr1:966772-967272	ENSG00000188157	AGRN	chr1	966772	967272	1020119	+	53097	epithelial	method2_cicero	0.44697070121765137	0.0	0.0
chr1:966772-967272	ENSG00000188290	HES4	chr1	966772	967272	1000171	-	33149	epithelial	method2_cicero	0.39769190549850464	0.0	0.0
chr1:966772-967272	ENSG00000188976	NOC2L	chr1	966772	967272	959308	-	7714	epithelial	method2_cicero	0.41274067759513855	0.0	0.0
chr1:966772-967272	ENSG00000205116	TMEM88B	chr1	966772	967272	1425870	+	458848	epithelial	method2_cicero	0.30681681632995605	4.203895392974451e-45	2.284116496849452e-43
chr1:966772-967272	ENSG00000221978	CCNL2	chr1	966772	967272	1399334	-	432312	epithelial	method2_cicero	0.46287408471107483	0.0	0.0
chr1:966772-967272	ENSG00000224051	CPTP	chr1	966772	967272	1324755	+	357733	epithelial	method2_cicero	0.387379914522171	0.0	0.0
chr1:966772-967272	ENSG00000235098	ANKRD65	chr1	966772	967272	1421768	-	454746	epithelial	method2_cicero	0.3219261169433594	0.0	0.0
chr1:966772-967272	ENSG00000242485	MRPL20	chr1	966772	967272	1407292	-	440270	epithelial	method2_cicero	0.3799274265766144	0.0	0.0
chr1:967565-968065	ENSG00000131591	C1orf159	chr1	967565	968065	1116360	-	148545	epithelial	method2_cicero	0.2571401596069336	7.205532928979774e-32	2.0549424242204913e-30
chr1:967565-968065	ENSG00000187583	PLEKHN1	chr1	967565	968065	966481	+	1334	epithelial	method2_cicero	1.0	0.0	0.0
chr1:968268-968768	ENSG00000187583	PLEKHN1	chr1	968268	968768	966481	+	2037	epithelial	method2_cicero	1.0	0.0	0.0
chr1:968268-968768	ENSG00000187608	ISG15	chr1	968268	968768	1001137	+	32619	epithelial	method2_cicero	0.27643704414367676	1.0390206153974941e-36	3.8272382756798484e-35
chr1:968268-968768	ENSG00000188290	HES4	chr1	968268	968768	1000171	-	31653	epithelial	method2_cicero	0.27643704414367676	1.0390206153974941e-36	3.8272382756798484e-35
chr1:975943-976443	ENSG00000078808	SDF4	chr1	975943	976443	1232030	-	255837	epithelial	method2_cicero	0.35664716362953186	0.0	0.0
chr1:975943-976443	ENSG00000107404	DVL1	chr1	975943	976443	1349417	-	373224	epithelial	method2_cicero	0.3897859752178192	0.0	0.0
chr1:975943-976443	ENSG00000127054	INTS11	chr1	975943	976443	1324686	-	348493	epithelial	method2_cicero	0.36715880036354065	0.0	0.0
chr1:975943-976443	ENSG00000131584	ACAP3	chr1	975943	976443	1309608	-	333415	epithelial	method2_cicero	0.36882027983665466	0.0	0.0
chr1:975943-976443	ENSG00000131591	C1orf159	chr1	975943	976443	1116360	-	140167	epithelial	method2_cicero	0.3772636950016022	0.0	0.0
chr1:975943-976443	ENSG00000160072	ATAD3B	chr1	975943	976443	1471764	+	495571	epithelial	method2_cicero	0.32919591665267944	0.0	0.0
chr1:975943-976443	ENSG00000160087	UBE2J2	chr1	975943	976443	1273863	-	297670	epithelial	method2_cicero	0.3423417806625366	0.0	0.0
chr1:975943-976443	ENSG00000169972	PUSL1	chr1	975943	976443	1308596	+	332403	epithelial	method2_cicero	0.36882027983665466	0.0	0.0
chr1:975943-976443	ENSG00000175756	AURKAIP1	chr1	975943	976443	1375206	-	399013	epithelial	method2_cicero	0.3803609013557434	0.0	0.0
chr1:975943-976443	ENSG00000176022	B3GALT6	chr1	975943	976443	1232236	+	256043	epithelial	method2_cicero	0.35664716362953186	0.0	0.0
chr1:975943-976443	ENSG00000179403	VWA1	chr1	975943	976443	1434860	+	458667	epithelial	method2_cicero	0.36487531661987305	0.0	0.0
chr1:975943-976443	ENSG00000187583	PLEKHN1	chr1	975943	976443	966481	+	9712	epithelial	method2_cicero	0.3014488220214844	1.3732724950383207e-43	6.998084530838136e-42
chr1:975943-976443	ENSG00000187608	ISG15	chr1	975943	976443	1001137	+	24944	epithelial	method2_cicero	0.39911508560180664	0.0	0.0
chr1:975943-976443	ENSG00000187634	SAMD11	chr1	975943	976443	923922	+	52271	epithelial	method2_cicero	0.3208819627761841	0.0	0.0
chr1:975943-976443	ENSG00000187961	KLHL17	chr1	975943	976443	960583	+	15610	epithelial	method2_cicero	0.3267642855644226	0.0	0.0
chr1:975943-976443	ENSG00000188157	AGRN	chr1	975943	976443	1020119	+	43926	epithelial	method2_cicero	0.36611175537109375	0.0	0.0
chr1:975943-976443	ENSG00000188290	HES4	chr1	975943	976443	1000171	-	23978	epithelial	method2_cicero	0.39911508560180664	0.0	0.0
chr1:975943-976443	ENSG00000188976	NOC2L	chr1	975943	976443	959308	-	16885	epithelial	method2_cicero	0.3267642855644226	0.0	0.0
chr1:975943-976443	ENSG00000221978	CCNL2	chr1	975943	976443	1399334	-	423141	epithelial	method2_cicero	0.37515750527381897	0.0	0.0
chr1:975943-976443	ENSG00000224051	CPTP	chr1	975943	976443	1324755	+	348562	epithelial	method2_cicero	0.36715880036354065	0.0	0.0
chr1:975943-976443	ENSG00000242485	MRPL20	chr1	975943	976443	1407292	-	431099	epithelial	method2_cicero	0.3848702609539032	0.0	0.0
chr1:979989-980489	ENSG00000187642	PERM1	chr1	979989	980489	982116	-	1877	epithelial	method2_cicero	1.0	0.0	0.0
chr1:980543-981043	ENSG00000187642	PERM1	chr1	980543	981043	982116	-	1323	epithelial	method2_cicero	1.0	0.0	0.0
chr1:981191-981691	ENSG00000187642	PERM1	chr1	981191	981691	982116	-	675	epithelial	method2_cicero	1.0	0.0	0.0
chr1:981889-982389	ENSG00000187642	PERM1	chr1	981889	982389	982116	-	23	epithelial	method2_cicero	1.0	0.0	0.0
chr1:982865-983365	ENSG00000187642	PERM1	chr1	982865	983365	982116	-	999	epithelial	method2_cicero	1.0	0.0	0.0
chr1:984079-984579	ENSG00000078808	SDF4	chr1	984079	984579	1232030	-	247701	epithelial	method2_cicero	0.29512467980384827	8.745503715851183e-42	4.1077523053371255e-40
chr1:984079-984579	ENSG00000107404	DVL1	chr1	984079	984579	1349417	-	365088	epithelial	method2_cicero	0.2751791477203369	2.2100839932132603e-36	8.008570117727169e-35
chr1:984079-984579	ENSG00000127054	INTS11	chr1	984079	984579	1324686	-	340357	epithelial	method2_cicero	0.29264935851097107	4.32805043691363e-41	1.9695333993993163e-39
chr1:984079-984579	ENSG00000131584	ACAP3	chr1	984079	984579	1309608	-	325279	epithelial	method2_cicero	0.2952567934989929	8.026637603652552e-42	3.7766394912018145e-40
chr1:984079-984579	ENSG00000131591	C1orf159	chr1	984079	984579	1116360	-	132031	epithelial	method2_cicero	0.29629045724868774	4.0945941127571155e-42	1.952443163328411e-40
chr1:984079-984579	ENSG00000160072	ATAD3B	chr1	984079	984579	1471764	+	487435	epithelial	method2_cicero	0.316742867231369	0.0	0.0
chr1:984079-984579	ENSG00000160087	UBE2J2	chr1	984079	984579	1273863	-	289534	epithelial	method2_cicero	0.29131901264190674	1.0155910620194112e-40	4.5430166278333786e-39
chr1:984079-984579	ENSG00000169972	PUSL1	chr1	984079	984579	1308596	+	324267	epithelial	method2_cicero	0.2952567934989929	8.026637603652552e-42	3.7766394912018145e-40
chr1:984079-984579	ENSG00000175756	AURKAIP1	chr1	984079	984579	1375206	-	390877	epithelial	method2_cicero	0.28937777876853943	3.4969823566765107e-40	1.525500171502858e-38
chr1:984079-984579	ENSG00000176022	B3GALT6	chr1	984079	984579	1232236	+	247907	epithelial	method2_cicero	0.29512467980384827	8.745503715851183e-42	4.1077523053371255e-40
chr1:984079-984579	ENSG00000179403	VWA1	chr1	984079	984579	1434860	+	450531	epithelial	method2_cicero	0.29479092359542847	1.0860063098517332e-41	5.079272530653521e-40
chr1:984079-984579	ENSG00000187642	PERM1	chr1	984079	984579	982116	-	2213	epithelial	method2_cicero	1.0	0.0	0.0
chr1:984079-984579	ENSG00000187961	KLHL17	chr1	984079	984579	960583	+	23746	epithelial	method2_cicero	0.2987686097621918	8.071479154510946e-43	3.9747830940573436e-41
chr1:984079-984579	ENSG00000188157	AGRN	chr1	984079	984579	1020119	+	35790	epithelial	method2_cicero	0.2859629690647125	3.00672407594783e-39	1.2545940618093548e-37
chr1:984079-984579	ENSG00000188976	NOC2L	chr1	984079	984579	959308	-	25021	epithelial	method2_cicero	0.2987686097621918	8.071479154510946e-43	3.9747830940573436e-41
chr1:984079-984579	ENSG00000221978	CCNL2	chr1	984079	984579	1399334	-	415005	epithelial	method2_cicero	0.2906632721424103	1.5437684791927212e-40	6.847280994002893e-39
chr1:984079-984579	ENSG00000224051	CPTP	chr1	984079	984579	1324755	+	340426	epithelial	method2_cicero	0.29264935851097107	4.32805043691363e-41	1.9695333993993163e-39
chr1:984079-984579	ENSG00000237330	RNF223	chr1	984079	984579	1074305	-	89976	epithelial	method2_cicero	0.2579687237739563	4.5494499583038533e-32	1.3120481441335823e-30
chr1:995403-995903	ENSG00000187608	ISG15	chr1	995403	995903	1001137	+	5484	epithelial	method2_cicero	0.26734521985054016	2.224503213608693e-34	7.268711929979832e-33
chr1:995403-995903	ENSG00000188290	HES4	chr1	995403	995903	1000171	-	4518	epithelial	method2_cicero	0.26734521985054016	2.224503213608693e-34	7.268711929979832e-33
chr1:996895-997395	ENSG00000186827	TNFRSF4	chr1	996895	997395	1214152	-	217007	epithelial	method2_cicero	0.2501159608364105	3.324196461413518e-30	8.620657431484137e-29
chr1:996895-997395	ENSG00000187608	ISG15	chr1	996895	997395	1001137	+	3992	epithelial	method2_cicero	0.26832816004753113	1.2576554366375151e-34	4.16361348024002e-33
chr1:996895-997395	ENSG00000188290	HES4	chr1	996895	997395	1000171	-	3026	epithelial	method2_cicero	0.26832816004753113	1.2576554366375151e-34	4.16361348024002e-33
chr1:998297-998797	ENSG00000078808	SDF4	chr1	998297	998797	1232030	-	233483	epithelial	method2_cicero	0.2772737741470337	6.27523648892328e-37	2.33718066082537e-35
chr1:998297-998797	ENSG00000107404	DVL1	chr1	998297	998797	1349417	-	350870	epithelial	method2_cicero	0.31369784474372864	0.0	0.0
chr1:998297-998797	ENSG00000127054	INTS11	chr1	998297	998797	1324686	-	326139	epithelial	method2_cicero	0.2545987665653229	2.9220854697740614e-31	8.053586016805652e-30
chr1:998297-998797	ENSG00000131584	ACAP3	chr1	998297	998797	1309608	-	311061	epithelial	method2_cicero	0.2821349501609802	3.237407510703139e-38	1.2848496202668567e-36
chr1:998297-998797	ENSG00000131591	C1orf159	chr1	998297	998797	1116360	-	117813	epithelial	method2_cicero	0.2815772294998169	4.562697023985742e-38	1.7976366100376505e-36
chr1:998297-998797	ENSG00000162576	MXRA8	chr1	998297	998797	1361776	-	363229	epithelial	method2_cicero	0.2855112552642822	3.987712874987669e-39	1.6540225302619207e-37
chr1:998297-998797	ENSG00000169962	TAS1R3	chr1	998297	998797	1331279	+	332732	epithelial	method2_cicero	0.2635684013366699	1.9464419534671e-33	6.049407786323161e-32
chr1:998297-998797	ENSG00000169972	PUSL1	chr1	998297	998797	1308596	+	310049	epithelial	method2_cicero	0.2821349501609802	3.237407510703139e-38	1.2848496202668567e-36
chr1:998297-998797	ENSG00000175756	AURKAIP1	chr1	998297	998797	1375206	-	376659	epithelial	method2_cicero	0.2588660418987274	2.759724250472808e-32	8.055359038444884e-31
chr1:998297-998797	ENSG00000176022	B3GALT6	chr1	998297	998797	1232236	+	233689	epithelial	method2_cicero	0.2772737741470337	6.27523648892328e-37	2.33718066082537e-35
chr1:998297-998797	ENSG00000179403	VWA1	chr1	998297	998797	1434860	+	436313	epithelial	method2_cicero	0.2502681612968445	3.0632143341185305e-30	7.960418553892811e-29
chr1:998297-998797	ENSG00000186827	TNFRSF4	chr1	998297	998797	1214152	-	215605	epithelial	method2_cicero	0.2740459740161896	4.347343155438047e-36	1.5521530465394806e-34
chr1:998297-998797	ENSG00000186891	TNFRSF18	chr1	998297	998797	1206591	-	208044	epithelial	method2_cicero	0.29792046546936035	1.409706255110766e-42	6.865942085652306e-41
chr1:998297-998797	ENSG00000187583	PLEKHN1	chr1	998297	998797	966481	+	32066	epithelial	method2_cicero	0.2758124768733978	1.512131352553272e-36	5.524679955902004e-35
chr1:998297-998797	ENSG00000187608	ISG15	chr1	998297	998797	1001137	+	2590	epithelial	method2_cicero	0.40858694911003113	0.0	0.0
chr1:998297-998797	ENSG00000187634	SAMD11	chr1	998297	998797	923922	+	74625	epithelial	method2_cicero	0.2605994939804077	1.0448868632755524e-32	3.121372904540718e-31
chr1:998297-998797	ENSG00000187961	KLHL17	chr1	998297	998797	960583	+	37964	epithelial	method2_cicero	0.26144006848335266	6.507112813501918e-33	1.9656705872020954e-31
chr1:998297-998797	ENSG00000188290	HES4	chr1	998297	998797	1000171	-	1624	epithelial	method2_cicero	1.0	0.0	0.0
chr1:998297-998797	ENSG00000188976	NOC2L	chr1	998297	998797	959308	-	39239	epithelial	method2_cicero	0.26144006848335266	6.507112813501918e-33	1.9656705872020954e-31
chr1:998297-998797	ENSG00000205116	TMEM88B	chr1	998297	998797	1425870	+	427323	epithelial	method2_cicero	0.29700198769569397	2.572783980500364e-42	1.2382433750159814e-40
chr1:998297-998797	ENSG00000221978	CCNL2	chr1	998297	998797	1399334	-	400787	epithelial	method2_cicero	0.2771620750427246	6.712894957871801e-37	2.4965370575898223e-35
chr1:998297-998797	ENSG00000224051	CPTP	chr1	998297	998797	1324755	+	326208	epithelial	method2_cicero	0.2545987665653229	2.9220854697740614e-31	8.053586016805652e-30
chr1:998297-998797	ENSG00000242485	MRPL20	chr1	998297	998797	1407292	-	408745	epithelial	method2_cicero	0.266477108001709	3.6737373675476147e-34	1.1866464126653324e-32
chr1:998814-999314	ENSG00000078808	SDF4	chr1	998814	999314	1232030	-	232966	epithelial	method2_cicero	0.30238962173461914	7.286752014489049e-44	3.7582824813191594e-42
chr1:998814-999314	ENSG00000107404	DVL1	chr1	998814	999314	1349417	-	350353	epithelial	method2_cicero	0.3591271936893463	0.0	0.0
chr1:998814-999314	ENSG00000127054	INTS11	chr1	998814	999314	1324686	-	325622	epithelial	method2_cicero	0.2685234844684601	1.1225952683253614e-34	3.7263189288165746e-33
chr1:998814-999314	ENSG00000131584	ACAP3	chr1	998814	999314	1309608	-	310544	epithelial	method2_cicero	0.34504008293151855	0.0	0.0
chr1:998814-999314	ENSG00000131591	C1orf159	chr1	998814	999314	1116360	-	117296	epithelial	method2_cicero	0.3353824317455292	0.0	0.0
chr1:998814-999314	ENSG00000160072	ATAD3B	chr1	998814	999314	1471764	+	472700	epithelial	method2_cicero	0.31248635053634644	0.0	0.0
chr1:998814-999314	ENSG00000160087	UBE2J2	chr1	998814	999314	1273863	-	274799	epithelial	method2_cicero	0.3236006200313568	0.0	0.0
chr1:998814-999314	ENSG00000169962	TAS1R3	chr1	998814	999314	1331279	+	332215	epithelial	method2_cicero	0.27546486258506775	1.8625617946945022e-36	6.774465779285001e-35
chr1:998814-999314	ENSG00000169972	PUSL1	chr1	998814	999314	1308596	+	309532	epithelial	method2_cicero	0.34504008293151855	0.0	0.0
chr1:998814-999314	ENSG00000175756	AURKAIP1	chr1	998814	999314	1375206	-	376142	epithelial	method2_cicero	0.3408072590827942	0.0	0.0
chr1:998814-999314	ENSG00000176022	B3GALT6	chr1	998814	999314	1232236	+	233172	epithelial	method2_cicero	0.30238962173461914	7.286752014489049e-44	3.7582824813191594e-42
chr1:998814-999314	ENSG00000179403	VWA1	chr1	998814	999314	1434860	+	435796	epithelial	method2_cicero	0.2974828779697418	1.877739942195255e-42	9.094006643928765e-41
chr1:998814-999314	ENSG00000186827	TNFRSF4	chr1	998814	999314	1214152	-	215088	epithelial	method2_cicero	0.26396995782852173	1.5481409373833302e-33	4.8371078257558646e-32
chr1:998814-999314	ENSG00000186891	TNFRSF18	chr1	998814	999314	1206591	-	207527	epithelial	method2_cicero	0.3407200574874878	0.0	0.0
chr1:998814-999314	ENSG00000187583	PLEKHN1	chr1	998814	999314	966481	+	32583	epithelial	method2_cicero	0.29800844192504883	1.3298322426442514e-42	6.484648773509523e-41
chr1:998814-999314	ENSG00000187608	ISG15	chr1	998814	999314	1001137	+	2073	epithelial	method2_cicero	1.0	0.0	0.0
chr1:998814-999314	ENSG00000187634	SAMD11	chr1	998814	999314	923922	+	75142	epithelial	method2_cicero	0.30505651235580444	1.2611686178923354e-44	6.726232628759122e-43
chr1:998814-999314	ENSG00000187961	KLHL17	chr1	998814	999314	960583	+	38481	epithelial	method2_cicero	0.2977585196495056	1.5680529815794703e-42	7.621382087769815e-41
chr1:998814-999314	ENSG00000188157	AGRN	chr1	998814	999314	1020119	+	21055	epithelial	method2_cicero	0.33693066239356995	0.0	0.0
chr1:998814-999314	ENSG00000188290	HES4	chr1	998814	999314	1000171	-	1107	epithelial	method2_cicero	1.0	0.0	0.0
chr1:998814-999314	ENSG00000188976	NOC2L	chr1	998814	999314	959308	-	39756	epithelial	method2_cicero	0.2977585196495056	1.5680529815794703e-42	7.621382087769815e-41
chr1:998814-999314	ENSG00000205116	TMEM88B	chr1	998814	999314	1425870	+	426806	epithelial	method2_cicero	0.25483113527297974	2.5726483799949515e-31	7.112569122814203e-30
chr1:998814-999314	ENSG00000221978	CCNL2	chr1	998814	999314	1399334	-	400270	epithelial	method2_cicero	0.336111843585968	0.0	0.0
chr1:998814-999314	ENSG00000224051	CPTP	chr1	998814	999314	1324755	+	325691	epithelial	method2_cicero	0.2685234844684601	1.1225952683253614e-34	3.7263189288165746e-33
chr1:998814-999314	ENSG00000235098	ANKRD65	chr1	998814	999314	1421768	-	422704	epithelial	method2_cicero	0.2555811405181885	1.7039727484166663e-31	4.758823557778531e-30
chr1:998814-999314	ENSG00000242485	MRPL20	chr1	998814	999314	1407292	-	408228	epithelial	method2_cicero	0.37348851561546326	0.0	0.0
chr1:999329-999829	ENSG00000078808	SDF4	chr1	999329	999829	1232030	-	232451	epithelial	method2_cicero	0.3220196068286896	0.0	0.0
chr1:999329-999829	ENSG00000107404	DVL1	chr1	999329	999829	1349417	-	349838	epithelial	method2_cicero	0.344208300113678	0.0	0.0
chr1:999329-999829	ENSG00000127054	INTS11	chr1	999329	999829	1324686	-	325107	epithelial	method2_cicero	0.3188772201538086	0.0	0.0
chr1:999329-999829	ENSG00000131584	ACAP3	chr1	999329	999829	1309608	-	310029	epithelial	method2_cicero	0.34957996010780334	0.0	0.0
chr1:999329-999829	ENSG00000131591	C1orf159	chr1	999329	999829	1116360	-	116781	epithelial	method2_cicero	0.3694412112236023	0.0	0.0
chr1:999329-999829	ENSG00000160072	ATAD3B	chr1	999329	999829	1471764	+	472185	epithelial	method2_cicero	0.2714841961860657	1.9829984158069199e-35	6.844670342677939e-34
chr1:999329-999829	ENSG00000160087	UBE2J2	chr1	999329	999829	1273863	-	274284	epithelial	method2_cicero	0.3324041962623596	0.0	0.0
chr1:999329-999829	ENSG00000162571	TTLL10	chr1	999329	999829	1173879	+	174300	epithelial	method2_cicero	0.299935907125473	3.7274539151040134e-43	1.8633065680127093e-41
chr1:999329-999829	ENSG00000169962	TAS1R3	chr1	999329	999829	1331279	+	331700	epithelial	method2_cicero	0.3139224648475647	0.0	0.0
chr1:999329-999829	ENSG00000169972	PUSL1	chr1	999329	999829	1308596	+	309017	epithelial	method2_cicero	0.34957996010780334	0.0	0.0
chr1:999329-999829	ENSG00000175756	AURKAIP1	chr1	999329	999829	1375206	-	375627	epithelial	method2_cicero	0.33224260807037354	0.0	0.0
chr1:999329-999829	ENSG00000176022	B3GALT6	chr1	999329	999829	1232236	+	232657	epithelial	method2_cicero	0.3220196068286896	0.0	0.0
chr1:999329-999829	ENSG00000179403	VWA1	chr1	999329	999829	1434860	+	435281	epithelial	method2_cicero	0.3749690651893616	0.0	0.0
chr1:999329-999829	ENSG00000184163	C1QTNF12	chr1	999329	999829	1246721	-	247142	epithelial	method2_cicero	0.2537161111831665	4.734544709377552e-31	1.2893824125243038e-29
chr1:999329-999829	ENSG00000186891	TNFRSF18	chr1	999329	999829	1206591	-	207012	epithelial	method2_cicero	0.3033839464187622	3.783505853677006e-44	1.975830834697992e-42
chr1:999329-999829	ENSG00000187583	PLEKHN1	chr1	999329	999829	966481	+	33098	epithelial	method2_cicero	0.3299364447593689	0.0	0.0
chr1:999329-999829	ENSG00000187608	ISG15	chr1	999329	999829	1001137	+	1558	epithelial	method2_cicero	1.0	0.0	0.0
chr1:999329-999829	ENSG00000187961	KLHL17	chr1	999329	999829	960583	+	38996	epithelial	method2_cicero	0.2956966757774353	6.029787291989688e-42	2.8530436733653276e-40
chr1:999329-999829	ENSG00000188157	AGRN	chr1	999329	999829	1020119	+	20540	epithelial	method2_cicero	0.38378432393074036	0.0	0.0
chr1:999329-999829	ENSG00000188290	HES4	chr1	999329	999829	1000171	-	592	epithelial	method2_cicero	1.0	0.0	0.0
chr1:999329-999829	ENSG00000188976	NOC2L	chr1	999329	999829	959308	-	40271	epithelial	method2_cicero	0.2956966757774353	6.029787291989688e-42	2.8530436733653276e-40
chr1:999329-999829	ENSG00000221978	CCNL2	chr1	999329	999829	1399334	-	399755	epithelial	method2_cicero	0.3579345643520355	0.0	0.0
chr1:999329-999829	ENSG00000224051	CPTP	chr1	999329	999829	1324755	+	325176	epithelial	method2_cicero	0.3188772201538086	0.0	0.0
chr1:999329-999829	ENSG00000237330	RNF223	chr1	999329	999829	1074305	-	74726	epithelial	method2_cicero	0.3095473647117615	0.0	0.0
chr1:999329-999829	ENSG00000242485	MRPL20	chr1	999329	999829	1407292	-	407713	epithelial	method2_cicero	0.31828370690345764	0.0	0.0
chr1:999969-1000469	ENSG00000078808	SDF4	chr1	999969	1000469	1232030	-	231811	epithelial	method2_cicero	0.5095589756965637	0.0	0.0
chr1:999969-1000469	ENSG00000107404	DVL1	chr1	999969	1000469	1349417	-	349198	epithelial	method2_cicero	0.5299297571182251	0.0	0.0
chr1:999969-1000469	ENSG00000127054	INTS11	chr1	999969	1000469	1324686	-	324467	epithelial	method2_cicero	0.48333311080932617	0.0	0.0
chr1:999969-1000469	ENSG00000131584	ACAP3	chr1	999969	1000469	1309608	-	309389	epithelial	method2_cicero	0.516495406627655	0.0	0.0
chr1:999969-1000469	ENSG00000131591	C1orf159	chr1	999969	1000469	1116360	-	116141	epithelial	method2_cicero	0.49532556533813477	0.0	0.0
chr1:999969-1000469	ENSG00000160072	ATAD3B	chr1	999969	1000469	1471764	+	471545	epithelial	method2_cicero	0.48281821608543396	0.0	0.0
chr1:999969-1000469	ENSG00000160087	UBE2J2	chr1	999969	1000469	1273863	-	273644	epithelial	method2_cicero	0.4996891915798187	0.0	0.0
chr1:999969-1000469	ENSG00000162572	SCNN1D	chr1	999969	1000469	1280435	+	280216	epithelial	method2_cicero	0.3101315200328827	0.0	0.0
chr1:999969-1000469	ENSG00000162576	MXRA8	chr1	999969	1000469	1361776	-	361557	epithelial	method2_cicero	0.27210280299186707	1.3766191096619844e-35	4.790589014354515e-34
chr1:999969-1000469	ENSG00000169962	TAS1R3	chr1	999969	1000469	1331279	+	331060	epithelial	method2_cicero	0.3019493818283081	9.80908925027372e-44	5.030661486926093e-42
chr1:999969-1000469	ENSG00000169972	PUSL1	chr1	999969	1000469	1308596	+	308377	epithelial	method2_cicero	0.516495406627655	0.0	0.0
chr1:999969-1000469	ENSG00000175756	AURKAIP1	chr1	999969	1000469	1375206	-	374987	epithelial	method2_cicero	0.51812344789505	0.0	0.0
chr1:999969-1000469	ENSG00000176022	B3GALT6	chr1	999969	1000469	1232236	+	232017	epithelial	method2_cicero	0.5095589756965637	0.0	0.0
chr1:999969-1000469	ENSG00000179403	VWA1	chr1	999969	1000469	1434860	+	434641	epithelial	method2_cicero	0.43559151887893677	0.0	0.0
chr1:999969-1000469	ENSG00000186827	TNFRSF4	chr1	999969	1000469	1214152	-	213933	epithelial	method2_cicero	0.29453399777412415	1.2827486142429375e-41	5.979943105613654e-40
chr1:999969-1000469	ENSG00000186891	TNFRSF18	chr1	999969	1000469	1206591	-	206372	epithelial	method2_cicero	0.3393481969833374	0.0	0.0
chr1:999969-1000469	ENSG00000187583	PLEKHN1	chr1	999969	1000469	966481	+	33738	epithelial	method2_cicero	0.3488798141479492	0.0	0.0
chr1:999969-1000469	ENSG00000187608	ISG15	chr1	999969	1000469	1001137	+	918	epithelial	method2_cicero	1.0	0.0	0.0
chr1:999969-1000469	ENSG00000187634	SAMD11	chr1	999969	1000469	923922	+	76297	epithelial	method2_cicero	0.420890212059021	0.0	0.0
chr1:999969-1000469	ENSG00000187961	KLHL17	chr1	999969	1000469	960583	+	39636	epithelial	method2_cicero	0.48282113671302795	0.0	0.0
chr1:999969-1000469	ENSG00000188157	AGRN	chr1	999969	1000469	1020119	+	19900	epithelial	method2_cicero	0.5227223038673401	0.0	0.0
chr1:999969-1000469	ENSG00000188290	HES4	chr1	999969	1000469	1000171	-	48	epithelial	method2_cicero	1.0	0.0	0.0
chr1:999969-1000469	ENSG00000188976	NOC2L	chr1	999969	1000469	959308	-	40911	epithelial	method2_cicero	0.48282113671302795	0.0	0.0
chr1:999969-1000469	ENSG00000221978	CCNL2	chr1	999969	1000469	1399334	-	399115	epithelial	method2_cicero	0.5223432779312134	0.0	0.0
chr1:999969-1000469	ENSG00000224051	CPTP	chr1	999969	1000469	1324755	+	324536	epithelial	method2_cicero	0.48333311080932617	0.0	0.0
chr1:999969-1000469	ENSG00000235098	ANKRD65	chr1	999969	1000469	1421768	-	421549	epithelial	method2_cicero	0.3114719092845917	0.0	0.0
chr1:999969-1000469	ENSG00000237330	RNF223	chr1	999969	1000469	1074305	-	74086	epithelial	method2_cicero	0.2609020173549652	8.81312930533594e-33	2.6433896300274367e-31
chr1:999969-1000469	ENSG00000242485	MRPL20	chr1	999969	1000469	1407292	-	407073	epithelial	method2_cicero	0.48511579632759094	0.0	0.0
chr1:1000618-1001118	ENSG00000078808	SDF4	chr1	1000618	1001118	1232030	-	231162	epithelial	method2_cicero	0.45032650232315063	0.0	0.0
chr1:1000618-1001118	ENSG00000107404	DVL1	chr1	1000618	1001118	1349417	-	348549	epithelial	method2_cicero	0.5176907181739807	0.0	0.0
chr1:1000618-1001118	ENSG00000127054	INTS11	chr1	1000618	1001118	1324686	-	323818	epithelial	method2_cicero	0.432413250207901	0.0	0.0
chr1:1000618-1001118	ENSG00000131584	ACAP3	chr1	1000618	1001118	1309608	-	308740	epithelial	method2_cicero	0.47803911566734314	0.0	0.0
chr1:1000618-1001118	ENSG00000131591	C1orf159	chr1	1000618	1001118	1116360	-	115492	epithelial	method2_cicero	0.4281753897666931	0.0	0.0
chr1:1000618-1001118	ENSG00000160072	ATAD3B	chr1	1000618	1001118	1471764	+	470896	epithelial	method2_cicero	0.4274076223373413	0.0	0.0
chr1:1000618-1001118	ENSG00000160087	UBE2J2	chr1	1000618	1001118	1273863	-	272995	epithelial	method2_cicero	0.46930888295173645	0.0	0.0
chr1:1000618-1001118	ENSG00000162576	MXRA8	chr1	1000618	1001118	1361776	-	360908	epithelial	method2_cicero	0.3403855860233307	0.0	0.0
chr1:1000618-1001118	ENSG00000169962	TAS1R3	chr1	1000618	1001118	1331279	+	330411	epithelial	method2_cicero	0.26846614480018616	1.160686221449922e-34	3.849713876900252e-33
chr1:1000618-1001118	ENSG00000169972	PUSL1	chr1	1000618	1001118	1308596	+	307728	epithelial	method2_cicero	0.47803911566734314	0.0	0.0
chr1:1000618-1001118	ENSG00000175756	AURKAIP1	chr1	1000618	1001118	1375206	-	374338	epithelial	method2_cicero	0.4405677020549774	0.0	0.0
chr1:1000618-1001118	ENSG00000176022	B3GALT6	chr1	1000618	1001118	1232236	+	231368	epithelial	method2_cicero	0.45032650232315063	0.0	0.0
chr1:1000618-1001118	ENSG00000179403	VWA1	chr1	1000618	1001118	1434860	+	433992	epithelial	method2_cicero	0.4392779469490051	0.0	0.0
chr1:1000618-1001118	ENSG00000184163	C1QTNF12	chr1	1000618	1001118	1246721	-	245853	epithelial	method2_cicero	0.31081056594848633	0.0	0.0
chr1:1000618-1001118	ENSG00000186827	TNFRSF4	chr1	1000618	1001118	1214152	-	213284	epithelial	method2_cicero	0.3220597505569458	0.0	0.0
chr1:1000618-1001118	ENSG00000186891	TNFRSF18	chr1	1000618	1001118	1206591	-	205723	epithelial	method2_cicero	0.40064048767089844	0.0	0.0
chr1:1000618-1001118	ENSG00000187583	PLEKHN1	chr1	1000618	1001118	966481	+	34387	epithelial	method2_cicero	0.39769190549850464	0.0	0.0
chr1:1000618-1001118	ENSG00000187608	ISG15	chr1	1000618	1001118	1001137	+	269	epithelial	method2_cicero	1.0	0.0	0.0
chr1:1000618-1001118	ENSG00000187634	SAMD11	chr1	1000618	1001118	923922	+	76946	epithelial	method2_cicero	0.41646650433540344	0.0	0.0
chr1:1000618-1001118	ENSG00000187961	KLHL17	chr1	1000618	1001118	960583	+	40285	epithelial	method2_cicero	0.40101853013038635	0.0	0.0
chr1:1000618-1001118	ENSG00000188157	AGRN	chr1	1000618	1001118	1020119	+	19251	epithelial	method2_cicero	0.47977378964424133	0.0	0.0
chr1:1000618-1001118	ENSG00000188290	HES4	chr1	1000618	1001118	1000171	-	697	epithelial	method2_cicero	1.0	0.0	0.0
chr1:1000618-1001118	ENSG00000188976	NOC2L	chr1	1000618	1001118	959308	-	41560	epithelial	method2_cicero	0.40101853013038635	0.0	0.0
chr1:1000618-1001118	ENSG00000205116	TMEM88B	chr1	1000618	1001118	1425870	+	425002	epithelial	method2_cicero	0.32182902097702026	0.0	0.0
chr1:1000618-1001118	ENSG00000221978	CCNL2	chr1	1000618	1001118	1399334	-	398466	epithelial	method2_cicero	0.4712845981121063	0.0	0.0
chr1:1000618-1001118	ENSG00000224051	CPTP	chr1	1000618	1001118	1324755	+	323887	epithelial	method2_cicero	0.432413250207901	0.0	0.0
chr1:1000618-1001118	ENSG00000235098	ANKRD65	chr1	1000618	1001118	1421768	-	420900	epithelial	method2_cicero	0.3450568914413452	0.0	0.0
chr1:1000618-1001118	ENSG00000237330	RNF223	chr1	1000618	1001118	1074305	-	73437	epithelial	method2_cicero	0.2800087332725525	1.1925956851770304e-37	4.604199863543811e-36
chr1:1000618-1001118	ENSG00000242485	MRPL20	chr1	1000618	1001118	1407292	-	406424	epithelial	method2_cicero	0.4807058870792389	0.0	0.0
chr1:1001184-1001684	ENSG00000078808	SDF4	chr1	1001184	1001684	1232030	-	230596	epithelial	method2_cicero	0.32014524936676025	0.0	0.0
chr1:1001184-1001684	ENSG00000107404	DVL1	chr1	1001184	1001684	1349417	-	347983	epithelial	method2_cicero	0.4089776277542114	0.0	0.0
chr1:1001184-1001684	ENSG00000127054	INTS11	chr1	1001184	1001684	1324686	-	323252	epithelial	method2_cicero	0.33090463280677795	0.0	0.0
chr1:1001184-1001684	ENSG00000131584	ACAP3	chr1	1001184	1001684	1309608	-	308174	epithelial	method2_cicero	0.36300569772720337	0.0	0.0
chr1:1001184-1001684	ENSG00000131591	C1orf159	chr1	1001184	1001684	1116360	-	114926	epithelial	method2_cicero	0.34433513879776	0.0	0.0
chr1:1001184-1001684	ENSG00000160072	ATAD3B	chr1	1001184	1001684	1471764	+	470330	epithelial	method2_cicero	0.2984066605567932	1.0243491774214413e-42	5.021132657368685e-41
chr1:1001184-1001684	ENSG00000160087	UBE2J2	chr1	1001184	1001684	1273863	-	272429	epithelial	method2_cicero	0.33594250679016113	0.0	0.0
chr1:1001184-1001684	ENSG00000169972	PUSL1	chr1	1001184	1001684	1308596	+	307162	epithelial	method2_cicero	0.36300569772720337	0.0	0.0
chr1:1001184-1001684	ENSG00000175756	AURKAIP1	chr1	1001184	1001684	1375206	-	373772	epithelial	method2_cicero	0.32178083062171936	0.0	0.0
chr1:1001184-1001684	ENSG00000176022	B3GALT6	chr1	1001184	1001684	1232236	+	230802	epithelial	method2_cicero	0.32014524936676025	0.0	0.0
chr1:1001184-1001684	ENSG00000179403	VWA1	chr1	1001184	1001684	1434860	+	433426	epithelial	method2_cicero	0.3339141607284546	0.0	0.0
chr1:1001184-1001684	ENSG00000186827	TNFRSF4	chr1	1001184	1001684	1214152	-	212718	epithelial	method2_cicero	0.25635555386543274	1.1120007287592321e-31	3.1380762090681623e-30
chr1:1001184-1001684	ENSG00000186891	TNFRSF18	chr1	1001184	1001684	1206591	-	205157	epithelial	method2_cicero	0.29121655225753784	1.08435277766383e-40	4.844277580783178e-39
chr1:1001184-1001684	ENSG00000187583	PLEKHN1	chr1	1001184	1001684	966481	+	34953	epithelial	method2_cicero	0.3016943335533142	1.1630777253895982e-43	5.945709384130199e-42
chr1:1001184-1001684	ENSG00000187608	ISG15	chr1	1001184	1001684	1001137	+	297	epithelial	method2_cicero	1.0	0.0	0.0
chr1:1001184-1001684	ENSG00000187634	SAMD11	chr1	1001184	1001684	923922	+	77512	epithelial	method2_cicero	0.27063485980033875	3.2679184911184853e-35	1.1155345880387504e-33
chr1:1001184-1001684	ENSG00000187961	KLHL17	chr1	1001184	1001684	960583	+	40851	epithelial	method2_cicero	0.30804118514060974	1.401298464324817e-45	7.707141553786494e-44
chr1:1001184-1001684	ENSG00000188157	AGRN	chr1	1001184	1001684	1020119	+	18685	epithelial	method2_cicero	0.3403003215789795	0.0	0.0
chr1:1001184-1001684	ENSG00000188290	HES4	chr1	1001184	1001684	1000171	-	1263	epithelial	method2_cicero	1.0	0.0	0.0
chr1:1001184-1001684	ENSG00000188976	NOC2L	chr1	1001184	1001684	959308	-	42126	epithelial	method2_cicero	0.30804118514060974	1.401298464324817e-45	7.707141553786494e-44
chr1:1001184-1001684	ENSG00000221978	CCNL2	chr1	1001184	1001684	1399334	-	397900	epithelial	method2_cicero	0.34363532066345215	0.0	0.0
chr1:1001184-1001684	ENSG00000224051	CPTP	chr1	1001184	1001684	1324755	+	323321	epithelial	method2_cicero	0.33090463280677795	0.0	0.0
chr1:1001184-1001684	ENSG00000235098	ANKRD65	chr1	1001184	1001684	1421768	-	420334	epithelial	method2_cicero	0.2697713375091553	5.420626894923894e-35	1.829243329980195e-33
chr1:1001184-1001684	ENSG00000242485	MRPL20	chr1	1001184	1001684	1407292	-	405858	epithelial	method2_cicero	0.342077374458313	0.0	0.0
chr1:1001733-1002233	ENSG00000078808	SDF4	chr1	1001733	1002233	1232030	-	230047	epithelial	method2_cicero	0.4210473597049713	0.0	0.0
chr1:1001733-1002233	ENSG00000107404	DVL1	chr1	1001733	1002233	1349417	-	347434	epithelial	method2_cicero	0.4645039439201355	0.0	0.0
chr1:1001733-1002233	ENSG00000127054	INTS11	chr1	1001733	1002233	1324686	-	322703	epithelial	method2_cicero	0.43105408549308777	0.0	0.0
chr1:1001733-1002233	ENSG00000131584	ACAP3	chr1	1001733	1002233	1309608	-	307625	epithelial	method2_cicero	0.42177265882492065	0.0	0.0
chr1:1001733-1002233	ENSG00000131591	C1orf159	chr1	1001733	1002233	1116360	-	114377	epithelial	method2_cicero	0.44933080673217773	0.0	0.0
chr1:1001733-1002233	ENSG00000160072	ATAD3B	chr1	1001733	1002233	1471764	+	469781	epithelial	method2_cicero	0.42362499237060547	0.0	0.0
chr1:1001733-1002233	ENSG00000160087	UBE2J2	chr1	1001733	1002233	1273863	-	271880	epithelial	method2_cicero	0.40960460901260376	0.0	0.0
chr1:1001733-1002233	ENSG00000169962	TAS1R3	chr1	1001733	1002233	1331279	+	329296	epithelial	method2_cicero	0.25249385833740234	9.207773262985386e-31	2.466282692205994e-29
chr1:1001733-1002233	ENSG00000169972	PUSL1	chr1	1001733	1002233	1308596	+	306613	epithelial	method2_cicero	0.42177265882492065	0.0	0.0
chr1:1001733-1002233	ENSG00000175756	AURKAIP1	chr1	1001733	1002233	1375206	-	373223	epithelial	method2_cicero	0.43135595321655273	0.0	0.0
chr1:1001733-1002233	ENSG00000176022	B3GALT6	chr1	1001733	1002233	1232236	+	230253	epithelial	method2_cicero	0.4210473597049713	0.0	0.0
chr1:1001733-1002233	ENSG00000179403	VWA1	chr1	1001733	1002233	1434860	+	432877	epithelial	method2_cicero	0.42487478256225586	0.0	0.0
chr1:1001733-1002233	ENSG00000186827	TNFRSF4	chr1	1001733	1002233	1214152	-	212169	epithelial	method2_cicero	0.27348607778549194	6.065719454474231e-36	2.1496184837428033e-34
chr1:1001733-1002233	ENSG00000186891	TNFRSF18	chr1	1001733	1002233	1206591	-	204608	epithelial	method2_cicero	0.3127722442150116	0.0	0.0
chr1:1001733-1002233	ENSG00000187583	PLEKHN1	chr1	1001733	1002233	966481	+	35502	epithelial	method2_cicero	0.32473474740982056	0.0	0.0
chr1:1001733-1002233	ENSG00000187608	ISG15	chr1	1001733	1002233	1001137	+	846	epithelial	method2_cicero	1.0	0.0	0.0
chr1:1001733-1002233	ENSG00000187634	SAMD11	chr1	1001733	1002233	923922	+	78061	epithelial	method2_cicero	0.3767104148864746	0.0	0.0
chr1:1001733-1002233	ENSG00000187961	KLHL17	chr1	1001733	1002233	960583	+	41400	epithelial	method2_cicero	0.3973447382450104	0.0	0.0
chr1:1001733-1002233	ENSG00000188157	AGRN	chr1	1001733	1002233	1020119	+	18136	epithelial	method2_cicero	0.4295404553413391	0.0	0.0
chr1:1001733-1002233	ENSG00000188290	HES4	chr1	1001733	1002233	1000171	-	1812	epithelial	method2_cicero	1.0	0.0	0.0
chr1:1001733-1002233	ENSG00000188976	NOC2L	chr1	1001733	1002233	959308	-	42675	epithelial	method2_cicero	0.3973447382450104	0.0	0.0
chr1:1001733-1002233	ENSG00000205116	TMEM88B	chr1	1001733	1002233	1425870	+	423887	epithelial	method2_cicero	0.2736671268939972	5.446814217132234e-36	1.934905486604237e-34
chr1:1001733-1002233	ENSG00000221978	CCNL2	chr1	1001733	1002233	1399334	-	397351	epithelial	method2_cicero	0.4380829334259033	0.0	0.0
chr1:1001733-1002233	ENSG00000224051	CPTP	chr1	1001733	1002233	1324755	+	322772	epithelial	method2_cicero	0.43105408549308777	0.0	0.0
chr1:1001733-1002233	ENSG00000235098	ANKRD65	chr1	1001733	1002233	1421768	-	419785	epithelial	method2_cicero	0.3302401900291443	0.0	0.0
chr1:1001733-1002233	ENSG00000242485	MRPL20	chr1	1001733	1002233	1407292	-	405309	epithelial	method2_cicero	0.43546563386917114	0.0	0.0
chr1:1002409-1002909	ENSG00000131591	C1orf159	chr1	1002409	1002909	1116360	-	113701	epithelial	method2_cicero	0.2713235020637512	2.17985856379378e-35	7.508070681469074e-34
chr1:1002409-1002909	ENSG00000187608	ISG15	chr1	1002409	1002909	1001137	+	1522	epithelial	method2_cicero	1.0	0.0	0.0
chr1:1002409-1002909	ENSG00000188290	HES4	chr1	1002409	1002909	1000171	-	2488	epithelial	method2_cicero	0.261453777551651	6.456914796617991e-33	1.9508551266020716e-31
chr1:1003370-1003870	ENSG00000187608	ISG15	chr1	1003370	1003870	1001137	+	2483	epithelial	method2_cicero	0.2564507722854614	1.0550507310988992e-31	2.9812714692786415e-30
chr1:1003370-1003870	ENSG00000188290	HES4	chr1	1003370	1003870	1000171	-	3449	epithelial	method2_cicero	0.2564507722854614	1.0550507310988992e-31	2.9812714692786415e-30
chr1:1005172-1005672	ENSG00000078808	SDF4	chr1	1005172	1005672	1232030	-	226608	epithelial	method2_cicero	0.25594332814216614	1.3958940167780176e-31	3.9173727280135956e-30
chr1:1005172-1005672	ENSG00000131584	ACAP3	chr1	1005172	1005672	1309608	-	304186	epithelial	method2_cicero	0.2543550431728363	3.3392345606435876e-31	9.172904150878978e-30
chr1:1005172-1005672	ENSG00000160087	UBE2J2	chr1	1005172	1005672	1273863	-	268441	epithelial	method2_cicero	0.33494171500205994	0.0	0.0
chr1:1005172-1005672	ENSG00000169972	PUSL1	chr1	1005172	1005672	1308596	+	303174	epithelial	method2_cicero	0.2543550431728363	3.3392345606435876e-31	9.172904150878978e-30
chr1:1005172-1005672	ENSG00000176022	B3GALT6	chr1	1005172	1005672	1232236	+	226814	epithelial	method2_cicero	0.25594332814216614	1.3958940167780176e-31	3.9173727280135956e-30
chr1:1005172-1005672	ENSG00000187583	PLEKHN1	chr1	1005172	1005672	966481	+	38941	epithelial	method2_cicero	0.2749636769294739	2.5141265684562953e-36	9.08505834205708e-35
chr1:1005172-1005672	ENSG00000188157	AGRN	chr1	1005172	1005672	1020119	+	14697	epithelial	method2_cicero	0.2792741656303406	1.8663022078178043e-37	7.136014809517912e-36
chr1:1005681-1006181	ENSG00000160087	UBE2J2	chr1	1005681	1006181	1273863	-	267932	epithelial	method2_cicero	0.2973569929599762	2.0388892655926088e-42	9.858134696525088e-41
chr1:1005681-1006181	ENSG00000221978	CCNL2	chr1	1005681	1006181	1399334	-	393403	epithelial	method2_cicero	0.25592663884162903	1.4087893073559731e-31	3.952667275035453e-30
chr1:1006466-1006966	ENSG00000160087	UBE2J2	chr1	1006466	1006966	1273863	-	267147	epithelial	method2_cicero	0.5706150531768799	0.0	0.0
chr1:1006466-1006966	ENSG00000237330	RNF223	chr1	1006466	1006966	1074305	-	67589	epithelial	method2_cicero	0.3688904047012329	0.0	0.0
chr1:1012583-1013083	ENSG00000107404	DVL1	chr1	1012583	1013083	1349417	-	336584	epithelial	method2_cicero	0.2613382637500763	6.891870481625285e-33	2.0791579840056227e-31
chr1:1012583-1013083	ENSG00000131584	ACAP3	chr1	1012583	1013083	1309608	-	296775	epithelial	method2_cicero	0.3084322512149811	1.401298464324817e-45	7.707141553786494e-44
chr1:1012583-1013083	ENSG00000131591	C1orf159	chr1	1012583	1013083	1116360	-	103527	epithelial	method2_cicero	0.26384350657463074	1.6639585386790116e-33	5.19033006611934e-32
chr1:1012583-1013083	ENSG00000169972	PUSL1	chr1	1012583	1013083	1308596	+	295763	epithelial	method2_cicero	0.3084322512149811	1.401298464324817e-45	7.707141553786494e-44
chr1:1012583-1013083	ENSG00000175756	AURKAIP1	chr1	1012583	1013083	1375206	-	362373	epithelial	method2_cicero	0.28417256474494934	9.179778721631623e-39	3.741265112768399e-37
chr1:1012583-1013083	ENSG00000179403	VWA1	chr1	1012583	1013083	1434860	+	422027	epithelial	method2_cicero	0.28146740794181824	4.881210763628309e-38	1.920496899037344e-36
chr1:1012583-1013083	ENSG00000187583	PLEKHN1	chr1	1012583	1013083	966481	+	46352	epithelial	method2_cicero	0.2835325300693512	1.3653971976688153e-38	5.518117843349387e-37
chr1:1012583-1013083	ENSG00000187608	ISG15	chr1	1012583	1013083	1001137	+	11696	epithelial	method2_cicero	0.29131022095680237	1.0213223727384997e-40	4.568108278135579e-39
chr1:1012583-1013083	ENSG00000188157	AGRN	chr1	1012583	1013083	1020119	+	7286	epithelial	method2_cicero	0.2707570493221283	3.0416501778814696e-35	1.0399668316701858e-33
chr1:1012583-1013083	ENSG00000188290	HES4	chr1	1012583	1013083	1000171	-	12662	epithelial	method2_cicero	0.29131022095680237	1.0213223727384997e-40	4.568108278135579e-39
chr1:1012583-1013083	ENSG00000221978	CCNL2	chr1	1012583	1013083	1399334	-	386501	epithelial	method2_cicero	0.25818437337875366	4.0351973345684083e-32	1.167153701185689e-30
chr1:1013182-1013682	ENSG00000078808	SDF4	chr1	1013182	1013682	1232030	-	218598	epithelial	method2_cicero	0.46760162711143494	0.0	0.0
chr1:1013182-1013682	ENSG00000107404	DVL1	chr1	1013182	1013682	1349417	-	335985	epithelial	method2_cicero	0.49361005425453186	0.0	0.0
chr1:1013182-1013682	ENSG00000127054	INTS11	chr1	1013182	1013682	1324686	-	311254	epithelial	method2_cicero	0.4277631640434265	0.0	0.0
chr1:1013182-1013682	ENSG00000131584	ACAP3	chr1	1013182	1013682	1309608	-	296176	epithelial	method2_cicero	0.4792492985725403	0.0	0.0
chr1:1013182-1013682	ENSG00000131591	C1orf159	chr1	1013182	1013682	1116360	-	102928	epithelial	method2_cicero	0.42362967133522034	0.0	0.0
chr1:1013182-1013682	ENSG00000160072	ATAD3B	chr1	1013182	1013682	1471764	+	458332	epithelial	method2_cicero	0.3727748394012451	0.0	0.0
chr1:1013182-1013682	ENSG00000160087	UBE2J2	chr1	1013182	1013682	1273863	-	260431	epithelial	method2_cicero	0.4830333888530731	0.0	0.0
chr1:1013182-1013682	ENSG00000162576	MXRA8	chr1	1013182	1013682	1361776	-	348344	epithelial	method2_cicero	0.28304338455200195	1.8481188748668176e-38	7.42165692341551e-37
chr1:1013182-1013682	ENSG00000169972	PUSL1	chr1	1013182	1013682	1308596	+	295164	epithelial	method2_cicero	0.4792492985725403	0.0	0.0
chr1:1013182-1013682	ENSG00000175756	AURKAIP1	chr1	1013182	1013682	1375206	-	361774	epithelial	method2_cicero	0.45077580213546753	0.0	0.0
chr1:1013182-1013682	ENSG00000176022	B3GALT6	chr1	1013182	1013682	1232236	+	218804	epithelial	method2_cicero	0.46760162711143494	0.0	0.0
chr1:1013182-1013682	ENSG00000179403	VWA1	chr1	1013182	1013682	1434860	+	421428	epithelial	method2_cicero	0.3509235084056854	0.0	0.0
chr1:1013182-1013682	ENSG00000186827	TNFRSF4	chr1	1013182	1013682	1214152	-	200720	epithelial	method2_cicero	0.33619216084480286	0.0	0.0
chr1:1013182-1013682	ENSG00000186891	TNFRSF18	chr1	1013182	1013682	1206591	-	193159	epithelial	method2_cicero	0.3687050938606262	0.0	0.0
chr1:1013182-1013682	ENSG00000187583	PLEKHN1	chr1	1013182	1013682	966481	+	46951	epithelial	method2_cicero	0.4326792359352112	0.0	0.0
chr1:1013182-1013682	ENSG00000187608	ISG15	chr1	1013182	1013682	1001137	+	12295	epithelial	method2_cicero	0.3886494040489197	0.0	0.0
chr1:1013182-1013682	ENSG00000187634	SAMD11	chr1	1013182	1013682	923922	+	89510	epithelial	method2_cicero	0.2688864469528198	9.087258376161914e-35	3.031044509689916e-33
chr1:1013182-1013682	ENSG00000187961	KLHL17	chr1	1013182	1013682	960583	+	52849	epithelial	method2_cicero	0.41045621037483215	0.0	0.0
chr1:1013182-1013682	ENSG00000188157	AGRN	chr1	1013182	1013682	1020119	+	6687	epithelial	method2_cicero	0.48143184185028076	0.0	0.0
chr1:1013182-1013682	ENSG00000188290	HES4	chr1	1013182	1013682	1000171	-	13261	epithelial	method2_cicero	0.3886494040489197	0.0	0.0
chr1:1013182-1013682	ENSG00000188976	NOC2L	chr1	1013182	1013682	959308	-	54124	epithelial	method2_cicero	0.41045621037483215	0.0	0.0
chr1:1013182-1013682	ENSG00000197785	ATAD3A	chr1	1013182	1013682	1512161	+	498729	epithelial	method2_cicero	0.4632232189178467	0.0	0.0
chr1:1013182-1013682	ENSG00000221978	CCNL2	chr1	1013182	1013682	1399334	-	385902	epithelial	method2_cicero	0.4573635756969452	0.0	0.0
chr1:1013182-1013682	ENSG00000224051	CPTP	chr1	1013182	1013682	1324755	+	311323	epithelial	method2_cicero	0.4277631640434265	0.0	0.0
chr1:1013182-1013682	ENSG00000235098	ANKRD65	chr1	1013182	1013682	1421768	-	408336	epithelial	method2_cicero	0.2930321991443634	3.383154882419406e-41	1.5471904500426024e-39
chr1:1013182-1013682	ENSG00000242485	MRPL20	chr1	1013182	1013682	1407292	-	393860	epithelial	method2_cicero	0.3790089786052704	0.0	0.0
chr1:1014228-1014728	ENSG00000078808	SDF4	chr1	1014228	1014728	1232030	-	217552	epithelial	method2_cicero	0.2601986527442932	1.3088358178238444e-32	3.889004334766105e-31
chr1:1014228-1014728	ENSG00000127054	INTS11	chr1	1014228	1014728	1324686	-	310208	epithelial	method2_cicero	0.2525970935821533	8.705946261060026e-31	2.3351635760327881e-29
chr1:1014228-1014728	ENSG00000131584	ACAP3	chr1	1014228	1014728	1309608	-	295130	epithelial	method2_cicero	0.2590218782424927	2.5297420133438924e-32	7.399885991109984e-31
chr1:1014228-1014728	ENSG00000131591	C1orf159	chr1	1014228	1014728	1116360	-	101882	epithelial	method2_cicero	0.29872626066207886	8.295686908802917e-43	4.0829633355032195e-41
chr1:1014228-1014728	ENSG00000169972	PUSL1	chr1	1014228	1014728	1308596	+	294118	epithelial	method2_cicero	0.2590218782424927	2.5297420133438924e-32	7.399885991109984e-31
chr1:1014228-1014728	ENSG00000176022	B3GALT6	chr1	1014228	1014728	1232236	+	217758	epithelial	method2_cicero	0.2601986527442932	1.3088358178238444e-32	3.889004334766105e-31
chr1:1014228-1014728	ENSG00000179403	VWA1	chr1	1014228	1014728	1434860	+	420382	epithelial	method2_cicero	0.25957319140434265	1.858581758798399e-32	5.47688867002918e-31
chr1:1014228-1014728	ENSG00000186827	TNFRSF4	chr1	1014228	1014728	1214152	-	199674	epithelial	method2_cicero	0.252275288105011	1.0366926361540283e-30	2.768616077655564e-29
chr1:1014228-1014728	ENSG00000186891	TNFRSF18	chr1	1014228	1014728	1206591	-	192113	epithelial	method2_cicero	0.2941265106201172	1.669787250089452e-41	7.743673404751442e-40
chr1:1014228-1014728	ENSG00000187608	ISG15	chr1	1014228	1014728	1001137	+	13341	epithelial	method2_cicero	0.2800961136817932	1.1306204019433982e-37	4.369861864814319e-36
chr1:1014228-1014728	ENSG00000188157	AGRN	chr1	1014228	1014728	1020119	+	5641	epithelial	method2_cicero	0.3054542541503906	9.80908925027372e-45	5.254869241218064e-43
chr1:1014228-1014728	ENSG00000188290	HES4	chr1	1014228	1014728	1000171	-	14307	epithelial	method2_cicero	0.2800961136817932	1.1306204019433982e-37	4.369861864814319e-36
chr1:1014228-1014728	ENSG00000221978	CCNL2	chr1	1014228	1014728	1399334	-	384856	epithelial	method2_cicero	0.2718285918235779	1.6185459489657885e-35	5.612284361163257e-34
chr1:1014228-1014728	ENSG00000224051	CPTP	chr1	1014228	1014728	1324755	+	310277	epithelial	method2_cicero	0.2525970935821533	8.705946261060026e-31	2.3351635760327881e-29
chr1:1014839-1015339	ENSG00000188157	AGRN	chr1	1014839	1015339	1020119	+	5030	epithelial	method2_cicero	0.250623881816864	2.5298348068679463e-30	6.606418784321885e-29
chr1:1015355-1015855	ENSG00000131591	C1orf159	chr1	1015355	1015855	1116360	-	100755	epithelial	method2_cicero	0.25177255272865295	1.3611285127436912e-30	3.6105131814998005e-29
chr1:1015355-1015855	ENSG00000162571	TTLL10	chr1	1015355	1015855	1173879	+	158274	epithelial	method2_cicero	0.25968050956726074	1.7501709106730505e-32	5.164541953501565e-31
chr1:1015355-1015855	ENSG00000188157	AGRN	chr1	1015355	1015855	1020119	+	4514	epithelial	method2_cicero	0.2793130576610565	1.8226299003980428e-37	6.972412742971706e-36
chr1:1018165-1018665	ENSG00000127054	INTS11	chr1	1018165	1018665	1324686	-	306271	epithelial	method2_cicero	0.2558739483356476	1.4502868440275717e-31	4.0662380849181146e-30
chr1:1018165-1018665	ENSG00000131584	ACAP3	chr1	1018165	1018665	1309608	-	291193	epithelial	method2_cicero	0.2711450457572937	2.421271267812062e-35	8.320335441177352e-34
chr1:1018165-1018665	ENSG00000169972	PUSL1	chr1	1018165	1018665	1308596	+	290181	epithelial	method2_cicero	0.2711450457572937	2.421271267812062e-35	8.320335441177352e-34
chr1:1018165-1018665	ENSG00000179403	VWA1	chr1	1018165	1018665	1434860	+	416445	epithelial	method2_cicero	0.250948041677475	2.1245341348174204e-30	5.572253385790487e-29
chr1:1018165-1018665	ENSG00000188157	AGRN	chr1	1018165	1018665	1020119	+	1704	epithelial	method2_cicero	1.0	0.0	0.0
chr1:1018165-1018665	ENSG00000224051	CPTP	chr1	1018165	1018665	1324755	+	306340	epithelial	method2_cicero	0.2558739483356476	1.4502868440275717e-31	4.0662380849181146e-30
chr1:1018165-1018665	ENSG00000237330	RNF223	chr1	1018165	1018665	1074305	-	55890	epithelial	method2_cicero	0.2756199240684509	1.697257901610118e-36	6.185757201023453e-35
chr1:1018767-1019267	ENSG00000078808	SDF4	chr1	1018767	1019267	1232030	-	213013	epithelial	method2_cicero	0.2693440318107605	6.958381283609504e-35	2.334946877175697e-33
chr1:1018767-1019267	ENSG00000107404	DVL1	chr1	1018767	1019267	1349417	-	330400	epithelial	method2_cicero	0.2887597680091858	5.1732295926865e-40	2.2386690245350836e-38
chr1:1018767-1019267	ENSG00000127054	INTS11	chr1	1018767	1019267	1324686	-	305669	epithelial	method2_cicero	0.2833831012248993	1.4977868319037524e-38	6.041355515280136e-37
chr1:1018767-1019267	ENSG00000131584	ACAP3	chr1	1018767	1019267	1309608	-	290591	epithelial	method2_cicero	0.33141347765922546	0.0	0.0
chr1:1018767-1019267	ENSG00000131591	C1orf159	chr1	1018767	1019267	1116360	-	97343	epithelial	method2_cicero	0.3085188865661621	1.401298464324817e-45	7.707141553786494e-44
chr1:1018767-1019267	ENSG00000160072	ATAD3B	chr1	1018767	1019267	1471764	+	452747	epithelial	method2_cicero	0.30321136116981506	4.203895392974451e-44	2.191630798204014e-42
chr1:1018767-1019267	ENSG00000160087	UBE2J2	chr1	1018767	1019267	1273863	-	254846	epithelial	method2_cicero	0.3167814612388611	0.0	0.0
chr1:1018767-1019267	ENSG00000169962	TAS1R3	chr1	1018767	1019267	1331279	+	312262	epithelial	method2_cicero	0.26294925808906555	2.7683195019002192e-33	8.533319038170019e-32
chr1:1018767-1019267	ENSG00000169972	PUSL1	chr1	1018767	1019267	1308596	+	289579	epithelial	method2_cicero	0.33141347765922546	0.0	0.0
chr1:1018767-1019267	ENSG00000175756	AURKAIP1	chr1	1018767	1019267	1375206	-	356189	epithelial	method2_cicero	0.2982754409313202	1.1168348760668792e-42	5.464923881020354e-41
chr1:1018767-1019267	ENSG00000176022	B3GALT6	chr1	1018767	1019267	1232236	+	213219	epithelial	method2_cicero	0.2693440318107605	6.958381283609504e-35	2.334946877175697e-33
chr1:1018767-1019267	ENSG00000179403	VWA1	chr1	1018767	1019267	1434860	+	415843	epithelial	method2_cicero	0.3032269775867462	4.203895392974451e-44	2.191630798204014e-42
chr1:1018767-1019267	ENSG00000186891	TNFRSF18	chr1	1018767	1019267	1206591	-	187574	epithelial	method2_cicero	0.27035588026046753	3.849130997006137e-35	1.3090744064428629e-33
chr1:1018767-1019267	ENSG00000187583	PLEKHN1	chr1	1018767	1019267	966481	+	52536	epithelial	method2_cicero	0.30056342482566833	2.466285297211678e-43	1.2426714781632478e-41
chr1:1018767-1019267	ENSG00000187608	ISG15	chr1	1018767	1019267	1001137	+	17880	epithelial	method2_cicero	0.30252695083618164	6.726232628759122e-44	3.4752201915255463e-42
chr1:1018767-1019267	ENSG00000187961	KLHL17	chr1	1018767	1019267	960583	+	58434	epithelial	method2_cicero	0.2808617949485779	7.077560574540783e-38	2.7629905391708558e-36
chr1:1018767-1019267	ENSG00000188157	AGRN	chr1	1018767	1019267	1020119	+	1102	epithelial	method2_cicero	1.0	0.0	0.0
chr1:1018767-1019267	ENSG00000188290	HES4	chr1	1018767	1019267	1000171	-	18846	epithelial	method2_cicero	0.30252695083618164	6.726232628759122e-44	3.4752201915255463e-42
chr1:1018767-1019267	ENSG00000188976	NOC2L	chr1	1018767	1019267	959308	-	59709	epithelial	method2_cicero	0.2808617949485779	7.077560574540783e-38	2.7629905391708558e-36
chr1:1018767-1019267	ENSG00000197785	ATAD3A	chr1	1018767	1019267	1512161	+	493144	epithelial	method2_cicero	0.28714078664779663	1.4363715635884029e-39	6.085719279414134e-38
chr1:1018767-1019267	ENSG00000221978	CCNL2	chr1	1018767	1019267	1399334	-	380317	epithelial	method2_cicero	0.2920493483543396	6.362175287727534e-41	2.8730009660942416e-39
chr1:1018767-1019267	ENSG00000224051	CPTP	chr1	1018767	1019267	1324755	+	305738	epithelial	method2_cicero	0.2833831012248993	1.4977868319037524e-38	6.041355515280136e-37
chr1:1018767-1019267	ENSG00000242485	MRPL20	chr1	1018767	1019267	1407292	-	388275	epithelial	method2_cicero	0.28483933210372925	6.06355017718913e-39	2.4929550337924623e-37
chr1:1019312-1019812	ENSG00000078808	SDF4	chr1	1019312	1019812	1232030	-	212468	epithelial	method2_cicero	0.6346472501754761	0.0	0.0
chr1:1019312-1019812	ENSG00000107404	DVL1	chr1	1019312	1019812	1349417	-	329855	epithelial	method2_cicero	0.605829656124115	0.0	0.0
chr1:1019312-1019812	ENSG00000127054	INTS11	chr1	1019312	1019812	1324686	-	305124	epithelial	method2_cicero	0.6178097128868103	0.0	0.0
chr1:1019312-1019812	ENSG00000131584	ACAP3	chr1	1019312	1019812	1309608	-	290046	epithelial	method2_cicero	0.6266356110572815	0.0	0.0
chr1:1019312-1019812	ENSG00000131591	C1orf159	chr1	1019312	1019812	1116360	-	96798	epithelial	method2_cicero	0.6664299368858337	0.0	0.0
chr1:1019312-1019812	ENSG00000160072	ATAD3B	chr1	1019312	1019812	1471764	+	452202	epithelial	method2_cicero	0.5702189207077026	0.0	0.0
chr1:1019312-1019812	ENSG00000160087	UBE2J2	chr1	1019312	1019812	1273863	-	254301	epithelial	method2_cicero	0.6020362973213196	0.0	0.0
chr1:1019312-1019812	ENSG00000162572	SCNN1D	chr1	1019312	1019812	1280435	+	260873	epithelial	method2_cicero	0.41315561532974243	0.0	0.0
chr1:1019312-1019812	ENSG00000169962	TAS1R3	chr1	1019312	1019812	1331279	+	311717	epithelial	method2_cicero	0.29059097170829773	1.616593960383682e-40	7.163371888600642e-39
chr1:1019312-1019812	ENSG00000169972	PUSL1	chr1	1019312	1019812	1308596	+	289034	epithelial	method2_cicero	0.6266356110572815	0.0	0.0
chr1:1019312-1019812	ENSG00000175756	AURKAIP1	chr1	1019312	1019812	1375206	-	355644	epithelial	method2_cicero	0.6385822296142578	0.0	0.0
chr1:1019312-1019812	ENSG00000176022	B3GALT6	chr1	1019312	1019812	1232236	+	212674	epithelial	method2_cicero	0.6346472501754761	0.0	0.0
chr1:1019312-1019812	ENSG00000179403	VWA1	chr1	1019312	1019812	1434860	+	415298	epithelial	method2_cicero	0.5341536402702332	0.0	0.0
chr1:1019312-1019812	ENSG00000186827	TNFRSF4	chr1	1019312	1019812	1214152	-	194590	epithelial	method2_cicero	0.2620721459388733	4.5522543204829306e-33	1.3867664206933176e-31
chr1:1019312-1019812	ENSG00000186891	TNFRSF18	chr1	1019312	1019812	1206591	-	187029	epithelial	method2_cicero	0.30719947814941406	2.802596928649634e-45	1.5274153261140506e-43
chr1:1019312-1019812	ENSG00000187583	PLEKHN1	chr1	1019312	1019812	966481	+	53081	epithelial	method2_cicero	0.44697070121765137	0.0	0.0
chr1:1019312-1019812	ENSG00000187608	ISG15	chr1	1019312	1019812	1001137	+	18425	epithelial	method2_cicero	0.5227223038673401	0.0	0.0
chr1:1019312-1019812	ENSG00000187634	SAMD11	chr1	1019312	1019812	923922	+	95640	epithelial	method2_cicero	0.4447924792766571	0.0	0.0
chr1:1019312-1019812	ENSG00000187642	PERM1	chr1	1019312	1019812	982116	-	37446	epithelial	method2_cicero	0.2859629690647125	3.00672407594783e-39	1.2545940618093548e-37
chr1:1019312-1019812	ENSG00000187961	KLHL17	chr1	1019312	1019812	960583	+	58979	epithelial	method2_cicero	0.5604183673858643	0.0	0.0
chr1:1019312-1019812	ENSG00000188157	AGRN	chr1	1019312	1019812	1020119	+	557	epithelial	method2_cicero	1.0	0.0	0.0
chr1:1019312-1019812	ENSG00000188290	HES4	chr1	1019312	1019812	1000171	-	19391	epithelial	method2_cicero	0.5227223038673401	0.0	0.0
chr1:1019312-1019812	ENSG00000188976	NOC2L	chr1	1019312	1019812	959308	-	60254	epithelial	method2_cicero	0.5604183673858643	0.0	0.0
chr1:1019312-1019812	ENSG00000197785	ATAD3A	chr1	1019312	1019812	1512161	+	492599	epithelial	method2_cicero	0.6265842914581299	0.0	0.0
chr1:1019312-1019812	ENSG00000221978	CCNL2	chr1	1019312	1019812	1399334	-	379772	epithelial	method2_cicero	0.5981806516647339	0.0	0.0
chr1:1019312-1019812	ENSG00000224051	CPTP	chr1	1019312	1019812	1324755	+	305193	epithelial	method2_cicero	0.6178097128868103	0.0	0.0
chr1:1019312-1019812	ENSG00000235098	ANKRD65	chr1	1019312	1019812	1421768	-	402206	epithelial	method2_cicero	0.3621724247932434	0.0	0.0
chr1:1019312-1019812	ENSG00000237330	RNF223	chr1	1019312	1019812	1074305	-	54743	epithelial	method2_cicero	0.4048030376434326	0.0	0.0
chr1:1019312-1019812	ENSG00000242485	MRPL20	chr1	1019312	1019812	1407292	-	387730	epithelial	method2_cicero	0.5258950591087341	0.0	0.0
chr1:1019830-1020330	ENSG00000078808	SDF4	chr1	1019830	1020330	1232030	-	211950	epithelial	method2_cicero	0.5103455185890198	0.0	0.0
chr1:1019830-1020330	ENSG00000107404	DVL1	chr1	1019830	1020330	1349417	-	329337	epithelial	method2_cicero	0.4997016489505768	0.0	0.0
chr1:1019830-1020330	ENSG00000127054	INTS11	chr1	1019830	1020330	1324686	-	304606	epithelial	method2_cicero	0.5026540160179138	0.0	0.0
chr1:1019830-1020330	ENSG00000131584	ACAP3	chr1	1019830	1020330	1309608	-	289528	epithelial	method2_cicero	0.5247830748558044	0.0	0.0
chr1:1019830-1020330	ENSG00000131591	C1orf159	chr1	1019830	1020330	1116360	-	96280	epithelial	method2_cicero	0.5338698625564575	0.0	0.0
chr1:1019830-1020330	ENSG00000160072	ATAD3B	chr1	1019830	1020330	1471764	+	451684	epithelial	method2_cicero	0.44844725728034973	0.0	0.0
chr1:1019830-1020330	ENSG00000160087	UBE2J2	chr1	1019830	1020330	1273863	-	253783	epithelial	method2_cicero	0.4740099012851715	0.0	0.0
chr1:1019830-1020330	ENSG00000162572	SCNN1D	chr1	1019830	1020330	1280435	+	260355	epithelial	method2_cicero	0.3978613317012787	0.0	0.0
chr1:1019830-1020330	ENSG00000169962	TAS1R3	chr1	1019830	1020330	1331279	+	311199	epithelial	method2_cicero	0.3444136083126068	0.0	0.0
chr1:1019830-1020330	ENSG00000169972	PUSL1	chr1	1019830	1020330	1308596	+	288516	epithelial	method2_cicero	0.5247830748558044	0.0	0.0
chr1:1019830-1020330	ENSG00000175756	AURKAIP1	chr1	1019830	1020330	1375206	-	355126	epithelial	method2_cicero	0.517763078212738	0.0	0.0
chr1:1019830-1020330	ENSG00000176022	B3GALT6	chr1	1019830	1020330	1232236	+	212156	epithelial	method2_cicero	0.5103455185890198	0.0	0.0
chr1:1019830-1020330	ENSG00000179403	VWA1	chr1	1019830	1020330	1434860	+	414780	epithelial	method2_cicero	0.46228209137916565	0.0	0.0
chr1:1019830-1020330	ENSG00000186891	TNFRSF18	chr1	1019830	1020330	1206591	-	186511	epithelial	method2_cicero	0.2998426854610443	3.965674654039232e-43	1.9800347300909665e-41
chr1:1019830-1020330	ENSG00000187583	PLEKHN1	chr1	1019830	1020330	966481	+	53599	epithelial	method2_cicero	0.38025936484336853	0.0	0.0
chr1:1019830-1020330	ENSG00000187608	ISG15	chr1	1019830	1020330	1001137	+	18943	epithelial	method2_cicero	0.4712677597999573	0.0	0.0
chr1:1019830-1020330	ENSG00000187634	SAMD11	chr1	1019830	1020330	923922	+	96158	epithelial	method2_cicero	0.3434580862522125	0.0	0.0
chr1:1019830-1020330	ENSG00000187642	PERM1	chr1	1019830	1020330	982116	-	37964	epithelial	method2_cicero	0.2597629129886627	1.6712051674782433e-32	4.936916406221896e-31
chr1:1019830-1020330	ENSG00000187961	KLHL17	chr1	1019830	1020330	960583	+	59497	epithelial	method2_cicero	0.42719680070877075	0.0	0.0
chr1:1019830-1020330	ENSG00000188157	AGRN	chr1	1019830	1020330	1020119	+	39	epithelial	method2_cicero	1.0	0.0	0.0
chr1:1019830-1020330	ENSG00000188290	HES4	chr1	1019830	1020330	1000171	-	19909	epithelial	method2_cicero	0.4712677597999573	0.0	0.0
chr1:1019830-1020330	ENSG00000188976	NOC2L	chr1	1019830	1020330	959308	-	60772	epithelial	method2_cicero	0.42719680070877075	0.0	0.0
chr1:1019830-1020330	ENSG00000197785	ATAD3A	chr1	1019830	1020330	1512161	+	492081	epithelial	method2_cicero	0.5195533633232117	0.0	0.0
chr1:1019830-1020330	ENSG00000221978	CCNL2	chr1	1019830	1020330	1399334	-	379254	epithelial	method2_cicero	0.49330663681030273	0.0	0.0
chr1:1019830-1020330	ENSG00000224051	CPTP	chr1	1019830	1020330	1324755	+	304675	epithelial	method2_cicero	0.5026540160179138	0.0	0.0
chr1:1019830-1020330	ENSG00000235098	ANKRD65	chr1	1019830	1020330	1421768	-	401688	epithelial	method2_cicero	0.2901995778083801	2.0743841556939565e-40	9.145594045594419e-39
chr1:1019830-1020330	ENSG00000237330	RNF223	chr1	1019830	1020330	1074305	-	54225	epithelial	method2_cicero	0.4013044238090515	0.0	0.0
chr1:1019830-1020330	ENSG00000242485	MRPL20	chr1	1019830	1020330	1407292	-	387212	epithelial	method2_cicero	0.4463924765586853	0.0	0.0
chr1:1020388-1020888	ENSG00000078808	SDF4	chr1	1020388	1020888	1232030	-	211392	epithelial	method2_cicero	0.34489700198173523	0.0	0.0
chr1:1020388-1020888	ENSG00000107404	DVL1	chr1	1020388	1020888	1349417	-	328779	epithelial	method2_cicero	0.38002198934555054	0.0	0.0
chr1:1020388-1020888	ENSG00000127054	INTS11	chr1	1020388	1020888	1324686	-	304048	epithelial	method2_cicero	0.34676238894462585	0.0	0.0
chr1:1020388-1020888	ENSG00000131584	ACAP3	chr1	1020388	1020888	1309608	-	288970	epithelial	method2_cicero	0.3538613021373749	0.0	0.0
chr1:1020388-1020888	ENSG00000131591	C1orf159	chr1	1020388	1020888	1116360	-	95722	epithelial	method2_cicero	0.3874247074127197	0.0	0.0
chr1:1020388-1020888	ENSG00000160072	ATAD3B	chr1	1020388	1020888	1471764	+	451126	epithelial	method2_cicero	0.3406413495540619	0.0	0.0
chr1:1020388-1020888	ENSG00000160087	UBE2J2	chr1	1020388	1020888	1273863	-	253225	epithelial	method2_cicero	0.30785930156707764	1.401298464324817e-45	7.707141553786494e-44
chr1:1020388-1020888	ENSG00000162571	TTLL10	chr1	1020388	1020888	1173879	+	153241	epithelial	method2_cicero	0.2630774676799774	2.5737959416612623e-33	7.947527885358643e-32
chr1:1020388-1020888	ENSG00000162572	SCNN1D	chr1	1020388	1020888	1280435	+	259797	epithelial	method2_cicero	0.2697490453720093	5.49178333323451e-35	1.8527025238027615e-33
chr1:1020388-1020888	ENSG00000169962	TAS1R3	chr1	1020388	1020888	1331279	+	310641	epithelial	method2_cicero	0.26047295331954956	1.1219362568049317e-32	3.3459588585280314e-31
chr1:1020388-1020888	ENSG00000169972	PUSL1	chr1	1020388	1020888	1308596	+	287958	epithelial	method2_cicero	0.3538613021373749	0.0	0.0
chr1:1020388-1020888	ENSG00000175756	AURKAIP1	chr1	1020388	1020888	1375206	-	354568	epithelial	method2_cicero	0.3563028872013092	0.0	0.0
chr1:1020388-1020888	ENSG00000176022	B3GALT6	chr1	1020388	1020888	1232236	+	211598	epithelial	method2_cicero	0.34489700198173523	0.0	0.0
chr1:1020388-1020888	ENSG00000179403	VWA1	chr1	1020388	1020888	1434860	+	414222	epithelial	method2_cicero	0.36798325181007385	0.0	0.0
chr1:1020388-1020888	ENSG00000184163	C1QTNF12	chr1	1020388	1020888	1246721	-	226083	epithelial	method2_cicero	0.27932223677635193	1.8124688049735306e-37	6.934415088971523e-36
chr1:1020388-1020888	ENSG00000186891	TNFRSF18	chr1	1020388	1020888	1206591	-	185953	epithelial	method2_cicero	0.27747783064842224	5.5476536276532855e-37	2.0716268442475187e-35
chr1:1020388-1020888	ENSG00000187583	PLEKHN1	chr1	1020388	1020888	966481	+	54157	epithelial	method2_cicero	0.2929898798465729	3.476621489989871e-41	1.5890640507535566e-39
chr1:1020388-1020888	ENSG00000187608	ISG15	chr1	1020388	1020888	1001137	+	19501	epithelial	method2_cicero	0.4101479649543762	0.0	0.0
chr1:1020388-1020888	ENSG00000187634	SAMD11	chr1	1020388	1020888	923922	+	96716	epithelial	method2_cicero	0.33818337321281433	0.0	0.0
chr1:1020388-1020888	ENSG00000187961	KLHL17	chr1	1020388	1020888	960583	+	60055	epithelial	method2_cicero	0.2939717173576355	1.845510077515784e-41	8.541895048984787e-40
