peak_id	gene_id	gene_name	chrom	peak_start	peak_end	tss_pos	strand	distance_bp	compartment	method	score	pvalue	fdr
chr1:817081-817581	ENSG00000187608	ISG15	chr1	817081	817581	1001137	+	183806	immune	method2_cicero	0.4590380787849426	0.0	0.0
chr1:817081-817581	ENSG00000188290	HES4	chr1	817081	817581	1000171	-	182840	immune	method2_cicero	0.4590380787849426	0.0	0.0
chr1:819790-820290	ENSG00000187608	ISG15	chr1	819790	820290	1001137	+	181097	immune	method2_cicero	0.2733134329319	6.720754067441447e-36	8.828304087926717e-35
chr1:819790-820290	ENSG00000188290	HES4	chr1	819790	820290	1000171	-	180131	immune	method2_cicero	0.2733134329319	6.720754067441447e-36	8.828304087926717e-35
chr1:827273-827773	ENSG00000078808	SDF4	chr1	827273	827773	1232030	-	404507	immune	method2_cicero	0.3958640694618225	0.0	0.0
chr1:827273-827773	ENSG00000127054	INTS11	chr1	827273	827773	1324686	-	497163	immune	method2_cicero	0.33100688457489014	0.0	0.0
chr1:827273-827773	ENSG00000131584	ACAP3	chr1	827273	827773	1309608	-	482085	immune	method2_cicero	0.28101789951324463	6.431797961148434e-38	9.012194803841905e-37
chr1:827273-827773	ENSG00000131591	C1orf159	chr1	827273	827773	1116360	-	288837	immune	method2_cicero	0.29626011848449707	4.17727072215228e-42	6.639912643356713e-41
chr1:827273-827773	ENSG00000160087	UBE2J2	chr1	827273	827773	1273863	-	446340	immune	method2_cicero	0.3258017301559448	0.0	0.0
chr1:827273-827773	ENSG00000169972	PUSL1	chr1	827273	827773	1308596	+	481073	immune	method2_cicero	0.28101789951324463	6.431797961148434e-38	9.012194803841905e-37
chr1:827273-827773	ENSG00000176022	B3GALT6	chr1	827273	827773	1232236	+	404713	immune	method2_cicero	0.3958640694618225	0.0	0.0
chr1:827273-827773	ENSG00000186827	TNFRSF4	chr1	827273	827773	1214152	-	386629	immune	method2_cicero	0.2668303847312927	2.995996916031409e-34	3.725997871922006e-33
chr1:827273-827773	ENSG00000186891	TNFRSF18	chr1	827273	827773	1206591	-	379068	immune	method2_cicero	0.30744317173957825	2.802596928649634e-45	4.90454462513686e-44
chr1:827273-827773	ENSG00000187583	PLEKHN1	chr1	827273	827773	966481	+	138958	immune	method2_cicero	0.29948678612709045	5.016648502282845e-43	8.187786927049906e-42
chr1:827273-827773	ENSG00000187608	ISG15	chr1	827273	827773	1001137	+	173614	immune	method2_cicero	0.2860971987247467	2.7644563870476413e-39	4.0406264655199595e-38
chr1:827273-827773	ENSG00000187634	SAMD11	chr1	827273	827773	923922	+	96399	immune	method2_cicero	0.2751891314983368	2.1969172583178117e-36	2.9317687197425077e-35
chr1:827273-827773	ENSG00000187961	KLHL17	chr1	827273	827773	960583	+	133060	immune	method2_cicero	0.28396278619766235	1.0456772203081579e-38	1.5013155256446766e-37
chr1:827273-827773	ENSG00000188157	AGRN	chr1	827273	827773	1020119	+	192596	immune	method2_cicero	0.2995748519897461	4.736388809417882e-43	7.73516752307299e-42
chr1:827273-827773	ENSG00000188290	HES4	chr1	827273	827773	1000171	-	172648	immune	method2_cicero	0.2860971987247467	2.7644563870476413e-39	4.0406264655199595e-38
chr1:827273-827773	ENSG00000188976	NOC2L	chr1	827273	827773	959308	-	131785	immune	method2_cicero	0.28396278619766235	1.0456772203081579e-38	1.5013155256446766e-37
chr1:827273-827773	ENSG00000224051	CPTP	chr1	827273	827773	1324755	+	497232	immune	method2_cicero	0.33100688457489014	0.0	0.0
chr1:903544-904044	ENSG00000187608	ISG15	chr1	903544	904044	1001137	+	97343	immune	method2_cicero	0.27256152033805847	1.0495680835608225e-35	1.369982187053239e-34
chr1:903544-904044	ENSG00000188290	HES4	chr1	903544	904044	1000171	-	96377	immune	method2_cicero	0.27256152033805847	1.0495680835608225e-35	1.369982187053239e-34
chr1:904528-905028	ENSG00000078808	SDF4	chr1	904528	905028	1232030	-	327252	immune	method2_cicero	0.32223382592201233	0.0	0.0
chr1:904528-905028	ENSG00000107404	DVL1	chr1	904528	905028	1349417	-	444639	immune	method2_cicero	0.340772420167923	0.0	0.0
chr1:904528-905028	ENSG00000131584	ACAP3	chr1	904528	905028	1309608	-	404830	immune	method2_cicero	0.2630898058414459	2.5557945313753652e-33	3.079699690238389e-32
chr1:904528-905028	ENSG00000169972	PUSL1	chr1	904528	905028	1308596	+	403818	immune	method2_cicero	0.2630898058414459	2.5557945313753652e-33	3.079699690238389e-32
chr1:904528-905028	ENSG00000175756	AURKAIP1	chr1	904528	905028	1375206	-	470428	immune	method2_cicero	0.31794705986976624	0.0	0.0
chr1:904528-905028	ENSG00000176022	B3GALT6	chr1	904528	905028	1232236	+	327458	immune	method2_cicero	0.32223382592201233	0.0	0.0
chr1:904528-905028	ENSG00000187608	ISG15	chr1	904528	905028	1001137	+	96359	immune	method2_cicero	0.32963624596595764	0.0	0.0
chr1:904528-905028	ENSG00000187634	SAMD11	chr1	904528	905028	923922	+	19144	immune	method2_cicero	0.26097002625465393	8.48196462871847e-33	1.003917314585305e-31
chr1:904528-905028	ENSG00000187961	KLHL17	chr1	904528	905028	960583	+	55805	immune	method2_cicero	0.33640924096107483	0.0	0.0
chr1:904528-905028	ENSG00000188157	AGRN	chr1	904528	905028	1020119	+	115341	immune	method2_cicero	0.30738821625709534	2.802596928649634e-45	4.90454462513686e-44
chr1:904528-905028	ENSG00000188290	HES4	chr1	904528	905028	1000171	-	95393	immune	method2_cicero	0.32963624596595764	0.0	0.0
chr1:904528-905028	ENSG00000188976	NOC2L	chr1	904528	905028	959308	-	54530	immune	method2_cicero	0.33640924096107483	0.0	0.0
chr1:904528-905028	ENSG00000221978	CCNL2	chr1	904528	905028	1399334	-	494556	immune	method2_cicero	0.3335355520248413	0.0	0.0
chr1:905239-905739	ENSG00000187608	ISG15	chr1	905239	905739	1001137	+	95648	immune	method2_cicero	0.2766362428665161	9.216308162363212e-37	1.2450274532453478e-35
chr1:905239-905739	ENSG00000188290	HES4	chr1	905239	905739	1000171	-	94682	immune	method2_cicero	0.2766362428665161	9.216308162363212e-37	1.2450274532453478e-35
chr1:905836-906336	ENSG00000162576	MXRA8	chr1	905836	906336	1361776	-	455690	immune	method2_cicero	0.3017306625843048	1.1350517561031018e-43	1.8861477329812038e-42
chr1:906603-907103	ENSG00000162576	MXRA8	chr1	906603	907103	1361776	-	454923	immune	method2_cicero	0.28463420271873474	6.889440459600569e-39	9.946966929814338e-38
chr1:906603-907103	ENSG00000187608	ISG15	chr1	906603	907103	1001137	+	94284	immune	method2_cicero	0.4255666136741638	0.0	0.0
chr1:906603-907103	ENSG00000188290	HES4	chr1	906603	907103	1000171	-	93318	immune	method2_cicero	0.4255666136741638	0.0	0.0
chr1:912910-913410	ENSG00000162572	SCNN1D	chr1	912910	913410	1280435	+	367275	immune	method2_cicero	0.29569211602211	6.04800417202591e-42	9.568346174102716e-41
chr1:919280-919780	ENSG00000162576	MXRA8	chr1	919280	919780	1361776	-	442246	immune	method2_cicero	0.26808834075927734	1.4457299409942732e-34	1.8168811701713754e-33
chr1:920974-921474	ENSG00000078808	SDF4	chr1	920974	921474	1232030	-	310806	immune	method2_cicero	0.3032618761062622	4.0637655465419695e-44	6.838336505905107e-43
chr1:920974-921474	ENSG00000127054	INTS11	chr1	920974	921474	1324686	-	403462	immune	method2_cicero	0.26435819268226624	1.2402629875266417e-33	1.5105259630435817e-32
chr1:920974-921474	ENSG00000169962	TAS1R3	chr1	920974	921474	1331279	+	410055	immune	method2_cicero	0.2616315186023712	5.8402949085567595e-33	6.951244701285318e-32
chr1:920974-921474	ENSG00000175756	AURKAIP1	chr1	920974	921474	1375206	-	453982	immune	method2_cicero	0.3139587342739105	0.0	0.0
chr1:920974-921474	ENSG00000176022	B3GALT6	chr1	920974	921474	1232236	+	311012	immune	method2_cicero	0.3032618761062622	4.0637655465419695e-44	6.838336505905107e-43
chr1:920974-921474	ENSG00000186827	TNFRSF4	chr1	920974	921474	1214152	-	292928	immune	method2_cicero	0.2959107756614685	5.24506015196779e-42	8.312922879914112e-41
chr1:920974-921474	ENSG00000187583	PLEKHN1	chr1	920974	921474	966481	+	45257	immune	method2_cicero	0.28870296478271484	5.362587054170713e-40	8.008612701505942e-39
chr1:920974-921474	ENSG00000187634	SAMD11	chr1	920974	921474	923922	+	2698	immune	method2_cicero	0.3086491525173187	1.401298464324817e-45	2.382207389352189e-44
chr1:920974-921474	ENSG00000221978	CCNL2	chr1	920974	921474	1399334	-	478110	immune	method2_cicero	0.26508063077926636	8.20152877815272e-34	1.0049682506159784e-32
chr1:920974-921474	ENSG00000224051	CPTP	chr1	920974	921474	1324755	+	403531	immune	method2_cicero	0.26435819268226624	1.2402629875266417e-33	1.5105259630435817e-32
chr1:923614-924114	ENSG00000078808	SDF4	chr1	923614	924114	1232030	-	308166	immune	method2_cicero	0.3493218719959259	0.0	0.0
chr1:923614-924114	ENSG00000107404	DVL1	chr1	923614	924114	1349417	-	425553	immune	method2_cicero	0.2910498380661011	1.2062237051061593e-40	1.8365782011041777e-39
chr1:923614-924114	ENSG00000127054	INTS11	chr1	923614	924114	1324686	-	400822	immune	method2_cicero	0.3065952658653259	4.203895392974451e-45	7.286752014489049e-44
chr1:923614-924114	ENSG00000131584	ACAP3	chr1	923614	924114	1309608	-	385744	immune	method2_cicero	0.27473652362823486	2.8796596449266326e-36	3.828638193024407e-35
chr1:923614-924114	ENSG00000131591	C1orf159	chr1	923614	924114	1116360	-	192496	immune	method2_cicero	0.2509499788284302	2.1223240173587784e-30	2.3048038483352308e-29
chr1:923614-924114	ENSG00000160087	UBE2J2	chr1	923614	924114	1273863	-	349999	immune	method2_cicero	0.3394778370857239	0.0	0.0
chr1:923614-924114	ENSG00000162572	SCNN1D	chr1	923614	924114	1280435	+	356571	immune	method2_cicero	0.31332215666770935	0.0	0.0
chr1:923614-924114	ENSG00000169962	TAS1R3	chr1	923614	924114	1331279	+	407415	immune	method2_cicero	0.28484830260276794	6.029749456931151e-39	8.721840829463209e-38
chr1:923614-924114	ENSG00000169972	PUSL1	chr1	923614	924114	1308596	+	384732	immune	method2_cicero	0.27473652362823486	2.8796596449266326e-36	3.828638193024407e-35
chr1:923614-924114	ENSG00000175756	AURKAIP1	chr1	923614	924114	1375206	-	451342	immune	method2_cicero	0.2825523018836975	2.502972412046473e-38	3.5520429606639015e-37
chr1:923614-924114	ENSG00000176022	B3GALT6	chr1	923614	924114	1232236	+	308372	immune	method2_cicero	0.3493218719959259	0.0	0.0
chr1:923614-924114	ENSG00000186827	TNFRSF4	chr1	923614	924114	1214152	-	290288	immune	method2_cicero	0.34525206685066223	0.0	0.0
chr1:923614-924114	ENSG00000186891	TNFRSF18	chr1	923614	924114	1206591	-	282727	immune	method2_cicero	0.2759093642234802	1.426720305386763e-36	1.9156779748694162e-35
chr1:923614-924114	ENSG00000187583	PLEKHN1	chr1	923614	924114	966481	+	42617	immune	method2_cicero	0.25986653566360474	1.576905394350547e-32	1.849052378744588e-31
chr1:923614-924114	ENSG00000187608	ISG15	chr1	923614	924114	1001137	+	77273	immune	method2_cicero	0.31515297293663025	0.0	0.0
chr1:923614-924114	ENSG00000187634	SAMD11	chr1	923614	924114	923922	+	58	immune	method2_cicero	1.0	0.0	0.0
chr1:923614-924114	ENSG00000187961	KLHL17	chr1	923614	924114	960583	+	36719	immune	method2_cicero	0.3365028202533722	0.0	0.0
chr1:923614-924114	ENSG00000188157	AGRN	chr1	923614	924114	1020119	+	96255	immune	method2_cicero	0.29459285736083984	1.2346840769165963e-41	1.9357116596643726e-40
chr1:923614-924114	ENSG00000188290	HES4	chr1	923614	924114	1000171	-	76307	immune	method2_cicero	0.31515297293663025	0.0	0.0
chr1:923614-924114	ENSG00000188976	NOC2L	chr1	923614	924114	959308	-	35444	immune	method2_cicero	0.3365028202533722	0.0	0.0
chr1:923614-924114	ENSG00000221978	CCNL2	chr1	923614	924114	1399334	-	475470	immune	method2_cicero	0.29635319113731384	3.930642192431112e-42	6.252453617970901e-41
chr1:923614-924114	ENSG00000224051	CPTP	chr1	923614	924114	1324755	+	400891	immune	method2_cicero	0.3065952658653259	4.203895392974451e-45	7.286752014489049e-44
chr1:924562-925062	ENSG00000187634	SAMD11	chr1	924562	925062	923922	+	890	immune	method2_cicero	1.0	0.0	0.0
chr1:924562-925062	ENSG00000188290	HES4	chr1	924562	925062	1000171	-	75359	immune	method2_cicero	0.26366111636161804	1.846287447054141e-33	2.2355307648860468e-32
chr1:925428-925928	ENSG00000187608	ISG15	chr1	925428	925928	1001137	+	75459	immune	method2_cicero	0.2636941075325012	1.811901298556712e-33	2.1945046896112043e-32
chr1:925428-925928	ENSG00000187634	SAMD11	chr1	925428	925928	923922	+	1756	immune	method2_cicero	1.0	0.0	0.0
chr1:925428-925928	ENSG00000188290	HES4	chr1	925428	925928	1000171	-	74493	immune	method2_cicero	0.2636941075325012	1.811901298556712e-33	2.1945046896112043e-32
chr1:926907-927407	ENSG00000187642	PERM1	chr1	926907	927407	982116	-	54959	immune	method2_cicero	0.27851900458335876	2.953327766120549e-37	4.05332930336139e-36
chr1:927698-928198	ENSG00000187608	ISG15	chr1	927698	928198	1001137	+	73189	immune	method2_cicero	0.2564154267311096	1.07584463841777e-31	1.2245522439804087e-30
chr1:927698-928198	ENSG00000188290	HES4	chr1	927698	928198	1000171	-	72223	immune	method2_cicero	0.2564154267311096	1.07584463841777e-31	1.2245522439804087e-30
chr1:931744-932244	ENSG00000187642	PERM1	chr1	931744	932244	982116	-	50122	immune	method2_cicero	0.2619312107563019	4.9301842031379426e-33	5.882943680314515e-32
chr1:932372-932872	ENSG00000162576	MXRA8	chr1	932372	932872	1361776	-	429154	immune	method2_cicero	0.27786463499069214	4.390639825186268e-37	5.9929387475718025e-36
chr1:932372-932872	ENSG00000187608	ISG15	chr1	932372	932872	1001137	+	68515	immune	method2_cicero	0.2858697772026062	3.187204311660545e-39	4.649597707471767e-38
chr1:932372-932872	ENSG00000187634	SAMD11	chr1	932372	932872	923922	+	8700	immune	method2_cicero	0.2805939018726349	8.339391165827665e-38	1.1643834216674929e-36
chr1:932372-932872	ENSG00000188290	HES4	chr1	932372	932872	1000171	-	67549	immune	method2_cicero	0.34473732113838196	0.0	0.0
chr1:932372-932872	ENSG00000205116	TMEM88B	chr1	932372	932872	1425870	+	493248	immune	method2_cicero	0.3500562608242035	0.0	0.0
chr1:932372-932872	ENSG00000235098	ANKRD65	chr1	932372	932872	1421768	-	489146	immune	method2_cicero	0.2636513411998749	1.8566040630215376e-33	2.2478408356014455e-32
chr1:932372-932872	ENSG00000242485	MRPL20	chr1	932372	932872	1407292	-	474670	immune	method2_cicero	0.2907283306121826	1.4810043209756127e-40	2.2489340963056486e-39
chr1:940064-940564	ENSG00000078808	SDF4	chr1	940064	940564	1232030	-	291716	immune	method2_cicero	0.323887437582016	0.0	0.0
chr1:940064-940564	ENSG00000107404	DVL1	chr1	940064	940564	1349417	-	409103	immune	method2_cicero	0.2860682010650635	2.8150881031606256e-39	4.1136315931740467e-38
chr1:940064-940564	ENSG00000127054	INTS11	chr1	940064	940564	1324686	-	384372	immune	method2_cicero	0.3691672384738922	0.0	0.0
chr1:940064-940564	ENSG00000131584	ACAP3	chr1	940064	940564	1309608	-	369294	immune	method2_cicero	0.30072128772735596	2.214051573633211e-43	3.6503824995661485e-42
chr1:940064-940564	ENSG00000131591	C1orf159	chr1	940064	940564	1116360	-	176046	immune	method2_cicero	0.3369554281234741	0.0	0.0
chr1:940064-940564	ENSG00000160087	UBE2J2	chr1	940064	940564	1273863	-	333549	immune	method2_cicero	0.3601396977901459	0.0	0.0
chr1:940064-940564	ENSG00000162571	TTLL10	chr1	940064	940564	1173879	+	233565	immune	method2_cicero	0.2998674809932709	3.90962271546624e-43	6.401131385035764e-42
chr1:940064-940564	ENSG00000169962	TAS1R3	chr1	940064	940564	1331279	+	390965	immune	method2_cicero	0.556628406047821	0.0	0.0
chr1:940064-940564	ENSG00000169972	PUSL1	chr1	940064	940564	1308596	+	368282	immune	method2_cicero	0.30072128772735596	2.214051573633211e-43	3.6503824995661485e-42
chr1:940064-940564	ENSG00000175756	AURKAIP1	chr1	940064	940564	1375206	-	434892	immune	method2_cicero	0.2660039961338043	4.825094365325957e-34	5.959236937102728e-33
chr1:940064-940564	ENSG00000176022	B3GALT6	chr1	940064	940564	1232236	+	291922	immune	method2_cicero	0.323887437582016	0.0	0.0
chr1:940064-940564	ENSG00000179403	VWA1	chr1	940064	940564	1434860	+	494546	immune	method2_cicero	0.3031177520751953	4.484155085839415e-44	7.538985738067516e-43
chr1:940064-940564	ENSG00000186827	TNFRSF4	chr1	940064	940564	1214152	-	273838	immune	method2_cicero	0.5108885765075684	0.0	0.0
chr1:940064-940564	ENSG00000186891	TNFRSF18	chr1	940064	940564	1206591	-	266277	immune	method2_cicero	0.5684468150138855	0.0	0.0
chr1:940064-940564	ENSG00000187583	PLEKHN1	chr1	940064	940564	966481	+	26167	immune	method2_cicero	0.3652355670928955	0.0	0.0
chr1:940064-940564	ENSG00000187634	SAMD11	chr1	940064	940564	923922	+	16392	immune	method2_cicero	0.3561522364616394	0.0	0.0
chr1:940064-940564	ENSG00000188157	AGRN	chr1	940064	940564	1020119	+	79805	immune	method2_cicero	0.262485146522522	3.6026102706780217e-33	4.318848529525642e-32
chr1:940064-940564	ENSG00000224051	CPTP	chr1	940064	940564	1324755	+	384441	immune	method2_cicero	0.3691672384738922	0.0	0.0
chr1:940732-941232	ENSG00000131584	ACAP3	chr1	940732	941232	1309608	-	368626	immune	method2_cicero	0.2801375091075897	1.1023855831337789e-37	1.533454944916066e-36
chr1:940732-941232	ENSG00000131591	C1orf159	chr1	940732	941232	1116360	-	175378	immune	method2_cicero	0.29139405488967896	9.680029661709404e-41	1.4780601929020662e-39
chr1:940732-941232	ENSG00000160087	UBE2J2	chr1	940732	941232	1273863	-	332881	immune	method2_cicero	0.2618672847747803	5.111650408862164e-33	6.096262403399762e-32
chr1:940732-941232	ENSG00000169962	TAS1R3	chr1	940732	941232	1331279	+	390297	immune	method2_cicero	0.2769305408000946	7.718910667224788e-37	1.0452907735807827e-35
chr1:940732-941232	ENSG00000169972	PUSL1	chr1	940732	941232	1308596	+	367614	immune	method2_cicero	0.2801375091075897	1.1023855831337789e-37	1.533454944916066e-36
chr1:940732-941232	ENSG00000186891	TNFRSF18	chr1	940732	941232	1206591	-	265609	immune	method2_cicero	0.28811049461364746	7.797903655320812e-40	1.1588893844095777e-38
chr1:940732-941232	ENSG00000187583	PLEKHN1	chr1	940732	941232	966481	+	25499	immune	method2_cicero	0.2676357328891754	1.8799286260067365e-34	2.3537073996728362e-33
chr1:940732-941232	ENSG00000187634	SAMD11	chr1	940732	941232	923922	+	17060	immune	method2_cicero	0.282345712184906	2.8431109895905004e-38	4.027891409024237e-37
chr1:940732-941232	ENSG00000188157	AGRN	chr1	940732	941232	1020119	+	79137	immune	method2_cicero	0.2688182294368744	9.455709274409987e-35	1.1958273725201399e-33
chr1:941543-942043	ENSG00000078808	SDF4	chr1	941543	942043	1232030	-	290237	immune	method2_cicero	0.3134268522262573	0.0	0.0
chr1:941543-942043	ENSG00000107404	DVL1	chr1	941543	942043	1349417	-	407624	immune	method2_cicero	0.2633681297302246	2.181568925293382e-33	2.6350210506450627e-32
chr1:941543-942043	ENSG00000127054	INTS11	chr1	941543	942043	1324686	-	382893	immune	method2_cicero	0.26219770312309265	4.2399008595564785e-33	5.070588334072828e-32
chr1:941543-942043	ENSG00000131584	ACAP3	chr1	941543	942043	1309608	-	367815	immune	method2_cicero	0.294089138507843	1.7107051652477367e-41	2.670790795095242e-40
chr1:941543-942043	ENSG00000131591	C1orf159	chr1	941543	942043	1116360	-	174567	immune	method2_cicero	0.29356786608695984	2.3953795949168423e-41	3.723740474173553e-40
chr1:941543-942043	ENSG00000160087	UBE2J2	chr1	941543	942043	1273863	-	332070	immune	method2_cicero	0.31888651847839355	0.0	0.0
chr1:941543-942043	ENSG00000162571	TTLL10	chr1	941543	942043	1173879	+	232086	immune	method2_cicero	0.31521108746528625	0.0	0.0
chr1:941543-942043	ENSG00000169962	TAS1R3	chr1	941543	942043	1331279	+	389486	immune	method2_cicero	0.519230842590332	0.0	0.0
chr1:941543-942043	ENSG00000169972	PUSL1	chr1	941543	942043	1308596	+	366803	immune	method2_cicero	0.294089138507843	1.7107051652477367e-41	2.670790795095242e-40
chr1:941543-942043	ENSG00000176022	B3GALT6	chr1	941543	942043	1232236	+	290443	immune	method2_cicero	0.3134268522262573	0.0	0.0
chr1:941543-942043	ENSG00000179403	VWA1	chr1	941543	942043	1434860	+	493067	immune	method2_cicero	0.3000030517578125	3.5733110840282835e-43	5.85602628241341e-42
chr1:941543-942043	ENSG00000186827	TNFRSF4	chr1	941543	942043	1214152	-	272359	immune	method2_cicero	0.47348320484161377	0.0	0.0
chr1:941543-942043	ENSG00000186891	TNFRSF18	chr1	941543	942043	1206591	-	264798	immune	method2_cicero	0.47683200240135193	0.0	0.0
chr1:941543-942043	ENSG00000187583	PLEKHN1	chr1	941543	942043	966481	+	24688	immune	method2_cicero	0.3139917850494385	0.0	0.0
chr1:941543-942043	ENSG00000187634	SAMD11	chr1	941543	942043	923922	+	17871	immune	method2_cicero	0.3579441010951996	0.0	0.0
chr1:941543-942043	ENSG00000188157	AGRN	chr1	941543	942043	1020119	+	78326	immune	method2_cicero	0.26897454261779785	8.632386258226215e-35	1.0931777875120644e-33
chr1:941543-942043	ENSG00000224051	CPTP	chr1	941543	942043	1324755	+	382962	immune	method2_cicero	0.26219770312309265	4.2399008595564785e-33	5.070588334072828e-32
chr1:942155-942655	ENSG00000162576	MXRA8	chr1	942155	942655	1361776	-	419371	immune	method2_cicero	0.3306346833705902	0.0	0.0
chr1:942155-942655	ENSG00000179403	VWA1	chr1	942155	942655	1434860	+	492455	immune	method2_cicero	0.33118605613708496	0.0	0.0
chr1:942155-942655	ENSG00000187608	ISG15	chr1	942155	942655	1001137	+	58732	immune	method2_cicero	0.27873867750167847	2.584575963129596e-37	3.55372913750083e-36
chr1:942155-942655	ENSG00000187634	SAMD11	chr1	942155	942655	923922	+	18483	immune	method2_cicero	0.28816112875938416	7.552564320186823e-40	1.1229215560765205e-38
chr1:942155-942655	ENSG00000188157	AGRN	chr1	942155	942655	1020119	+	77714	immune	method2_cicero	0.2809528708457947	6.693357606266676e-38	9.373392599175253e-37
chr1:942155-942655	ENSG00000188290	HES4	chr1	942155	942655	1000171	-	57766	immune	method2_cicero	0.27873867750167847	2.584575963129596e-37	3.55372913750083e-36
chr1:942155-942655	ENSG00000235098	ANKRD65	chr1	942155	942655	1421768	-	479363	immune	method2_cicero	0.266195148229599	4.322139362694967e-34	5.346770952203715e-33
chr1:942155-942655	ENSG00000237330	RNF223	chr1	942155	942655	1074305	-	131900	immune	method2_cicero	0.2613719403743744	6.762147333172353e-33	8.030799317423719e-32
chr1:942812-943312	ENSG00000179403	VWA1	chr1	942812	943312	1434860	+	491798	immune	method2_cicero	0.2644178569316864	1.1986769361304262e-33	1.4606229952417108e-32
chr1:943617-944117	ENSG00000162571	TTLL10	chr1	943617	944117	1173879	+	230012	immune	method2_cicero	0.2929002642631531	3.6830327537849167e-41	5.6937979591985265e-40
chr1:943617-944117	ENSG00000169962	TAS1R3	chr1	943617	944117	1331279	+	387412	immune	method2_cicero	0.26735904812812805	2.206771616010508e-34	2.7565548238294036e-33
chr1:943617-944117	ENSG00000186827	TNFRSF4	chr1	943617	944117	1214152	-	270285	immune	method2_cicero	0.31501829624176025	0.0	0.0
chr1:943617-944117	ENSG00000186891	TNFRSF18	chr1	943617	944117	1206591	-	262724	immune	method2_cicero	0.3374130427837372	0.0	0.0
chr1:944179-944679	ENSG00000078808	SDF4	chr1	944179	944679	1232030	-	287601	immune	method2_cicero	0.2964514493942261	3.686816259638594e-42	5.869478747670929e-41
chr1:944179-944679	ENSG00000107404	DVL1	chr1	944179	944679	1349417	-	404988	immune	method2_cicero	0.3250294625759125	0.0	0.0
chr1:944179-944679	ENSG00000127054	INTS11	chr1	944179	944679	1324686	-	380257	immune	method2_cicero	0.25520309805870056	2.097593967206179e-31	2.3631786721021502e-30
chr1:944179-944679	ENSG00000131584	ACAP3	chr1	944179	944679	1309608	-	365179	immune	method2_cicero	0.29042109847068787	1.8014392408127686e-40	2.728643402194892e-39
chr1:944179-944679	ENSG00000131591	C1orf159	chr1	944179	944679	1116360	-	171931	immune	method2_cicero	0.3241194188594818	0.0	0.0
chr1:944179-944679	ENSG00000160087	UBE2J2	chr1	944179	944679	1273863	-	329434	immune	method2_cicero	0.26007580757141113	1.4022716026036863e-32	1.6472306957069938e-31
chr1:944179-944679	ENSG00000162571	TTLL10	chr1	944179	944679	1173879	+	229450	immune	method2_cicero	0.3435612618923187	0.0	0.0
chr1:944179-944679	ENSG00000162572	SCNN1D	chr1	944179	944679	1280435	+	336006	immune	method2_cicero	0.25133201479911804	1.727043635312854e-30	1.8817969587850485e-29
chr1:944179-944679	ENSG00000169962	TAS1R3	chr1	944179	944679	1331279	+	386850	immune	method2_cicero	0.4457748532295227	0.0	0.0
chr1:944179-944679	ENSG00000169972	PUSL1	chr1	944179	944679	1308596	+	364167	immune	method2_cicero	0.29042109847068787	1.8014392408127686e-40	2.728643402194892e-39
chr1:944179-944679	ENSG00000176022	B3GALT6	chr1	944179	944679	1232236	+	287807	immune	method2_cicero	0.2964514493942261	3.686816259638594e-42	5.869478747670929e-41
chr1:944179-944679	ENSG00000186827	TNFRSF4	chr1	944179	944679	1214152	-	269723	immune	method2_cicero	0.3241530954837799	0.0	0.0
chr1:944179-944679	ENSG00000186891	TNFRSF18	chr1	944179	944679	1206591	-	262162	immune	method2_cicero	0.4451960623264313	0.0	0.0
chr1:944179-944679	ENSG00000187583	PLEKHN1	chr1	944179	944679	966481	+	22052	immune	method2_cicero	0.3544292151927948	0.0	0.0
chr1:944179-944679	ENSG00000188157	AGRN	chr1	944179	944679	1020119	+	75690	immune	method2_cicero	0.26039645075798035	1.1712226778197962e-32	1.3795761568482078e-31
chr1:944179-944679	ENSG00000224051	CPTP	chr1	944179	944679	1324755	+	380326	immune	method2_cicero	0.25520309805870056	2.097593967206179e-31	2.3631786721021502e-30
chr1:944179-944679	ENSG00000242485	MRPL20	chr1	944179	944679	1407292	-	462863	immune	method2_cicero	0.29665407538414	3.2299929602687033e-42	5.150612635472298e-41
chr1:957067-957567	ENSG00000162576	MXRA8	chr1	957067	957567	1361776	-	404459	immune	method2_cicero	0.25854504108428955	3.300835156883016e-32	3.8264967173645195e-31
chr1:957067-957567	ENSG00000188976	NOC2L	chr1	957067	957567	959308	-	1991	immune	method2_cicero	1.0	0.0	0.0
chr1:958503-959003	ENSG00000187961	KLHL17	chr1	958503	959003	960583	+	1830	immune	method2_cicero	1.0	0.0	0.0
chr1:958503-959003	ENSG00000188976	NOC2L	chr1	958503	959003	959308	-	555	immune	method2_cicero	1.0	0.0	0.0
chr1:958503-959003	ENSG00000221978	CCNL2	chr1	958503	959003	1399334	-	440581	immune	method2_cicero	0.26145118474960327	6.466384138297834e-33	7.68458743149496e-32
chr1:959063-959563	ENSG00000078808	SDF4	chr1	959063	959563	1232030	-	272717	immune	method2_cicero	0.462814599275589	0.0	0.0
chr1:959063-959563	ENSG00000107404	DVL1	chr1	959063	959563	1349417	-	390104	immune	method2_cicero	0.49950116872787476	0.0	0.0
chr1:959063-959563	ENSG00000127054	INTS11	chr1	959063	959563	1324686	-	365373	immune	method2_cicero	0.4531170129776001	0.0	0.0
chr1:959063-959563	ENSG00000131584	ACAP3	chr1	959063	959563	1309608	-	350295	immune	method2_cicero	0.42006704211235046	0.0	0.0
chr1:959063-959563	ENSG00000131591	C1orf159	chr1	959063	959563	1116360	-	157047	immune	method2_cicero	0.4427907466888428	0.0	0.0
chr1:959063-959563	ENSG00000160087	UBE2J2	chr1	959063	959563	1273863	-	314550	immune	method2_cicero	0.37409496307373047	0.0	0.0
chr1:959063-959563	ENSG00000162571	TTLL10	chr1	959063	959563	1173879	+	214566	immune	method2_cicero	0.28139182925224304	5.113084741558908e-38	7.186588097090128e-37
chr1:959063-959563	ENSG00000169972	PUSL1	chr1	959063	959563	1308596	+	349283	immune	method2_cicero	0.42006704211235046	0.0	0.0
chr1:959063-959563	ENSG00000175756	AURKAIP1	chr1	959063	959563	1375206	-	415893	immune	method2_cicero	0.42875248193740845	0.0	0.0
chr1:959063-959563	ENSG00000176022	B3GALT6	chr1	959063	959563	1232236	+	272923	immune	method2_cicero	0.462814599275589	0.0	0.0
chr1:959063-959563	ENSG00000179403	VWA1	chr1	959063	959563	1434860	+	475547	immune	method2_cicero	0.25777605175971985	5.063644101195345e-32	5.831894076548135e-31
chr1:959063-959563	ENSG00000186827	TNFRSF4	chr1	959063	959563	1214152	-	254839	immune	method2_cicero	0.32612839341163635	0.0	0.0
chr1:959063-959563	ENSG00000186891	TNFRSF18	chr1	959063	959563	1206591	-	247278	immune	method2_cicero	0.2806714177131653	7.952932667545381e-38	1.1111505817138657e-36
chr1:959063-959563	ENSG00000187583	PLEKHN1	chr1	959063	959563	966481	+	7168	immune	method2_cicero	0.308830201625824	1.401298464324817e-45	2.382207389352189e-44
chr1:959063-959563	ENSG00000187608	ISG15	chr1	959063	959563	1001137	+	41824	immune	method2_cicero	0.2529977560043335	7.0024080929048585e-31	7.740236462537464e-30
chr1:959063-959563	ENSG00000187634	SAMD11	chr1	959063	959563	923922	+	35391	immune	method2_cicero	0.3365028202533722	0.0	0.0
chr1:959063-959563	ENSG00000187961	KLHL17	chr1	959063	959563	960583	+	1270	immune	method2_cicero	1.0	0.0	0.0
chr1:959063-959563	ENSG00000188157	AGRN	chr1	959063	959563	1020119	+	60806	immune	method2_cicero	0.3974040448665619	0.0	0.0
chr1:959063-959563	ENSG00000188290	HES4	chr1	959063	959563	1000171	-	40858	immune	method2_cicero	0.2529977560043335	7.0024080929048585e-31	7.740236462537464e-30
chr1:959063-959563	ENSG00000188976	NOC2L	chr1	959063	959563	959308	-	5	immune	method2_cicero	1.0	0.0	0.0
chr1:959063-959563	ENSG00000221978	CCNL2	chr1	959063	959563	1399334	-	440021	immune	method2_cicero	0.4297369718551636	0.0	0.0
chr1:959063-959563	ENSG00000224051	CPTP	chr1	959063	959563	1324755	+	365442	immune	method2_cicero	0.4531170129776001	0.0	0.0
chr1:959063-959563	ENSG00000242485	MRPL20	chr1	959063	959563	1407292	-	447979	immune	method2_cicero	0.3598824143409729	0.0	0.0
chr1:959617-960117	ENSG00000187961	KLHL17	chr1	959617	960117	960583	+	716	immune	method2_cicero	1.0	0.0	0.0
chr1:959617-960117	ENSG00000188976	NOC2L	chr1	959617	960117	959308	-	559	immune	method2_cicero	1.0	0.0	0.0
chr1:960299-960799	ENSG00000131584	ACAP3	chr1	960299	960799	1309608	-	349059	immune	method2_cicero	0.2720724940299988	1.401491175373786e-35	1.8217964125556174e-34
chr1:960299-960799	ENSG00000169972	PUSL1	chr1	960299	960799	1308596	+	348047	immune	method2_cicero	0.2720724940299988	1.401491175373786e-35	1.8217964125556174e-34
chr1:960299-960799	ENSG00000186827	TNFRSF4	chr1	960299	960799	1214152	-	253603	immune	method2_cicero	0.26813429594039917	1.4076436944388907e-34	1.7697374182186706e-33
chr1:960299-960799	ENSG00000186891	TNFRSF18	chr1	960299	960799	1206591	-	246042	immune	method2_cicero	0.2982759475708008	1.1154335776025544e-42	1.8026303445074447e-41
chr1:960299-960799	ENSG00000187961	KLHL17	chr1	960299	960799	960583	+	34	immune	method2_cicero	1.0	0.0	0.0
chr1:960299-960799	ENSG00000188976	NOC2L	chr1	960299	960799	959308	-	1241	immune	method2_cicero	1.0	0.0	0.0
chr1:961056-961556	ENSG00000187961	KLHL17	chr1	961056	961556	960583	+	723	immune	method2_cicero	1.0	0.0	0.0
chr1:961056-961556	ENSG00000188976	NOC2L	chr1	961056	961556	959308	-	1998	immune	method2_cicero	1.0	0.0	0.0
chr1:961746-962246	ENSG00000187961	KLHL17	chr1	961746	962246	960583	+	1413	immune	method2_cicero	1.0	0.0	0.0
chr1:961746-962246	ENSG00000188157	AGRN	chr1	961746	962246	1020119	+	58123	immune	method2_cicero	0.2574011981487274	6.234817922531185e-32	7.157632592128682e-31
chr1:961746-962246	ENSG00000188976	NOC2L	chr1	961746	962246	959308	-	2688	immune	method2_cicero	0.25495588779449463	2.4024840528687873e-31	2.7009813300538836e-30
chr1:962415-962915	ENSG00000187961	KLHL17	chr1	962415	962915	960583	+	2082	immune	method2_cicero	1.0	0.0	0.0
chr1:962963-963463	ENSG00000187961	KLHL17	chr1	962963	963463	960583	+	2630	immune	method2_cicero	0.3168618679046631	0.0	0.0
chr1:963616-964116	ENSG00000188157	AGRN	chr1	963616	964116	1020119	+	56253	immune	method2_cicero	0.25484699010849	2.550358421015789e-31	2.864505571710897e-30
chr1:965448-965948	ENSG00000186827	TNFRSF4	chr1	965448	965948	1214152	-	248454	immune	method2_cicero	0.28592944145202637	3.070464939194573e-39	4.481551753552392e-38
chr1:965448-965948	ENSG00000187583	PLEKHN1	chr1	965448	965948	966481	+	783	immune	method2_cicero	1.0	0.0	0.0
chr1:965962-966462	ENSG00000078808	SDF4	chr1	965962	966462	1232030	-	265818	immune	method2_cicero	0.3707452416419983	0.0	0.0
chr1:965962-966462	ENSG00000107404	DVL1	chr1	965962	966462	1349417	-	383205	immune	method2_cicero	0.33353665471076965	0.0	0.0
chr1:965962-966462	ENSG00000127054	INTS11	chr1	965962	966462	1324686	-	358474	immune	method2_cicero	0.3482779860496521	0.0	0.0
chr1:965962-966462	ENSG00000131584	ACAP3	chr1	965962	966462	1309608	-	343396	immune	method2_cicero	0.36142393946647644	0.0	0.0
chr1:965962-966462	ENSG00000131591	C1orf159	chr1	965962	966462	1116360	-	150148	immune	method2_cicero	0.34872549772262573	0.0	0.0
chr1:965962-966462	ENSG00000160087	UBE2J2	chr1	965962	966462	1273863	-	307651	immune	method2_cicero	0.35052186250686646	0.0	0.0
chr1:965962-966462	ENSG00000162571	TTLL10	chr1	965962	966462	1173879	+	207667	immune	method2_cicero	0.33987802267074585	0.0	0.0
chr1:965962-966462	ENSG00000169962	TAS1R3	chr1	965962	966462	1331279	+	365067	immune	method2_cicero	0.4311773478984833	0.0	0.0
chr1:965962-966462	ENSG00000169972	PUSL1	chr1	965962	966462	1308596	+	342384	immune	method2_cicero	0.36142393946647644	0.0	0.0
chr1:965962-966462	ENSG00000176022	B3GALT6	chr1	965962	966462	1232236	+	266024	immune	method2_cicero	0.3707452416419983	0.0	0.0
chr1:965962-966462	ENSG00000186827	TNFRSF4	chr1	965962	966462	1214152	-	247940	immune	method2_cicero	0.5215831995010376	0.0	0.0
chr1:965962-966462	ENSG00000186891	TNFRSF18	chr1	965962	966462	1206591	-	240379	immune	method2_cicero	0.5088177919387817	0.0	0.0
chr1:965962-966462	ENSG00000187583	PLEKHN1	chr1	965962	966462	966481	+	269	immune	method2_cicero	1.0	0.0	0.0
chr1:965962-966462	ENSG00000187634	SAMD11	chr1	965962	966462	923922	+	42290	immune	method2_cicero	0.25986653566360474	1.576905394350547e-32	1.849052378744588e-31
chr1:965962-966462	ENSG00000187961	KLHL17	chr1	965962	966462	960583	+	5629	immune	method2_cicero	0.308830201625824	1.401298464324817e-45	2.382207389352189e-44
chr1:965962-966462	ENSG00000188157	AGRN	chr1	965962	966462	1020119	+	53907	immune	method2_cicero	0.32197484374046326	0.0	0.0
chr1:965962-966462	ENSG00000188976	NOC2L	chr1	965962	966462	959308	-	6904	immune	method2_cicero	0.308830201625824	1.401298464324817e-45	2.382207389352189e-44
chr1:965962-966462	ENSG00000221978	CCNL2	chr1	965962	966462	1399334	-	433122	immune	method2_cicero	0.3132995665073395	0.0	0.0
chr1:965962-966462	ENSG00000224051	CPTP	chr1	965962	966462	1324755	+	358543	immune	method2_cicero	0.3482779860496521	0.0	0.0
chr1:966730-967230	ENSG00000078808	SDF4	chr1	966730	967230	1232030	-	265050	immune	method2_cicero	0.3439001739025116	0.0	0.0
chr1:966730-967230	ENSG00000107404	DVL1	chr1	966730	967230	1349417	-	382437	immune	method2_cicero	0.33132869005203247	0.0	0.0
chr1:966730-967230	ENSG00000127054	INTS11	chr1	966730	967230	1324686	-	357706	immune	method2_cicero	0.3126284182071686	0.0	0.0
chr1:966730-967230	ENSG00000131584	ACAP3	chr1	966730	967230	1309608	-	342628	immune	method2_cicero	0.36656585335731506	0.0	0.0
chr1:966730-967230	ENSG00000131591	C1orf159	chr1	966730	967230	1116360	-	149380	immune	method2_cicero	0.33125075697898865	0.0	0.0
chr1:966730-967230	ENSG00000160087	UBE2J2	chr1	966730	967230	1273863	-	306883	immune	method2_cicero	0.3607929050922394	0.0	0.0
chr1:966730-967230	ENSG00000169962	TAS1R3	chr1	966730	967230	1331279	+	364299	immune	method2_cicero	0.32275912165641785	0.0	0.0
chr1:966730-967230	ENSG00000169972	PUSL1	chr1	966730	967230	1308596	+	341616	immune	method2_cicero	0.36656585335731506	0.0	0.0
chr1:966730-967230	ENSG00000176022	B3GALT6	chr1	966730	967230	1232236	+	265256	immune	method2_cicero	0.3439001739025116	0.0	0.0
chr1:966730-967230	ENSG00000186827	TNFRSF4	chr1	966730	967230	1214152	-	247172	immune	method2_cicero	0.35777178406715393	0.0	0.0
chr1:966730-967230	ENSG00000186891	TNFRSF18	chr1	966730	967230	1206591	-	239611	immune	method2_cicero	0.4192725419998169	0.0	0.0
chr1:966730-967230	ENSG00000187583	PLEKHN1	chr1	966730	967230	966481	+	499	immune	method2_cicero	1.0	0.0	0.0
chr1:966730-967230	ENSG00000187961	KLHL17	chr1	966730	967230	960583	+	6397	immune	method2_cicero	0.2944721579551697	1.3351571768086857e-41	2.0911156593579948e-40
chr1:966730-967230	ENSG00000188157	AGRN	chr1	966730	967230	1020119	+	53139	immune	method2_cicero	0.29760974645614624	1.7278010065124994e-42	2.7770932965989225e-41
chr1:966730-967230	ENSG00000188976	NOC2L	chr1	966730	967230	959308	-	7672	immune	method2_cicero	0.2944721579551697	1.3351571768086857e-41	2.0911156593579948e-40
chr1:966730-967230	ENSG00000221978	CCNL2	chr1	966730	967230	1399334	-	432354	immune	method2_cicero	0.288337379693985	6.757005143035695e-40	1.0060794684331136e-38
chr1:966730-967230	ENSG00000224051	CPTP	chr1	966730	967230	1324755	+	357775	immune	method2_cicero	0.3126284182071686	0.0	0.0
chr1:966730-967230	ENSG00000242485	MRPL20	chr1	966730	967230	1407292	-	440312	immune	method2_cicero	0.3241434693336487	0.0	0.0
chr1:967366-967866	ENSG00000187583	PLEKHN1	chr1	967366	967866	966481	+	1135	immune	method2_cicero	1.0	0.0	0.0
chr1:967867-968367	ENSG00000187583	PLEKHN1	chr1	967867	968367	966481	+	1636	immune	method2_cicero	1.0	0.0	0.0
chr1:975964-976464	ENSG00000078808	SDF4	chr1	975964	976464	1232030	-	255816	immune	method2_cicero	0.2864300012588501	2.2441977074962308e-39	3.2892875034881437e-38
chr1:975964-976464	ENSG00000107404	DVL1	chr1	975964	976464	1349417	-	373203	immune	method2_cicero	0.3030747175216675	4.624284932271896e-44	7.777206477002735e-43
chr1:975964-976464	ENSG00000127054	INTS11	chr1	975964	976464	1324686	-	348472	immune	method2_cicero	0.25001269578933716	3.513716995737836e-30	3.785237759026364e-29
chr1:975964-976464	ENSG00000131591	C1orf159	chr1	975964	976464	1116360	-	140146	immune	method2_cicero	0.27278074622154236	9.217814300373444e-36	1.2053586802010153e-34
chr1:975964-976464	ENSG00000169962	TAS1R3	chr1	975964	976464	1331279	+	355065	immune	method2_cicero	0.2817412316799164	4.1250984185076167e-38	5.81495187024263e-37
chr1:975964-976464	ENSG00000176022	B3GALT6	chr1	975964	976464	1232236	+	256022	immune	method2_cicero	0.2864300012588501	2.2441977074962308e-39	3.2892875034881437e-38
chr1:975964-976464	ENSG00000186827	TNFRSF4	chr1	975964	976464	1214152	-	237938	immune	method2_cicero	0.3046918511390686	1.5414283107572988e-44	2.620428128287408e-43
chr1:975964-976464	ENSG00000186891	TNFRSF18	chr1	975964	976464	1206591	-	230377	immune	method2_cicero	0.3059352934360504	7.006492321624085e-45	1.2051166793193427e-43
chr1:975964-976464	ENSG00000187583	PLEKHN1	chr1	975964	976464	966481	+	9733	immune	method2_cicero	0.31972432136535645	0.0	0.0
chr1:975964-976464	ENSG00000187961	KLHL17	chr1	975964	976464	960583	+	15631	immune	method2_cicero	0.2998158633708954	4.035739577255473e-43	6.604319662362863e-42
chr1:975964-976464	ENSG00000188157	AGRN	chr1	975964	976464	1020119	+	43905	immune	method2_cicero	0.28523173928260803	4.747862641243773e-39	6.889772006817228e-38
chr1:975964-976464	ENSG00000188976	NOC2L	chr1	975964	976464	959308	-	16906	immune	method2_cicero	0.2998158633708954	4.035739577255473e-43	6.604319662362863e-42
chr1:975964-976464	ENSG00000224051	CPTP	chr1	975964	976464	1324755	+	348541	immune	method2_cicero	0.25001269578933716	3.513716995737836e-30	3.785237759026364e-29
chr1:983486-983986	ENSG00000162572	SCNN1D	chr1	983486	983986	1280435	+	296699	immune	method2_cicero	0.29568716883659363	6.067622350526458e-42	9.598894480624997e-41
chr1:983486-983986	ENSG00000162576	MXRA8	chr1	983486	983986	1361776	-	378040	immune	method2_cicero	0.30653879046440125	4.203895392974451e-45	7.286752014489049e-44
chr1:983486-983986	ENSG00000179403	VWA1	chr1	983486	983986	1434860	+	451124	immune	method2_cicero	0.26657629013061523	3.469423592405239e-34	4.305696217107879e-33
chr1:983486-983986	ENSG00000187642	PERM1	chr1	983486	983986	982116	-	1620	immune	method2_cicero	1.0	0.0	0.0
chr1:984066-984566	ENSG00000187642	PERM1	chr1	984066	984566	982116	-	2200	immune	method2_cicero	1.0	0.0	0.0
chr1:997712-998212	ENSG00000187608	ISG15	chr1	997712	998212	1001137	+	3175	immune	method2_cicero	0.32735776901245117	0.0	0.0
chr1:997712-998212	ENSG00000187634	SAMD11	chr1	997712	998212	923922	+	74040	immune	method2_cicero	0.26366111636161804	1.846287447054141e-33	2.2355307648860468e-32
chr1:997712-998212	ENSG00000188290	HES4	chr1	997712	998212	1000171	-	2209	immune	method2_cicero	1.0	0.0	0.0
chr1:997712-998212	ENSG00000205116	TMEM88B	chr1	997712	998212	1425870	+	427908	immune	method2_cicero	0.2869374454021454	1.6321792019039026e-39	2.402426164374546e-38
chr1:997712-998212	ENSG00000235098	ANKRD65	chr1	997712	998212	1421768	-	423806	immune	method2_cicero	0.2670811116695404	2.5918160404706276e-34	3.2300994169803004e-33
chr1:998220-998720	ENSG00000162576	MXRA8	chr1	998220	998720	1361776	-	363306	immune	method2_cicero	0.2966604232788086	3.215979975625455e-42	5.128612249582398e-41
chr1:998220-998720	ENSG00000179403	VWA1	chr1	998220	998720	1434860	+	436390	immune	method2_cicero	0.2702004313468933	4.2163676578034456e-35	5.395267441014827e-34
chr1:998220-998720	ENSG00000187608	ISG15	chr1	998220	998720	1001137	+	2667	immune	method2_cicero	0.3642731010913849	0.0	0.0
chr1:998220-998720	ENSG00000188157	AGRN	chr1	998220	998720	1020119	+	21649	immune	method2_cicero	0.3079167306423187	1.401298464324817e-45	2.382207389352189e-44
chr1:998220-998720	ENSG00000188290	HES4	chr1	998220	998720	1000171	-	1701	immune	method2_cicero	1.0	0.0	0.0
chr1:998220-998720	ENSG00000205116	TMEM88B	chr1	998220	998720	1425870	+	427400	immune	method2_cicero	0.3423410952091217	0.0	0.0
chr1:998220-998720	ENSG00000235098	ANKRD65	chr1	998220	998720	1421768	-	423298	immune	method2_cicero	0.306246817111969	5.605193857299268e-45	9.668959403841238e-44
chr1:998220-998720	ENSG00000242485	MRPL20	chr1	998220	998720	1407292	-	408822	immune	method2_cicero	0.2628234922885895	2.9733080842683638e-33	3.574591922015791e-32
chr1:998916-999416	ENSG00000162576	MXRA8	chr1	998916	999416	1361776	-	362610	immune	method2_cicero	0.2709225118160248	2.759837460680697e-35	3.5531573610921723e-34
chr1:998916-999416	ENSG00000179403	VWA1	chr1	998916	999416	1434860	+	435694	immune	method2_cicero	0.28202328085899353	3.46787598627402e-38	4.900025493641351e-37
chr1:998916-999416	ENSG00000187608	ISG15	chr1	998916	999416	1001137	+	1971	immune	method2_cicero	1.0	0.0	0.0
chr1:998916-999416	ENSG00000187634	SAMD11	chr1	998916	999416	923922	+	75244	immune	method2_cicero	0.28591659665107727	3.0952286856561214e-39	4.5171920984343365e-38
chr1:998916-999416	ENSG00000188157	AGRN	chr1	998916	999416	1020119	+	20953	immune	method2_cicero	0.25155580043792725	1.5303791986406223e-30	1.670749192044065e-29
chr1:998916-999416	ENSG00000188290	HES4	chr1	998916	999416	1000171	-	1005	immune	method2_cicero	1.0	0.0	0.0
chr1:998916-999416	ENSG00000205116	TMEM88B	chr1	998916	999416	1425870	+	426704	immune	method2_cicero	0.2905879318714142	1.6197188559591263e-40	2.4568125195928423e-39
chr1:998916-999416	ENSG00000235098	ANKRD65	chr1	998916	999416	1421768	-	422602	immune	method2_cicero	0.2533746659755707	5.70344263665864e-31	6.324951796576813e-30
chr1:999897-1000397	ENSG00000078808	SDF4	chr1	999897	1000397	1232030	-	231883	immune	method2_cicero	0.3119514584541321	0.0	0.0
chr1:999897-1000397	ENSG00000160072	ATAD3B	chr1	999897	1000397	1471764	+	471617	immune	method2_cicero	0.2596566081047058	1.7737472131203178e-32	2.076113688735863e-31
chr1:999897-1000397	ENSG00000162576	MXRA8	chr1	999897	1000397	1361776	-	361629	immune	method2_cicero	0.3165826201438904	0.0	0.0
chr1:999897-1000397	ENSG00000169962	TAS1R3	chr1	999897	1000397	1331279	+	331132	immune	method2_cicero	0.30550265312194824	8.407790785948902e-45	1.4433374182545616e-43
chr1:999897-1000397	ENSG00000175756	AURKAIP1	chr1	999897	1000397	1375206	-	375059	immune	method2_cicero	0.3741622567176819	0.0	0.0
chr1:999897-1000397	ENSG00000176022	B3GALT6	chr1	999897	1000397	1232236	+	232089	immune	method2_cicero	0.3119514584541321	0.0	0.0
chr1:999897-1000397	ENSG00000179403	VWA1	chr1	999897	1000397	1434860	+	434713	immune	method2_cicero	0.3253691792488098	0.0	0.0
chr1:999897-1000397	ENSG00000187608	ISG15	chr1	999897	1000397	1001137	+	990	immune	method2_cicero	1.0	0.0	0.0
chr1:999897-1000397	ENSG00000187634	SAMD11	chr1	999897	1000397	923922	+	76225	immune	method2_cicero	0.31515297293663025	0.0	0.0
chr1:999897-1000397	ENSG00000188157	AGRN	chr1	999897	1000397	1020119	+	19972	immune	method2_cicero	0.2964232563972473	3.75547988439051e-42	5.977238599577507e-41
chr1:999897-1000397	ENSG00000188290	HES4	chr1	999897	1000397	1000171	-	24	immune	method2_cicero	1.0	0.0	0.0
chr1:999897-1000397	ENSG00000205116	TMEM88B	chr1	999897	1000397	1425870	+	425723	immune	method2_cicero	0.25478610396385193	2.6369606163239195e-31	2.9602096197774442e-30
chr1:999897-1000397	ENSG00000221978	CCNL2	chr1	999897	1000397	1399334	-	399187	immune	method2_cicero	0.2732987105846405	6.779749764145191e-36	8.904686539940573e-35
chr1:999897-1000397	ENSG00000235098	ANKRD65	chr1	999897	1000397	1421768	-	421621	immune	method2_cicero	0.3678426742553711	0.0	0.0
chr1:999897-1000397	ENSG00000237330	RNF223	chr1	999897	1000397	1074305	-	74158	immune	method2_cicero	0.2745421826839447	3.233963320864807e-36	4.2926341675034024e-35
chr1:999897-1000397	ENSG00000242485	MRPL20	chr1	999897	1000397	1407292	-	407145	immune	method2_cicero	0.26441001892089844	1.2040600574087191e-33	1.4670910059703166e-32
chr1:1000608-1001108	ENSG00000162576	MXRA8	chr1	1000608	1001108	1361776	-	360918	immune	method2_cicero	0.3138911724090576	0.0	0.0
chr1:1000608-1001108	ENSG00000175756	AURKAIP1	chr1	1000608	1001108	1375206	-	374348	immune	method2_cicero	0.2621302306652069	4.4050354079859474e-33	5.265072698922024e-32
chr1:1000608-1001108	ENSG00000179403	VWA1	chr1	1000608	1001108	1434860	+	434002	immune	method2_cicero	0.2943566143512726	1.4388532631687222e-41	2.251438216661397e-40
chr1:1000608-1001108	ENSG00000187608	ISG15	chr1	1000608	1001108	1001137	+	279	immune	method2_cicero	1.0	0.0	0.0
chr1:1000608-1001108	ENSG00000187634	SAMD11	chr1	1000608	1001108	923922	+	76936	immune	method2_cicero	0.2636941075325012	1.811901298556712e-33	2.1945046896112043e-32
chr1:1000608-1001108	ENSG00000188157	AGRN	chr1	1000608	1001108	1020119	+	19261	immune	method2_cicero	0.2831577658653259	1.7219175147801853e-38	2.4559540281016583e-37
chr1:1000608-1001108	ENSG00000188290	HES4	chr1	1000608	1001108	1000171	-	687	immune	method2_cicero	1.0	0.0	0.0
chr1:1000608-1001108	ENSG00000235098	ANKRD65	chr1	1000608	1001108	1421768	-	420910	immune	method2_cicero	0.32473841309547424	0.0	0.0
chr1:1000608-1001108	ENSG00000237330	RNF223	chr1	1000608	1001108	1074305	-	73447	immune	method2_cicero	0.28514018654823303	5.0268653693862374e-39	7.289032767869584e-38
chr1:1001180-1001680	ENSG00000187608	ISG15	chr1	1001180	1001680	1001137	+	293	immune	method2_cicero	1.0	0.0	0.0
chr1:1001180-1001680	ENSG00000188290	HES4	chr1	1001180	1001680	1000171	-	1259	immune	method2_cicero	1.0	0.0	0.0
chr1:1001744-1002244	ENSG00000107404	DVL1	chr1	1001744	1002244	1349417	-	347423	immune	method2_cicero	0.277317076921463	6.113342795781677e-37	8.306215704944468e-36
chr1:1001744-1002244	ENSG00000160072	ATAD3B	chr1	1001744	1002244	1471764	+	469770	immune	method2_cicero	0.2727617919445038	9.321976559496204e-36	1.2187867516548665e-34
chr1:1001744-1002244	ENSG00000175756	AURKAIP1	chr1	1001744	1002244	1375206	-	373212	immune	method2_cicero	0.3002144694328308	3.110882590801094e-43	5.107732902463958e-42
chr1:1001744-1002244	ENSG00000187608	ISG15	chr1	1001744	1002244	1001137	+	857	immune	method2_cicero	1.0	0.0	0.0
chr1:1001744-1002244	ENSG00000187961	KLHL17	chr1	1001744	1002244	960583	+	41411	immune	method2_cicero	0.2529977560043335	7.0024080929048585e-31	7.740236462537464e-30
chr1:1001744-1002244	ENSG00000188157	AGRN	chr1	1001744	1002244	1020119	+	18125	immune	method2_cicero	0.3167935013771057	0.0	0.0
chr1:1001744-1002244	ENSG00000188290	HES4	chr1	1001744	1002244	1000171	-	1823	immune	method2_cicero	1.0	0.0	0.0
chr1:1001744-1002244	ENSG00000188976	NOC2L	chr1	1001744	1002244	959308	-	42686	immune	method2_cicero	0.2529977560043335	7.0024080929048585e-31	7.740236462537464e-30
chr1:1004113-1004613	ENSG00000131584	ACAP3	chr1	1004113	1004613	1309608	-	305245	immune	method2_cicero	0.2663317322731018	3.994977703519528e-34	4.947632947407961e-33
chr1:1004113-1004613	ENSG00000205116	TMEM88B	chr1	1004113	1004613	1425870	+	421507	immune	method2_cicero	0.2570226192474365	7.690162213453735e-32	8.799413108278088e-31
chr1:1004878-1005378	ENSG00000179403	VWA1	chr1	1004878	1005378	1434860	+	429732	immune	method2_cicero	0.26504841446876526	8.354456919774853e-34	1.0234394545660213e-32
chr1:1004878-1005378	ENSG00000187608	ISG15	chr1	1004878	1005378	1001137	+	3991	immune	method2_cicero	0.29967716336250305	4.428103147266422e-43	7.23770656823768e-42
chr1:1004878-1005378	ENSG00000188157	AGRN	chr1	1004878	1005378	1020119	+	14991	immune	method2_cicero	0.25198134779930115	1.2156776377898927e-30	1.3321076637077656e-29
chr1:1004878-1005378	ENSG00000188290	HES4	chr1	1004878	1005378	1000171	-	4957	immune	method2_cicero	0.29967716336250305	4.428103147266422e-43	7.23770656823768e-42
chr1:1004878-1005378	ENSG00000205116	TMEM88B	chr1	1004878	1005378	1425870	+	420742	immune	method2_cicero	0.269397109746933	6.746012272716e-35	8.573580087027667e-34
chr1:1005428-1005928	ENSG00000107404	DVL1	chr1	1005428	1005928	1349417	-	343739	immune	method2_cicero	0.2567330598831177	9.026492991080106e-32	1.0302373854166007e-30
chr1:1005428-1005928	ENSG00000162572	SCNN1D	chr1	1005428	1005928	1280435	+	274757	immune	method2_cicero	0.28949272632598877	3.250984411264289e-40	4.8866878788059686e-39
chr1:1005428-1005928	ENSG00000162576	MXRA8	chr1	1005428	1005928	1361776	-	356098	immune	method2_cicero	0.27545467019081116	1.8739707407963017e-36	2.5064535692593324e-35
chr1:1005428-1005928	ENSG00000169962	TAS1R3	chr1	1005428	1005928	1331279	+	325601	immune	method2_cicero	0.26439449191093445	1.2147916779832535e-33	1.4799557630825096e-32
chr1:1005428-1005928	ENSG00000179403	VWA1	chr1	1005428	1005928	1434860	+	429182	immune	method2_cicero	0.3522295355796814	0.0	0.0
chr1:1005428-1005928	ENSG00000187608	ISG15	chr1	1005428	1005928	1001137	+	4541	immune	method2_cicero	0.354644238948822	0.0	0.0
chr1:1005428-1005928	ENSG00000187634	SAMD11	chr1	1005428	1005928	923922	+	81756	immune	method2_cicero	0.2727818191051483	9.212050905524716e-36	1.204619748840054e-34
chr1:1005428-1005928	ENSG00000188290	HES4	chr1	1005428	1005928	1000171	-	5507	immune	method2_cicero	0.354644238948822	0.0	0.0
chr1:1005428-1005928	ENSG00000205116	TMEM88B	chr1	1005428	1005928	1425870	+	420192	immune	method2_cicero	0.2774735987186432	5.561829835541658e-37	7.566916284533786e-36
chr1:1006440-1006940	ENSG00000107404	DVL1	chr1	1006440	1006940	1349417	-	342727	immune	method2_cicero	0.280882328748703	6.989122386379701e-38	9.781771777490786e-37
chr1:1006440-1006940	ENSG00000162572	SCNN1D	chr1	1006440	1006940	1280435	+	273745	immune	method2_cicero	0.38062939047813416	0.0	0.0
chr1:1006440-1006940	ENSG00000179403	VWA1	chr1	1006440	1006940	1434860	+	428170	immune	method2_cicero	0.3663814663887024	0.0	0.0
chr1:1006440-1006940	ENSG00000187608	ISG15	chr1	1006440	1006940	1001137	+	5553	immune	method2_cicero	0.25336953997612	5.7193701149145415e-31	6.3423288004266e-30
chr1:1006440-1006940	ENSG00000188157	AGRN	chr1	1006440	1006940	1020119	+	13429	immune	method2_cicero	0.26296254992485046	2.7474868032677712e-33	3.307067627931076e-32
chr1:1006440-1006940	ENSG00000188290	HES4	chr1	1006440	1006940	1000171	-	6519	immune	method2_cicero	0.25336953997612	5.7193701149145415e-31	6.3423288004266e-30
chr1:1006440-1006940	ENSG00000237330	RNF223	chr1	1006440	1006940	1074305	-	67615	immune	method2_cicero	0.3560856878757477	0.0	0.0
chr1:1013194-1013694	ENSG00000078808	SDF4	chr1	1013194	1013694	1232030	-	218586	immune	method2_cicero	0.40107232332229614	0.0	0.0
chr1:1013194-1013694	ENSG00000107404	DVL1	chr1	1013194	1013694	1349417	-	335973	immune	method2_cicero	0.4311648905277252	0.0	0.0
chr1:1013194-1013694	ENSG00000127054	INTS11	chr1	1013194	1013694	1324686	-	311242	immune	method2_cicero	0.3976812958717346	0.0	0.0
chr1:1013194-1013694	ENSG00000131584	ACAP3	chr1	1013194	1013694	1309608	-	296164	immune	method2_cicero	0.40807977318763733	0.0	0.0
chr1:1013194-1013694	ENSG00000131591	C1orf159	chr1	1013194	1013694	1116360	-	102916	immune	method2_cicero	0.3904259502887726	0.0	0.0
chr1:1013194-1013694	ENSG00000160072	ATAD3B	chr1	1013194	1013694	1471764	+	458320	immune	method2_cicero	0.31248560547828674	0.0	0.0
chr1:1013194-1013694	ENSG00000160087	UBE2J2	chr1	1013194	1013694	1273863	-	260419	immune	method2_cicero	0.3177199065685272	0.0	0.0
chr1:1013194-1013694	ENSG00000162571	TTLL10	chr1	1013194	1013694	1173879	+	160435	immune	method2_cicero	0.2928852140903473	3.718905994471632e-41	5.74856070318434e-40
chr1:1013194-1013694	ENSG00000169972	PUSL1	chr1	1013194	1013694	1308596	+	295152	immune	method2_cicero	0.40807977318763733	0.0	0.0
chr1:1013194-1013694	ENSG00000175756	AURKAIP1	chr1	1013194	1013694	1375206	-	361762	immune	method2_cicero	0.37059107422828674	0.0	0.0
chr1:1013194-1013694	ENSG00000176022	B3GALT6	chr1	1013194	1013694	1232236	+	218792	immune	method2_cicero	0.40107232332229614	0.0	0.0
chr1:1013194-1013694	ENSG00000187583	PLEKHN1	chr1	1013194	1013694	966481	+	46963	immune	method2_cicero	0.28534194827079773	4.432356088105648e-39	6.437625120682483e-38
chr1:1013194-1013694	ENSG00000187608	ISG15	chr1	1013194	1013694	1001137	+	12307	immune	method2_cicero	0.253006249666214	6.97014500475445e-31	7.705152187945081e-30
chr1:1013194-1013694	ENSG00000187961	KLHL17	chr1	1013194	1013694	960583	+	52861	immune	method2_cicero	0.46830540895462036	0.0	0.0
chr1:1013194-1013694	ENSG00000188157	AGRN	chr1	1013194	1013694	1020119	+	6675	immune	method2_cicero	0.34360262751579285	0.0	0.0
chr1:1013194-1013694	ENSG00000188290	HES4	chr1	1013194	1013694	1000171	-	13273	immune	method2_cicero	0.253006249666214	6.97014500475445e-31	7.705152187945081e-30
chr1:1013194-1013694	ENSG00000188976	NOC2L	chr1	1013194	1013694	959308	-	54136	immune	method2_cicero	0.46830540895462036	0.0	0.0
chr1:1013194-1013694	ENSG00000221978	CCNL2	chr1	1013194	1013694	1399334	-	385890	immune	method2_cicero	0.4284384548664093	0.0	0.0
chr1:1013194-1013694	ENSG00000224051	CPTP	chr1	1013194	1013694	1324755	+	311311	immune	method2_cicero	0.3976812958717346	0.0	0.0
chr1:1013194-1013694	ENSG00000242485	MRPL20	chr1	1013194	1013694	1407292	-	393848	immune	method2_cicero	0.4160574674606323	0.0	0.0
chr1:1014209-1014709	ENSG00000162571	TTLL10	chr1	1014209	1014709	1173879	+	159420	immune	method2_cicero	0.2652062773704529	7.631275346404712e-34	9.361207954510648e-33
chr1:1014209-1014709	ENSG00000186827	TNFRSF4	chr1	1014209	1014709	1214152	-	199693	immune	method2_cicero	0.29200831055641174	6.53187253175727e-41	1.0024749083933309e-39
chr1:1014209-1014709	ENSG00000187608	ISG15	chr1	1014209	1014709	1001137	+	13322	immune	method2_cicero	0.25327759981155396	6.013112047252821e-31	6.662915638313931e-30
chr1:1014209-1014709	ENSG00000187961	KLHL17	chr1	1014209	1014709	960583	+	53876	immune	method2_cicero	0.26004937291145325	1.4232199404928965e-32	1.6714335366432493e-31
chr1:1014209-1014709	ENSG00000188157	AGRN	chr1	1014209	1014709	1020119	+	5660	immune	method2_cicero	0.26185932755470276	5.134737117912314e-33	6.123386347797811e-32
chr1:1014209-1014709	ENSG00000188290	HES4	chr1	1014209	1014709	1000171	-	14288	immune	method2_cicero	0.25327759981155396	6.013112047252821e-31	6.662915638313931e-30
chr1:1014209-1014709	ENSG00000188976	NOC2L	chr1	1014209	1014709	959308	-	55151	immune	method2_cicero	0.26004937291145325	1.4232199404928965e-32	1.6714335366432493e-31
chr1:1014865-1015365	ENSG00000221978	CCNL2	chr1	1014865	1015365	1399334	-	384219	immune	method2_cicero	0.287738174200058	9.861904189394122e-40	1.4612041138045494e-38
chr1:1016230-1016730	ENSG00000205116	TMEM88B	chr1	1016230	1016730	1425870	+	409390	immune	method2_cicero	0.2737898528575897	5.063367658558782e-36	6.67794552487925e-35
chr1:1018289-1018789	ENSG00000107404	DVL1	chr1	1018289	1018789	1349417	-	330878	immune	method2_cicero	0.25349414348602295	5.34385609355566e-31	5.932261075605524e-30
chr1:1018289-1018789	ENSG00000188157	AGRN	chr1	1018289	1018789	1020119	+	1580	immune	method2_cicero	1.0	0.0	0.0
chr1:1018289-1018789	ENSG00000242485	MRPL20	chr1	1018289	1018789	1407292	-	388753	immune	method2_cicero	0.30097314715385437	1.877739942195255e-43	3.102474800015145e-42
chr1:1019282-1019782	ENSG00000078808	SDF4	chr1	1019282	1019782	1232030	-	212498	immune	method2_cicero	0.4168317914009094	0.0	0.0
chr1:1019282-1019782	ENSG00000107404	DVL1	chr1	1019282	1019782	1349417	-	329885	immune	method2_cicero	0.46255967020988464	0.0	0.0
chr1:1019282-1019782	ENSG00000127054	INTS11	chr1	1019282	1019782	1324686	-	305154	immune	method2_cicero	0.4210277497768402	0.0	0.0
chr1:1019282-1019782	ENSG00000131584	ACAP3	chr1	1019282	1019782	1309608	-	290076	immune	method2_cicero	0.38249534368515015	0.0	0.0
chr1:1019282-1019782	ENSG00000131591	C1orf159	chr1	1019282	1019782	1116360	-	96828	immune	method2_cicero	0.3939603567123413	0.0	0.0
chr1:1019282-1019782	ENSG00000160072	ATAD3B	chr1	1019282	1019782	1471764	+	452232	immune	method2_cicero	0.3871534764766693	0.0	0.0
chr1:1019282-1019782	ENSG00000160087	UBE2J2	chr1	1019282	1019782	1273863	-	254331	immune	method2_cicero	0.37636667490005493	0.0	0.0
chr1:1019282-1019782	ENSG00000169972	PUSL1	chr1	1019282	1019782	1308596	+	289064	immune	method2_cicero	0.38249534368515015	0.0	0.0
chr1:1019282-1019782	ENSG00000175756	AURKAIP1	chr1	1019282	1019782	1375206	-	355674	immune	method2_cicero	0.45314812660217285	0.0	0.0
chr1:1019282-1019782	ENSG00000176022	B3GALT6	chr1	1019282	1019782	1232236	+	212704	immune	method2_cicero	0.4168317914009094	0.0	0.0
chr1:1019282-1019782	ENSG00000179403	VWA1	chr1	1019282	1019782	1434860	+	415328	immune	method2_cicero	0.29092299938201904	1.3079859995854275e-40	1.9894444492789077e-39
chr1:1019282-1019782	ENSG00000186827	TNFRSF4	chr1	1019282	1019782	1214152	-	194620	immune	method2_cicero	0.27170366048812866	1.7423555515337746e-35	2.2578197540823698e-34
chr1:1019282-1019782	ENSG00000187583	PLEKHN1	chr1	1019282	1019782	966481	+	53051	immune	method2_cicero	0.32197484374046326	0.0	0.0
chr1:1019282-1019782	ENSG00000187608	ISG15	chr1	1019282	1019782	1001137	+	18395	immune	method2_cicero	0.3167935013771057	0.0	0.0
chr1:1019282-1019782	ENSG00000187634	SAMD11	chr1	1019282	1019782	923922	+	95610	immune	method2_cicero	0.29459285736083984	1.2346840769165963e-41	1.9357116596643726e-40
chr1:1019282-1019782	ENSG00000187961	KLHL17	chr1	1019282	1019782	960583	+	58949	immune	method2_cicero	0.3974040448665619	0.0	0.0
chr1:1019282-1019782	ENSG00000188157	AGRN	chr1	1019282	1019782	1020119	+	587	immune	method2_cicero	1.0	0.0	0.0
chr1:1019282-1019782	ENSG00000188290	HES4	chr1	1019282	1019782	1000171	-	19361	immune	method2_cicero	0.3167935013771057	0.0	0.0
chr1:1019282-1019782	ENSG00000188976	NOC2L	chr1	1019282	1019782	959308	-	60224	immune	method2_cicero	0.3974040448665619	0.0	0.0
chr1:1019282-1019782	ENSG00000197785	ATAD3A	chr1	1019282	1019782	1512161	+	492629	immune	method2_cicero	0.3386996388435364	0.0	0.0
chr1:1019282-1019782	ENSG00000221978	CCNL2	chr1	1019282	1019782	1399334	-	379802	immune	method2_cicero	0.43205398321151733	0.0	0.0
chr1:1019282-1019782	ENSG00000224051	CPTP	chr1	1019282	1019782	1324755	+	305223	immune	method2_cicero	0.4210277497768402	0.0	0.0
chr1:1019282-1019782	ENSG00000242485	MRPL20	chr1	1019282	1019782	1407292	-	387760	immune	method2_cicero	0.37388092279434204	0.0	0.0
chr1:1019858-1020358	ENSG00000078808	SDF4	chr1	1019858	1020358	1232030	-	211922	immune	method2_cicero	0.33248719573020935	0.0	0.0
chr1:1019858-1020358	ENSG00000107404	DVL1	chr1	1019858	1020358	1349417	-	329309	immune	method2_cicero	0.2745376527309418	3.2427278710293856e-36	4.3040771573106136e-35
chr1:1019858-1020358	ENSG00000127054	INTS11	chr1	1019858	1020358	1324686	-	304578	immune	method2_cicero	0.29600584506988525	4.9297679974947065e-42	7.819525690625344e-41
chr1:1019858-1020358	ENSG00000131591	C1orf159	chr1	1019858	1020358	1116360	-	96252	immune	method2_cicero	0.2516186535358429	1.4792702088996383e-30	1.615828139951048e-29
chr1:1019858-1020358	ENSG00000160072	ATAD3B	chr1	1019858	1020358	1471764	+	451656	immune	method2_cicero	0.25070396065711975	2.4230908920166683e-30	2.6257767749911e-29
chr1:1019858-1020358	ENSG00000160087	UBE2J2	chr1	1019858	1020358	1273863	-	253755	immune	method2_cicero	0.2529415190219879	7.219912163626208e-31	7.976717337900296e-30
chr1:1019858-1020358	ENSG00000175756	AURKAIP1	chr1	1019858	1020358	1375206	-	355098	immune	method2_cicero	0.2684944272041321	1.1417371147614225e-34	1.4398629384867238e-33
chr1:1019858-1020358	ENSG00000176022	B3GALT6	chr1	1019858	1020358	1232236	+	212128	immune	method2_cicero	0.33248719573020935	0.0	0.0
chr1:1019858-1020358	ENSG00000187608	ISG15	chr1	1019858	1020358	1001137	+	18971	immune	method2_cicero	0.2831577658653259	1.7219175147801853e-38	2.4559540281016583e-37
chr1:1019858-1020358	ENSG00000188157	AGRN	chr1	1019858	1020358	1020119	+	11	immune	method2_cicero	1.0	0.0	0.0
chr1:1019858-1020358	ENSG00000188290	HES4	chr1	1019858	1020358	1000171	-	19937	immune	method2_cicero	0.2831577658653259	1.7219175147801853e-38	2.4559540281016583e-37
chr1:1019858-1020358	ENSG00000224051	CPTP	chr1	1019858	1020358	1324755	+	304647	immune	method2_cicero	0.29600584506988525	4.9297679974947065e-42	7.819525690625344e-41
chr1:1019858-1020358	ENSG00000237330	RNF223	chr1	1019858	1020358	1074305	-	54197	immune	method2_cicero	0.26070326566696167	9.856307073293794e-33	1.1639826170952498e-31
chr1:1019858-1020358	ENSG00000242485	MRPL20	chr1	1019858	1020358	1407292	-	387184	immune	method2_cicero	0.273987352848053	4.5017835550452734e-36	5.947535350017773e-35
chr1:1020415-1020915	ENSG00000078808	SDF4	chr1	1020415	1020915	1232030	-	211365	immune	method2_cicero	0.2767433524131775	8.640619776808908e-37	1.1683201331638327e-35
chr1:1020415-1020915	ENSG00000131584	ACAP3	chr1	1020415	1020915	1309608	-	288943	immune	method2_cicero	0.26240912079811096	3.761280702203922e-33	4.506166786938638e-32
chr1:1020415-1020915	ENSG00000160087	UBE2J2	chr1	1020415	1020915	1273863	-	253198	immune	method2_cicero	0.2834744453430176	1.4154165463528896e-38	2.0239798983477014e-37
chr1:1020415-1020915	ENSG00000169962	TAS1R3	chr1	1020415	1020915	1331279	+	310614	immune	method2_cicero	0.2587819993495941	2.892247132595811e-32	3.359760337701036e-31
chr1:1020415-1020915	ENSG00000169972	PUSL1	chr1	1020415	1020915	1308596	+	287931	immune	method2_cicero	0.26240912079811096	3.761280702203922e-33	4.506166786938638e-32
chr1:1020415-1020915	ENSG00000176022	B3GALT6	chr1	1020415	1020915	1232236	+	211571	immune	method2_cicero	0.2767433524131775	8.640619776808908e-37	1.1683201331638327e-35
chr1:1020415-1020915	ENSG00000179403	VWA1	chr1	1020415	1020915	1434860	+	414195	immune	method2_cicero	0.2600691318511963	1.40753208676041e-32	1.6532971869527175e-31
chr1:1020415-1020915	ENSG00000186827	TNFRSF4	chr1	1020415	1020915	1214152	-	193487	immune	method2_cicero	0.2562052011489868	1.2082104744955032e-31	1.3727381651501525e-30
chr1:1020415-1020915	ENSG00000187583	PLEKHN1	chr1	1020415	1020915	966481	+	54184	immune	method2_cicero	0.29975205659866333	4.217908377617699e-43	6.898592339871074e-42
chr1:1020415-1020915	ENSG00000188157	AGRN	chr1	1020415	1020915	1020119	+	546	immune	method2_cicero	1.0	0.0	0.0
chr1:1020939-1021439	ENSG00000162572	SCNN1D	chr1	1020939	1021439	1280435	+	259246	immune	method2_cicero	0.2720811069011688	1.394377224759685e-35	1.8126811655900858e-34
chr1:1020939-1021439	ENSG00000162576	MXRA8	chr1	1020939	1021439	1361776	-	340587	immune	method2_cicero	0.29180908203125	7.421556926757096e-41	1.137157907694982e-39
chr1:1020939-1021439	ENSG00000179403	VWA1	chr1	1020939	1021439	1434860	+	413671	immune	method2_cicero	0.30623552203178406	5.605193857299268e-45	9.668959403841238e-44
chr1:1020939-1021439	ENSG00000187608	ISG15	chr1	1020939	1021439	1001137	+	20052	immune	method2_cicero	0.29504695534706116	9.198123119828099e-42	1.4474712487243198e-40
chr1:1020939-1021439	ENSG00000188157	AGRN	chr1	1020939	1021439	1020119	+	1070	immune	method2_cicero	1.0	0.0	0.0
chr1:1020939-1021439	ENSG00000188290	HES4	chr1	1020939	1021439	1000171	-	21018	immune	method2_cicero	0.3079167306423187	1.401298464324817e-45	2.382207389352189e-44
chr1:1020939-1021439	ENSG00000197785	ATAD3A	chr1	1020939	1021439	1512161	+	490972	immune	method2_cicero	0.27911514043807983	2.0559389200599875e-37	2.8357328617057496e-36
chr1:1021532-1022032	ENSG00000107404	DVL1	chr1	1021532	1022032	1349417	-	327635	immune	method2_cicero	0.26620256900787354	4.3037144071007895e-34	5.324347295435826e-33
chr1:1021532-1022032	ENSG00000162572	SCNN1D	chr1	1021532	1022032	1280435	+	258653	immune	method2_cicero	0.2669026255607605	2.8735101750869863e-34	3.575803489349504e-33
chr1:1021532-1022032	ENSG00000162576	MXRA8	chr1	1021532	1022032	1361776	-	339994	immune	method2_cicero	0.2793848514556885	1.7446748821005132e-37	2.411765504748415e-36
chr1:1021532-1022032	ENSG00000169962	TAS1R3	chr1	1021532	1022032	1331279	+	309497	immune	method2_cicero	0.25006812810897827	3.410674101340235e-30	3.6760294061626547e-29
chr1:1021532-1022032	ENSG00000179403	VWA1	chr1	1021532	1022032	1434860	+	413078	immune	method2_cicero	0.27092862129211426	2.7499398900822694e-35	3.5405834745469605e-34
chr1:1021532-1022032	ENSG00000186827	TNFRSF4	chr1	1021532	1022032	1214152	-	192370	immune	method2_cicero	0.2648342549800873	9.445275269719627e-34	1.1550285533640899e-32
chr1:1021532-1022032	ENSG00000187961	KLHL17	chr1	1021532	1022032	960583	+	61199	immune	method2_cicero	0.2574011981487274	6.234817922531185e-32	7.157632592128682e-31
chr1:1021532-1022032	ENSG00000188157	AGRN	chr1	1021532	1022032	1020119	+	1663	immune	method2_cicero	1.0	0.0	0.0
chr1:1022655-1023155	ENSG00000187608	ISG15	chr1	1022655	1023155	1001137	+	21768	immune	method2_cicero	0.3301384747028351	0.0	0.0
chr1:1022655-1023155	ENSG00000188290	HES4	chr1	1022655	1023155	1000171	-	22734	immune	method2_cicero	0.3301384747028351	0.0	0.0
chr1:1022655-1023155	ENSG00000235098	ANKRD65	chr1	1022655	1023155	1421768	-	398863	immune	method2_cicero	0.2541775405406952	3.67972637351181e-31	4.109363493186506e-30
chr1:1024606-1025106	ENSG00000179403	VWA1	chr1	1024606	1025106	1434860	+	410004	immune	method2_cicero	0.2582281529903412	3.9380406693578323e-32	4.55286218330542e-31
chr1:1026308-1026808	ENSG00000187642	PERM1	chr1	1026308	1026808	982116	-	44442	immune	method2_cicero	0.25463834404945374	2.859403644109684e-31	3.205963170737755e-30
chr1:1026308-1026808	ENSG00000205116	TMEM88B	chr1	1026308	1026808	1425870	+	399312	immune	method2_cicero	0.2526179254055023	8.608036985591336e-31	9.483815447744917e-30
chr1:1031790-1032290	ENSG00000131591	C1orf159	chr1	1031790	1032290	1116360	-	84320	immune	method2_cicero	0.3057994544506073	7.006492321624085e-45	1.2051166793193427e-43
chr1:1031790-1032290	ENSG00000162572	SCNN1D	chr1	1031790	1032290	1280435	+	248395	immune	method2_cicero	0.2508549690246582	2.2338171174664746e-30	2.423872059734541e-29
chr1:1031790-1032290	ENSG00000162576	MXRA8	chr1	1031790	1032290	1361776	-	329736	immune	method2_cicero	0.2873915135860443	1.2268045756516979e-39	1.8124989889424522e-38
chr1:1031790-1032290	ENSG00000179403	VWA1	chr1	1031790	1032290	1434860	+	402820	immune	method2_cicero	0.2743178606033325	3.697068204045145e-36	4.898226988719522e-35
chr1:1031790-1032290	ENSG00000187634	SAMD11	chr1	1031790	1032290	923922	+	108118	immune	method2_cicero	0.2723727822303772	1.1735714733749982e-35	1.5293688895314233e-34
chr1:1031790-1032290	ENSG00000197785	ATAD3A	chr1	1031790	1032290	1512161	+	480121	immune	method2_cicero	0.25315624475479126	6.423854693910366e-31	7.1104445813443e-30
chr1:1031790-1032290	ENSG00000237330	RNF223	chr1	1031790	1032290	1074305	-	42265	immune	method2_cicero	0.28542062640190125	4.2198940175416476e-39	6.133029918166669e-38
chr1:1032362-1032862	ENSG00000127054	INTS11	chr1	1032362	1032862	1324686	-	292074	immune	method2_cicero	0.25228211283683777	1.0328623113217609e-30	1.1346891615154137e-29
chr1:1032362-1032862	ENSG00000131591	C1orf159	chr1	1032362	1032862	1116360	-	83748	immune	method2_cicero	0.2572026550769806	6.960251926748494e-32	7.976998704228109e-31
chr1:1032362-1032862	ENSG00000160087	UBE2J2	chr1	1032362	1032862	1273863	-	241251	immune	method2_cicero	0.32908177375793457	0.0	0.0
chr1:1032362-1032862	ENSG00000162571	TTLL10	chr1	1032362	1032862	1173879	+	141267	immune	method2_cicero	0.2556312382221222	1.6576446352597986e-31	1.8742602908606836e-30
chr1:1032362-1032862	ENSG00000169962	TAS1R3	chr1	1032362	1032862	1331279	+	298667	immune	method2_cicero	0.40333235263824463	0.0	0.0
chr1:1032362-1032862	ENSG00000186827	TNFRSF4	chr1	1032362	1032862	1214152	-	181540	immune	method2_cicero	0.3125811815261841	0.0	0.0
chr1:1032362-1032862	ENSG00000186891	TNFRSF18	chr1	1032362	1032862	1206591	-	173979	immune	method2_cicero	0.3406737148761749	0.0	0.0
chr1:1032362-1032862	ENSG00000187583	PLEKHN1	chr1	1032362	1032862	966481	+	66131	immune	method2_cicero	0.25600019097328186	1.3528217878740575e-31	1.5343897032469837e-30
chr1:1032362-1032862	ENSG00000197785	ATAD3A	chr1	1032362	1032862	1512161	+	479549	immune	method2_cicero	0.2612464427947998	7.258241948733852e-33	8.610846417089801e-32
chr1:1032362-1032862	ENSG00000224051	CPTP	chr1	1032362	1032862	1324755	+	292143	immune	method2_cicero	0.25228211283683777	1.0328623113217609e-30	1.1346891615154137e-29
chr1:1032939-1033439	ENSG00000162571	TTLL10	chr1	1032939	1033439	1173879	+	140690	immune	method2_cicero	0.34039169549942017	0.0	0.0
chr1:1032939-1033439	ENSG00000169962	TAS1R3	chr1	1032939	1033439	1331279	+	298090	immune	method2_cicero	0.4221611022949219	0.0	0.0
chr1:1032939-1033439	ENSG00000186827	TNFRSF4	chr1	1032939	1033439	1214152	-	180963	immune	method2_cicero	0.30761995911598206	2.802596928649634e-45	4.90454462513686e-44
chr1:1032939-1033439	ENSG00000186891	TNFRSF18	chr1	1032939	1033439	1206591	-	173402	immune	method2_cicero	0.39496418833732605	0.0	0.0
chr1:1032939-1033439	ENSG00000197785	ATAD3A	chr1	1032939	1033439	1512161	+	478972	immune	method2_cicero	0.2509769797325134	2.09164831677972e-30	2.272005411845593e-29
chr1:1034697-1035197	ENSG00000175756	AURKAIP1	chr1	1034697	1035197	1375206	-	340259	immune	method2_cicero	0.2732108533382416	7.142748216794809e-36	9.374432564422761e-35
chr1:1036599-1037099	ENSG00000237330	RNF223	chr1	1036599	1037099	1074305	-	37456	immune	method2_cicero	0.25447961688041687	3.119121362661153e-31	3.492407257987938e-30
chr1:1038737-1039237	ENSG00000131591	C1orf159	chr1	1038737	1039237	1116360	-	77373	immune	method2_cicero	0.2548406422138214	2.559271489381464e-31	2.8743315760091944e-30
chr1:1038737-1039237	ENSG00000235098	ANKRD65	chr1	1038737	1039237	1421768	-	382781	immune	method2_cicero	0.26207849383354187	4.5359630708064876e-33	5.4192499502287e-32
chr1:1039350-1039850	ENSG00000160087	UBE2J2	chr1	1039350	1039850	1273863	-	234263	immune	method2_cicero	0.2520075738430023	1.1985396824712883e-30	1.3136139214167872e-29
chr1:1039350-1039850	ENSG00000162576	MXRA8	chr1	1039350	1039850	1361776	-	322176	immune	method2_cicero	0.2603980600833893	1.1701667900191701e-32	1.3783529374267421e-31
chr1:1039350-1039850	ENSG00000187608	ISG15	chr1	1039350	1039850	1001137	+	38463	immune	method2_cicero	0.28330662846565247	1.5703942710536642e-38	2.2425759567574984e-37
chr1:1039350-1039850	ENSG00000188157	AGRN	chr1	1039350	1039850	1020119	+	19481	immune	method2_cicero	0.25352513790130615	5.254327622610593e-31	5.834484395899607e-30
chr1:1039350-1039850	ENSG00000188290	HES4	chr1	1039350	1039850	1000171	-	39429	immune	method2_cicero	0.28330662846565247	1.5703942710536642e-38	2.2425759567574984e-37
chr1:1039885-1040385	ENSG00000127054	INTS11	chr1	1039885	1040385	1324686	-	284551	immune	method2_cicero	0.2688036561012268	9.536397663249951e-35	1.2058693085185277e-33
chr1:1039885-1040385	ENSG00000160072	ATAD3B	chr1	1039885	1040385	1471764	+	431629	immune	method2_cicero	0.2564423978328705	1.059939377005099e-31	1.2067513098479405e-30
chr1:1039885-1040385	ENSG00000224051	CPTP	chr1	1039885	1040385	1324755	+	284620	immune	method2_cicero	0.2688036561012268	9.536397663249951e-35	1.2058693085185277e-33
chr1:1040590-1041090	ENSG00000107404	DVL1	chr1	1040590	1041090	1349417	-	308577	immune	method2_cicero	0.2514122724533081	1.653798300194473e-30	1.8032885310879795e-29
chr1:1040590-1041090	ENSG00000187961	KLHL17	chr1	1040590	1041090	960583	+	80257	immune	method2_cicero	0.3443823456764221	0.0	0.0
chr1:1040590-1041090	ENSG00000188976	NOC2L	chr1	1040590	1041090	959308	-	81532	immune	method2_cicero	0.3443823456764221	0.0	0.0
chr1:1040590-1041090	ENSG00000205090	TMEM240	chr1	1040590	1041090	1540623	-	499783	immune	method2_cicero	0.2636590898036957	1.8484323569024072e-33	2.2380981914850365e-32
chr1:1040590-1041090	ENSG00000242485	MRPL20	chr1	1040590	1041090	1407292	-	366452	immune	method2_cicero	0.3009914755821228	1.8497139729087585e-43	3.056231950692426e-42
chr1:1041147-1041647	ENSG00000160087	UBE2J2	chr1	1041147	1041647	1273863	-	232466	immune	method2_cicero	0.28058186173439026	8.401067916436458e-38	1.1728811646044637e-36
chr1:1041826-1042326	ENSG00000187608	ISG15	chr1	1041826	1042326	1001137	+	40939	immune	method2_cicero	0.2841179370880127	9.496602495326214e-39	1.3651798282510292e-37
chr1:1041826-1042326	ENSG00000188290	HES4	chr1	1041826	1042326	1000171	-	41905	immune	method2_cicero	0.2841179370880127	9.496602495326214e-39	1.3651798282510292e-37
chr1:1043256-1043756	ENSG00000169972	PUSL1	chr1	1043256	1043756	1308596	+	265090	immune	method2_cicero	0.2508152723312378	2.2821124439293304e-30	2.4753762412723168e-29
chr1:1050273-1050773	ENSG00000188157	AGRN	chr1	1050273	1050773	1020119	+	30404	immune	method2_cicero	0.2829189598560333	1.9958635172842868e-38	2.8410877948677082e-37
chr1:1058803-1059303	ENSG00000078808	SDF4	chr1	1058803	1059303	1232030	-	172977	immune	method2_cicero	0.25483009219169617	2.5741076386820623e-31	2.8907683724574203e-30
chr1:1058803-1059303	ENSG00000160072	ATAD3B	chr1	1058803	1059303	1471764	+	412711	immune	method2_cicero	0.25741177797317505	6.198355263263029e-32	7.1163482901323225e-31
chr1:1058803-1059303	ENSG00000176022	B3GALT6	chr1	1058803	1059303	1232236	+	173183	immune	method2_cicero	0.25483009219169617	2.5741076386820623e-31	2.8907683724574203e-30
chr1:1058803-1059303	ENSG00000188290	HES4	chr1	1058803	1059303	1000171	-	58882	immune	method2_cicero	0.28610870242118835	2.7446069943004802e-39	4.011988689323939e-38
chr1:1058803-1059303	ENSG00000205116	TMEM88B	chr1	1058803	1059303	1425870	+	366817	immune	method2_cicero	0.27925190329551697	1.8917715360821093e-37	2.612189479831297e-36
chr1:1058803-1059303	ENSG00000221978	CCNL2	chr1	1058803	1059303	1399334	-	340281	immune	method2_cicero	0.2581770718097687	4.0516022398548964e-32	4.682187720794187e-31
chr1:1059423-1059923	ENSG00000078808	SDF4	chr1	1059423	1059923	1232030	-	172357	immune	method2_cicero	0.39222729206085205	0.0	0.0
chr1:1059423-1059923	ENSG00000107404	DVL1	chr1	1059423	1059923	1349417	-	289744	immune	method2_cicero	0.3904096186161041	0.0	0.0
chr1:1059423-1059923	ENSG00000127054	INTS11	chr1	1059423	1059923	1324686	-	265013	immune	method2_cicero	0.404016375541687	0.0	0.0
chr1:1059423-1059923	ENSG00000131584	ACAP3	chr1	1059423	1059923	1309608	-	249935	immune	method2_cicero	0.30697381496429443	2.802596928649634e-45	4.90454462513686e-44
chr1:1059423-1059923	ENSG00000131591	C1orf159	chr1	1059423	1059923	1116360	-	56687	immune	method2_cicero	0.31129077076911926	0.0	0.0
chr1:1059423-1059923	ENSG00000160072	ATAD3B	chr1	1059423	1059923	1471764	+	412091	immune	method2_cicero	0.3854181170463562	0.0	0.0
chr1:1059423-1059923	ENSG00000160087	UBE2J2	chr1	1059423	1059923	1273863	-	214190	immune	method2_cicero	0.3107067346572876	0.0	0.0
chr1:1059423-1059923	ENSG00000169972	PUSL1	chr1	1059423	1059923	1308596	+	248923	immune	method2_cicero	0.30697381496429443	2.802596928649634e-45	4.90454462513686e-44
chr1:1059423-1059923	ENSG00000175756	AURKAIP1	chr1	1059423	1059923	1375206	-	315533	immune	method2_cicero	0.3466956317424774	0.0	0.0
chr1:1059423-1059923	ENSG00000176022	B3GALT6	chr1	1059423	1059923	1232236	+	172563	immune	method2_cicero	0.39222729206085205	0.0	0.0
chr1:1059423-1059923	ENSG00000179403	VWA1	chr1	1059423	1059923	1434860	+	375187	immune	method2_cicero	0.27328380942344666	6.839995284554461e-36	8.982682426827555e-35
chr1:1059423-1059923	ENSG00000186827	TNFRSF4	chr1	1059423	1059923	1214152	-	154479	immune	method2_cicero	0.2585504949092865	3.290829348968817e-32	3.8150916009751014e-31
chr1:1059423-1059923	ENSG00000186891	TNFRSF18	chr1	1059423	1059923	1206591	-	146918	immune	method2_cicero	0.27018165588378906	4.263037882979086e-35	5.454106443403252e-34
chr1:1059423-1059923	ENSG00000187583	PLEKHN1	chr1	1059423	1059923	966481	+	93192	immune	method2_cicero	0.3291240930557251	0.0	0.0
chr1:1059423-1059923	ENSG00000187608	ISG15	chr1	1059423	1059923	1001137	+	58536	immune	method2_cicero	0.2609803378582001	8.432822352698375e-33	9.981879551193973e-32
chr1:1059423-1059923	ENSG00000187634	SAMD11	chr1	1059423	1059923	923922	+	135751	immune	method2_cicero	0.29270264506340027	4.182315396623849e-41	6.455165453820129e-40
chr1:1059423-1059923	ENSG00000187961	KLHL17	chr1	1059423	1059923	960583	+	99090	immune	method2_cicero	0.34885933995246887	0.0	0.0
chr1:1059423-1059923	ENSG00000188157	AGRN	chr1	1059423	1059923	1020119	+	39554	immune	method2_cicero	0.36822301149368286	0.0	0.0
chr1:1059423-1059923	ENSG00000188290	HES4	chr1	1059423	1059923	1000171	-	59502	immune	method2_cicero	0.2609803378582001	8.432822352698375e-33	9.981879551193973e-32
chr1:1059423-1059923	ENSG00000188976	NOC2L	chr1	1059423	1059923	959308	-	100365	immune	method2_cicero	0.34885933995246887	0.0	0.0
chr1:1059423-1059923	ENSG00000197785	ATAD3A	chr1	1059423	1059923	1512161	+	452488	immune	method2_cicero	0.2973044216632843	2.1103554872731745e-42	3.3832950122658383e-41
chr1:1059423-1059923	ENSG00000221978	CCNL2	chr1	1059423	1059923	1399334	-	339661	immune	method2_cicero	0.3908586800098419	0.0	0.0
chr1:1059423-1059923	ENSG00000224051	CPTP	chr1	1059423	1059923	1324755	+	265082	immune	method2_cicero	0.404016375541687	0.0	0.0
chr1:1059423-1059923	ENSG00000242485	MRPL20	chr1	1059423	1059923	1407292	-	347619	immune	method2_cicero	0.2955833971500397	6.490814486752553e-42	1.0259466576707716e-40
chr1:1063741-1064241	ENSG00000078808	SDF4	chr1	1063741	1064241	1232030	-	168039	immune	method2_cicero	0.2672693431377411	2.324383958407605e-34	2.9012403623293725e-33
chr1:1063741-1064241	ENSG00000107404	DVL1	chr1	1063741	1064241	1349417	-	285426	immune	method2_cicero	0.3321340084075928	0.0	0.0
chr1:1063741-1064241	ENSG00000131584	ACAP3	chr1	1063741	1064241	1309608	-	245617	immune	method2_cicero	0.2793138027191162	1.82181456889956e-37	2.516815447211968e-36
chr1:1063741-1064241	ENSG00000169972	PUSL1	chr1	1063741	1064241	1308596	+	244605	immune	method2_cicero	0.2793138027191162	1.82181456889956e-37	2.516815447211968e-36
chr1:1063741-1064241	ENSG00000176022	B3GALT6	chr1	1063741	1064241	1232236	+	168245	immune	method2_cicero	0.2672693431377411	2.324383958407605e-34	2.9012403623293725e-33
chr1:1063741-1064241	ENSG00000186891	TNFRSF18	chr1	1063741	1064241	1206591	-	142600	immune	method2_cicero	0.2520960569381714	1.1424470668805581e-30	1.2530823946545271e-29
chr1:1063741-1064241	ENSG00000187583	PLEKHN1	chr1	1063741	1064241	966481	+	97510	immune	method2_cicero	0.26862120628356934	1.0605319216668294e-34	1.3389706256976315e-33
chr1:1063741-1064241	ENSG00000187961	KLHL17	chr1	1063741	1064241	960583	+	103408	immune	method2_cicero	0.27373823523521423	5.221238257440472e-36	6.883258699808565e-35
chr1:1063741-1064241	ENSG00000188157	AGRN	chr1	1063741	1064241	1020119	+	43872	immune	method2_cicero	0.26828885078430176	1.2867300955436544e-34	1.6198855820468377e-33
chr1:1063741-1064241	ENSG00000188976	NOC2L	chr1	1063741	1064241	959308	-	104683	immune	method2_cicero	0.27373823523521423	5.221238257440472e-36	6.883258699808565e-35
chr1:1069125-1069625	ENSG00000078808	SDF4	chr1	1069125	1069625	1232030	-	162655	immune	method2_cicero	0.3781954348087311	0.0	0.0
chr1:1069125-1069625	ENSG00000107404	DVL1	chr1	1069125	1069625	1349417	-	280042	immune	method2_cicero	0.3635236918926239	0.0	0.0
chr1:1069125-1069625	ENSG00000127054	INTS11	chr1	1069125	1069625	1324686	-	255311	immune	method2_cicero	0.3414952754974365	0.0	0.0
chr1:1069125-1069625	ENSG00000131584	ACAP3	chr1	1069125	1069625	1309608	-	240233	immune	method2_cicero	0.3847716152667999	0.0	0.0
chr1:1069125-1069625	ENSG00000131591	C1orf159	chr1	1069125	1069625	1116360	-	46985	immune	method2_cicero	0.35274526476860046	0.0	0.0
chr1:1069125-1069625	ENSG00000162571	TTLL10	chr1	1069125	1069625	1173879	+	104504	immune	method2_cicero	0.35989871621131897	0.0	0.0
chr1:1069125-1069625	ENSG00000169972	PUSL1	chr1	1069125	1069625	1308596	+	239221	immune	method2_cicero	0.3847716152667999	0.0	0.0
chr1:1069125-1069625	ENSG00000176022	B3GALT6	chr1	1069125	1069625	1232236	+	162861	immune	method2_cicero	0.3781954348087311	0.0	0.0
chr1:1069125-1069625	ENSG00000186827	TNFRSF4	chr1	1069125	1069625	1214152	-	144777	immune	method2_cicero	0.3198808431625366	0.0	0.0
chr1:1069125-1069625	ENSG00000186891	TNFRSF18	chr1	1069125	1069625	1206591	-	137216	immune	method2_cicero	0.2895352840423584	3.1643281142304424e-40	4.758078107048701e-39
chr1:1069125-1069625	ENSG00000187583	PLEKHN1	chr1	1069125	1069625	966481	+	102894	immune	method2_cicero	0.3343473970890045	0.0	0.0
chr1:1069125-1069625	ENSG00000187961	KLHL17	chr1	1069125	1069625	960583	+	108792	immune	method2_cicero	0.38843774795532227	0.0	0.0
chr1:1069125-1069625	ENSG00000188157	AGRN	chr1	1069125	1069625	1020119	+	49256	immune	method2_cicero	0.2640933096408844	1.4428926833404721e-33	1.7533200600389034e-32
chr1:1069125-1069625	ENSG00000188976	NOC2L	chr1	1069125	1069625	959308	-	110067	immune	method2_cicero	0.38843774795532227	0.0	0.0
chr1:1069125-1069625	ENSG00000221978	CCNL2	chr1	1069125	1069625	1399334	-	329959	immune	method2_cicero	0.3002738654613495	2.9847657290118604e-43	4.903143326672535e-42
chr1:1069125-1069625	ENSG00000224051	CPTP	chr1	1069125	1069625	1324755	+	255380	immune	method2_cicero	0.3414952754974365	0.0	0.0
chr1:1069125-1069625	ENSG00000242485	MRPL20	chr1	1069125	1069625	1407292	-	337917	immune	method2_cicero	0.4117339253425598	0.0	0.0
chr1:1072497-1072997	ENSG00000237330	RNF223	chr1	1072497	1072997	1074305	-	1558	immune	method2_cicero	1.0	0.0	0.0
chr1:1073238-1073738	ENSG00000221978	CCNL2	chr1	1073238	1073738	1399334	-	325846	immune	method2_cicero	0.253235787153244	6.151619606214731e-31	6.813762596575292e-30
chr1:1073238-1073738	ENSG00000237330	RNF223	chr1	1073238	1073738	1074305	-	817	immune	method2_cicero	1.0	0.0	0.0
chr1:1074123-1074623	ENSG00000107404	DVL1	chr1	1074123	1074623	1349417	-	275044	immune	method2_cicero	0.28669095039367676	1.9053777518071332e-39	2.798689267752018e-38
chr1:1074123-1074623	ENSG00000162572	SCNN1D	chr1	1074123	1074623	1280435	+	206062	immune	method2_cicero	0.39632946252822876	0.0	0.0
chr1:1074123-1074623	ENSG00000179403	VWA1	chr1	1074123	1074623	1434860	+	360487	immune	method2_cicero	0.43496763706207275	0.0	0.0
chr1:1074123-1074623	ENSG00000187608	ISG15	chr1	1074123	1074623	1001137	+	73236	immune	method2_cicero	0.28514018654823303	5.0268653693862374e-39	7.289032767869584e-38
chr1:1074123-1074623	ENSG00000188157	AGRN	chr1	1074123	1074623	1020119	+	54254	immune	method2_cicero	0.26070326566696167	9.856307073293794e-33	1.1639826170952498e-31
chr1:1074123-1074623	ENSG00000188290	HES4	chr1	1074123	1074623	1000171	-	74202	immune	method2_cicero	0.28514018654823303	5.0268653693862374e-39	7.289032767869584e-38
chr1:1074123-1074623	ENSG00000235098	ANKRD65	chr1	1074123	1074623	1421768	-	347395	immune	method2_cicero	0.25296834111213684	7.115396139708156e-31	7.863128848582598e-30
chr1:1074123-1074623	ENSG00000237330	RNF223	chr1	1074123	1074623	1074305	-	68	immune	method2_cicero	1.0	0.0	0.0
chr1:1074719-1075219	ENSG00000237330	RNF223	chr1	1074719	1075219	1074305	-	664	immune	method2_cicero	1.0	0.0	0.0
chr1:1079201-1079701	ENSG00000169962	TAS1R3	chr1	1079201	1079701	1331279	+	251828	immune	method2_cicero	0.29317939281463623	3.0772514276572983e-41	4.768184271573412e-40
chr1:1079201-1079701	ENSG00000186891	TNFRSF18	chr1	1079201	1079701	1206591	-	127140	immune	method2_cicero	0.2558431327342987	1.4751179866943417e-31	1.670857074213606e-30
chr1:1079201-1079701	ENSG00000197785	ATAD3A	chr1	1079201	1079701	1512161	+	432710	immune	method2_cicero	0.2511630356311798	1.8919651165750286e-30	2.0584146652616338e-29
chr1:1079770-1080270	ENSG00000078808	SDF4	chr1	1079770	1080270	1232030	-	152010	immune	method2_cicero	0.32245171070098877	0.0	0.0
chr1:1079770-1080270	ENSG00000107404	DVL1	chr1	1079770	1080270	1349417	-	269397	immune	method2_cicero	0.2778540253639221	4.418942915257069e-37	6.031061599181982e-36
chr1:1079770-1080270	ENSG00000127054	INTS11	chr1	1079770	1080270	1324686	-	244666	immune	method2_cicero	0.3268089294433594	0.0	0.0
chr1:1079770-1080270	ENSG00000131584	ACAP3	chr1	1079770	1080270	1309608	-	229588	immune	method2_cicero	0.2821834087371826	3.1421979681027463e-38	4.445730360908857e-37
chr1:1079770-1080270	ENSG00000131591	C1orf159	chr1	1079770	1080270	1116360	-	36340	immune	method2_cicero	0.30150532722473145	1.317220556465328e-43	2.1860256043467146e-42
chr1:1079770-1080270	ENSG00000160072	ATAD3B	chr1	1079770	1080270	1471764	+	391744	immune	method2_cicero	0.3172166049480438	0.0	0.0
chr1:1079770-1080270	ENSG00000160087	UBE2J2	chr1	1079770	1080270	1273863	-	193843	immune	method2_cicero	0.3268285393714905	0.0	0.0
chr1:1079770-1080270	ENSG00000162571	TTLL10	chr1	1079770	1080270	1173879	+	93859	immune	method2_cicero	0.3219607472419739	0.0	0.0
chr1:1079770-1080270	ENSG00000169962	TAS1R3	chr1	1079770	1080270	1331279	+	251259	immune	method2_cicero	0.610027551651001	0.0	0.0
chr1:1079770-1080270	ENSG00000169972	PUSL1	chr1	1079770	1080270	1308596	+	228576	immune	method2_cicero	0.2821834087371826	3.1421979681027463e-38	4.445730360908857e-37
chr1:1079770-1080270	ENSG00000176022	B3GALT6	chr1	1079770	1080270	1232236	+	152216	immune	method2_cicero	0.32245171070098877	0.0	0.0
chr1:1079770-1080270	ENSG00000179403	VWA1	chr1	1079770	1080270	1434860	+	354840	immune	method2_cicero	0.26415830850601196	1.3903148414091067e-33	1.6904203858839598e-32
chr1:1079770-1080270	ENSG00000186827	TNFRSF4	chr1	1079770	1080270	1214152	-	134132	immune	method2_cicero	0.5060131549835205	0.0	0.0
chr1:1079770-1080270	ENSG00000186891	TNFRSF18	chr1	1079770	1080270	1206591	-	126571	immune	method2_cicero	0.5780979990959167	0.0	0.0
chr1:1079770-1080270	ENSG00000187583	PLEKHN1	chr1	1079770	1080270	966481	+	113539	immune	method2_cicero	0.35779574513435364	0.0	0.0
chr1:1079770-1080270	ENSG00000187634	SAMD11	chr1	1079770	1080270	923922	+	156098	immune	method2_cicero	0.26912015676498413	7.929634638920121e-35	1.0054117976953223e-33
chr1:1079770-1080270	ENSG00000197785	ATAD3A	chr1	1079770	1080270	1512161	+	432141	immune	method2_cicero	0.34029725193977356	0.0	0.0
chr1:1079770-1080270	ENSG00000224051	CPTP	chr1	1079770	1080270	1324755	+	244735	immune	method2_cicero	0.3268089294433594	0.0	0.0
chr1:1080308-1080808	ENSG00000169962	TAS1R3	chr1	1080308	1080808	1331279	+	250721	immune	method2_cicero	0.4259707033634186	0.0	0.0
chr1:1080308-1080808	ENSG00000186827	TNFRSF4	chr1	1080308	1080808	1214152	-	133594	immune	method2_cicero	0.3140590488910675	0.0	0.0
chr1:1080308-1080808	ENSG00000186891	TNFRSF18	chr1	1080308	1080808	1206591	-	126033	immune	method2_cicero	0.40811270475387573	0.0	0.0
chr1:1080308-1080808	ENSG00000197785	ATAD3A	chr1	1080308	1080808	1512161	+	431603	immune	method2_cicero	0.2730950117111206	7.651002443238632e-36	1.003191215398222e-34
chr1:1086206-1086706	ENSG00000107404	DVL1	chr1	1086206	1086706	1349417	-	262961	immune	method2_cicero	0.2781704068183899	3.648508346948022e-37	4.9931031007581195e-36
chr1:1086206-1086706	ENSG00000162572	SCNN1D	chr1	1086206	1086706	1280435	+	193979	immune	method2_cicero	0.26196616888046265	4.833611097404153e-33	5.769320396364033e-32
chr1:1086206-1086706	ENSG00000179403	VWA1	chr1	1086206	1086706	1434860	+	348404	immune	method2_cicero	0.2723560929298401	1.1852094701185824e-35	1.544312591054992e-34
chr1:1091351-1091851	ENSG00000162572	SCNN1D	chr1	1091351	1091851	1280435	+	188834	immune	method2_cicero	0.2750914394855499	2.3291824348283414e-36	3.1058839416973256e-35
chr1:1091351-1091851	ENSG00000187642	PERM1	chr1	1091351	1091851	982116	-	109485	immune	method2_cicero	0.2565194368362427	1.0157804035738036e-31	1.1572329050229412e-30
chr1:1109667-1110167	ENSG00000107404	DVL1	chr1	1109667	1110167	1349417	-	239500	immune	method2_cicero	0.33241012692451477	0.0	0.0
chr1:1109667-1110167	ENSG00000162572	SCNN1D	chr1	1109667	1110167	1280435	+	170518	immune	method2_cicero	0.3813142478466034	0.0	0.0
chr1:1109667-1110167	ENSG00000179403	VWA1	chr1	1109667	1110167	1434860	+	324943	immune	method2_cicero	0.34776031970977783	0.0	0.0
chr1:1109667-1110167	ENSG00000187642	PERM1	chr1	1109667	1110167	982116	-	127801	immune	method2_cicero	0.26969626545906067	5.663946189938194e-35	7.216691345839153e-34
chr1:1109667-1110167	ENSG00000237330	RNF223	chr1	1109667	1110167	1074305	-	35612	immune	method2_cicero	0.3241971433162689	0.0	0.0
chr1:1114572-1115072	ENSG00000131591	C1orf159	chr1	1114572	1115072	1116360	-	1538	immune	method2_cicero	1.0	0.0	0.0
chr1:1115950-1116450	ENSG00000078808	SDF4	chr1	1115950	1116450	1232030	-	115830	immune	method2_cicero	0.4452042877674103	0.0	0.0
chr1:1115950-1116450	ENSG00000107404	DVL1	chr1	1115950	1116450	1349417	-	233217	immune	method2_cicero	0.5189656615257263	0.0	0.0
chr1:1115950-1116450	ENSG00000127054	INTS11	chr1	1115950	1116450	1324686	-	208486	immune	method2_cicero	0.4570883512496948	0.0	0.0
chr1:1115950-1116450	ENSG00000131584	ACAP3	chr1	1115950	1116450	1309608	-	193408	immune	method2_cicero	0.4993823170661926	0.0	0.0
chr1:1115950-1116450	ENSG00000131591	C1orf159	chr1	1115950	1116450	1116360	-	160	immune	method2_cicero	1.0	0.0	0.0
chr1:1115950-1116450	ENSG00000160072	ATAD3B	chr1	1115950	1116450	1471764	+	355564	immune	method2_cicero	0.38231542706489563	0.0	0.0
chr1:1115950-1116450	ENSG00000160075	SSU72	chr1	1115950	1116450	1574862	-	458662	immune	method2_cicero	0.2958000600337982	5.637423721978739e-42	8.926831737134815e-41
chr1:1115950-1116450	ENSG00000160087	UBE2J2	chr1	1115950	1116450	1273863	-	157663	immune	method2_cicero	0.3941357731819153	0.0	0.0
chr1:1115950-1116450	ENSG00000169962	TAS1R3	chr1	1115950	1116450	1331279	+	215079	immune	method2_cicero	0.2896706163883209	2.903784690758529e-40	4.371316928298123e-39
chr1:1115950-1116450	ENSG00000169972	PUSL1	chr1	1115950	1116450	1308596	+	192396	immune	method2_cicero	0.4993823170661926	0.0	0.0
chr1:1115950-1116450	ENSG00000175756	AURKAIP1	chr1	1115950	1116450	1375206	-	259006	immune	method2_cicero	0.44733449816703796	0.0	0.0
chr1:1115950-1116450	ENSG00000176022	B3GALT6	chr1	1115950	1116450	1232236	+	116036	immune	method2_cicero	0.4452042877674103	0.0	0.0
chr1:1115950-1116450	ENSG00000186827	TNFRSF4	chr1	1115950	1116450	1214152	-	97952	immune	method2_cicero	0.3624246418476105	0.0	0.0
chr1:1115950-1116450	ENSG00000186891	TNFRSF18	chr1	1115950	1116450	1206591	-	90391	immune	method2_cicero	0.3909488916397095	0.0	0.0
chr1:1115950-1116450	ENSG00000187583	PLEKHN1	chr1	1115950	1116450	966481	+	149719	immune	method2_cicero	0.34872549772262573	0.0	0.0
chr1:1115950-1116450	ENSG00000187634	SAMD11	chr1	1115950	1116450	923922	+	192278	immune	method2_cicero	0.2509499788284302	2.1223240173587784e-30	2.3048038483352308e-29
chr1:1115950-1116450	ENSG00000187961	KLHL17	chr1	1115950	1116450	960583	+	155617	immune	method2_cicero	0.4427907466888428	0.0	0.0
chr1:1115950-1116450	ENSG00000188157	AGRN	chr1	1115950	1116450	1020119	+	96081	immune	method2_cicero	0.3939603567123413	0.0	0.0
chr1:1115950-1116450	ENSG00000188976	NOC2L	chr1	1115950	1116450	959308	-	156892	immune	method2_cicero	0.4427907466888428	0.0	0.0
chr1:1115950-1116450	ENSG00000197530	MIB2	chr1	1115950	1116450	1615453	+	499253	immune	method2_cicero	0.5247303247451782	0.0	0.0
chr1:1115950-1116450	ENSG00000197785	ATAD3A	chr1	1115950	1116450	1512161	+	395961	immune	method2_cicero	0.3465547263622284	0.0	0.0
chr1:1115950-1116450	ENSG00000221978	CCNL2	chr1	1115950	1116450	1399334	-	283134	immune	method2_cicero	0.4823668301105499	0.0	0.0
chr1:1115950-1116450	ENSG00000224051	CPTP	chr1	1115950	1116450	1324755	+	208555	immune	method2_cicero	0.4570883512496948	0.0	0.0
chr1:1115950-1116450	ENSG00000242485	MRPL20	chr1	1115950	1116450	1407292	-	291092	immune	method2_cicero	0.33211278915405273	0.0	0.0
chr1:1116470-1116970	ENSG00000078808	SDF4	chr1	1116470	1116970	1232030	-	115310	immune	method2_cicero	0.3077242970466614	1.401298464324817e-45	2.382207389352189e-44
chr1:1116470-1116970	ENSG00000107404	DVL1	chr1	1116470	1116970	1349417	-	232697	immune	method2_cicero	0.26604557037353516	4.71095799645844e-34	5.820394891223292e-33
chr1:1116470-1116970	ENSG00000127054	INTS11	chr1	1116470	1116970	1324686	-	207966	immune	method2_cicero	0.2982003688812256	1.1728868146398719e-42	1.8944153939207202e-41
chr1:1116470-1116970	ENSG00000131584	ACAP3	chr1	1116470	1116970	1309608	-	192888	immune	method2_cicero	0.2898344397544861	2.616700674372304e-40	3.9446047303296444e-39
chr1:1116470-1116970	ENSG00000131591	C1orf159	chr1	1116470	1116970	1116360	-	360	immune	method2_cicero	1.0	0.0	0.0
chr1:1116470-1116970	ENSG00000160072	ATAD3B	chr1	1116470	1116970	1471764	+	355044	immune	method2_cicero	0.2839926481246948	1.0264797116066007e-38	1.4741247302429178e-37
chr1:1116470-1116970	ENSG00000160087	UBE2J2	chr1	1116470	1116970	1273863	-	157143	immune	method2_cicero	0.35445231199264526	0.0	0.0
chr1:1116470-1116970	ENSG00000169962	TAS1R3	chr1	1116470	1116970	1331279	+	214559	immune	method2_cicero	0.33893945813179016	0.0	0.0
chr1:1116470-1116970	ENSG00000169972	PUSL1	chr1	1116470	1116970	1308596	+	191876	immune	method2_cicero	0.2898344397544861	2.616700674372304e-40	3.9446047303296444e-39
chr1:1116470-1116970	ENSG00000176022	B3GALT6	chr1	1116470	1116970	1232236	+	115516	immune	method2_cicero	0.3077242970466614	1.401298464324817e-45	2.382207389352189e-44
chr1:1116470-1116970	ENSG00000179403	VWA1	chr1	1116470	1116970	1434860	+	318140	immune	method2_cicero	0.26717448234558105	2.455533541704611e-34	3.062522595366006e-33
chr1:1116470-1116970	ENSG00000186827	TNFRSF4	chr1	1116470	1116970	1214152	-	97432	immune	method2_cicero	0.2771972119808197	6.572059753844317e-37	8.92035697592327e-36
chr1:1116470-1116970	ENSG00000186891	TNFRSF18	chr1	1116470	1116970	1206591	-	89871	immune	method2_cicero	0.35422754287719727	0.0	0.0
chr1:1116470-1116970	ENSG00000187583	PLEKHN1	chr1	1116470	1116970	966481	+	150239	immune	method2_cicero	0.31893834471702576	0.0	0.0
chr1:1116470-1116970	ENSG00000188157	AGRN	chr1	1116470	1116970	1020119	+	96601	immune	method2_cicero	0.29176416993141174	7.638197669341713e-41	1.1699174631939676e-39
chr1:1116470-1116970	ENSG00000197530	MIB2	chr1	1116470	1116970	1615453	+	498733	immune	method2_cicero	0.2728317081928253	8.94367386490482e-36	1.1699869761176928e-34
chr1:1116470-1116970	ENSG00000197785	ATAD3A	chr1	1116470	1116970	1512161	+	395441	immune	method2_cicero	0.29720810055732727	2.2476827367770066e-42	3.600496274236185e-41
chr1:1116470-1116970	ENSG00000221978	CCNL2	chr1	1116470	1116970	1399334	-	282614	immune	method2_cicero	0.27442121505737305	3.476046710990968e-36	4.609303334256866e-35
chr1:1116470-1116970	ENSG00000224051	CPTP	chr1	1116470	1116970	1324755	+	208035	immune	method2_cicero	0.2982003688812256	1.1728868146398719e-42	1.8944153939207202e-41
chr1:1117391-1117891	ENSG00000131591	C1orf159	chr1	1117391	1117891	1116360	-	1281	immune	method2_cicero	1.0	0.0	0.0
chr1:1118136-1118636	ENSG00000131591	C1orf159	chr1	1118136	1118636	1116360	-	2026	immune	method2_cicero	1.0	0.0	0.0
chr1:1121426-1121926	ENSG00000162576	MXRA8	chr1	1121426	1121926	1361776	-	240100	immune	method2_cicero	0.25285351276397705	7.573785333986451e-31	8.36136918214473e-30
chr1:1122044-1122544	ENSG00000078808	SDF4	chr1	1122044	1122544	1232030	-	109736	immune	method2_cicero	0.33433300256729126	0.0	0.0
chr1:1122044-1122544	ENSG00000107404	DVL1	chr1	1122044	1122544	1349417	-	227123	immune	method2_cicero	0.30320051312446594	4.203895392974451e-44	7.076557244840326e-43
chr1:1122044-1122544	ENSG00000127054	INTS11	chr1	1122044	1122544	1324686	-	202392	immune	method2_cicero	0.27957478165626526	1.5540266565748418e-37	2.1516565286419933e-36
chr1:1122044-1122544	ENSG00000131584	ACAP3	chr1	1122044	1122544	1309608	-	187314	immune	method2_cicero	0.2541032135486603	3.8323116528191672e-31	4.276944224788885e-30
chr1:1122044-1122544	ENSG00000131591	C1orf159	chr1	1122044	1122544	1116360	-	5934	immune	method2_cicero	0.2688082456588745	9.510889780220218e-35	1.202688218767111e-33
chr1:1122044-1122544	ENSG00000160087	UBE2J2	chr1	1122044	1122544	1273863	-	151569	immune	method2_cicero	0.26056981086730957	1.0624714506114877e-32	1.253293621585415e-31
chr1:1122044-1122544	ENSG00000162571	TTLL10	chr1	1122044	1122544	1173879	+	51585	immune	method2_cicero	0.2564827501773834	1.0365738406949342e-31	1.180548412293535e-30
chr1:1122044-1122544	ENSG00000169962	TAS1R3	chr1	1122044	1122544	1331279	+	208985	immune	method2_cicero	0.3331868052482605	0.0	0.0
chr1:1122044-1122544	ENSG00000169972	PUSL1	chr1	1122044	1122544	1308596	+	186302	immune	method2_cicero	0.2541032135486603	3.8323116528191672e-31	4.276944224788885e-30
chr1:1122044-1122544	ENSG00000176022	B3GALT6	chr1	1122044	1122544	1232236	+	109942	immune	method2_cicero	0.33433300256729126	0.0	0.0
chr1:1122044-1122544	ENSG00000186827	TNFRSF4	chr1	1122044	1122544	1214152	-	91858	immune	method2_cicero	0.2979186177253723	1.4111075535750908e-42	2.2737468882134482e-41
chr1:1122044-1122544	ENSG00000186891	TNFRSF18	chr1	1122044	1122544	1206591	-	84297	immune	method2_cicero	0.3360495865345001	0.0	0.0
chr1:1122044-1122544	ENSG00000187583	PLEKHN1	chr1	1122044	1122544	966481	+	155813	immune	method2_cicero	0.25488874316215515	2.4926310689412574e-31	2.800692403263514e-30
chr1:1122044-1122544	ENSG00000197530	MIB2	chr1	1122044	1122544	1615453	+	493159	immune	method2_cicero	0.27278417348861694	9.199142278596009e-36	1.2029592482751473e-34
chr1:1122044-1122544	ENSG00000197785	ATAD3A	chr1	1122044	1122544	1512161	+	389867	immune	method2_cicero	0.2558521032333374	1.467844968046934e-31	1.662738640029087e-30
chr1:1122044-1122544	ENSG00000221978	CCNL2	chr1	1122044	1122544	1399334	-	277040	immune	method2_cicero	0.2541256546974182	3.78558410668189e-31	4.2256618261212674e-30
chr1:1122044-1122544	ENSG00000224051	CPTP	chr1	1122044	1122544	1324755	+	202461	immune	method2_cicero	0.27957478165626526	1.5540266565748418e-37	2.1516565286419933e-36
chr1:1123312-1123812	ENSG00000162572	SCNN1D	chr1	1123312	1123812	1280435	+	156873	immune	method2_cicero	0.30213984847068787	8.688050478813866e-44	1.448942612111861e-42
chr1:1124383-1124883	ENSG00000107404	DVL1	chr1	1124383	1124883	1349417	-	224784	immune	method2_cicero	0.3896009624004364	0.0	0.0
chr1:1124383-1124883	ENSG00000162572	SCNN1D	chr1	1124383	1124883	1280435	+	155802	immune	method2_cicero	0.48076725006103516	0.0	0.0
chr1:1124383-1124883	ENSG00000162576	MXRA8	chr1	1124383	1124883	1361776	-	237143	immune	method2_cicero	0.25514280796051025	2.1682124956284385e-31	2.441521703042081e-30
chr1:1124383-1124883	ENSG00000179403	VWA1	chr1	1124383	1124883	1434860	+	310227	immune	method2_cicero	0.43077409267425537	0.0	0.0
chr1:1124383-1124883	ENSG00000237330	RNF223	chr1	1124383	1124883	1074305	-	50328	immune	method2_cicero	0.3932822346687317	0.0	0.0
chr1:1125157-1125657	ENSG00000107404	DVL1	chr1	1125157	1125657	1349417	-	224010	immune	method2_cicero	0.37979239225387573	0.0	0.0
chr1:1125157-1125657	ENSG00000131591	C1orf159	chr1	1125157	1125657	1116360	-	9047	immune	method2_cicero	0.27824047207832336	3.4968107256406002e-37	4.788239274041646e-36
chr1:1125157-1125657	ENSG00000162572	SCNN1D	chr1	1125157	1125657	1280435	+	155028	immune	method2_cicero	0.45830997824668884	0.0	0.0
chr1:1125157-1125657	ENSG00000162576	MXRA8	chr1	1125157	1125657	1361776	-	236369	immune	method2_cicero	0.30524975061416626	1.1210387714598537e-44	1.9197788961249994e-43
chr1:1125157-1125657	ENSG00000169962	TAS1R3	chr1	1125157	1125657	1331279	+	205872	immune	method2_cicero	0.2666161060333252	3.3906041707064603e-34	4.209223028393909e-33
chr1:1125157-1125657	ENSG00000179403	VWA1	chr1	1125157	1125657	1434860	+	309453	immune	method2_cicero	0.4522782266139984	0.0	0.0
chr1:1125157-1125657	ENSG00000186827	TNFRSF4	chr1	1125157	1125657	1214152	-	88745	immune	method2_cicero	0.252555251121521	8.905971200982388e-31	9.807091816706928e-30
chr1:1125157-1125657	ENSG00000187634	SAMD11	chr1	1125157	1125657	923922	+	201485	immune	method2_cicero	0.2911844551563263	1.1068296050316e-40	1.6870498458714694e-39
chr1:1125157-1125657	ENSG00000197530	MIB2	chr1	1125157	1125657	1615453	+	490046	immune	method2_cicero	0.2639850378036499	1.5348786060411701e-33	1.863390853124407e-32
chr1:1125157-1125657	ENSG00000205116	TMEM88B	chr1	1125157	1125657	1425870	+	300463	immune	method2_cicero	0.2753784954547882	1.9614607319437076e-36	2.621782594236016e-35
chr1:1125157-1125657	ENSG00000237330	RNF223	chr1	1125157	1125657	1074305	-	51102	immune	method2_cicero	0.37908291816711426	0.0	0.0
chr1:1127567-1128067	ENSG00000186827	TNFRSF4	chr1	1127567	1128067	1214152	-	86335	immune	method2_cicero	0.26265376806259155	3.273999722879697e-33	3.9305745169885845e-32
chr1:1130529-1131029	ENSG00000107404	DVL1	chr1	1130529	1131029	1349417	-	218638	immune	method2_cicero	0.3312314748764038	0.0	0.0
chr1:1130529-1131029	ENSG00000162572	SCNN1D	chr1	1130529	1131029	1280435	+	149656	immune	method2_cicero	0.4024412930011749	0.0	0.0
chr1:1130529-1131029	ENSG00000179403	VWA1	chr1	1130529	1131029	1434860	+	304081	immune	method2_cicero	0.3944922983646393	0.0	0.0
chr1:1130529-1131029	ENSG00000197530	MIB2	chr1	1130529	1131029	1615453	+	484674	immune	method2_cicero	0.25992703437805176	1.5243152464626964e-32	1.7883085906164113e-31
chr1:1130529-1131029	ENSG00000237330	RNF223	chr1	1130529	1131029	1074305	-	56474	immune	method2_cicero	0.2891136407852173	4.134587170928946e-40	6.195677208091853e-39
chr1:1133328-1133828	ENSG00000107404	DVL1	chr1	1133328	1133828	1349417	-	215839	immune	method2_cicero	0.27388879656791687	4.773825764666131e-36	6.301642117737818e-35
chr1:1133328-1133828	ENSG00000162572	SCNN1D	chr1	1133328	1133828	1280435	+	146857	immune	method2_cicero	0.31024986505508423	0.0	0.0
chr1:1133328-1133828	ENSG00000179403	VWA1	chr1	1133328	1133828	1434860	+	301282	immune	method2_cicero	0.3295170068740845	0.0	0.0
chr1:1133328-1133828	ENSG00000237330	RNF223	chr1	1133328	1133828	1074305	-	59273	immune	method2_cicero	0.2968463897705078	2.848839777972353e-42	4.5498759838162485e-41
chr1:1134164-1134664	ENSG00000169962	TAS1R3	chr1	1134164	1134664	1331279	+	196865	immune	method2_cicero	0.2599433362483978	1.5104391233984147e-32	1.77224581296073e-31
chr1:1134164-1134664	ENSG00000186827	TNFRSF4	chr1	1134164	1134664	1214152	-	79738	immune	method2_cicero	0.28932520747184753	3.6155882586969633e-40	5.4273536678933414e-39
chr1:1134925-1135425	ENSG00000160087	UBE2J2	chr1	1134925	1135425	1273863	-	138688	immune	method2_cicero	0.2635264992713928	1.9934745844694538e-33	2.41095066848002e-32
chr1:1136038-1136538	ENSG00000162571	TTLL10	chr1	1136038	1136538	1173879	+	37591	immune	method2_cicero	0.34055373072624207	0.0	0.0
chr1:1136038-1136538	ENSG00000169962	TAS1R3	chr1	1136038	1136538	1331279	+	194991	immune	method2_cicero	0.37774595618247986	0.0	0.0
chr1:1136038-1136538	ENSG00000186827	TNFRSF4	chr1	1136038	1136538	1214152	-	77864	immune	method2_cicero	0.2766854166984558	8.947456160036624e-37	1.2092131881663214e-35
chr1:1136038-1136538	ENSG00000186891	TNFRSF18	chr1	1136038	1136538	1206591	-	70303	immune	method2_cicero	0.3282991349697113	0.0	0.0
chr1:1136732-1137232	ENSG00000078808	SDF4	chr1	1136732	1137232	1232030	-	95048	immune	method2_cicero	0.30649667978286743	4.203895392974451e-45	7.286752014489049e-44
chr1:1136732-1137232	ENSG00000107404	DVL1	chr1	1136732	1137232	1349417	-	212435	immune	method2_cicero	0.286359965801239	2.3449020216349337e-39	3.4349087583426215e-38
chr1:1136732-1137232	ENSG00000127054	INTS11	chr1	1136732	1137232	1324686	-	187704	immune	method2_cicero	0.311296671628952	0.0	0.0
chr1:1136732-1137232	ENSG00000131584	ACAP3	chr1	1136732	1137232	1309608	-	172626	immune	method2_cicero	0.26877012848854065	9.724396403322379e-35	1.2292792785151536e-33
chr1:1136732-1137232	ENSG00000131591	C1orf159	chr1	1136732	1137232	1116360	-	20622	immune	method2_cicero	0.3426553010940552	0.0	0.0
chr1:1136732-1137232	ENSG00000160072	ATAD3B	chr1	1136732	1137232	1471764	+	334782	immune	method2_cicero	0.2562676668167114	1.1672742363764223e-31	1.3269490866827979e-30
chr1:1136732-1137232	ENSG00000160087	UBE2J2	chr1	1136732	1137232	1273863	-	136881	immune	method2_cicero	0.3807776868343353	0.0	0.0
chr1:1136732-1137232	ENSG00000162571	TTLL10	chr1	1136732	1137232	1173879	+	36897	immune	method2_cicero	0.47124651074409485	0.0	0.0
chr1:1136732-1137232	ENSG00000169962	TAS1R3	chr1	1136732	1137232	1331279	+	194297	immune	method2_cicero	0.7427191138267517	0.0	0.0
chr1:1136732-1137232	ENSG00000169972	PUSL1	chr1	1136732	1137232	1308596	+	171614	immune	method2_cicero	0.26877012848854065	9.724396403322379e-35	1.2292792785151536e-33
chr1:1136732-1137232	ENSG00000176022	B3GALT6	chr1	1136732	1137232	1232236	+	95254	immune	method2_cicero	0.30649667978286743	4.203895392974451e-45	7.286752014489049e-44
chr1:1136732-1137232	ENSG00000179403	VWA1	chr1	1136732	1137232	1434860	+	297878	immune	method2_cicero	0.25601983070373535	1.3382578830651096e-31	1.5181323342564673e-30
chr1:1136732-1137232	ENSG00000186827	TNFRSF4	chr1	1136732	1137232	1214152	-	77170	immune	method2_cicero	0.5988795161247253	0.0	0.0
chr1:1136732-1137232	ENSG00000186891	TNFRSF18	chr1	1136732	1137232	1206591	-	69609	immune	method2_cicero	0.7204365134239197	0.0	0.0
chr1:1136732-1137232	ENSG00000187583	PLEKHN1	chr1	1136732	1137232	966481	+	170501	immune	method2_cicero	0.42986899614334106	0.0	0.0
chr1:1136732-1137232	ENSG00000189409	MMP23B	chr1	1136732	1137232	1632162	+	495180	immune	method2_cicero	0.27062031626701355	3.295952998236265e-35	4.232566233984828e-34
chr1:1136732-1137232	ENSG00000197530	MIB2	chr1	1136732	1137232	1615453	+	478471	immune	method2_cicero	0.26464515924453735	1.0525282745056681e-33	1.2850104575109967e-32
chr1:1136732-1137232	ENSG00000197785	ATAD3A	chr1	1136732	1137232	1512161	+	375179	immune	method2_cicero	0.3089282810688019	1.401298464324817e-45	2.382207389352189e-44
chr1:1136732-1137232	ENSG00000224051	CPTP	chr1	1136732	1137232	1324755	+	187773	immune	method2_cicero	0.311296671628952	0.0	0.0
chr1:1137245-1137745	ENSG00000078808	SDF4	chr1	1137245	1137745	1232030	-	94535	immune	method2_cicero	0.3088536858558655	1.401298464324817e-45	2.382207389352189e-44
chr1:1137245-1137745	ENSG00000107404	DVL1	chr1	1137245	1137745	1349417	-	211922	immune	method2_cicero	0.2739495635032654	4.6042396828409735e-36	6.080879916467325e-35
chr1:1137245-1137745	ENSG00000127054	INTS11	chr1	1137245	1137745	1324686	-	187191	immune	method2_cicero	0.2702513337135315	4.0924617714574564e-35	5.238955620536752e-34
chr1:1137245-1137745	ENSG00000131584	ACAP3	chr1	1137245	1137745	1309608	-	172113	immune	method2_cicero	0.2672724723815918	2.320189601709329e-34	2.896078472761324e-33
chr1:1137245-1137745	ENSG00000131591	C1orf159	chr1	1137245	1137745	1116360	-	21135	immune	method2_cicero	0.3152138590812683	0.0	0.0
chr1:1137245-1137745	ENSG00000160087	UBE2J2	chr1	1137245	1137745	1273863	-	136368	immune	method2_cicero	0.3647159934043884	0.0	0.0
chr1:1137245-1137745	ENSG00000162571	TTLL10	chr1	1137245	1137745	1173879	+	36384	immune	method2_cicero	0.4654954671859741	0.0	0.0
chr1:1137245-1137745	ENSG00000169962	TAS1R3	chr1	1137245	1137745	1331279	+	193784	immune	method2_cicero	0.7265526652336121	0.0	0.0
chr1:1137245-1137745	ENSG00000169972	PUSL1	chr1	1137245	1137745	1308596	+	171101	immune	method2_cicero	0.2672724723815918	2.320189601709329e-34	2.896078472761324e-33
chr1:1137245-1137745	ENSG00000176022	B3GALT6	chr1	1137245	1137745	1232236	+	94741	immune	method2_cicero	0.3088536858558655	1.401298464324817e-45	2.382207389352189e-44
chr1:1137245-1137745	ENSG00000186827	TNFRSF4	chr1	1137245	1137745	1214152	-	76657	immune	method2_cicero	0.5849174857139587	0.0	0.0
chr1:1137245-1137745	ENSG00000186891	TNFRSF18	chr1	1137245	1137745	1206591	-	69096	immune	method2_cicero	0.6995155811309814	0.0	0.0
chr1:1137245-1137745	ENSG00000187583	PLEKHN1	chr1	1137245	1137745	966481	+	171014	immune	method2_cicero	0.4574892222881317	0.0	0.0
chr1:1137245-1137745	ENSG00000189409	MMP23B	chr1	1137245	1137745	1632162	+	494667	immune	method2_cicero	0.29913008213043213	6.3618950280346695e-43	1.0352793054431749e-41
chr1:1137245-1137745	ENSG00000197530	MIB2	chr1	1137245	1137745	1615453	+	477958	immune	method2_cicero	0.279528945684433	1.5980498491300702e-37	2.2117153288334886e-36
chr1:1137245-1137745	ENSG00000197785	ATAD3A	chr1	1137245	1137745	1512161	+	374666	immune	method2_cicero	0.28540390729904175	4.2641904632974194e-39	6.196551898593284e-38
chr1:1137245-1137745	ENSG00000224051	CPTP	chr1	1137245	1137745	1324755	+	187260	immune	method2_cicero	0.2702513337135315	4.0924617714574564e-35	5.238955620536752e-34
chr1:1137796-1138296	ENSG00000131591	C1orf159	chr1	1137796	1138296	1116360	-	21686	immune	method2_cicero	0.28293824195861816	1.9722307588132952e-38	2.8078725371081242e-37
chr1:1137796-1138296	ENSG00000160087	UBE2J2	chr1	1137796	1138296	1273863	-	135817	immune	method2_cicero	0.28710874915122986	1.4656082547480759e-39	2.1602973441521717e-38
chr1:1137796-1138296	ENSG00000162571	TTLL10	chr1	1137796	1138296	1173879	+	35833	immune	method2_cicero	0.28096598386764526	6.639798297402024e-38	9.299526906108255e-37
chr1:1137796-1138296	ENSG00000169962	TAS1R3	chr1	1137796	1138296	1331279	+	193233	immune	method2_cicero	0.5045222640037537	0.0	0.0
chr1:1137796-1138296	ENSG00000186827	TNFRSF4	chr1	1137796	1138296	1214152	-	76106	immune	method2_cicero	0.3889487385749817	0.0	0.0
chr1:1137796-1138296	ENSG00000186891	TNFRSF18	chr1	1137796	1138296	1206591	-	68545	immune	method2_cicero	0.49985480308532715	0.0	0.0
chr1:1137796-1138296	ENSG00000187583	PLEKHN1	chr1	1137796	1138296	966481	+	171565	immune	method2_cicero	0.3329360783100128	0.0	0.0
chr1:1137796-1138296	ENSG00000189409	MMP23B	chr1	1137796	1138296	1632162	+	494116	immune	method2_cicero	0.25579777359962463	1.5124298230815322e-31	1.7124513305603903e-30
chr1:1141531-1142031	ENSG00000162571	TTLL10	chr1	1141531	1142031	1173879	+	32098	immune	method2_cicero	0.3166578412055969	0.0	0.0
chr1:1141531-1142031	ENSG00000169962	TAS1R3	chr1	1141531	1142031	1331279	+	189498	immune	method2_cicero	0.32921352982521057	0.0	0.0
chr1:1141531-1142031	ENSG00000186827	TNFRSF4	chr1	1141531	1142031	1214152	-	72371	immune	method2_cicero	0.26028794050216675	1.2448398482499652e-32	1.4648923613365386e-31
chr1:1141531-1142031	ENSG00000186891	TNFRSF18	chr1	1141531	1142031	1206591	-	64810	immune	method2_cicero	0.2952698767185211	7.957973978900636e-42	1.2546105410792952e-40
chr1:1143256-1143756	ENSG00000162572	SCNN1D	chr1	1143256	1143756	1280435	+	136929	immune	method2_cicero	0.2957065999507904	5.990550934988593e-42	9.478663072385928e-41
chr1:1143256-1143756	ENSG00000186827	TNFRSF4	chr1	1143256	1143756	1214152	-	70646	immune	method2_cicero	0.31704768538475037	0.0	0.0
chr1:1143964-1144464	ENSG00000078808	SDF4	chr1	1143964	1144464	1232030	-	87816	immune	method2_cicero	0.3026219606399536	6.305843089461677e-44	1.0551777436365873e-42
chr1:1143964-1144464	ENSG00000107404	DVL1	chr1	1143964	1144464	1349417	-	205203	immune	method2_cicero	0.3059043884277344	7.006492321624085e-45	1.2051166793193427e-43
chr1:1143964-1144464	ENSG00000127054	INTS11	chr1	1143964	1144464	1324686	-	180472	immune	method2_cicero	0.3025335371494293	6.58610278232664e-44	1.1014205929593062e-42
chr1:1143964-1144464	ENSG00000131591	C1orf159	chr1	1143964	1144464	1116360	-	27854	immune	method2_cicero	0.26861754059791565	1.0628054241685906e-34	1.3418003528407477e-33
chr1:1143964-1144464	ENSG00000160087	UBE2J2	chr1	1143964	1144464	1273863	-	129649	immune	method2_cicero	0.3013466000556946	1.4573504028978098e-43	2.4158385524959846e-42
chr1:1143964-1144464	ENSG00000162571	TTLL10	chr1	1143964	1144464	1173879	+	29665	immune	method2_cicero	0.4077419936656952	0.0	0.0
chr1:1143964-1144464	ENSG00000169962	TAS1R3	chr1	1143964	1144464	1331279	+	187065	immune	method2_cicero	0.5470991134643555	0.0	0.0
chr1:1143964-1144464	ENSG00000176022	B3GALT6	chr1	1143964	1144464	1232236	+	88022	immune	method2_cicero	0.3026219606399536	6.305843089461677e-44	1.0551777436365873e-42
chr1:1143964-1144464	ENSG00000186827	TNFRSF4	chr1	1143964	1144464	1214152	-	69938	immune	method2_cicero	0.4523409903049469	0.0	0.0
chr1:1143964-1144464	ENSG00000186891	TNFRSF18	chr1	1143964	1144464	1206591	-	62377	immune	method2_cicero	0.5814961194992065	0.0	0.0
chr1:1143964-1144464	ENSG00000187583	PLEKHN1	chr1	1143964	1144464	966481	+	177733	immune	method2_cicero	0.43856310844421387	0.0	0.0
chr1:1143964-1144464	ENSG00000189409	MMP23B	chr1	1143964	1144464	1632162	+	487948	immune	method2_cicero	0.3574413061141968	0.0	0.0
chr1:1143964-1144464	ENSG00000197530	MIB2	chr1	1143964	1144464	1615453	+	471239	immune	method2_cicero	0.2996275722980499	4.582245978342152e-43	7.487137694887498e-42
chr1:1143964-1144464	ENSG00000224051	CPTP	chr1	1143964	1144464	1324755	+	180541	immune	method2_cicero	0.3025335371494293	6.58610278232664e-44	1.1014205929593062e-42
chr1:1144776-1145276	ENSG00000107404	DVL1	chr1	1144776	1145276	1349417	-	204391	immune	method2_cicero	0.2978319823741913	1.493784162970255e-42	2.4053288140135485e-41
chr1:1144776-1145276	ENSG00000131591	C1orf159	chr1	1144776	1145276	1116360	-	28666	immune	method2_cicero	0.27168479561805725	1.761842613339612e-35	2.2827014338226755e-34
chr1:1144776-1145276	ENSG00000162571	TTLL10	chr1	1144776	1145276	1173879	+	28853	immune	method2_cicero	0.33302071690559387	0.0	0.0
chr1:1144776-1145276	ENSG00000162572	SCNN1D	chr1	1144776	1145276	1280435	+	135409	immune	method2_cicero	0.3002866208553314	2.956739759725364e-43	4.856900477349816e-42
chr1:1144776-1145276	ENSG00000169962	TAS1R3	chr1	1144776	1145276	1331279	+	186253	immune	method2_cicero	0.30716487765312195	2.802596928649634e-45	4.90454462513686e-44
chr1:1144776-1145276	ENSG00000179403	VWA1	chr1	1144776	1145276	1434860	+	289834	immune	method2_cicero	0.36002877354621887	0.0	0.0
chr1:1144776-1145276	ENSG00000186827	TNFRSF4	chr1	1144776	1145276	1214152	-	69126	immune	method2_cicero	0.2519512176513672	1.2356771225165909e-30	1.3536359493673692e-29
chr1:1144776-1145276	ENSG00000186891	TNFRSF18	chr1	1144776	1145276	1206591	-	61565	immune	method2_cicero	0.3203060030937195	0.0	0.0
chr1:1144776-1145276	ENSG00000187583	PLEKHN1	chr1	1144776	1145276	966481	+	178545	immune	method2_cicero	0.28643521666526794	2.2368759230201336e-39	3.27870461722587e-38
chr1:1156729-1157229	ENSG00000197530	MIB2	chr1	1156729	1157229	1615453	+	458474	immune	method2_cicero	0.2501671314239502	3.234102812784575e-30	3.488692996765893e-29
chr1:1156729-1157229	ENSG00000221978	CCNL2	chr1	1156729	1157229	1399334	-	242355	immune	method2_cicero	0.2776743769645691	4.926208923603076e-37	6.713529196767142e-36
chr1:1157371-1157871	ENSG00000078808	SDF4	chr1	1157371	1157871	1232030	-	74409	immune	method2_cicero	0.29688623547554016	2.7745709593631378e-42	4.432727432198694e-41
chr1:1157371-1157871	ENSG00000107404	DVL1	chr1	1157371	1157871	1349417	-	191796	immune	method2_cicero	0.26383399963378906	1.6729960698559195e-33	2.028553099139517e-32
chr1:1157371-1157871	ENSG00000127054	INTS11	chr1	1157371	1157871	1324686	-	167065	immune	method2_cicero	0.32639074325561523	0.0	0.0
chr1:1157371-1157871	ENSG00000131591	C1orf159	chr1	1157371	1157871	1116360	-	41261	immune	method2_cicero	0.3300878405570984	0.0	0.0
chr1:1157371-1157871	ENSG00000160072	ATAD3B	chr1	1157371	1157871	1471764	+	314143	immune	method2_cicero	0.3283991813659668	0.0	0.0
chr1:1157371-1157871	ENSG00000160075	SSU72	chr1	1157371	1157871	1574862	-	417241	immune	method2_cicero	0.25680994987487793	8.65065805976345e-32	9.880243488435436e-31
chr1:1157371-1157871	ENSG00000160087	UBE2J2	chr1	1157371	1157871	1273863	-	116242	immune	method2_cicero	0.3131135404109955	0.0	0.0
chr1:1157371-1157871	ENSG00000162572	SCNN1D	chr1	1157371	1157871	1280435	+	122814	immune	method2_cicero	0.2545414865016937	3.0152198871897112e-31	3.377841133528548e-30
chr1:1157371-1157871	ENSG00000175756	AURKAIP1	chr1	1157371	1157871	1375206	-	217585	immune	method2_cicero	0.34422749280929565	0.0	0.0
chr1:1157371-1157871	ENSG00000176022	B3GALT6	chr1	1157371	1157871	1232236	+	74615	immune	method2_cicero	0.29688623547554016	2.7745709593631378e-42	4.432727432198694e-41
chr1:1157371-1157871	ENSG00000179403	VWA1	chr1	1157371	1157871	1434860	+	277239	immune	method2_cicero	0.34437379240989685	0.0	0.0
chr1:1157371-1157871	ENSG00000187608	ISG15	chr1	1157371	1157871	1001137	+	156484	immune	method2_cicero	0.32136088609695435	0.0	0.0
chr1:1157371-1157871	ENSG00000187634	SAMD11	chr1	1157371	1157871	923922	+	233699	immune	method2_cicero	0.3112153112888336	0.0	0.0
chr1:1157371-1157871	ENSG00000188157	AGRN	chr1	1157371	1157871	1020119	+	137502	immune	method2_cicero	0.2978132665157318	1.5120010430064776e-42	2.434335692225072e-41
chr1:1157371-1157871	ENSG00000188290	HES4	chr1	1157371	1157871	1000171	-	157450	immune	method2_cicero	0.32136088609695435	0.0	0.0
chr1:1157371-1157871	ENSG00000197530	MIB2	chr1	1157371	1157871	1615453	+	457832	immune	method2_cicero	0.2513789236545563	1.6838510828071437e-30	1.8354735287976745e-29
chr1:1157371-1157871	ENSG00000197785	ATAD3A	chr1	1157371	1157871	1512161	+	354540	immune	method2_cicero	0.3975943624973297	0.0	0.0
chr1:1157371-1157871	ENSG00000221978	CCNL2	chr1	1157371	1157871	1399334	-	241713	immune	method2_cicero	0.33404073119163513	0.0	0.0
chr1:1157371-1157871	ENSG00000224051	CPTP	chr1	1157371	1157871	1324755	+	167134	immune	method2_cicero	0.32639074325561523	0.0	0.0
chr1:1157371-1157871	ENSG00000235098	ANKRD65	chr1	1157371	1157871	1421768	-	264147	immune	method2_cicero	0.3177391290664673	0.0	0.0
chr1:1158024-1158524	ENSG00000078808	SDF4	chr1	1158024	1158524	1232030	-	73756	immune	method2_cicero	0.32255008816719055	0.0	0.0
chr1:1158024-1158524	ENSG00000107404	DVL1	chr1	1158024	1158524	1349417	-	191143	immune	method2_cicero	0.319358229637146	0.0	0.0
chr1:1158024-1158524	ENSG00000127054	INTS11	chr1	1158024	1158524	1324686	-	166412	immune	method2_cicero	0.33649247884750366	0.0	0.0
chr1:1158024-1158524	ENSG00000131591	C1orf159	chr1	1158024	1158524	1116360	-	41914	immune	method2_cicero	0.2686307430267334	1.0546569753888623e-34	1.3316708976145213e-33
chr1:1158024-1158524	ENSG00000160072	ATAD3B	chr1	1158024	1158524	1471764	+	313490	immune	method2_cicero	0.34119269251823425	0.0	0.0
chr1:1158024-1158524	ENSG00000160075	SSU72	chr1	1158024	1158524	1574862	-	416588	immune	method2_cicero	0.29858076572418213	9.136465987397807e-43	1.4801915678663043e-41
chr1:1158024-1158524	ENSG00000160087	UBE2J2	chr1	1158024	1158524	1273863	-	115589	immune	method2_cicero	0.2756681442260742	1.6488875000653717e-36	2.2095199941231837e-35
chr1:1158024-1158524	ENSG00000162576	MXRA8	chr1	1158024	1158524	1361776	-	203502	immune	method2_cicero	0.28832876682281494	6.793901331601367e-40	1.0115033342691292e-38
chr1:1158024-1158524	ENSG00000169962	TAS1R3	chr1	1158024	1158524	1331279	+	173005	immune	method2_cicero	0.2501217722892761	3.3138430833296676e-30	3.573342131720019e-29
chr1:1158024-1158524	ENSG00000175756	AURKAIP1	chr1	1158024	1158524	1375206	-	216932	immune	method2_cicero	0.4262022376060486	0.0	0.0
chr1:1158024-1158524	ENSG00000176022	B3GALT6	chr1	1158024	1158524	1232236	+	73962	immune	method2_cicero	0.32255008816719055	0.0	0.0
chr1:1158024-1158524	ENSG00000179403	VWA1	chr1	1158024	1158524	1434860	+	276586	immune	method2_cicero	0.3493088483810425	0.0	0.0
chr1:1158024-1158524	ENSG00000187608	ISG15	chr1	1158024	1158524	1001137	+	157137	immune	method2_cicero	0.4123595654964447	0.0	0.0
chr1:1158024-1158524	ENSG00000187634	SAMD11	chr1	1158024	1158524	923922	+	234352	immune	method2_cicero	0.30788975954055786	1.401298464324817e-45	2.382207389352189e-44
chr1:1158024-1158524	ENSG00000188157	AGRN	chr1	1158024	1158524	1020119	+	138155	immune	method2_cicero	0.26856276392936707	1.0972335185288898e-34	1.3846156223530379e-33
chr1:1158024-1158524	ENSG00000188290	HES4	chr1	1158024	1158524	1000171	-	158103	immune	method2_cicero	0.4123595654964447	0.0	0.0
chr1:1158024-1158524	ENSG00000197530	MIB2	chr1	1158024	1158524	1615453	+	457179	immune	method2_cicero	0.2681991755962372	1.3555828404331467e-34	1.7052279412844743e-33
chr1:1158024-1158524	ENSG00000197785	ATAD3A	chr1	1158024	1158524	1512161	+	353887	immune	method2_cicero	0.3883097469806671	0.0	0.0
chr1:1158024-1158524	ENSG00000205116	TMEM88B	chr1	1158024	1158524	1425870	+	267596	immune	method2_cicero	0.2665555775165558	3.511135504348939e-34	4.356734712452644e-33
chr1:1158024-1158524	ENSG00000221978	CCNL2	chr1	1158024	1158524	1399334	-	241060	immune	method2_cicero	0.3124867081642151	0.0	0.0
chr1:1158024-1158524	ENSG00000224051	CPTP	chr1	1158024	1158524	1324755	+	166481	immune	method2_cicero	0.33649247884750366	0.0	0.0
chr1:1158024-1158524	ENSG00000228594	FNDC10	chr1	1158024	1158524	1600134	-	441860	immune	method2_cicero	0.32519686222076416	0.0	0.0
chr1:1158024-1158524	ENSG00000235098	ANKRD65	chr1	1158024	1158524	1421768	-	263494	immune	method2_cicero	0.30090001225471497	1.975830834697992e-43	3.262222824948174e-42
chr1:1158711-1159211	ENSG00000160072	ATAD3B	chr1	1158711	1159211	1471764	+	312803	immune	method2_cicero	0.2536330223083496	4.954086617105487e-31	5.5062438672742984e-30
chr1:1158711-1159211	ENSG00000160075	SSU72	chr1	1158711	1159211	1574862	-	415901	immune	method2_cicero	0.26497265696525574	8.725215184863895e-34	1.0681925081485428e-32
chr1:1158711-1159211	ENSG00000160087	UBE2J2	chr1	1158711	1159211	1273863	-	114902	immune	method2_cicero	0.31036490201950073	0.0	0.0
chr1:1158711-1159211	ENSG00000162572	SCNN1D	chr1	1158711	1159211	1280435	+	121474	immune	method2_cicero	0.2568451166152954	8.484042902730724e-32	9.69273709315159e-31
chr1:1158711-1159211	ENSG00000162576	MXRA8	chr1	1158711	1159211	1361776	-	202815	immune	method2_cicero	0.3097931146621704	0.0	0.0
chr1:1158711-1159211	ENSG00000179403	VWA1	chr1	1158711	1159211	1434860	+	275899	immune	method2_cicero	0.2922658324241638	5.537230881779515e-41	8.516181222164427e-40
chr1:1158711-1159211	ENSG00000187608	ISG15	chr1	1158711	1159211	1001137	+	157824	immune	method2_cicero	0.32794836163520813	0.0	0.0
chr1:1158711-1159211	ENSG00000188290	HES4	chr1	1158711	1159211	1000171	-	158790	immune	method2_cicero	0.32794836163520813	0.0	0.0
chr1:1158711-1159211	ENSG00000205116	TMEM88B	chr1	1158711	1159211	1425870	+	266909	immune	method2_cicero	0.2948923110961914	1.0167821657140873e-41	1.5980407687160214e-40
chr1:1159440-1159940	ENSG00000107404	DVL1	chr1	1159440	1159940	1349417	-	189727	immune	method2_cicero	0.4104333221912384	0.0	0.0
chr1:1159440-1159940	ENSG00000162572	SCNN1D	chr1	1159440	1159940	1280435	+	120745	immune	method2_cicero	0.46252167224884033	0.0	0.0
chr1:1159440-1159940	ENSG00000179403	VWA1	chr1	1159440	1159940	1434860	+	275170	immune	method2_cicero	0.4455147087574005	0.0	0.0
chr1:1159440-1159940	ENSG00000187642	PERM1	chr1	1159440	1159940	982116	-	177574	immune	method2_cicero	0.283873975276947	1.1049152911994859e-38	1.5851820055918683e-37
chr1:1159440-1159940	ENSG00000188157	AGRN	chr1	1159440	1159940	1020119	+	139571	immune	method2_cicero	0.28853192925453186	5.975234742773523e-40	8.910870947626155e-39
chr1:1159440-1159940	ENSG00000197530	MIB2	chr1	1159440	1159940	1615453	+	455763	immune	method2_cicero	0.26676633954048157	3.1089192196397174e-34	3.864347312200051e-33
chr1:1159440-1159940	ENSG00000228594	FNDC10	chr1	1159440	1159940	1600134	-	440444	immune	method2_cicero	0.25413137674331665	3.773767567269684e-31	4.2126760930079596e-30
chr1:1159440-1159940	ENSG00000237330	RNF223	chr1	1159440	1159940	1074305	-	85385	immune	method2_cicero	0.3458338677883148	0.0	0.0
chr1:1160436-1160936	ENSG00000160087	UBE2J2	chr1	1160436	1160936	1273863	-	113177	immune	method2_cicero	0.2518535554409027	1.3027647480276243e-30	1.425938669671758e-29
chr1:1160436-1160936	ENSG00000162572	SCNN1D	chr1	1160436	1160936	1280435	+	119749	immune	method2_cicero	0.25498929619789124	2.3588393582159767e-31	2.6526670076023185e-30
chr1:1162512-1163012	ENSG00000078808	SDF4	chr1	1162512	1163012	1232030	-	69268	immune	method2_cicero	0.2536402940750122	4.934513225571075e-31	5.4849081746091336e-30
chr1:1162512-1163012	ENSG00000107404	DVL1	chr1	1162512	1163012	1349417	-	186655	immune	method2_cicero	0.36729374527931213	0.0	0.0
chr1:1162512-1163012	ENSG00000131591	C1orf159	chr1	1162512	1163012	1116360	-	46402	immune	method2_cicero	0.2709124982357025	2.776123050994689e-35	3.5738400923593942e-34
chr1:1162512-1163012	ENSG00000160075	SSU72	chr1	1162512	1163012	1574862	-	412100	immune	method2_cicero	0.27249178290367126	1.0937877359186717e-35	1.4268575169450656e-34
chr1:1162512-1163012	ENSG00000162572	SCNN1D	chr1	1162512	1163012	1280435	+	117673	immune	method2_cicero	0.48979589343070984	0.0	0.0
chr1:1162512-1163012	ENSG00000162576	MXRA8	chr1	1162512	1163012	1361776	-	199014	immune	method2_cicero	0.30238714814186096	7.286752014489049e-44	1.217728365498266e-42
chr1:1162512-1163012	ENSG00000176022	B3GALT6	chr1	1162512	1163012	1232236	+	69474	immune	method2_cicero	0.2536402940750122	4.934513225571075e-31	5.4849081746091336e-30
chr1:1162512-1163012	ENSG00000179403	VWA1	chr1	1162512	1163012	1434860	+	272098	immune	method2_cicero	0.5177591443061829	0.0	0.0
chr1:1162512-1163012	ENSG00000186827	TNFRSF4	chr1	1162512	1163012	1214152	-	51390	immune	method2_cicero	0.257325142621994	6.503397222795763e-32	7.461014988736925e-31
chr1:1162512-1163012	ENSG00000187608	ISG15	chr1	1162512	1163012	1001137	+	161625	immune	method2_cicero	0.3506001830101013	0.0	0.0
chr1:1162512-1163012	ENSG00000187634	SAMD11	chr1	1162512	1163012	923922	+	238840	immune	method2_cicero	0.28149041533470154	4.812671013660639e-38	6.769757631684314e-37
chr1:1162512-1163012	ENSG00000188157	AGRN	chr1	1162512	1163012	1020119	+	142643	immune	method2_cicero	0.27080968022346497	2.949026331386147e-35	3.793033284178028e-34
chr1:1162512-1163012	ENSG00000188290	HES4	chr1	1162512	1163012	1000171	-	162591	immune	method2_cicero	0.3506001830101013	0.0	0.0
chr1:1162512-1163012	ENSG00000197530	MIB2	chr1	1162512	1163012	1615453	+	452691	immune	method2_cicero	0.2756805121898651	1.63671104597908e-36	2.1934436165488764e-35
chr1:1162512-1163012	ENSG00000197785	ATAD3A	chr1	1162512	1163012	1512161	+	349399	immune	method2_cicero	0.2678648829460144	1.6459843576177253e-34	2.0646792364155522e-33
chr1:1162512-1163012	ENSG00000235098	ANKRD65	chr1	1162512	1163012	1421768	-	259006	immune	method2_cicero	0.25340789556503296	5.60110221768509e-31	6.213207610875781e-30
chr1:1162512-1163012	ENSG00000237330	RNF223	chr1	1162512	1163012	1074305	-	88457	immune	method2_cicero	0.4881489872932434	0.0	0.0
chr1:1163110-1163610	ENSG00000107404	DVL1	chr1	1163110	1163610	1349417	-	186057	immune	method2_cicero	0.2577540874481201	5.125791312028968e-32	5.902317943105898e-31
chr1:1163110-1163610	ENSG00000131584	ACAP3	chr1	1163110	1163610	1309608	-	146248	immune	method2_cicero	0.2704452872276306	3.6524948415341247e-35	4.683442245099583e-34
chr1:1163110-1163610	ENSG00000162572	SCNN1D	chr1	1163110	1163610	1280435	+	117075	immune	method2_cicero	0.33771663904190063	0.0	0.0
chr1:1163110-1163610	ENSG00000162576	MXRA8	chr1	1163110	1163610	1361776	-	198416	immune	method2_cicero	0.3364103138446808	0.0	0.0
chr1:1163110-1163610	ENSG00000169972	PUSL1	chr1	1163110	1163610	1308596	+	145236	immune	method2_cicero	0.2704452872276306	3.6524948415341247e-35	4.683442245099583e-34
chr1:1163110-1163610	ENSG00000179403	VWA1	chr1	1163110	1163610	1434860	+	271500	immune	method2_cicero	0.35821110010147095	0.0	0.0
chr1:1163110-1163610	ENSG00000187608	ISG15	chr1	1163110	1163610	1001137	+	162223	immune	method2_cicero	0.2678370773792267	1.6727441880488322e-34	2.097760218841584e-33
chr1:1163110-1163610	ENSG00000187642	PERM1	chr1	1163110	1163610	982116	-	181244	immune	method2_cicero	0.26102209091186523	8.236731527881986e-33	9.753166554090357e-32
chr1:1163110-1163610	ENSG00000188290	HES4	chr1	1163110	1163610	1000171	-	163189	immune	method2_cicero	0.2678370773792267	1.6727441880488322e-34	2.097760218841584e-33
chr1:1163110-1163610	ENSG00000205116	TMEM88B	chr1	1163110	1163610	1425870	+	262510	immune	method2_cicero	0.27081742882728577	2.9356461865818534e-35	3.776074711868753e-34
chr1:1163110-1163610	ENSG00000237330	RNF223	chr1	1163110	1163610	1074305	-	89055	immune	method2_cicero	0.3345043957233429	0.0	0.0
chr1:1163758-1164258	ENSG00000162572	SCNN1D	chr1	1163758	1164258	1280435	+	116427	immune	method2_cicero	0.25488442182540894	2.4985440406247636e-31	2.8072321015151046e-30
chr1:1163758-1164258	ENSG00000162576	MXRA8	chr1	1163758	1164258	1361776	-	197768	immune	method2_cicero	0.260125994682312	1.3633267400769747e-32	1.6021522505944853e-31
chr1:1163758-1164258	ENSG00000188157	AGRN	chr1	1163758	1164258	1020119	+	143889	immune	method2_cicero	0.2909158766269684	1.3139555310434512e-40	1.9984113581521222e-39
chr1:1164425-1164925	ENSG00000162572	SCNN1D	chr1	1164425	1164925	1280435	+	115760	immune	method2_cicero	0.29468679428100586	1.1618165567717058e-41	1.8229071332862248e-40
chr1:1164425-1164925	ENSG00000162576	MXRA8	chr1	1164425	1164925	1361776	-	197101	immune	method2_cicero	0.29066646099090576	1.5406295706326336e-40	2.338345346120358e-39
chr1:1164425-1164925	ENSG00000175756	AURKAIP1	chr1	1164425	1164925	1375206	-	210531	immune	method2_cicero	0.3030712604522705	4.624284932271896e-44	7.777206477002735e-43
chr1:1164425-1164925	ENSG00000179403	VWA1	chr1	1164425	1164925	1434860	+	270185	immune	method2_cicero	0.29134678840637207	9.977104936146265e-41	1.5228148632556722e-39
chr1:1164425-1164925	ENSG00000237330	RNF223	chr1	1164425	1164925	1074305	-	90370	immune	method2_cicero	0.3636370003223419	0.0	0.0
chr1:1166052-1166552	ENSG00000162571	TTLL10	chr1	1166052	1166552	1173879	+	7577	immune	method2_cicero	0.2540956437587738	3.8482210284620662e-31	4.294394955644356e-30
chr1:1166052-1166552	ENSG00000189409	MMP23B	chr1	1166052	1166552	1632162	+	465860	immune	method2_cicero	0.275361031293869	1.9820858723103312e-36	2.648937776478083e-35
chr1:1168564-1169064	ENSG00000131584	ACAP3	chr1	1168564	1169064	1309608	-	140794	immune	method2_cicero	0.2504010498523712	2.8520425104057386e-30	3.0825661308618804e-29
chr1:1168564-1169064	ENSG00000160087	UBE2J2	chr1	1168564	1169064	1273863	-	105049	immune	method2_cicero	0.26831671595573425	1.2660567774147886e-34	1.5942293158141874e-33
chr1:1168564-1169064	ENSG00000162572	SCNN1D	chr1	1168564	1169064	1280435	+	111621	immune	method2_cicero	0.29678699374198914	2.9609436551183385e-42	4.726579720167608e-41
chr1:1168564-1169064	ENSG00000162576	MXRA8	chr1	1168564	1169064	1361776	-	192962	immune	method2_cicero	0.31994232535362244	0.0	0.0
chr1:1168564-1169064	ENSG00000169962	TAS1R3	chr1	1168564	1169064	1331279	+	162465	immune	method2_cicero	0.25786837935447693	4.8104032389674716e-32	5.544433515822909e-31
chr1:1168564-1169064	ENSG00000169972	PUSL1	chr1	1168564	1169064	1308596	+	139782	immune	method2_cicero	0.2504010498523712	2.8520425104057386e-30	3.0825661308618804e-29
chr1:1168564-1169064	ENSG00000175756	AURKAIP1	chr1	1168564	1169064	1375206	-	206392	immune	method2_cicero	0.26702988147735596	2.6697393773156447e-34	3.3257986161326506e-33
chr1:1168564-1169064	ENSG00000179403	VWA1	chr1	1168564	1169064	1434860	+	266046	immune	method2_cicero	0.32536107301712036	0.0	0.0
chr1:1168564-1169064	ENSG00000186827	TNFRSF4	chr1	1168564	1169064	1214152	-	45338	immune	method2_cicero	0.2903621792793274	1.87034108630362e-40	2.8316206224427298e-39
chr1:1168564-1169064	ENSG00000187642	PERM1	chr1	1168564	1169064	982116	-	186698	immune	method2_cicero	0.25372472405433655	4.712340561485999e-31	5.241828356079429e-30
chr1:1168564-1169064	ENSG00000187961	KLHL17	chr1	1168564	1169064	960583	+	208231	immune	method2_cicero	0.2535057067871094	5.310310776167374e-31	5.895610478300558e-30
chr1:1168564-1169064	ENSG00000188157	AGRN	chr1	1168564	1169064	1020119	+	148695	immune	method2_cicero	0.2769176661968231	7.779031528122671e-37	1.053332549692005e-35
chr1:1168564-1169064	ENSG00000188290	HES4	chr1	1168564	1169064	1000171	-	168643	immune	method2_cicero	0.26445701718330383	1.1721362022342782e-33	1.4287297763887882e-32
chr1:1168564-1169064	ENSG00000197530	MIB2	chr1	1168564	1169064	1615453	+	446639	immune	method2_cicero	0.2594980299472809	1.9384366165328096e-32	2.2657432619161637e-31
chr1:1168564-1169064	ENSG00000205116	TMEM88B	chr1	1168564	1169064	1425870	+	257056	immune	method2_cicero	0.331143856048584	0.0	0.0
chr1:1169418-1169918	ENSG00000162571	TTLL10	chr1	1169418	1169918	1173879	+	4211	immune	method2_cicero	0.2972084879875183	2.2476827367770066e-42	3.600496274236185e-41
chr1:1169418-1169918	ENSG00000169962	TAS1R3	chr1	1169418	1169918	1331279	+	161611	immune	method2_cicero	0.2804361581802368	9.184367413582901e-38	1.2807420445251261e-36
chr1:1169418-1169918	ENSG00000186891	TNFRSF18	chr1	1169418	1169918	1206591	-	36923	immune	method2_cicero	0.28157922625541687	4.557093791946293e-38	6.415089662986965e-37
chr1:1169974-1170474	ENSG00000242485	MRPL20	chr1	1169974	1170474	1407292	-	237068	immune	method2_cicero	0.25482499599456787	2.5813211773153183e-31	2.898727503647516e-30
chr1:1170582-1171082	ENSG00000107404	DVL1	chr1	1170582	1171082	1349417	-	178585	immune	method2_cicero	0.2922254800796509	5.682405402683566e-41	8.736577444633434e-40
chr1:1170582-1171082	ENSG00000162572	SCNN1D	chr1	1170582	1171082	1280435	+	109603	immune	method2_cicero	0.30109646916389465	1.723597111119525e-43	2.850241076436678e-42
chr1:1170582-1171082	ENSG00000179403	VWA1	chr1	1170582	1171082	1434860	+	264028	immune	method2_cicero	0.29923105239868164	5.941505488737224e-43	9.677367194627187e-42
chr1:1171683-1172183	ENSG00000107404	DVL1	chr1	1171683	1172183	1349417	-	177484	immune	method2_cicero	0.330268532037735	0.0	0.0
chr1:1171683-1172183	ENSG00000127054	INTS11	chr1	1171683	1172183	1324686	-	152753	immune	method2_cicero	0.28593626618385315	3.057357193359279e-39	4.4627244679051095e-38
chr1:1171683-1172183	ENSG00000162571	TTLL10	chr1	1171683	1172183	1173879	+	1946	immune	method2_cicero	1.0	0.0	0.0
chr1:1171683-1172183	ENSG00000169962	TAS1R3	chr1	1171683	1172183	1331279	+	159346	immune	method2_cicero	0.5150030255317688	0.0	0.0
chr1:1171683-1172183	ENSG00000186827	TNFRSF4	chr1	1171683	1172183	1214152	-	42219	immune	method2_cicero	0.34363019466400146	0.0	0.0
chr1:1171683-1172183	ENSG00000186891	TNFRSF18	chr1	1171683	1172183	1206591	-	34658	immune	method2_cicero	0.42378926277160645	0.0	0.0
chr1:1171683-1172183	ENSG00000187583	PLEKHN1	chr1	1171683	1172183	966481	+	205452	immune	method2_cicero	0.25724053382873535	6.815678464288036e-32	7.813701380000578e-31
chr1:1171683-1172183	ENSG00000224051	CPTP	chr1	1171683	1172183	1324755	+	152822	immune	method2_cicero	0.28593626618385315	3.057357193359279e-39	4.4627244679051095e-38
chr1:1172287-1172787	ENSG00000162571	TTLL10	chr1	1172287	1172787	1173879	+	1342	immune	method2_cicero	1.0	0.0	0.0
chr1:1173596-1174096	ENSG00000162571	TTLL10	chr1	1173596	1174096	1173879	+	33	immune	method2_cicero	1.0	0.0	0.0
chr1:1173596-1174096	ENSG00000186827	TNFRSF4	chr1	1173596	1174096	1214152	-	40306	immune	method2_cicero	0.3083876669406891	1.401298464324817e-45	2.382207389352189e-44
chr1:1173596-1174096	ENSG00000187583	PLEKHN1	chr1	1173596	1174096	966481	+	207365	immune	method2_cicero	0.33987802267074585	0.0	0.0
chr1:1173596-1174096	ENSG00000187961	KLHL17	chr1	1173596	1174096	960583	+	213263	immune	method2_cicero	0.28139182925224304	5.113084741558908e-38	7.186588097090128e-37
chr1:1173596-1174096	ENSG00000188976	NOC2L	chr1	1173596	1174096	959308	-	214538	immune	method2_cicero	0.28139182925224304	5.113084741558908e-38	7.186588097090128e-37
chr1:1173596-1174096	ENSG00000189409	MMP23B	chr1	1173596	1174096	1632162	+	458316	immune	method2_cicero	0.41644060611724854	0.0	0.0
chr1:1173596-1174096	ENSG00000197530	MIB2	chr1	1173596	1174096	1615453	+	441607	immune	method2_cicero	0.32320985198020935	0.0	0.0
chr1:1197807-1198307	ENSG00000186827	TNFRSF4	chr1	1197807	1198307	1214152	-	16095	immune	method2_cicero	0.25758644938468933	5.625825449970455e-32	6.468668300145634e-31
chr1:1197807-1198307	ENSG00000186891	TNFRSF18	chr1	1197807	1198307	1206591	-	8534	immune	method2_cicero	0.2898291349411011	2.6255288546975503e-40	3.9577208839557246e-39
chr1:1198654-1199154	ENSG00000186827	TNFRSF4	chr1	1198654	1199154	1214152	-	15248	immune	method2_cicero	0.28692856431007385	1.6413002536081928e-39	2.4156317208426503e-38
chr1:1198654-1199154	ENSG00000186891	TNFRSF18	chr1	1198654	1199154	1206591	-	7687	immune	method2_cicero	0.3578607141971588	0.0	0.0
chr1:1199392-1199892	ENSG00000186891	TNFRSF18	chr1	1199392	1199892	1206591	-	6949	immune	method2_cicero	0.2562812268733978	1.1585746377848567e-31	1.317205555068154e-30
chr1:1200245-1200745	ENSG00000131591	C1orf159	chr1	1200245	1200745	1116360	-	84135	immune	method2_cicero	0.27692052721977234	7.765688476249248e-37	1.0515518020243165e-35
chr1:1200245-1200745	ENSG00000160072	ATAD3B	chr1	1200245	1200745	1471764	+	271269	immune	method2_cicero	0.25982457399368286	1.6144309943854346e-32	1.8923892114269183e-31
chr1:1200245-1200745	ENSG00000160087	UBE2J2	chr1	1200245	1200745	1273863	-	73368	immune	method2_cicero	0.258221298456192	3.953102572348506e-32	4.570043678934779e-31
chr1:1200245-1200745	ENSG00000169962	TAS1R3	chr1	1200245	1200745	1331279	+	130784	immune	method2_cicero	0.2904878854751587	1.7263856950635314e-40	2.6163531523531514e-39
chr1:1200245-1200745	ENSG00000186827	TNFRSF4	chr1	1200245	1200745	1214152	-	13657	immune	method2_cicero	0.352295458316803	0.0	0.0
chr1:1200245-1200745	ENSG00000186891	TNFRSF18	chr1	1200245	1200745	1206591	-	6096	immune	method2_cicero	0.34893566370010376	0.0	0.0
chr1:1200245-1200745	ENSG00000187583	PLEKHN1	chr1	1200245	1200745	966481	+	234014	immune	method2_cicero	0.3084109425544739	1.401298464324817e-45	2.382207389352189e-44
chr1:1200245-1200745	ENSG00000189409	MMP23B	chr1	1200245	1200745	1632162	+	431667	immune	method2_cicero	0.28152158856391907	4.721397157927149e-38	6.643091909312573e-37
chr1:1200245-1200745	ENSG00000221978	CCNL2	chr1	1200245	1200745	1399334	-	198839	immune	method2_cicero	0.2708532214164734	2.8745471700301653e-35	3.6986661129797014e-34
chr1:1201235-1201735	ENSG00000078808	SDF4	chr1	1201235	1201735	1232030	-	30545	immune	method2_cicero	0.39332571625709534	0.0	0.0
chr1:1201235-1201735	ENSG00000107404	DVL1	chr1	1201235	1201735	1349417	-	147932	immune	method2_cicero	0.4103037416934967	0.0	0.0
chr1:1201235-1201735	ENSG00000127054	INTS11	chr1	1201235	1201735	1324686	-	123201	immune	method2_cicero	0.4417399764060974	0.0	0.0
chr1:1201235-1201735	ENSG00000131584	ACAP3	chr1	1201235	1201735	1309608	-	108123	immune	method2_cicero	0.4139006435871124	0.0	0.0
chr1:1201235-1201735	ENSG00000131591	C1orf159	chr1	1201235	1201735	1116360	-	85125	immune	method2_cicero	0.4616245627403259	0.0	0.0
chr1:1201235-1201735	ENSG00000160072	ATAD3B	chr1	1201235	1201735	1471764	+	270279	immune	method2_cicero	0.37186211347579956	0.0	0.0
chr1:1201235-1201735	ENSG00000160087	UBE2J2	chr1	1201235	1201735	1273863	-	72378	immune	method2_cicero	0.4355713427066803	0.0	0.0
chr1:1201235-1201735	ENSG00000162571	TTLL10	chr1	1201235	1201735	1173879	+	27606	immune	method2_cicero	0.29625552892684937	4.189882408331203e-42	6.659670951703693e-41
chr1:1201235-1201735	ENSG00000169962	TAS1R3	chr1	1201235	1201735	1331279	+	129794	immune	method2_cicero	0.47679615020751953	0.0	0.0
chr1:1201235-1201735	ENSG00000169972	PUSL1	chr1	1201235	1201735	1308596	+	107111	immune	method2_cicero	0.4139006435871124	0.0	0.0
chr1:1201235-1201735	ENSG00000175756	AURKAIP1	chr1	1201235	1201735	1375206	-	173721	immune	method2_cicero	0.29188454151153564	7.071232310675892e-41	1.0841341751033953e-39
chr1:1201235-1201735	ENSG00000176022	B3GALT6	chr1	1201235	1201735	1232236	+	30751	immune	method2_cicero	0.39332571625709534	0.0	0.0
chr1:1201235-1201735	ENSG00000186827	TNFRSF4	chr1	1201235	1201735	1214152	-	12667	immune	method2_cicero	0.5962738990783691	0.0	0.0
chr1:1201235-1201735	ENSG00000186891	TNFRSF18	chr1	1201235	1201735	1206591	-	5106	immune	method2_cicero	0.6189385056495667	0.0	0.0
chr1:1201235-1201735	ENSG00000187583	PLEKHN1	chr1	1201235	1201735	966481	+	235004	immune	method2_cicero	0.4950558841228485	0.0	0.0
chr1:1201235-1201735	ENSG00000187634	SAMD11	chr1	1201235	1201735	923922	+	277563	immune	method2_cicero	0.3204233646392822	0.0	0.0
chr1:1201235-1201735	ENSG00000187961	KLHL17	chr1	1201235	1201735	960583	+	240902	immune	method2_cicero	0.44337090849876404	0.0	0.0
chr1:1201235-1201735	ENSG00000188157	AGRN	chr1	1201235	1201735	1020119	+	181366	immune	method2_cicero	0.313894659280777	0.0	0.0
chr1:1201235-1201735	ENSG00000188976	NOC2L	chr1	1201235	1201735	959308	-	242177	immune	method2_cicero	0.44337090849876404	0.0	0.0
chr1:1201235-1201735	ENSG00000189339	SLC35E2B	chr1	1201235	1201735	1692794	-	491309	immune	method2_cicero	0.43974512815475464	0.0	0.0
chr1:1201235-1201735	ENSG00000189409	MMP23B	chr1	1201235	1201735	1632162	+	430677	immune	method2_cicero	0.5009931921958923	0.0	0.0
chr1:1201235-1201735	ENSG00000197530	MIB2	chr1	1201235	1201735	1615453	+	413968	immune	method2_cicero	0.4611627459526062	0.0	0.0
chr1:1201235-1201735	ENSG00000197785	ATAD3A	chr1	1201235	1201735	1512161	+	310676	immune	method2_cicero	0.2830771505832672	1.8099378357392057e-38	2.5797622226449474e-37
chr1:1201235-1201735	ENSG00000221978	CCNL2	chr1	1201235	1201735	1399334	-	197849	immune	method2_cicero	0.37070539593696594	0.0	0.0
chr1:1201235-1201735	ENSG00000224051	CPTP	chr1	1201235	1201735	1324755	+	123270	immune	method2_cicero	0.4417399764060974	0.0	0.0
chr1:1201235-1201735	ENSG00000242485	MRPL20	chr1	1201235	1201735	1407292	-	205807	immune	method2_cicero	0.3155018389225006	0.0	0.0
chr1:1201235-1201735	ENSG00000248333	CDK11B	chr1	1201235	1201735	1659011	-	457526	immune	method2_cicero	0.35409167408943176	0.0	0.0
chr1:1204463-1204963	ENSG00000186827	TNFRSF4	chr1	1204463	1204963	1214152	-	9439	immune	method2_cicero	0.2654282748699188	6.718363933859565e-34	8.257202762001556e-33
chr1:1204463-1204963	ENSG00000186891	TNFRSF18	chr1	1204463	1204963	1206591	-	1878	immune	method2_cicero	1.0	0.0	0.0
chr1:1204463-1204963	ENSG00000187961	KLHL17	chr1	1204463	1204963	960583	+	244130	immune	method2_cicero	0.2982759475708008	1.1154335776025544e-42	1.8026303445074447e-41
chr1:1204463-1204963	ENSG00000188976	NOC2L	chr1	1204463	1204963	959308	-	245405	immune	method2_cicero	0.2982759475708008	1.1154335776025544e-42	1.8026303445074447e-41
chr1:1204463-1204963	ENSG00000189409	MMP23B	chr1	1204463	1204963	1632162	+	427449	immune	method2_cicero	0.2592710554599762	2.2008883586201386e-32	2.5675152312637807e-31
chr1:1204975-1205475	ENSG00000160087	UBE2J2	chr1	1204975	1205475	1273863	-	68638	immune	method2_cicero	0.26307711005210876	2.5743052613229546e-33	3.1016217782604615e-32
chr1:1204975-1205475	ENSG00000186827	TNFRSF4	chr1	1204975	1205475	1214152	-	8927	immune	method2_cicero	0.27269458770751953	9.700478709305806e-36	1.267566552971626e-34
chr1:1204975-1205475	ENSG00000186891	TNFRSF18	chr1	1204975	1205475	1206591	-	1366	immune	method2_cicero	1.0	0.0	0.0
chr1:1205728-1206228	ENSG00000078808	SDF4	chr1	1205728	1206228	1232030	-	26052	immune	method2_cicero	0.3193248212337494	0.0	0.0
chr1:1205728-1206228	ENSG00000107404	DVL1	chr1	1205728	1206228	1349417	-	143439	immune	method2_cicero	0.30347079038619995	3.5032461608120427e-44	5.89946653480748e-43
chr1:1205728-1206228	ENSG00000127054	INTS11	chr1	1205728	1206228	1324686	-	118708	immune	method2_cicero	0.28721845149993896	1.3679195349046e-39	2.0181011430041966e-38
chr1:1205728-1206228	ENSG00000131584	ACAP3	chr1	1205728	1206228	1309608	-	103630	immune	method2_cicero	0.29840677976608276	1.0243491774214413e-42	1.6571755639105287e-41
chr1:1205728-1206228	ENSG00000131591	C1orf159	chr1	1205728	1206228	1116360	-	89618	immune	method2_cicero	0.277330607175827	6.0635736068994535e-37	8.239523045718982e-36
chr1:1205728-1206228	ENSG00000160087	UBE2J2	chr1	1205728	1206228	1273863	-	67885	immune	method2_cicero	0.35743993520736694	0.0	0.0
chr1:1205728-1206228	ENSG00000162571	TTLL10	chr1	1205728	1206228	1173879	+	32099	immune	method2_cicero	0.38267311453819275	0.0	0.0
chr1:1205728-1206228	ENSG00000169962	TAS1R3	chr1	1205728	1206228	1331279	+	125301	immune	method2_cicero	0.6621564030647278	0.0	0.0
chr1:1205728-1206228	ENSG00000169972	PUSL1	chr1	1205728	1206228	1308596	+	102618	immune	method2_cicero	0.29840677976608276	1.0243491774214413e-42	1.6571755639105287e-41
chr1:1205728-1206228	ENSG00000176022	B3GALT6	chr1	1205728	1206228	1232236	+	26258	immune	method2_cicero	0.3193248212337494	0.0	0.0
chr1:1205728-1206228	ENSG00000186827	TNFRSF4	chr1	1205728	1206228	1214152	-	8174	immune	method2_cicero	0.5247493386268616	0.0	0.0
chr1:1205728-1206228	ENSG00000186891	TNFRSF18	chr1	1205728	1206228	1206591	-	613	immune	method2_cicero	1.0	0.0	0.0
chr1:1205728-1206228	ENSG00000187583	PLEKHN1	chr1	1205728	1206228	966481	+	239497	immune	method2_cicero	0.37091773748397827	0.0	0.0
chr1:1205728-1206228	ENSG00000187634	SAMD11	chr1	1205728	1206228	923922	+	282056	immune	method2_cicero	0.2664858102798462	3.6553220546805335e-34	4.532876296109625e-33
chr1:1205728-1206228	ENSG00000197785	ATAD3A	chr1	1205728	1206228	1512161	+	306183	immune	method2_cicero	0.2725442349910736	1.0603596870636443e-35	1.383853020392942e-34
chr1:1205728-1206228	ENSG00000224051	CPTP	chr1	1205728	1206228	1324755	+	118777	immune	method2_cicero	0.28721845149993896	1.3679195349046e-39	2.0181011430041966e-38
chr1:1206405-1206905	ENSG00000078808	SDF4	chr1	1206405	1206905	1232030	-	25375	immune	method2_cicero	0.3553772270679474	0.0	0.0
chr1:1206405-1206905	ENSG00000107404	DVL1	chr1	1206405	1206905	1349417	-	142762	immune	method2_cicero	0.2682137191295624	1.3441741167454394e-34	1.6910771933524818e-33
chr1:1206405-1206905	ENSG00000127054	INTS11	chr1	1206405	1206905	1324686	-	118031	immune	method2_cicero	0.3295723497867584	0.0	0.0
chr1:1206405-1206905	ENSG00000131584	ACAP3	chr1	1206405	1206905	1309608	-	102953	immune	method2_cicero	0.33011844754219055	0.0	0.0
chr1:1206405-1206905	ENSG00000131591	C1orf159	chr1	1206405	1206905	1116360	-	90295	immune	method2_cicero	0.36274394392967224	0.0	0.0
chr1:1206405-1206905	ENSG00000160072	ATAD3B	chr1	1206405	1206905	1471764	+	265109	immune	method2_cicero	0.32206326723098755	0.0	0.0
chr1:1206405-1206905	ENSG00000160087	UBE2J2	chr1	1206405	1206905	1273863	-	67208	immune	method2_cicero	0.3891238570213318	0.0	0.0
chr1:1206405-1206905	ENSG00000162571	TTLL10	chr1	1206405	1206905	1173879	+	32776	immune	method2_cicero	0.42378926277160645	0.0	0.0
chr1:1206405-1206905	ENSG00000169962	TAS1R3	chr1	1206405	1206905	1331279	+	124624	immune	method2_cicero	0.800686776638031	0.0	0.0
chr1:1206405-1206905	ENSG00000169972	PUSL1	chr1	1206405	1206905	1308596	+	101941	immune	method2_cicero	0.33011844754219055	0.0	0.0
chr1:1206405-1206905	ENSG00000176022	B3GALT6	chr1	1206405	1206905	1232236	+	25581	immune	method2_cicero	0.3553772270679474	0.0	0.0
chr1:1206405-1206905	ENSG00000186827	TNFRSF4	chr1	1206405	1206905	1214152	-	7497	immune	method2_cicero	0.6648277044296265	0.0	0.0
chr1:1206405-1206905	ENSG00000186891	TNFRSF18	chr1	1206405	1206905	1206591	-	64	immune	method2_cicero	1.0	0.0	0.0
chr1:1206405-1206905	ENSG00000187583	PLEKHN1	chr1	1206405	1206905	966481	+	240174	immune	method2_cicero	0.5088177919387817	0.0	0.0
chr1:1206405-1206905	ENSG00000187634	SAMD11	chr1	1206405	1206905	923922	+	282733	immune	method2_cicero	0.2759093642234802	1.426720305386763e-36	1.9156779748694162e-35
chr1:1206405-1206905	ENSG00000189339	SLC35E2B	chr1	1206405	1206905	1692794	-	486139	immune	method2_cicero	0.2690034806728363	8.487934188516354e-35	1.0751545203780817e-33
chr1:1206405-1206905	ENSG00000189409	MMP23B	chr1	1206405	1206905	1632162	+	425507	immune	method2_cicero	0.31490209698677063	0.0	0.0
chr1:1206405-1206905	ENSG00000197530	MIB2	chr1	1206405	1206905	1615453	+	408798	immune	method2_cicero	0.3096819519996643	0.0	0.0
chr1:1206405-1206905	ENSG00000197785	ATAD3A	chr1	1206405	1206905	1512161	+	305506	immune	method2_cicero	0.3170827031135559	0.0	0.0
chr1:1206405-1206905	ENSG00000224051	CPTP	chr1	1206405	1206905	1324755	+	118100	immune	method2_cicero	0.3295723497867584	0.0	0.0
chr1:1206926-1207426	ENSG00000078808	SDF4	chr1	1206926	1207426	1232030	-	24854	immune	method2_cicero	0.27119481563568115	2.351394069264335e-35	3.0340751269808777e-34
chr1:1206926-1207426	ENSG00000127054	INTS11	chr1	1206926	1207426	1324686	-	117510	immune	method2_cicero	0.2942194938659668	1.5723970068188772e-41	2.4575552077789344e-40
chr1:1206926-1207426	ENSG00000131591	C1orf159	chr1	1206926	1207426	1116360	-	90816	immune	method2_cicero	0.27061817049980164	3.3001039626626063e-35	4.237815091767738e-34
chr1:1206926-1207426	ENSG00000160087	UBE2J2	chr1	1206926	1207426	1273863	-	66687	immune	method2_cicero	0.30170169472694397	1.14906474074635e-43	1.9099698068747257e-42
chr1:1206926-1207426	ENSG00000162571	TTLL10	chr1	1206926	1207426	1173879	+	33297	immune	method2_cicero	0.3766753673553467	0.0	0.0
chr1:1206926-1207426	ENSG00000169962	TAS1R3	chr1	1206926	1207426	1331279	+	124103	immune	method2_cicero	0.6156734228134155	0.0	0.0
chr1:1206926-1207426	ENSG00000176022	B3GALT6	chr1	1206926	1207426	1232236	+	25060	immune	method2_cicero	0.27119481563568115	2.351394069264335e-35	3.0340751269808777e-34
chr1:1206926-1207426	ENSG00000186827	TNFRSF4	chr1	1206926	1207426	1214152	-	6976	immune	method2_cicero	0.5542195439338684	0.0	0.0
