peak_id	gene_id	gene_name	chrom	peak_start	peak_end	tss_pos	strand	distance_bp	compartment	method	score	pvalue	fdr
chr1:817083-817583	ENSG00000131584	ACAP3	chr1	817083	817583	1309608	-	492275	stromal	method2_cicero	0.27920541167259216	1.946067927938996e-37	5.8190285053142684e-36
chr1:817083-817583	ENSG00000169972	PUSL1	chr1	817083	817583	1308596	+	491263	stromal	method2_cicero	0.27920541167259216	1.946067927938996e-37	5.8190285053142684e-36
chr1:817083-817583	ENSG00000187634	SAMD11	chr1	817083	817583	923922	+	106589	stromal	method2_cicero	0.27650967240333557	9.945897234618611e-37	2.870108358720554e-35
chr1:817794-818294	ENSG00000186891	TNFRSF18	chr1	817794	818294	1206591	-	388547	stromal	method2_cicero	0.2623846232891083	3.813878196931465e-33	9.114547509658677e-32
chr1:817794-818294	ENSG00000187634	SAMD11	chr1	817794	818294	923922	+	105878	stromal	method2_cicero	0.34483686089515686	0.0	0.0
chr1:821615-822115	ENSG00000186891	TNFRSF18	chr1	821615	822115	1206591	-	384726	stromal	method2_cicero	0.2604062557220459	1.1647812626508778e-32	2.7106474201006952e-31
chr1:827310-827810	ENSG00000078808	SDF4	chr1	827310	827810	1232030	-	404470	stromal	method2_cicero	0.4287950396537781	0.0	0.0
chr1:827310-827810	ENSG00000127054	INTS11	chr1	827310	827810	1324686	-	497126	stromal	method2_cicero	0.4166601002216339	0.0	0.0
chr1:827310-827810	ENSG00000131584	ACAP3	chr1	827310	827810	1309608	-	482048	stromal	method2_cicero	0.4735451638698578	0.0	0.0
chr1:827310-827810	ENSG00000131591	C1orf159	chr1	827310	827810	1116360	-	288800	stromal	method2_cicero	0.4424472451210022	0.0	0.0
chr1:827310-827810	ENSG00000160087	UBE2J2	chr1	827310	827810	1273863	-	446303	stromal	method2_cicero	0.406979501247406	0.0	0.0
chr1:827310-827810	ENSG00000169972	PUSL1	chr1	827310	827810	1308596	+	481036	stromal	method2_cicero	0.4735451638698578	0.0	0.0
chr1:827310-827810	ENSG00000176022	B3GALT6	chr1	827310	827810	1232236	+	404676	stromal	method2_cicero	0.4287950396537781	0.0	0.0
chr1:827310-827810	ENSG00000186827	TNFRSF4	chr1	827310	827810	1214152	-	386592	stromal	method2_cicero	0.2882385849952698	7.192094303223907e-40	2.4208383854166956e-38
chr1:827310-827810	ENSG00000186891	TNFRSF18	chr1	827310	827810	1206591	-	379031	stromal	method2_cicero	0.27572259306907654	1.5959131268108923e-36	4.557319851656635e-35
chr1:827310-827810	ENSG00000187583	PLEKHN1	chr1	827310	827810	966481	+	138921	stromal	method2_cicero	0.27817681431770325	3.634339537915541e-37	1.0721415355023822e-35
chr1:827310-827810	ENSG00000187608	ISG15	chr1	827310	827810	1001137	+	173577	stromal	method2_cicero	0.2898642420768738	2.5675991761823623e-40	8.827413814986362e-39
chr1:827310-827810	ENSG00000187961	KLHL17	chr1	827310	827810	960583	+	133023	stromal	method2_cicero	0.3859948217868805	0.0	0.0
chr1:827310-827810	ENSG00000188157	AGRN	chr1	827310	827810	1020119	+	192559	stromal	method2_cicero	0.462604284286499	0.0	0.0
chr1:827310-827810	ENSG00000188290	HES4	chr1	827310	827810	1000171	-	172611	stromal	method2_cicero	0.2898642420768738	2.5675991761823623e-40	8.827413814986362e-39
chr1:827310-827810	ENSG00000188976	NOC2L	chr1	827310	827810	959308	-	131748	stromal	method2_cicero	0.3859948217868805	0.0	0.0
chr1:827310-827810	ENSG00000224051	CPTP	chr1	827310	827810	1324755	+	497195	stromal	method2_cicero	0.4166601002216339	0.0	0.0
chr1:830672-831172	ENSG00000186827	TNFRSF4	chr1	830672	831172	1214152	-	383230	stromal	method2_cicero	0.25472086668014526	2.732963945252186e-31	5.887804819652906e-30
chr1:869685-870185	ENSG00000078808	SDF4	chr1	869685	870185	1232030	-	362095	stromal	method2_cicero	0.3294088542461395	0.0	0.0
chr1:869685-870185	ENSG00000107404	DVL1	chr1	869685	870185	1349417	-	479482	stromal	method2_cicero	0.3085104525089264	1.401298464324817e-45	6.025583396596713e-44
chr1:869685-870185	ENSG00000127054	INTS11	chr1	869685	870185	1324686	-	454751	stromal	method2_cicero	0.3739566206932068	0.0	0.0
chr1:869685-870185	ENSG00000131584	ACAP3	chr1	869685	870185	1309608	-	439673	stromal	method2_cicero	0.31913304328918457	0.0	0.0
chr1:869685-870185	ENSG00000131591	C1orf159	chr1	869685	870185	1116360	-	246425	stromal	method2_cicero	0.34562522172927856	0.0	0.0
chr1:869685-870185	ENSG00000160087	UBE2J2	chr1	869685	870185	1273863	-	403928	stromal	method2_cicero	0.36726292967796326	0.0	0.0
chr1:869685-870185	ENSG00000169972	PUSL1	chr1	869685	870185	1308596	+	438661	stromal	method2_cicero	0.31913304328918457	0.0	0.0
chr1:869685-870185	ENSG00000176022	B3GALT6	chr1	869685	870185	1232236	+	362301	stromal	method2_cicero	0.3294088542461395	0.0	0.0
chr1:869685-870185	ENSG00000187608	ISG15	chr1	869685	870185	1001137	+	131202	stromal	method2_cicero	0.3511342704296112	0.0	0.0
chr1:869685-870185	ENSG00000188157	AGRN	chr1	869685	870185	1020119	+	150184	stromal	method2_cicero	0.3221239149570465	0.0	0.0
chr1:869685-870185	ENSG00000188290	HES4	chr1	869685	870185	1000171	-	130236	stromal	method2_cicero	0.3511342704296112	0.0	0.0
chr1:869685-870185	ENSG00000224051	CPTP	chr1	869685	870185	1324755	+	454820	stromal	method2_cicero	0.3739566206932068	0.0	0.0
chr1:898700-899200	ENSG00000127054	INTS11	chr1	898700	899200	1324686	-	425736	stromal	method2_cicero	0.2592063546180725	2.2819702855200137e-32	5.225395415252674e-31
chr1:898700-899200	ENSG00000162571	TTLL10	chr1	898700	899200	1173879	+	274929	stromal	method2_cicero	0.30090615153312683	1.961817850054744e-43	7.785614267788684e-42
chr1:898700-899200	ENSG00000186827	TNFRSF4	chr1	898700	899200	1214152	-	315202	stromal	method2_cicero	0.4295768439769745	0.0	0.0
chr1:898700-899200	ENSG00000224051	CPTP	chr1	898700	899200	1324755	+	425805	stromal	method2_cicero	0.2592063546180725	2.2819702855200137e-32	5.225395415252674e-31
chr1:903710-904210	ENSG00000187634	SAMD11	chr1	903710	904210	923922	+	19962	stromal	method2_cicero	0.26646754145622253	3.6940532160076855e-34	9.323202018096655e-33
chr1:904529-905029	ENSG00000078808	SDF4	chr1	904529	905029	1232030	-	327251	stromal	method2_cicero	0.38900306820869446	0.0	0.0
chr1:904529-905029	ENSG00000107404	DVL1	chr1	904529	905029	1349417	-	444638	stromal	method2_cicero	0.40299248695373535	0.0	0.0
chr1:904529-905029	ENSG00000127054	INTS11	chr1	904529	905029	1324686	-	419907	stromal	method2_cicero	0.3926332890987396	0.0	0.0
chr1:904529-905029	ENSG00000131584	ACAP3	chr1	904529	905029	1309608	-	404829	stromal	method2_cicero	0.4457751214504242	0.0	0.0
chr1:904529-905029	ENSG00000131591	C1orf159	chr1	904529	905029	1116360	-	211581	stromal	method2_cicero	0.42566221952438354	0.0	0.0
chr1:904529-905029	ENSG00000160087	UBE2J2	chr1	904529	905029	1273863	-	369084	stromal	method2_cicero	0.3691958487033844	0.0	0.0
chr1:904529-905029	ENSG00000162576	MXRA8	chr1	904529	905029	1361776	-	456997	stromal	method2_cicero	0.3107701539993286	0.0	0.0
chr1:904529-905029	ENSG00000169972	PUSL1	chr1	904529	905029	1308596	+	403817	stromal	method2_cicero	0.4457751214504242	0.0	0.0
chr1:904529-905029	ENSG00000175756	AURKAIP1	chr1	904529	905029	1375206	-	470427	stromal	method2_cicero	0.4080938398838043	0.0	0.0
chr1:904529-905029	ENSG00000176022	B3GALT6	chr1	904529	905029	1232236	+	327457	stromal	method2_cicero	0.38900306820869446	0.0	0.0
chr1:904529-905029	ENSG00000186891	TNFRSF18	chr1	904529	905029	1206591	-	301812	stromal	method2_cicero	0.38041219115257263	0.0	0.0
chr1:904529-905029	ENSG00000187583	PLEKHN1	chr1	904529	905029	966481	+	61702	stromal	method2_cicero	0.2879202663898468	8.792223006651773e-40	2.9471209668065456e-38
chr1:904529-905029	ENSG00000187608	ISG15	chr1	904529	905029	1001137	+	96358	stromal	method2_cicero	0.3860665261745453	0.0	0.0
chr1:904529-905029	ENSG00000187634	SAMD11	chr1	904529	905029	923922	+	19143	stromal	method2_cicero	0.3597679138183594	0.0	0.0
chr1:904529-905029	ENSG00000187642	PERM1	chr1	904529	905029	982116	-	77337	stromal	method2_cicero	0.2510993778705597	1.958063257961314e-30	4.0168157885112385e-29
chr1:904529-905029	ENSG00000187961	KLHL17	chr1	904529	905029	960583	+	55804	stromal	method2_cicero	0.33331578969955444	0.0	0.0
chr1:904529-905029	ENSG00000188157	AGRN	chr1	904529	905029	1020119	+	115340	stromal	method2_cicero	0.42898058891296387	0.0	0.0
chr1:904529-905029	ENSG00000188290	HES4	chr1	904529	905029	1000171	-	95392	stromal	method2_cicero	0.3860665261745453	0.0	0.0
chr1:904529-905029	ENSG00000188976	NOC2L	chr1	904529	905029	959308	-	54529	stromal	method2_cicero	0.33331578969955444	0.0	0.0
chr1:904529-905029	ENSG00000221978	CCNL2	chr1	904529	905029	1399334	-	494555	stromal	method2_cicero	0.4113048017024994	0.0	0.0
chr1:904529-905029	ENSG00000224051	CPTP	chr1	904529	905029	1324755	+	419976	stromal	method2_cicero	0.3926332890987396	0.0	0.0
chr1:905182-905682	ENSG00000107404	DVL1	chr1	905182	905682	1349417	-	443985	stromal	method2_cicero	0.3268736004829407	0.0	0.0
chr1:905182-905682	ENSG00000131584	ACAP3	chr1	905182	905682	1309608	-	404176	stromal	method2_cicero	0.27612605690956116	1.2526306072426937e-36	3.5961790194026405e-35
chr1:905182-905682	ENSG00000162576	MXRA8	chr1	905182	905682	1361776	-	456344	stromal	method2_cicero	0.42181599140167236	0.0	0.0
chr1:905182-905682	ENSG00000169972	PUSL1	chr1	905182	905682	1308596	+	403164	stromal	method2_cicero	0.27612605690956116	1.2526306072426937e-36	3.5961790194026405e-35
chr1:905182-905682	ENSG00000186891	TNFRSF18	chr1	905182	905682	1206591	-	301159	stromal	method2_cicero	0.32956892251968384	0.0	0.0
chr1:905182-905682	ENSG00000187583	PLEKHN1	chr1	905182	905682	966481	+	61049	stromal	method2_cicero	0.3211601674556732	0.0	0.0
chr1:905182-905682	ENSG00000187634	SAMD11	chr1	905182	905682	923922	+	18490	stromal	method2_cicero	0.4437304735183716	0.0	0.0
chr1:909786-910286	ENSG00000187608	ISG15	chr1	909786	910286	1001137	+	91101	stromal	method2_cicero	0.2542855143547058	3.468692928993997e-31	7.429539575841116e-30
chr1:909786-910286	ENSG00000188290	HES4	chr1	909786	910286	1000171	-	90135	stromal	method2_cicero	0.2542855143547058	3.468692928993997e-31	7.429539575841116e-30
chr1:911042-911542	ENSG00000187608	ISG15	chr1	911042	911542	1001137	+	89845	stromal	method2_cicero	0.25211939215660095	1.1280938106592777e-30	2.3462318051452154e-29
chr1:911042-911542	ENSG00000188290	HES4	chr1	911042	911542	1000171	-	88879	stromal	method2_cicero	0.25211939215660095	1.1280938106592777e-30	2.3462318051452154e-29
chr1:916459-916959	ENSG00000187634	SAMD11	chr1	916459	916959	923922	+	7213	stromal	method2_cicero	0.25120997428894043	1.8446530676267487e-30	3.7898660094239694e-29
chr1:917139-917639	ENSG00000187634	SAMD11	chr1	917139	917639	923922	+	6533	stromal	method2_cicero	0.27194371819496155	1.5122289995144214e-35	4.106442118626328e-34
chr1:919138-919638	ENSG00000187634	SAMD11	chr1	919138	919638	923922	+	4534	stromal	method2_cicero	0.25384679436683655	4.408591410640299e-31	9.386188102841328e-30
chr1:920397-920897	ENSG00000131584	ACAP3	chr1	920397	920897	1309608	-	388961	stromal	method2_cicero	0.27263304591178894	1.0060543448332064e-35	2.757259523509172e-34
chr1:920397-920897	ENSG00000162576	MXRA8	chr1	920397	920897	1361776	-	441129	stromal	method2_cicero	0.27263620495796204	1.0041745870212225e-35	2.7522058161555977e-34
chr1:920397-920897	ENSG00000169972	PUSL1	chr1	920397	920897	1308596	+	387949	stromal	method2_cicero	0.27263304591178894	1.0060543448332064e-35	2.757259523509172e-34
chr1:920397-920897	ENSG00000187634	SAMD11	chr1	920397	920897	923922	+	3275	stromal	method2_cicero	0.2892371714115143	3.823176613202042e-40	1.3036997078427508e-38
chr1:920397-920897	ENSG00000221978	CCNL2	chr1	920397	920897	1399334	-	478687	stromal	method2_cicero	0.25181394815444946	1.330979057475609e-30	2.756970220023097e-29
chr1:920990-921490	ENSG00000107404	DVL1	chr1	920990	921490	1349417	-	428177	stromal	method2_cicero	0.2859277129173279	3.0737663983765225e-39	1.004053779399055e-37
chr1:920990-921490	ENSG00000131584	ACAP3	chr1	920990	921490	1309608	-	388368	stromal	method2_cicero	0.3231343924999237	0.0	0.0
chr1:920990-921490	ENSG00000160087	UBE2J2	chr1	920990	921490	1273863	-	352623	stromal	method2_cicero	0.2711710035800934	2.384585139491386e-35	6.409422896299351e-34
chr1:920990-921490	ENSG00000162576	MXRA8	chr1	920990	921490	1361776	-	440536	stromal	method2_cicero	0.26908695697784424	8.084648938631853e-35	2.113733534030328e-33
chr1:920990-921490	ENSG00000169972	PUSL1	chr1	920990	921490	1308596	+	387356	stromal	method2_cicero	0.3231343924999237	0.0	0.0
chr1:920990-921490	ENSG00000187634	SAMD11	chr1	920990	921490	923922	+	2682	stromal	method2_cicero	0.3413664996623993	0.0	0.0
chr1:920990-921490	ENSG00000188157	AGRN	chr1	920990	921490	1020119	+	98879	stromal	method2_cicero	0.2583620250225067	3.6551973328932014e-32	8.274226682613187e-31
chr1:921661-922161	ENSG00000107404	DVL1	chr1	921661	922161	1349417	-	427506	stromal	method2_cicero	0.30610552430152893	5.605193857299268e-45	2.382207389352189e-43
chr1:921661-922161	ENSG00000162576	MXRA8	chr1	921661	922161	1361776	-	439865	stromal	method2_cicero	0.30459773540496826	1.6815581571897805e-44	6.992479336980837e-43
chr1:921661-922161	ENSG00000187634	SAMD11	chr1	921661	922161	923922	+	2011	stromal	method2_cicero	1.0	0.0	0.0
chr1:922392-922892	ENSG00000187634	SAMD11	chr1	922392	922892	923922	+	1280	stromal	method2_cicero	1.0	0.0	0.0
chr1:922928-923428	ENSG00000187583	PLEKHN1	chr1	922928	923428	966481	+	43303	stromal	method2_cicero	0.2558545172214508	1.4659029338299405e-31	3.2068832536760305e-30
chr1:922928-923428	ENSG00000187634	SAMD11	chr1	922928	923428	923922	+	744	stromal	method2_cicero	1.0	0.0	0.0
chr1:922928-923428	ENSG00000187642	PERM1	chr1	922928	923428	982116	-	58938	stromal	method2_cicero	0.2690907418727875	8.066874178350474e-35	2.1091983298880616e-33
chr1:923583-924083	ENSG00000078808	SDF4	chr1	923583	924083	1232030	-	308197	stromal	method2_cicero	0.32777008414268494	0.0	0.0
chr1:923583-924083	ENSG00000107404	DVL1	chr1	923583	924083	1349417	-	425584	stromal	method2_cicero	0.3312855064868927	0.0	0.0
chr1:923583-924083	ENSG00000127054	INTS11	chr1	923583	924083	1324686	-	400853	stromal	method2_cicero	0.32114869356155396	0.0	0.0
chr1:923583-924083	ENSG00000131584	ACAP3	chr1	923583	924083	1309608	-	385775	stromal	method2_cicero	0.37982141971588135	0.0	0.0
chr1:923583-924083	ENSG00000131591	C1orf159	chr1	923583	924083	1116360	-	192527	stromal	method2_cicero	0.32470425963401794	0.0	0.0
chr1:923583-924083	ENSG00000160087	UBE2J2	chr1	923583	924083	1273863	-	350030	stromal	method2_cicero	0.34973829984664917	0.0	0.0
chr1:923583-924083	ENSG00000162576	MXRA8	chr1	923583	924083	1361776	-	437943	stromal	method2_cicero	0.3748909533023834	0.0	0.0
chr1:923583-924083	ENSG00000169972	PUSL1	chr1	923583	924083	1308596	+	384763	stromal	method2_cicero	0.37982141971588135	0.0	0.0
chr1:923583-924083	ENSG00000175756	AURKAIP1	chr1	923583	924083	1375206	-	451373	stromal	method2_cicero	0.31360530853271484	0.0	0.0
chr1:923583-924083	ENSG00000176022	B3GALT6	chr1	923583	924083	1232236	+	308403	stromal	method2_cicero	0.32777008414268494	0.0	0.0
chr1:923583-924083	ENSG00000186891	TNFRSF18	chr1	923583	924083	1206591	-	282758	stromal	method2_cicero	0.3138844966888428	0.0	0.0
chr1:923583-924083	ENSG00000187583	PLEKHN1	chr1	923583	924083	966481	+	42648	stromal	method2_cicero	0.255174845457077	2.1303956668681347e-31	4.617798842233545e-30
chr1:923583-924083	ENSG00000187608	ISG15	chr1	923583	924083	1001137	+	77304	stromal	method2_cicero	0.33585411310195923	0.0	0.0
chr1:923583-924083	ENSG00000187634	SAMD11	chr1	923583	924083	923922	+	89	stromal	method2_cicero	1.0	0.0	0.0
chr1:923583-924083	ENSG00000187961	KLHL17	chr1	923583	924083	960583	+	36750	stromal	method2_cicero	0.29907527565956116	6.58610278232664e-43	2.5524651527676543e-41
chr1:923583-924083	ENSG00000188157	AGRN	chr1	923583	924083	1020119	+	96286	stromal	method2_cicero	0.3515532910823822	0.0	0.0
chr1:923583-924083	ENSG00000188290	HES4	chr1	923583	924083	1000171	-	76338	stromal	method2_cicero	0.33585411310195923	0.0	0.0
chr1:923583-924083	ENSG00000188976	NOC2L	chr1	923583	924083	959308	-	35475	stromal	method2_cicero	0.29907527565956116	6.58610278232664e-43	2.5524651527676543e-41
chr1:923583-924083	ENSG00000221978	CCNL2	chr1	923583	924083	1399334	-	475501	stromal	method2_cicero	0.3703655004501343	0.0	0.0
chr1:923583-924083	ENSG00000224051	CPTP	chr1	923583	924083	1324755	+	400922	stromal	method2_cicero	0.32114869356155396	0.0	0.0
chr1:923583-924083	ENSG00000235098	ANKRD65	chr1	923583	924083	1421768	-	497935	stromal	method2_cicero	0.32136476039886475	0.0	0.0
chr1:923583-924083	ENSG00000242485	MRPL20	chr1	923583	924083	1407292	-	483459	stromal	method2_cicero	0.27721908688545227	6.485857701720666e-37	1.889245566680705e-35
chr1:924573-925073	ENSG00000107404	DVL1	chr1	924573	925073	1349417	-	424594	stromal	method2_cicero	0.3277474343776703	0.0	0.0
chr1:924573-925073	ENSG00000131584	ACAP3	chr1	924573	925073	1309608	-	384785	stromal	method2_cicero	0.3170035779476166	0.0	0.0
chr1:924573-925073	ENSG00000162576	MXRA8	chr1	924573	925073	1361776	-	436953	stromal	method2_cicero	0.36204540729522705	0.0	0.0
chr1:924573-925073	ENSG00000169972	PUSL1	chr1	924573	925073	1308596	+	383773	stromal	method2_cicero	0.3170035779476166	0.0	0.0
chr1:924573-925073	ENSG00000186891	TNFRSF18	chr1	924573	925073	1206591	-	281768	stromal	method2_cicero	0.35558244585990906	0.0	0.0
chr1:924573-925073	ENSG00000187583	PLEKHN1	chr1	924573	925073	966481	+	41658	stromal	method2_cicero	0.35199397802352905	0.0	0.0
chr1:924573-925073	ENSG00000187608	ISG15	chr1	924573	925073	1001137	+	76314	stromal	method2_cicero	0.2589731216430664	2.5995660839091486e-32	5.934018204561133e-31
chr1:924573-925073	ENSG00000187634	SAMD11	chr1	924573	925073	923922	+	901	stromal	method2_cicero	1.0	0.0	0.0
chr1:924573-925073	ENSG00000187961	KLHL17	chr1	924573	925073	960583	+	35760	stromal	method2_cicero	0.2937984764575958	2.0641126379504555e-41	7.470910658670616e-40
chr1:924573-925073	ENSG00000188157	AGRN	chr1	924573	925073	1020119	+	95296	stromal	method2_cicero	0.27123314142227173	2.2989522701410905e-35	6.18436026833252e-34
chr1:924573-925073	ENSG00000188290	HES4	chr1	924573	925073	1000171	-	75348	stromal	method2_cicero	0.2589731216430664	2.5995660839091486e-32	5.934018204561133e-31
chr1:924573-925073	ENSG00000188976	NOC2L	chr1	924573	925073	959308	-	34485	stromal	method2_cicero	0.2937984764575958	2.0641126379504555e-41	7.470910658670616e-40
chr1:924573-925073	ENSG00000221978	CCNL2	chr1	924573	925073	1399334	-	474511	stromal	method2_cicero	0.2909969985485077	1.2476320747269576e-40	4.35303839112947e-39
chr1:925433-925933	ENSG00000107404	DVL1	chr1	925433	925933	1349417	-	423734	stromal	method2_cicero	0.37048205733299255	0.0	0.0
chr1:925433-925933	ENSG00000131584	ACAP3	chr1	925433	925933	1309608	-	383925	stromal	method2_cicero	0.29528722167015076	7.868290877183848e-42	2.9032942362960155e-40
chr1:925433-925933	ENSG00000162576	MXRA8	chr1	925433	925933	1361776	-	436093	stromal	method2_cicero	0.4588356018066406	0.0	0.0
chr1:925433-925933	ENSG00000169972	PUSL1	chr1	925433	925933	1308596	+	382913	stromal	method2_cicero	0.29528722167015076	7.868290877183848e-42	2.9032942362960155e-40
chr1:925433-925933	ENSG00000186891	TNFRSF18	chr1	925433	925933	1206591	-	280908	stromal	method2_cicero	0.3858870565891266	0.0	0.0
chr1:925433-925933	ENSG00000187583	PLEKHN1	chr1	925433	925933	966481	+	40798	stromal	method2_cicero	0.33918288350105286	0.0	0.0
chr1:925433-925933	ENSG00000187634	SAMD11	chr1	925433	925933	923922	+	1761	stromal	method2_cicero	1.0	0.0	0.0
chr1:925433-925933	ENSG00000187961	KLHL17	chr1	925433	925933	960583	+	34900	stromal	method2_cicero	0.26153281331062317	6.175139984518258e-33	1.4589652837208225e-31
chr1:925433-925933	ENSG00000188157	AGRN	chr1	925433	925933	1020119	+	94436	stromal	method2_cicero	0.2513439655303955	1.715936060053516e-30	3.531795609847833e-29
chr1:925433-925933	ENSG00000188976	NOC2L	chr1	925433	925933	959308	-	33625	stromal	method2_cicero	0.26153281331062317	6.175139984518258e-33	1.4589652837208225e-31
chr1:925433-925933	ENSG00000221978	CCNL2	chr1	925433	925933	1399334	-	473651	stromal	method2_cicero	0.26817256212234497	1.3767042009888933e-34	3.5552977250833785e-33
chr1:926253-926753	ENSG00000131584	ACAP3	chr1	926253	926753	1309608	-	383105	stromal	method2_cicero	0.2631431519985199	2.479442316198619e-33	5.985479701548042e-32
chr1:926253-926753	ENSG00000169972	PUSL1	chr1	926253	926753	1308596	+	382093	stromal	method2_cicero	0.2631431519985199	2.479442316198619e-33	5.985479701548042e-32
chr1:926253-926753	ENSG00000186891	TNFRSF18	chr1	926253	926753	1206591	-	280088	stromal	method2_cicero	0.2584902048110962	3.403293301615801e-32	7.717411465549581e-31
chr1:926253-926753	ENSG00000221978	CCNL2	chr1	926253	926753	1399334	-	472831	stromal	method2_cicero	0.2617144286632538	5.573016513196557e-33	1.3199065354578124e-31
chr1:927201-927701	ENSG00000162576	MXRA8	chr1	927201	927701	1361776	-	434325	stromal	method2_cicero	0.2500738501548767	3.400206371165937e-30	6.878062777034198e-29
chr1:927201-927701	ENSG00000187634	SAMD11	chr1	927201	927701	923922	+	3529	stromal	method2_cicero	0.26191258430480957	4.9823669687648364e-33	1.1831838471181915e-31
chr1:927201-927701	ENSG00000187642	PERM1	chr1	927201	927701	982116	-	54665	stromal	method2_cicero	0.27928856015205383	1.8500242764406986e-37	5.538334746236996e-36
chr1:929617-930117	ENSG00000186827	TNFRSF4	chr1	929617	930117	1214152	-	284285	stromal	method2_cicero	0.259504497051239	1.9314352252425182e-32	4.440202334524872e-31
chr1:929617-930117	ENSG00000187642	PERM1	chr1	929617	930117	982116	-	52249	stromal	method2_cicero	0.2518240809440613	1.3237037818790477e-30	2.742260328219732e-29
chr1:938034-938534	ENSG00000107404	DVL1	chr1	938034	938534	1349417	-	411133	stromal	method2_cicero	0.2855868935585022	3.8036929593540694e-39	1.237014492314707e-37
chr1:938034-938534	ENSG00000131584	ACAP3	chr1	938034	938534	1309608	-	371324	stromal	method2_cicero	0.2635982930660248	1.913593131175356e-33	4.647809741982496e-32
chr1:938034-938534	ENSG00000162576	MXRA8	chr1	938034	938534	1361776	-	423492	stromal	method2_cicero	0.3212920129299164	0.0	0.0
chr1:938034-938534	ENSG00000169972	PUSL1	chr1	938034	938534	1308596	+	370312	stromal	method2_cicero	0.2635982930660248	1.913593131175356e-33	4.647809741982496e-32
chr1:938034-938534	ENSG00000186891	TNFRSF18	chr1	938034	938534	1206591	-	268307	stromal	method2_cicero	0.2709093689918518	2.781214181312948e-35	7.449942944998393e-34
chr1:938034-938534	ENSG00000187634	SAMD11	chr1	938034	938534	923922	+	14362	stromal	method2_cicero	0.30742478370666504	2.802596928649634e-45	1.2051166793193427e-43
chr1:938873-939373	ENSG00000107404	DVL1	chr1	938873	939373	1349417	-	410294	stromal	method2_cicero	0.33789893984794617	0.0	0.0
chr1:938873-939373	ENSG00000131584	ACAP3	chr1	938873	939373	1309608	-	370485	stromal	method2_cicero	0.26207831501960754	4.536390656876599e-33	1.0797016704816881e-31
chr1:938873-939373	ENSG00000162576	MXRA8	chr1	938873	939373	1361776	-	422653	stromal	method2_cicero	0.33834439516067505	0.0	0.0
chr1:938873-939373	ENSG00000169972	PUSL1	chr1	938873	939373	1308596	+	369473	stromal	method2_cicero	0.26207831501960754	4.536390656876599e-33	1.0797016704816881e-31
chr1:938873-939373	ENSG00000186891	TNFRSF18	chr1	938873	939373	1206591	-	267468	stromal	method2_cicero	0.3099463880062103	0.0	0.0
chr1:938873-939373	ENSG00000187583	PLEKHN1	chr1	938873	939373	966481	+	27358	stromal	method2_cicero	0.30365172028541565	3.0828566215145976e-44	1.2667738117496346e-42
chr1:938873-939373	ENSG00000187634	SAMD11	chr1	938873	939373	923922	+	15201	stromal	method2_cicero	0.3373287618160248	0.0	0.0
chr1:938873-939373	ENSG00000187961	KLHL17	chr1	938873	939373	960583	+	21460	stromal	method2_cicero	0.2581936717033386	4.014359933958557e-32	9.066527742581541e-31
chr1:938873-939373	ENSG00000188976	NOC2L	chr1	938873	939373	959308	-	20185	stromal	method2_cicero	0.2581936717033386	4.014359933958557e-32	9.066527742581541e-31
chr1:939468-939968	ENSG00000107404	DVL1	chr1	939468	939968	1349417	-	409699	stromal	method2_cicero	0.3005843758583069	2.4242463432819335e-43	9.580677600588774e-42
chr1:939468-939968	ENSG00000162576	MXRA8	chr1	939468	939968	1361776	-	422058	stromal	method2_cicero	0.36283597350120544	0.0	0.0
chr1:939468-939968	ENSG00000186891	TNFRSF18	chr1	939468	939968	1206591	-	266873	stromal	method2_cicero	0.3272097706794739	0.0	0.0
chr1:939468-939968	ENSG00000187634	SAMD11	chr1	939468	939968	923922	+	15796	stromal	method2_cicero	0.34803810715675354	0.0	0.0
chr1:940223-940723	ENSG00000078808	SDF4	chr1	940223	940723	1232030	-	291557	stromal	method2_cicero	0.2969399094581604	2.6792826637890502e-42	1.009873764284966e-40
chr1:940223-940723	ENSG00000107404	DVL1	chr1	940223	940723	1349417	-	408944	stromal	method2_cicero	0.39131203293800354	0.0	0.0
chr1:940223-940723	ENSG00000127054	INTS11	chr1	940223	940723	1324686	-	384213	stromal	method2_cicero	0.28941959142684937	3.4054355280021704e-40	1.1639772188738483e-38
chr1:940223-940723	ENSG00000131584	ACAP3	chr1	940223	940723	1309608	-	369135	stromal	method2_cicero	0.3763777017593384	0.0	0.0
chr1:940223-940723	ENSG00000131591	C1orf159	chr1	940223	940723	1116360	-	175887	stromal	method2_cicero	0.2883565425872803	6.6756737801662825e-40	2.25044119280403e-38
chr1:940223-940723	ENSG00000160087	UBE2J2	chr1	940223	940723	1273863	-	333390	stromal	method2_cicero	0.27145469188690186	2.0177597295253097e-35	5.443810765928979e-34
chr1:940223-940723	ENSG00000162576	MXRA8	chr1	940223	940723	1361776	-	421303	stromal	method2_cicero	0.5121796131134033	0.0	0.0
chr1:940223-940723	ENSG00000169972	PUSL1	chr1	940223	940723	1308596	+	368123	stromal	method2_cicero	0.3763777017593384	0.0	0.0
chr1:940223-940723	ENSG00000176022	B3GALT6	chr1	940223	940723	1232236	+	291763	stromal	method2_cicero	0.2969399094581604	2.6792826637890502e-42	1.009873764284966e-40
chr1:940223-940723	ENSG00000186891	TNFRSF18	chr1	940223	940723	1206591	-	266118	stromal	method2_cicero	0.37853291630744934	0.0	0.0
chr1:940223-940723	ENSG00000187583	PLEKHN1	chr1	940223	940723	966481	+	26008	stromal	method2_cicero	0.31175172328948975	0.0	0.0
chr1:940223-940723	ENSG00000187608	ISG15	chr1	940223	940723	1001137	+	60664	stromal	method2_cicero	0.28544315695762634	4.160931582058252e-39	1.3505676483844357e-37
chr1:940223-940723	ENSG00000187634	SAMD11	chr1	940223	940723	923922	+	16551	stromal	method2_cicero	0.5167830586433411	0.0	0.0
chr1:940223-940723	ENSG00000187961	KLHL17	chr1	940223	940723	960583	+	20110	stromal	method2_cicero	0.2820044457912445	3.5083267085242987e-38	1.0885991380054673e-36
chr1:940223-940723	ENSG00000188157	AGRN	chr1	940223	940723	1020119	+	79646	stromal	method2_cicero	0.27796000242233276	4.144399623295534e-37	1.2190707242281426e-35
chr1:940223-940723	ENSG00000188290	HES4	chr1	940223	940723	1000171	-	59698	stromal	method2_cicero	0.28544315695762634	4.160931582058252e-39	1.3505676483844357e-37
chr1:940223-940723	ENSG00000188976	NOC2L	chr1	940223	940723	959308	-	18835	stromal	method2_cicero	0.2820044457912445	3.5083267085242987e-38	1.0885991380054673e-36
chr1:940223-940723	ENSG00000221978	CCNL2	chr1	940223	940723	1399334	-	458861	stromal	method2_cicero	0.29976794123649597	4.175869423687955e-43	1.6329331004777093e-41
chr1:940223-940723	ENSG00000224051	CPTP	chr1	940223	940723	1324755	+	384282	stromal	method2_cicero	0.28941959142684937	3.4054355280021704e-40	1.1639772188738483e-38
chr1:940223-940723	ENSG00000235098	ANKRD65	chr1	940223	940723	1421768	-	481295	stromal	method2_cicero	0.3092832565307617	0.0	0.0
chr1:940725-941225	ENSG00000078808	SDF4	chr1	940725	941225	1232030	-	291055	stromal	method2_cicero	0.28293588757514954	1.9750895478103642e-38	6.204183706341629e-37
chr1:940725-941225	ENSG00000107404	DVL1	chr1	940725	941225	1349417	-	408442	stromal	method2_cicero	0.36230549216270447	0.0	0.0
chr1:940725-941225	ENSG00000127054	INTS11	chr1	940725	941225	1324686	-	383711	stromal	method2_cicero	0.2708534002304077	2.8742409560476635e-35	7.693391039296054e-34
chr1:940725-941225	ENSG00000131584	ACAP3	chr1	940725	941225	1309608	-	368633	stromal	method2_cicero	0.3078158497810364	1.401298464324817e-45	6.025583396596713e-44
chr1:940725-941225	ENSG00000162576	MXRA8	chr1	940725	941225	1361776	-	420801	stromal	method2_cicero	0.4898397624492645	0.0	0.0
chr1:940725-941225	ENSG00000169972	PUSL1	chr1	940725	941225	1308596	+	367621	stromal	method2_cicero	0.3078158497810364	1.401298464324817e-45	6.025583396596713e-44
chr1:940725-941225	ENSG00000176022	B3GALT6	chr1	940725	941225	1232236	+	291261	stromal	method2_cicero	0.28293588757514954	1.9750895478103642e-38	6.204183706341629e-37
chr1:940725-941225	ENSG00000186891	TNFRSF18	chr1	940725	941225	1206591	-	265616	stromal	method2_cicero	0.4053996801376343	0.0	0.0
chr1:940725-941225	ENSG00000187583	PLEKHN1	chr1	940725	941225	966481	+	25506	stromal	method2_cicero	0.3469237983226776	0.0	0.0
chr1:940725-941225	ENSG00000187634	SAMD11	chr1	940725	941225	923922	+	17053	stromal	method2_cicero	0.46700018644332886	0.0	0.0
chr1:940725-941225	ENSG00000187961	KLHL17	chr1	940725	941225	960583	+	19608	stromal	method2_cicero	0.32543042302131653	0.0	0.0
chr1:940725-941225	ENSG00000188157	AGRN	chr1	940725	941225	1020119	+	79144	stromal	method2_cicero	0.25337958335876465	5.688164031284392e-31	1.203333668168405e-29
chr1:940725-941225	ENSG00000188976	NOC2L	chr1	940725	941225	959308	-	18333	stromal	method2_cicero	0.32543042302131653	0.0	0.0
chr1:940725-941225	ENSG00000221978	CCNL2	chr1	940725	941225	1399334	-	458359	stromal	method2_cicero	0.2923249304294586	5.330959747830902e-41	1.892653961751064e-39
chr1:940725-941225	ENSG00000224051	CPTP	chr1	940725	941225	1324755	+	383780	stromal	method2_cicero	0.2708534002304077	2.8742409560476635e-35	7.693391039296054e-34
chr1:941565-942065	ENSG00000107404	DVL1	chr1	941565	942065	1349417	-	407602	stromal	method2_cicero	0.3902049958705902	0.0	0.0
chr1:941565-942065	ENSG00000131584	ACAP3	chr1	941565	942065	1309608	-	367793	stromal	method2_cicero	0.318352609872818	0.0	0.0
chr1:941565-942065	ENSG00000162576	MXRA8	chr1	941565	942065	1361776	-	419961	stromal	method2_cicero	0.5854280591011047	0.0	0.0
chr1:941565-942065	ENSG00000169972	PUSL1	chr1	941565	942065	1308596	+	366781	stromal	method2_cicero	0.318352609872818	0.0	0.0
chr1:941565-942065	ENSG00000186891	TNFRSF18	chr1	941565	942065	1206591	-	264776	stromal	method2_cicero	0.4299067258834839	0.0	0.0
chr1:941565-942065	ENSG00000187583	PLEKHN1	chr1	941565	942065	966481	+	24666	stromal	method2_cicero	0.34658315777778625	0.0	0.0
chr1:941565-942065	ENSG00000187634	SAMD11	chr1	941565	942065	923922	+	17893	stromal	method2_cicero	0.5587891340255737	0.0	0.0
chr1:941565-942065	ENSG00000187961	KLHL17	chr1	941565	942065	960583	+	18768	stromal	method2_cicero	0.2688334584236145	9.372208423500184e-35	2.442026514682938e-33
chr1:941565-942065	ENSG00000188976	NOC2L	chr1	941565	942065	959308	-	17493	stromal	method2_cicero	0.2688334584236145	9.372208423500184e-35	2.442026514682938e-33
chr1:941565-942065	ENSG00000221978	CCNL2	chr1	941565	942065	1399334	-	457519	stromal	method2_cicero	0.28951671719551086	3.2018408741204178e-40	1.0958081123499925e-38
chr1:942403-942903	ENSG00000107404	DVL1	chr1	942403	942903	1349417	-	406764	stromal	method2_cicero	0.4425935745239258	0.0	0.0
chr1:942403-942903	ENSG00000131584	ACAP3	chr1	942403	942903	1309608	-	366955	stromal	method2_cicero	0.3224010169506073	0.0	0.0
chr1:942403-942903	ENSG00000162576	MXRA8	chr1	942403	942903	1361776	-	419123	stromal	method2_cicero	0.5091063976287842	0.0	0.0
chr1:942403-942903	ENSG00000169972	PUSL1	chr1	942403	942903	1308596	+	365943	stromal	method2_cicero	0.3224010169506073	0.0	0.0
chr1:942403-942903	ENSG00000186891	TNFRSF18	chr1	942403	942903	1206591	-	263938	stromal	method2_cicero	0.41291993856430054	0.0	0.0
chr1:942403-942903	ENSG00000187583	PLEKHN1	chr1	942403	942903	966481	+	23828	stromal	method2_cicero	0.33834537863731384	0.0	0.0
chr1:942403-942903	ENSG00000187634	SAMD11	chr1	942403	942903	923922	+	18731	stromal	method2_cicero	0.45149144530296326	0.0	0.0
chr1:942403-942903	ENSG00000187961	KLHL17	chr1	942403	942903	960583	+	17930	stromal	method2_cicero	0.29313692450523376	3.1625905041346796e-41	1.1348807976904542e-39
chr1:942403-942903	ENSG00000188157	AGRN	chr1	942403	942903	1020119	+	77466	stromal	method2_cicero	0.2809152603149414	6.849466178828161e-38	2.095201016111275e-36
chr1:942403-942903	ENSG00000188976	NOC2L	chr1	942403	942903	959308	-	16655	stromal	method2_cicero	0.2771300971508026	6.843691035493108e-37	1.991103759300639e-35
chr1:942403-942903	ENSG00000221978	CCNL2	chr1	942403	942903	1399334	-	456681	stromal	method2_cicero	0.27295756340026855	8.300763689824901e-36	2.284644213743898e-34
chr1:942403-942903	ENSG00000242485	MRPL20	chr1	942403	942903	1407292	-	464639	stromal	method2_cicero	0.2592521607875824	2.2242614474815074e-32	5.0963228441482045e-31
chr1:942990-943490	ENSG00000107404	DVL1	chr1	942990	943490	1349417	-	406177	stromal	method2_cicero	0.38062113523483276	0.0	0.0
chr1:942990-943490	ENSG00000131584	ACAP3	chr1	942990	943490	1309608	-	366368	stromal	method2_cicero	0.35003066062927246	0.0	0.0
chr1:942990-943490	ENSG00000162576	MXRA8	chr1	942990	943490	1361776	-	418536	stromal	method2_cicero	0.5379131436347961	0.0	0.0
chr1:942990-943490	ENSG00000169972	PUSL1	chr1	942990	943490	1308596	+	365356	stromal	method2_cicero	0.35003066062927246	0.0	0.0
chr1:942990-943490	ENSG00000186891	TNFRSF18	chr1	942990	943490	1206591	-	263351	stromal	method2_cicero	0.37193140387535095	0.0	0.0
chr1:942990-943490	ENSG00000187583	PLEKHN1	chr1	942990	943490	966481	+	23241	stromal	method2_cicero	0.26118502020835876	7.514054498727737e-33	1.766976541983734e-31
chr1:942990-943490	ENSG00000187634	SAMD11	chr1	942990	943490	923922	+	19318	stromal	method2_cicero	0.5179739594459534	0.0	0.0
chr1:943961-944461	ENSG00000107404	DVL1	chr1	943961	944461	1349417	-	405206	stromal	method2_cicero	0.42470625042915344	0.0	0.0
chr1:943961-944461	ENSG00000131584	ACAP3	chr1	943961	944461	1309608	-	365397	stromal	method2_cicero	0.2861345410346985	2.7005487692836437e-39	8.844974607081588e-38
chr1:943961-944461	ENSG00000162576	MXRA8	chr1	943961	944461	1361776	-	417565	stromal	method2_cicero	0.615646481513977	0.0	0.0
chr1:943961-944461	ENSG00000169972	PUSL1	chr1	943961	944461	1308596	+	364385	stromal	method2_cicero	0.2861345410346985	2.7005487692836437e-39	8.844974607081588e-38
chr1:943961-944461	ENSG00000186891	TNFRSF18	chr1	943961	944461	1206591	-	262380	stromal	method2_cicero	0.42335861921310425	0.0	0.0
chr1:943961-944461	ENSG00000187583	PLEKHN1	chr1	943961	944461	966481	+	22270	stromal	method2_cicero	0.3338984251022339	0.0	0.0
chr1:943961-944461	ENSG00000187634	SAMD11	chr1	943961	944461	923922	+	20289	stromal	method2_cicero	0.5412271618843079	0.0	0.0
chr1:944478-944978	ENSG00000107404	DVL1	chr1	944478	944978	1349417	-	404689	stromal	method2_cicero	0.42854681611061096	0.0	0.0
chr1:944478-944978	ENSG00000131584	ACAP3	chr1	944478	944978	1309608	-	364880	stromal	method2_cicero	0.3006420433521271	2.3401684354224445e-43	9.255576356865417e-42
chr1:944478-944978	ENSG00000162576	MXRA8	chr1	944478	944978	1361776	-	417048	stromal	method2_cicero	0.5692731738090515	0.0	0.0
chr1:944478-944978	ENSG00000169972	PUSL1	chr1	944478	944978	1308596	+	363868	stromal	method2_cicero	0.3006420433521271	2.3401684354224445e-43	9.255576356865417e-42
chr1:944478-944978	ENSG00000186891	TNFRSF18	chr1	944478	944978	1206591	-	261863	stromal	method2_cicero	0.3703824579715729	0.0	0.0
chr1:944478-944978	ENSG00000187634	SAMD11	chr1	944478	944978	923922	+	20806	stromal	method2_cicero	0.5017160177230835	0.0	0.0
chr1:945232-945732	ENSG00000162576	MXRA8	chr1	945232	945732	1361776	-	416294	stromal	method2_cicero	0.33692532777786255	0.0	0.0
chr1:945232-945732	ENSG00000187634	SAMD11	chr1	945232	945732	923922	+	21560	stromal	method2_cicero	0.2974405884742737	1.930989283839598e-42	7.325427852104414e-41
chr1:946074-946574	ENSG00000187634	SAMD11	chr1	946074	946574	923922	+	22402	stromal	method2_cicero	0.274203896522522	3.956960864510226e-36	1.107467436631996e-34
chr1:947419-947919	ENSG00000162576	MXRA8	chr1	947419	947919	1361776	-	414107	stromal	method2_cicero	0.2748644948005676	2.667673545004219e-36	7.531678717672039e-35
chr1:948018-948518	ENSG00000187583	PLEKHN1	chr1	948018	948518	966481	+	18213	stromal	method2_cicero	0.258225679397583	3.9434632247981755e-32	8.910271629515436e-31
chr1:957152-957652	ENSG00000188976	NOC2L	chr1	957152	957652	959308	-	1906	stromal	method2_cicero	1.0	0.0	0.0
chr1:958327-958827	ENSG00000187961	KLHL17	chr1	958327	958827	960583	+	2006	stromal	method2_cicero	1.0	0.0	0.0
chr1:958327-958827	ENSG00000188976	NOC2L	chr1	958327	958827	959308	-	731	stromal	method2_cicero	1.0	0.0	0.0
chr1:959068-959568	ENSG00000078808	SDF4	chr1	959068	959568	1232030	-	272712	stromal	method2_cicero	0.4742962121963501	0.0	0.0
chr1:959068-959568	ENSG00000107404	DVL1	chr1	959068	959568	1349417	-	390099	stromal	method2_cicero	0.442045658826828	0.0	0.0
chr1:959068-959568	ENSG00000127054	INTS11	chr1	959068	959568	1324686	-	365368	stromal	method2_cicero	0.43467986583709717	0.0	0.0
chr1:959068-959568	ENSG00000131584	ACAP3	chr1	959068	959568	1309608	-	350290	stromal	method2_cicero	0.4952571988105774	0.0	0.0
chr1:959068-959568	ENSG00000131591	C1orf159	chr1	959068	959568	1116360	-	157042	stromal	method2_cicero	0.4559955596923828	0.0	0.0
chr1:959068-959568	ENSG00000160087	UBE2J2	chr1	959068	959568	1273863	-	314545	stromal	method2_cicero	0.43585121631622314	0.0	0.0
chr1:959068-959568	ENSG00000169972	PUSL1	chr1	959068	959568	1308596	+	349278	stromal	method2_cicero	0.4952571988105774	0.0	0.0
chr1:959068-959568	ENSG00000175756	AURKAIP1	chr1	959068	959568	1375206	-	415888	stromal	method2_cicero	0.45456260442733765	0.0	0.0
chr1:959068-959568	ENSG00000176022	B3GALT6	chr1	959068	959568	1232236	+	272918	stromal	method2_cicero	0.4742962121963501	0.0	0.0
chr1:959068-959568	ENSG00000179403	VWA1	chr1	959068	959568	1434860	+	475542	stromal	method2_cicero	0.3569867014884949	0.0	0.0
chr1:959068-959568	ENSG00000184163	C1QTNF12	chr1	959068	959568	1246721	-	287403	stromal	method2_cicero	0.259082555770874	2.4454317381462778e-32	5.590131564007736e-31
chr1:959068-959568	ENSG00000186891	TNFRSF18	chr1	959068	959568	1206591	-	247273	stromal	method2_cicero	0.2611231803894043	7.780652209390416e-33	1.8281411570895052e-31
chr1:959068-959568	ENSG00000187583	PLEKHN1	chr1	959068	959568	966481	+	7163	stromal	method2_cicero	0.34891390800476074	0.0	0.0
chr1:959068-959568	ENSG00000187608	ISG15	chr1	959068	959568	1001137	+	41819	stromal	method2_cicero	0.38158851861953735	0.0	0.0
chr1:959068-959568	ENSG00000187634	SAMD11	chr1	959068	959568	923922	+	35396	stromal	method2_cicero	0.29907527565956116	6.58610278232664e-43	2.5524651527676543e-41
chr1:959068-959568	ENSG00000187961	KLHL17	chr1	959068	959568	960583	+	1265	stromal	method2_cicero	1.0	0.0	0.0
chr1:959068-959568	ENSG00000188157	AGRN	chr1	959068	959568	1020119	+	60801	stromal	method2_cicero	0.5174461603164673	0.0	0.0
chr1:959068-959568	ENSG00000188290	HES4	chr1	959068	959568	1000171	-	40853	stromal	method2_cicero	0.38158851861953735	0.0	0.0
chr1:959068-959568	ENSG00000188976	NOC2L	chr1	959068	959568	959308	-	10	stromal	method2_cicero	1.0	0.0	0.0
chr1:959068-959568	ENSG00000221978	CCNL2	chr1	959068	959568	1399334	-	440016	stromal	method2_cicero	0.5068426132202148	0.0	0.0
chr1:959068-959568	ENSG00000224051	CPTP	chr1	959068	959568	1324755	+	365437	stromal	method2_cicero	0.43467986583709717	0.0	0.0
chr1:959068-959568	ENSG00000235098	ANKRD65	chr1	959068	959568	1421768	-	462450	stromal	method2_cicero	0.2808592617511749	7.088593838129491e-38	2.1667231103642103e-36
chr1:959068-959568	ENSG00000242485	MRPL20	chr1	959068	959568	1407292	-	447974	stromal	method2_cicero	0.4246048331260681	0.0	0.0
chr1:959625-960125	ENSG00000078808	SDF4	chr1	959625	960125	1232030	-	272155	stromal	method2_cicero	0.28092312812805176	6.816493065443212e-38	2.0853405384437176e-36
chr1:959625-960125	ENSG00000107404	DVL1	chr1	959625	960125	1349417	-	389542	stromal	method2_cicero	0.2592952847480774	2.1712726600719342e-32	4.977613901438325e-31
chr1:959625-960125	ENSG00000127054	INTS11	chr1	959625	960125	1324686	-	364811	stromal	method2_cicero	0.25262758135795593	8.56297041297177e-31	1.79320057022459e-29
chr1:959625-960125	ENSG00000131584	ACAP3	chr1	959625	960125	1309608	-	349733	stromal	method2_cicero	0.26733410358428955	2.2388708769826107e-34	5.716830532837987e-33
chr1:959625-960125	ENSG00000169972	PUSL1	chr1	959625	960125	1308596	+	348721	stromal	method2_cicero	0.26733410358428955	2.2388708769826107e-34	5.716830532837987e-33
chr1:959625-960125	ENSG00000176022	B3GALT6	chr1	959625	960125	1232236	+	272361	stromal	method2_cicero	0.28092312812805176	6.816493065443212e-38	2.0853405384437176e-36
chr1:959625-960125	ENSG00000187583	PLEKHN1	chr1	959625	960125	966481	+	6606	stromal	method2_cicero	0.29172807931900024	7.816863223543127e-41	2.753683204453912e-39
chr1:959625-960125	ENSG00000187961	KLHL17	chr1	959625	960125	960583	+	708	stromal	method2_cicero	1.0	0.0	0.0
chr1:959625-960125	ENSG00000188976	NOC2L	chr1	959625	960125	959308	-	567	stromal	method2_cicero	1.0	0.0	0.0
chr1:959625-960125	ENSG00000221978	CCNL2	chr1	959625	960125	1399334	-	439459	stromal	method2_cicero	0.27029094099998474	3.998520659564118e-35	1.062326662768245e-33
chr1:959625-960125	ENSG00000224051	CPTP	chr1	959625	960125	1324755	+	364880	stromal	method2_cicero	0.25262758135795593	8.56297041297177e-31	1.79320057022459e-29
chr1:960313-960813	ENSG00000078808	SDF4	chr1	960313	960813	1232030	-	271467	stromal	method2_cicero	0.3572261929512024	0.0	0.0
chr1:960313-960813	ENSG00000107404	DVL1	chr1	960313	960813	1349417	-	388854	stromal	method2_cicero	0.35569673776626587	0.0	0.0
chr1:960313-960813	ENSG00000127054	INTS11	chr1	960313	960813	1324686	-	364123	stromal	method2_cicero	0.3625001013278961	0.0	0.0
chr1:960313-960813	ENSG00000131584	ACAP3	chr1	960313	960813	1309608	-	349045	stromal	method2_cicero	0.36897847056388855	0.0	0.0
chr1:960313-960813	ENSG00000131591	C1orf159	chr1	960313	960813	1116360	-	155797	stromal	method2_cicero	0.30514806509017944	1.1210387714598537e-44	4.694349855488137e-43
chr1:960313-960813	ENSG00000160087	UBE2J2	chr1	960313	960813	1273863	-	313300	stromal	method2_cicero	0.3055401146411896	8.407790785948902e-45	3.545285114741787e-43
chr1:960313-960813	ENSG00000169972	PUSL1	chr1	960313	960813	1308596	+	348033	stromal	method2_cicero	0.36897847056388855	0.0	0.0
chr1:960313-960813	ENSG00000175756	AURKAIP1	chr1	960313	960813	1375206	-	414643	stromal	method2_cicero	0.32773253321647644	0.0	0.0
chr1:960313-960813	ENSG00000176022	B3GALT6	chr1	960313	960813	1232236	+	271673	stromal	method2_cicero	0.3572261929512024	0.0	0.0
chr1:960313-960813	ENSG00000179403	VWA1	chr1	960313	960813	1434860	+	474297	stromal	method2_cicero	0.2753787934780121	1.961100205874806e-36	5.57492258187819e-35
chr1:960313-960813	ENSG00000186891	TNFRSF18	chr1	960313	960813	1206591	-	246028	stromal	method2_cicero	0.3103283643722534	0.0	0.0
chr1:960313-960813	ENSG00000187583	PLEKHN1	chr1	960313	960813	966481	+	5918	stromal	method2_cicero	0.3545648753643036	0.0	0.0
chr1:960313-960813	ENSG00000187608	ISG15	chr1	960313	960813	1001137	+	40574	stromal	method2_cicero	0.27104583382606506	2.5667906381788346e-35	6.887701701112689e-34
chr1:960313-960813	ENSG00000187634	SAMD11	chr1	960313	960813	923922	+	36641	stromal	method2_cicero	0.2937984764575958	2.0641126379504555e-41	7.470910658670616e-40
chr1:960313-960813	ENSG00000187961	KLHL17	chr1	960313	960813	960583	+	20	stromal	method2_cicero	1.0	0.0	0.0
chr1:960313-960813	ENSG00000188157	AGRN	chr1	960313	960813	1020119	+	59556	stromal	method2_cicero	0.363432914018631	0.0	0.0
chr1:960313-960813	ENSG00000188290	HES4	chr1	960313	960813	1000171	-	39608	stromal	method2_cicero	0.27104583382606506	2.5667906381788346e-35	6.887701701112689e-34
chr1:960313-960813	ENSG00000188976	NOC2L	chr1	960313	960813	959308	-	1255	stromal	method2_cicero	1.0	0.0	0.0
chr1:960313-960813	ENSG00000221978	CCNL2	chr1	960313	960813	1399334	-	438771	stromal	method2_cicero	0.4308793842792511	0.0	0.0
chr1:960313-960813	ENSG00000224051	CPTP	chr1	960313	960813	1324755	+	364192	stromal	method2_cicero	0.3625001013278961	0.0	0.0
chr1:960313-960813	ENSG00000242485	MRPL20	chr1	960313	960813	1407292	-	446729	stromal	method2_cicero	0.35846519470214844	0.0	0.0
chr1:960833-961333	ENSG00000078808	SDF4	chr1	960833	961333	1232030	-	270947	stromal	method2_cicero	0.2940801680088043	1.7205142544980104e-41	6.250113449535479e-40
chr1:960833-961333	ENSG00000107404	DVL1	chr1	960833	961333	1349417	-	388334	stromal	method2_cicero	0.32245567440986633	0.0	0.0
chr1:960833-961333	ENSG00000127054	INTS11	chr1	960833	961333	1324686	-	363603	stromal	method2_cicero	0.2848552167415619	6.003805817162641e-39	1.9338194583220255e-37
chr1:960833-961333	ENSG00000131584	ACAP3	chr1	960833	961333	1309608	-	348525	stromal	method2_cicero	0.339498370885849	0.0	0.0
chr1:960833-961333	ENSG00000131591	C1orf159	chr1	960833	961333	1116360	-	155277	stromal	method2_cicero	0.3243425488471985	0.0	0.0
chr1:960833-961333	ENSG00000160087	UBE2J2	chr1	960833	961333	1273863	-	312780	stromal	method2_cicero	0.2659645974636078	4.9357515464215285e-34	1.2374208625915441e-32
chr1:960833-961333	ENSG00000169972	PUSL1	chr1	960833	961333	1308596	+	347513	stromal	method2_cicero	0.339498370885849	0.0	0.0
chr1:960833-961333	ENSG00000175756	AURKAIP1	chr1	960833	961333	1375206	-	414123	stromal	method2_cicero	0.30053019523620605	2.5223372357846707e-43	9.961830782885125e-42
chr1:960833-961333	ENSG00000176022	B3GALT6	chr1	960833	961333	1232236	+	271153	stromal	method2_cicero	0.2940801680088043	1.7205142544980104e-41	6.250113449535479e-40
chr1:960833-961333	ENSG00000179403	VWA1	chr1	960833	961333	1434860	+	473777	stromal	method2_cicero	0.2590908110141754	2.434181816398527e-32	5.565061560888879e-31
chr1:960833-961333	ENSG00000186891	TNFRSF18	chr1	960833	961333	1206591	-	245508	stromal	method2_cicero	0.27614086866378784	1.2415253281233072e-36	3.5649736047940806e-35
chr1:960833-961333	ENSG00000187583	PLEKHN1	chr1	960833	961333	966481	+	5398	stromal	method2_cicero	0.27054619789123535	3.4424960473992736e-35	9.176697769430773e-34
chr1:960833-961333	ENSG00000187608	ISG15	chr1	960833	961333	1001137	+	40054	stromal	method2_cicero	0.32471829652786255	0.0	0.0
chr1:960833-961333	ENSG00000187634	SAMD11	chr1	960833	961333	923922	+	37161	stromal	method2_cicero	0.2854428291320801	4.1617989858076694e-39	1.3508408455330405e-37
chr1:960833-961333	ENSG00000187961	KLHL17	chr1	960833	961333	960583	+	500	stromal	method2_cicero	1.0	0.0	0.0
chr1:960833-961333	ENSG00000188157	AGRN	chr1	960833	961333	1020119	+	59036	stromal	method2_cicero	0.29815372824668884	1.2093205747123171e-42	4.63073090520779e-41
chr1:960833-961333	ENSG00000188290	HES4	chr1	960833	961333	1000171	-	39088	stromal	method2_cicero	0.32471829652786255	0.0	0.0
chr1:960833-961333	ENSG00000188976	NOC2L	chr1	960833	961333	959308	-	1775	stromal	method2_cicero	1.0	0.0	0.0
chr1:960833-961333	ENSG00000221978	CCNL2	chr1	960833	961333	1399334	-	438251	stromal	method2_cicero	0.348158597946167	0.0	0.0
chr1:960833-961333	ENSG00000224051	CPTP	chr1	960833	961333	1324755	+	363672	stromal	method2_cicero	0.2848552167415619	6.003805817162641e-39	1.9338194583220255e-37
chr1:960833-961333	ENSG00000235098	ANKRD65	chr1	960833	961333	1421768	-	460685	stromal	method2_cicero	0.26186197996139526	5.127044609412136e-33	1.2166897854457247e-31
chr1:960833-961333	ENSG00000242485	MRPL20	chr1	960833	961333	1407292	-	446209	stromal	method2_cicero	0.34002745151519775	0.0	0.0
chr1:961514-962014	ENSG00000186891	TNFRSF18	chr1	961514	962014	1206591	-	244827	stromal	method2_cicero	0.29571303725242615	5.965327562630746e-42	2.213196781569973e-40
chr1:961514-962014	ENSG00000187961	KLHL17	chr1	961514	962014	960583	+	1181	stromal	method2_cicero	1.0	0.0	0.0
chr1:961514-962014	ENSG00000188157	AGRN	chr1	961514	962014	1020119	+	58355	stromal	method2_cicero	0.2902319133281708	2.0321069810252767e-40	7.019834084302922e-39
chr1:961514-962014	ENSG00000188976	NOC2L	chr1	961514	962014	959308	-	2456	stromal	method2_cicero	0.261523574590683	6.207438895859008e-33	1.466426734112667e-31
chr1:962731-963231	ENSG00000188157	AGRN	chr1	962731	963231	1020119	+	57138	stromal	method2_cicero	0.2573077082633972	6.566567701461777e-32	1.465107382763191e-30
chr1:964288-964788	ENSG00000187583	PLEKHN1	chr1	964288	964788	966481	+	1943	stromal	method2_cicero	1.0	0.0	0.0
chr1:965369-965869	ENSG00000186827	TNFRSF4	chr1	965369	965869	1214152	-	248533	stromal	method2_cicero	0.25186821818351746	1.2924676055935172e-30	2.6790711685974945e-29
chr1:965369-965869	ENSG00000187583	PLEKHN1	chr1	965369	965869	966481	+	862	stromal	method2_cicero	1.0	0.0	0.0
chr1:965957-966457	ENSG00000107404	DVL1	chr1	965957	966457	1349417	-	383210	stromal	method2_cicero	0.2747882008552551	2.7921373678626086e-36	7.875053933694172e-35
chr1:965957-966457	ENSG00000131584	ACAP3	chr1	965957	966457	1309608	-	343401	stromal	method2_cicero	0.2774779200553894	5.547323593838968e-37	1.621414516784061e-35
chr1:965957-966457	ENSG00000160087	UBE2J2	chr1	965957	966457	1273863	-	307656	stromal	method2_cicero	0.257305771112442	6.573641826465026e-32	1.466641167792144e-30
chr1:965957-966457	ENSG00000162576	MXRA8	chr1	965957	966457	1361776	-	395569	stromal	method2_cicero	0.2789921462535858	2.2156102659410488e-37	6.606813480372302e-36
chr1:965957-966457	ENSG00000169972	PUSL1	chr1	965957	966457	1308596	+	342389	stromal	method2_cicero	0.2774779200553894	5.547323593838968e-37	1.621414516784061e-35
chr1:965957-966457	ENSG00000175756	AURKAIP1	chr1	965957	966457	1375206	-	408999	stromal	method2_cicero	0.26821473240852356	1.3433797397036728e-34	3.471266042046909e-33
chr1:965957-966457	ENSG00000186827	TNFRSF4	chr1	965957	966457	1214152	-	247945	stromal	method2_cicero	0.37179863452911377	0.0	0.0
chr1:965957-966457	ENSG00000186891	TNFRSF18	chr1	965957	966457	1206591	-	240384	stromal	method2_cicero	0.3587723672389984	0.0	0.0
chr1:965957-966457	ENSG00000187583	PLEKHN1	chr1	965957	966457	966481	+	274	stromal	method2_cicero	1.0	0.0	0.0
chr1:965957-966457	ENSG00000187634	SAMD11	chr1	965957	966457	923922	+	42285	stromal	method2_cicero	0.26471805572509766	1.0095114260793111e-33	2.489126920281456e-32
chr1:965957-966457	ENSG00000187961	KLHL17	chr1	965957	966457	960583	+	5624	stromal	method2_cicero	0.28071117401123047	7.761601056784628e-38	2.3678127134280342e-36
chr1:965957-966457	ENSG00000188157	AGRN	chr1	965957	966457	1020119	+	53912	stromal	method2_cicero	0.28764864802360535	1.0434194482224377e-39	3.485146149067745e-38
chr1:965957-966457	ENSG00000188976	NOC2L	chr1	965957	966457	959308	-	6899	stromal	method2_cicero	0.28071117401123047	7.761601056784628e-38	2.3678127134280342e-36
chr1:965957-966457	ENSG00000221978	CCNL2	chr1	965957	966457	1399334	-	433127	stromal	method2_cicero	0.3087746202945709	1.401298464324817e-45	6.025583396596713e-44
chr1:965957-966457	ENSG00000242485	MRPL20	chr1	965957	966457	1407292	-	441085	stromal	method2_cicero	0.32065823674201965	0.0	0.0
chr1:966773-967273	ENSG00000078808	SDF4	chr1	966773	967273	1232030	-	265007	stromal	method2_cicero	0.2928028702735901	3.9212534927201356e-41	1.4009607513949148e-39
chr1:966773-967273	ENSG00000107404	DVL1	chr1	966773	967273	1349417	-	382394	stromal	method2_cicero	0.3480212986469269	0.0	0.0
chr1:966773-967273	ENSG00000127054	INTS11	chr1	966773	967273	1324686	-	357663	stromal	method2_cicero	0.3016752600669861	1.1770907100328463e-43	4.718171929381659e-42
chr1:966773-967273	ENSG00000131584	ACAP3	chr1	966773	967273	1309608	-	342585	stromal	method2_cicero	0.3694724142551422	0.0	0.0
chr1:966773-967273	ENSG00000131591	C1orf159	chr1	966773	967273	1116360	-	149337	stromal	method2_cicero	0.3029199242591858	5.184804318001823e-44	2.1103554872731745e-42
chr1:966773-967273	ENSG00000160087	UBE2J2	chr1	966773	967273	1273863	-	306840	stromal	method2_cicero	0.30651387572288513	4.203895392974451e-45	1.793662034335766e-43
chr1:966773-967273	ENSG00000162576	MXRA8	chr1	966773	967273	1361776	-	394753	stromal	method2_cicero	0.3034181594848633	3.6433760072445244e-44	1.493784162970255e-42
chr1:966773-967273	ENSG00000169972	PUSL1	chr1	966773	967273	1308596	+	341573	stromal	method2_cicero	0.3694724142551422	0.0	0.0
chr1:966773-967273	ENSG00000175756	AURKAIP1	chr1	966773	967273	1375206	-	408183	stromal	method2_cicero	0.30927738547325134	0.0	0.0
chr1:966773-967273	ENSG00000176022	B3GALT6	chr1	966773	967273	1232236	+	265213	stromal	method2_cicero	0.2928028702735901	3.9212534927201356e-41	1.4009607513949148e-39
chr1:966773-967273	ENSG00000186827	TNFRSF4	chr1	966773	967273	1214152	-	247129	stromal	method2_cicero	0.30881842970848083	1.401298464324817e-45	6.025583396596713e-44
chr1:966773-967273	ENSG00000186891	TNFRSF18	chr1	966773	967273	1206591	-	239568	stromal	method2_cicero	0.370552659034729	0.0	0.0
chr1:966773-967273	ENSG00000187583	PLEKHN1	chr1	966773	967273	966481	+	542	stromal	method2_cicero	1.0	0.0	0.0
chr1:966773-967273	ENSG00000187608	ISG15	chr1	966773	967273	1001137	+	34114	stromal	method2_cicero	0.26190027594566345	5.0171711524407765e-33	1.1912731290428102e-31
chr1:966773-967273	ENSG00000187634	SAMD11	chr1	966773	967273	923922	+	43101	stromal	method2_cicero	0.35199397802352905	0.0	0.0
chr1:966773-967273	ENSG00000187961	KLHL17	chr1	966773	967273	960583	+	6440	stromal	method2_cicero	0.3545648753643036	0.0	0.0
chr1:966773-967273	ENSG00000188157	AGRN	chr1	966773	967273	1020119	+	53096	stromal	method2_cicero	0.3539600968360901	0.0	0.0
chr1:966773-967273	ENSG00000188290	HES4	chr1	966773	967273	1000171	-	33148	stromal	method2_cicero	0.26190027594566345	5.0171711524407765e-33	1.1912731290428102e-31
chr1:966773-967273	ENSG00000188976	NOC2L	chr1	966773	967273	959308	-	7715	stromal	method2_cicero	0.3545648753643036	0.0	0.0
chr1:966773-967273	ENSG00000221978	CCNL2	chr1	966773	967273	1399334	-	432311	stromal	method2_cicero	0.40174275636672974	0.0	0.0
chr1:966773-967273	ENSG00000224051	CPTP	chr1	966773	967273	1324755	+	357732	stromal	method2_cicero	0.3016752600669861	1.1770907100328463e-43	4.718171929381659e-42
chr1:966773-967273	ENSG00000242485	MRPL20	chr1	966773	967273	1407292	-	440269	stromal	method2_cicero	0.3337858021259308	0.0	0.0
chr1:967322-967822	ENSG00000186827	TNFRSF4	chr1	967322	967822	1214152	-	246580	stromal	method2_cicero	0.2952238619327545	8.198997314764505e-42	3.0228810472414954e-40
chr1:967322-967822	ENSG00000186891	TNFRSF18	chr1	967322	967822	1206591	-	239019	stromal	method2_cicero	0.31196078658103943	0.0	0.0
chr1:967322-967822	ENSG00000187583	PLEKHN1	chr1	967322	967822	966481	+	1091	stromal	method2_cicero	1.0	0.0	0.0
chr1:967322-967822	ENSG00000187961	KLHL17	chr1	967322	967822	960583	+	6989	stromal	method2_cicero	0.27304595708847046	7.876854626883682e-36	2.170448151803878e-34
chr1:967322-967822	ENSG00000188976	NOC2L	chr1	967322	967822	959308	-	8264	stromal	method2_cicero	0.27304595708847046	7.876854626883682e-36	2.170448151803878e-34
chr1:967322-967822	ENSG00000221978	CCNL2	chr1	967322	967822	1399334	-	431762	stromal	method2_cicero	0.26361972093582153	1.8903600363443304e-33	4.5926102905094075e-32
chr1:968135-968635	ENSG00000187583	PLEKHN1	chr1	968135	968635	966481	+	1904	stromal	method2_cicero	1.0	0.0	0.0
chr1:973837-974337	ENSG00000187642	PERM1	chr1	973837	974337	982116	-	8029	stromal	method2_cicero	0.2931199073791504	3.197342706049935e-41	1.1470833047177947e-39
chr1:975968-976468	ENSG00000078808	SDF4	chr1	975968	976468	1232030	-	255812	stromal	method2_cicero	0.25898417830467224	2.5835802423587286e-32	5.898465613019383e-31
chr1:975968-976468	ENSG00000107404	DVL1	chr1	975968	976468	1349417	-	373199	stromal	method2_cicero	0.2900259494781494	2.316696686145004e-40	7.981306999630109e-39
chr1:975968-976468	ENSG00000127054	INTS11	chr1	975968	976468	1324686	-	348468	stromal	method2_cicero	0.2711552679538727	2.40675867654577e-35	6.467577724241399e-34
chr1:975968-976468	ENSG00000131584	ACAP3	chr1	975968	976468	1309608	-	333390	stromal	method2_cicero	0.2904537618160248	1.7643468704620907e-40	6.112204661168952e-39
chr1:975968-976468	ENSG00000131591	C1orf159	chr1	975968	976468	1116360	-	140142	stromal	method2_cicero	0.3181811273097992	0.0	0.0
chr1:975968-976468	ENSG00000160072	ATAD3B	chr1	975968	976468	1471764	+	495546	stromal	method2_cicero	0.3392183780670166	0.0	0.0
chr1:975968-976468	ENSG00000160087	UBE2J2	chr1	975968	976468	1273863	-	297645	stromal	method2_cicero	0.2854899764060974	4.0410869321953367e-39	1.3125175746112997e-37
chr1:975968-976468	ENSG00000169972	PUSL1	chr1	975968	976468	1308596	+	332378	stromal	method2_cicero	0.2904537618160248	1.7643468704620907e-40	6.112204661168952e-39
chr1:975968-976468	ENSG00000175756	AURKAIP1	chr1	975968	976468	1375206	-	398988	stromal	method2_cicero	0.27959612011909485	1.5339495248012587e-37	4.610795517576471e-36
chr1:975968-976468	ENSG00000176022	B3GALT6	chr1	975968	976468	1232236	+	256018	stromal	method2_cicero	0.25898417830467224	2.5835802423587286e-32	5.898465613019383e-31
chr1:975968-976468	ENSG00000179403	VWA1	chr1	975968	976468	1434860	+	458642	stromal	method2_cicero	0.3338117301464081	0.0	0.0
chr1:975968-976468	ENSG00000187608	ISG15	chr1	975968	976468	1001137	+	24919	stromal	method2_cicero	0.3323316276073456	0.0	0.0
chr1:975968-976468	ENSG00000187634	SAMD11	chr1	975968	976468	923922	+	52296	stromal	method2_cicero	0.2658817768096924	5.1767145721931545e-34	1.296378810314593e-32
chr1:975968-976468	ENSG00000188157	AGRN	chr1	975968	976468	1020119	+	43901	stromal	method2_cicero	0.28920242190361023	3.908333520879061e-40	1.332132614203287e-38
chr1:975968-976468	ENSG00000188290	HES4	chr1	975968	976468	1000171	-	23953	stromal	method2_cicero	0.3323316276073456	0.0	0.0
chr1:975968-976468	ENSG00000205116	TMEM88B	chr1	975968	976468	1425870	+	449652	stromal	method2_cicero	0.3420046269893646	0.0	0.0
chr1:975968-976468	ENSG00000221978	CCNL2	chr1	975968	976468	1399334	-	423116	stromal	method2_cicero	0.26816096901893616	1.3860065627778468e-34	3.578729000915113e-33
chr1:975968-976468	ENSG00000224051	CPTP	chr1	975968	976468	1324755	+	348537	stromal	method2_cicero	0.2711552679538727	2.40675867654577e-35	6.467577724241399e-34
chr1:975968-976468	ENSG00000235098	ANKRD65	chr1	975968	976468	1421768	-	445550	stromal	method2_cicero	0.3165510892868042	0.0	0.0
chr1:979264-979764	ENSG00000187642	PERM1	chr1	979264	979764	982116	-	2602	stromal	method2_cicero	0.3055686950683594	8.407790785948902e-45	3.545285114741787e-43
chr1:979981-980481	ENSG00000131584	ACAP3	chr1	979981	980481	1309608	-	329377	stromal	method2_cicero	0.2581503093242645	4.112392048586908e-32	9.282569498330468e-31
chr1:979981-980481	ENSG00000169972	PUSL1	chr1	979981	980481	1308596	+	328365	stromal	method2_cicero	0.2581503093242645	4.112392048586908e-32	9.282569498330468e-31
chr1:979981-980481	ENSG00000186827	TNFRSF4	chr1	979981	980481	1214152	-	233921	stromal	method2_cicero	0.25153711438179016	1.5459190458793968e-30	3.190285499137335e-29
chr1:979981-980481	ENSG00000187634	SAMD11	chr1	979981	980481	923922	+	56309	stromal	method2_cicero	0.2690907418727875	8.066874178350474e-35	2.1091983298880616e-33
chr1:979981-980481	ENSG00000187642	PERM1	chr1	979981	980481	982116	-	1885	stromal	method2_cicero	1.0	0.0	0.0
chr1:980520-981020	ENSG00000131584	ACAP3	chr1	980520	981020	1309608	-	328838	stromal	method2_cicero	0.2752262055873871	2.1487276579061264e-36	6.095667727236166e-35
chr1:980520-981020	ENSG00000169972	PUSL1	chr1	980520	981020	1308596	+	327826	stromal	method2_cicero	0.2752262055873871	2.1487276579061264e-36	6.095667727236166e-35
chr1:980520-981020	ENSG00000187642	PERM1	chr1	980520	981020	982116	-	1346	stromal	method2_cicero	1.0	0.0	0.0
chr1:981938-982438	ENSG00000187642	PERM1	chr1	981938	982438	982116	-	72	stromal	method2_cicero	1.0	0.0	0.0
chr1:984068-984568	ENSG00000107404	DVL1	chr1	984068	984568	1349417	-	365099	stromal	method2_cicero	0.2582579255104065	3.873329999218653e-32	8.755812612212868e-31
chr1:984068-984568	ENSG00000160087	UBE2J2	chr1	984068	984568	1273863	-	289545	stromal	method2_cicero	0.2651858329772949	7.72134760103647e-34	1.9156957966953893e-32
chr1:984068-984568	ENSG00000175756	AURKAIP1	chr1	984068	984568	1375206	-	390888	stromal	method2_cicero	0.25387752056121826	4.335252788290237e-31	9.233810180737456e-30
chr1:984068-984568	ENSG00000187608	ISG15	chr1	984068	984568	1001137	+	16819	stromal	method2_cicero	0.2508845329284668	2.1985240750773862e-30	4.497050633115949e-29
chr1:984068-984568	ENSG00000187642	PERM1	chr1	984068	984568	982116	-	2202	stromal	method2_cicero	1.0	0.0	0.0
chr1:984068-984568	ENSG00000188157	AGRN	chr1	984068	984568	1020119	+	35801	stromal	method2_cicero	0.25946158170700073	1.9783960776210747e-32	4.545580701098687e-31
chr1:984068-984568	ENSG00000188290	HES4	chr1	984068	984568	1000171	-	15853	stromal	method2_cicero	0.2508845329284668	2.1985240750773862e-30	4.497050633115949e-29
chr1:997835-998335	ENSG00000127054	INTS11	chr1	997835	998335	1324686	-	326601	stromal	method2_cicero	0.26719024777412415	2.4332450667870666e-34	6.201017023283672e-33
chr1:997835-998335	ENSG00000188290	HES4	chr1	997835	998335	1000171	-	2086	stromal	method2_cicero	1.0	0.0	0.0
chr1:997835-998335	ENSG00000221978	CCNL2	chr1	997835	998335	1399334	-	401249	stromal	method2_cicero	0.25895118713378906	2.6316094721653887e-32	6.00541961222104e-31
chr1:997835-998335	ENSG00000224051	CPTP	chr1	997835	998335	1324755	+	326670	stromal	method2_cicero	0.26719024777412415	2.4332450667870666e-34	6.201017023283672e-33
chr1:998362-998862	ENSG00000078808	SDF4	chr1	998362	998862	1232030	-	233418	stromal	method2_cicero	0.2996998727321625	4.358038224050181e-43	1.7027177640010852e-41
chr1:998362-998862	ENSG00000107404	DVL1	chr1	998362	998862	1349417	-	350805	stromal	method2_cicero	0.2653941810131073	6.851153469529212e-34	1.704476800394299e-32
chr1:998362-998862	ENSG00000127054	INTS11	chr1	998362	998862	1324686	-	326074	stromal	method2_cicero	0.34040746092796326	0.0	0.0
chr1:998362-998862	ENSG00000131584	ACAP3	chr1	998362	998862	1309608	-	310996	stromal	method2_cicero	0.2591216564178467	2.3925845978059786e-32	5.472315056609e-31
chr1:998362-998862	ENSG00000131591	C1orf159	chr1	998362	998862	1116360	-	117748	stromal	method2_cicero	0.283030241727829	1.8631955851743347e-38	5.8601315263944965e-37
chr1:998362-998862	ENSG00000160072	ATAD3B	chr1	998362	998862	1471764	+	473152	stromal	method2_cicero	0.3205004036426544	0.0	0.0
chr1:998362-998862	ENSG00000160087	UBE2J2	chr1	998362	998862	1273863	-	275251	stromal	method2_cicero	0.25165611505508423	1.4496030824735854e-30	2.996241737782691e-29
chr1:998362-998862	ENSG00000169972	PUSL1	chr1	998362	998862	1308596	+	309984	stromal	method2_cicero	0.2591216564178467	2.3925845978059786e-32	5.472315056609e-31
chr1:998362-998862	ENSG00000175756	AURKAIP1	chr1	998362	998862	1375206	-	376594	stromal	method2_cicero	0.2846253216266632	6.927674888199672e-39	2.224613328314643e-37
chr1:998362-998862	ENSG00000176022	B3GALT6	chr1	998362	998862	1232236	+	233624	stromal	method2_cicero	0.2996998727321625	4.358038224050181e-43	1.7027177640010852e-41
chr1:998362-998862	ENSG00000179403	VWA1	chr1	998362	998862	1434860	+	436248	stromal	method2_cicero	0.2865731716156006	2.051503754368461e-39	6.757827424974561e-38
chr1:998362-998862	ENSG00000187608	ISG15	chr1	998362	998862	1001137	+	2525	stromal	method2_cicero	0.3670481741428375	0.0	0.0
chr1:998362-998862	ENSG00000187634	SAMD11	chr1	998362	998862	923922	+	74690	stromal	method2_cicero	0.25634288787841797	1.1198093026328744e-31	2.465918006838595e-30
chr1:998362-998862	ENSG00000188157	AGRN	chr1	998362	998862	1020119	+	21507	stromal	method2_cicero	0.2901085317134857	2.198118810093838e-40	7.580672966082715e-39
chr1:998362-998862	ENSG00000188290	HES4	chr1	998362	998862	1000171	-	1559	stromal	method2_cicero	1.0	0.0	0.0
chr1:998362-998862	ENSG00000205116	TMEM88B	chr1	998362	998862	1425870	+	427258	stromal	method2_cicero	0.2708669602870941	2.8514278708583165e-35	7.633683273113975e-34
chr1:998362-998862	ENSG00000221978	CCNL2	chr1	998362	998862	1399334	-	400722	stromal	method2_cicero	0.2641035318374634	1.4344952455717854e-33	3.5080398399760485e-32
chr1:998362-998862	ENSG00000224051	CPTP	chr1	998362	998862	1324755	+	326143	stromal	method2_cicero	0.34040746092796326	0.0	0.0
chr1:998362-998862	ENSG00000235098	ANKRD65	chr1	998362	998862	1421768	-	423156	stromal	method2_cicero	0.2716901898384094	1.7562395001302727e-35	4.752902022618679e-34
chr1:998929-999429	ENSG00000078808	SDF4	chr1	998929	999429	1232030	-	232851	stromal	method2_cicero	0.37669724225997925	0.0	0.0
chr1:998929-999429	ENSG00000107404	DVL1	chr1	998929	999429	1349417	-	350238	stromal	method2_cicero	0.3620448112487793	0.0	0.0
chr1:998929-999429	ENSG00000127054	INTS11	chr1	998929	999429	1324686	-	325507	stromal	method2_cicero	0.3563423156738281	0.0	0.0
chr1:998929-999429	ENSG00000131584	ACAP3	chr1	998929	999429	1309608	-	310429	stromal	method2_cicero	0.34846213459968567	0.0	0.0
chr1:998929-999429	ENSG00000131591	C1orf159	chr1	998929	999429	1116360	-	117181	stromal	method2_cicero	0.32243508100509644	0.0	0.0
chr1:998929-999429	ENSG00000160072	ATAD3B	chr1	998929	999429	1471764	+	472585	stromal	method2_cicero	0.2676064372062683	1.9121325794444593e-34	4.900112853592001e-33
chr1:998929-999429	ENSG00000160087	UBE2J2	chr1	998929	999429	1273863	-	274684	stromal	method2_cicero	0.3314507007598877	0.0	0.0
chr1:998929-999429	ENSG00000169972	PUSL1	chr1	998929	999429	1308596	+	309417	stromal	method2_cicero	0.34846213459968567	0.0	0.0
chr1:998929-999429	ENSG00000175756	AURKAIP1	chr1	998929	999429	1375206	-	376027	stromal	method2_cicero	0.3462556004524231	0.0	0.0
chr1:998929-999429	ENSG00000176022	B3GALT6	chr1	998929	999429	1232236	+	233057	stromal	method2_cicero	0.37669724225997925	0.0	0.0
chr1:998929-999429	ENSG00000179403	VWA1	chr1	998929	999429	1434860	+	435681	stromal	method2_cicero	0.3912363648414612	0.0	0.0
chr1:998929-999429	ENSG00000187608	ISG15	chr1	998929	999429	1001137	+	1958	stromal	method2_cicero	1.0	0.0	0.0
chr1:998929-999429	ENSG00000187634	SAMD11	chr1	998929	999429	923922	+	75257	stromal	method2_cicero	0.2580016255378723	4.4669922622031346e-32	1.0061706902360574e-30
chr1:998929-999429	ENSG00000187961	KLHL17	chr1	998929	999429	960583	+	38596	stromal	method2_cicero	0.31898921728134155	0.0	0.0
chr1:998929-999429	ENSG00000188157	AGRN	chr1	998929	999429	1020119	+	20940	stromal	method2_cicero	0.342935174703598	0.0	0.0
chr1:998929-999429	ENSG00000188290	HES4	chr1	998929	999429	1000171	-	992	stromal	method2_cicero	1.0	0.0	0.0
chr1:998929-999429	ENSG00000188976	NOC2L	chr1	998929	999429	959308	-	39871	stromal	method2_cicero	0.31898921728134155	0.0	0.0
chr1:998929-999429	ENSG00000205116	TMEM88B	chr1	998929	999429	1425870	+	426691	stromal	method2_cicero	0.28551924228668213	3.967908323791366e-39	1.2892403255607073e-37
chr1:998929-999429	ENSG00000221978	CCNL2	chr1	998929	999429	1399334	-	400155	stromal	method2_cicero	0.3567432761192322	0.0	0.0
chr1:998929-999429	ENSG00000224051	CPTP	chr1	998929	999429	1324755	+	325576	stromal	method2_cicero	0.3563423156738281	0.0	0.0
chr1:998929-999429	ENSG00000235098	ANKRD65	chr1	998929	999429	1421768	-	422589	stromal	method2_cicero	0.30623185634613037	5.605193857299268e-45	2.382207389352189e-43
chr1:998929-999429	ENSG00000242485	MRPL20	chr1	998929	999429	1407292	-	408113	stromal	method2_cicero	0.2709326446056366	2.7434436766727935e-35	7.350928208928251e-34
chr1:999900-1000400	ENSG00000078808	SDF4	chr1	999900	1000400	1232030	-	231880	stromal	method2_cicero	0.4916461408138275	0.0	0.0
chr1:999900-1000400	ENSG00000107404	DVL1	chr1	999900	1000400	1349417	-	349267	stromal	method2_cicero	0.4993619918823242	0.0	0.0
chr1:999900-1000400	ENSG00000127054	INTS11	chr1	999900	1000400	1324686	-	324536	stromal	method2_cicero	0.4336225092411041	0.0	0.0
chr1:999900-1000400	ENSG00000131584	ACAP3	chr1	999900	1000400	1309608	-	309458	stromal	method2_cicero	0.43095237016677856	0.0	0.0
chr1:999900-1000400	ENSG00000131591	C1orf159	chr1	999900	1000400	1116360	-	116210	stromal	method2_cicero	0.47622859477996826	0.0	0.0
chr1:999900-1000400	ENSG00000160072	ATAD3B	chr1	999900	1000400	1471764	+	471614	stromal	method2_cicero	0.4138288199901581	0.0	0.0
chr1:999900-1000400	ENSG00000160087	UBE2J2	chr1	999900	1000400	1273863	-	273713	stromal	method2_cicero	0.4701637625694275	0.0	0.0
chr1:999900-1000400	ENSG00000169972	PUSL1	chr1	999900	1000400	1308596	+	308446	stromal	method2_cicero	0.43095237016677856	0.0	0.0
chr1:999900-1000400	ENSG00000175756	AURKAIP1	chr1	999900	1000400	1375206	-	375056	stromal	method2_cicero	0.4989868700504303	0.0	0.0
chr1:999900-1000400	ENSG00000176022	B3GALT6	chr1	999900	1000400	1232236	+	232086	stromal	method2_cicero	0.4916461408138275	0.0	0.0
chr1:999900-1000400	ENSG00000179403	VWA1	chr1	999900	1000400	1434860	+	434710	stromal	method2_cicero	0.49241554737091064	0.0	0.0
chr1:999900-1000400	ENSG00000187583	PLEKHN1	chr1	999900	1000400	966481	+	33669	stromal	method2_cicero	0.25937435030937195	2.0773494859468826e-32	4.76742187577683e-31
chr1:999900-1000400	ENSG00000187608	ISG15	chr1	999900	1000400	1001137	+	987	stromal	method2_cicero	1.0	0.0	0.0
chr1:999900-1000400	ENSG00000187634	SAMD11	chr1	999900	1000400	923922	+	76228	stromal	method2_cicero	0.33585411310195923	0.0	0.0
chr1:999900-1000400	ENSG00000187642	PERM1	chr1	999900	1000400	982116	-	18034	stromal	method2_cicero	0.2508845329284668	2.1985240750773862e-30	4.497050633115949e-29
chr1:999900-1000400	ENSG00000187961	KLHL17	chr1	999900	1000400	960583	+	39567	stromal	method2_cicero	0.34844332933425903	0.0	0.0
chr1:999900-1000400	ENSG00000188157	AGRN	chr1	999900	1000400	1020119	+	19969	stromal	method2_cicero	0.4294527471065521	0.0	0.0
chr1:999900-1000400	ENSG00000188290	HES4	chr1	999900	1000400	1000171	-	21	stromal	method2_cicero	1.0	0.0	0.0
chr1:999900-1000400	ENSG00000188976	NOC2L	chr1	999900	1000400	959308	-	40842	stromal	method2_cicero	0.34844332933425903	0.0	0.0
chr1:999900-1000400	ENSG00000205116	TMEM88B	chr1	999900	1000400	1425870	+	425720	stromal	method2_cicero	0.39309126138687134	0.0	0.0
chr1:999900-1000400	ENSG00000221978	CCNL2	chr1	999900	1000400	1399334	-	399184	stromal	method2_cicero	0.423835426568985	0.0	0.0
chr1:999900-1000400	ENSG00000224051	CPTP	chr1	999900	1000400	1324755	+	324605	stromal	method2_cicero	0.4336225092411041	0.0	0.0
chr1:999900-1000400	ENSG00000235098	ANKRD65	chr1	999900	1000400	1421768	-	421618	stromal	method2_cicero	0.4051276445388794	0.0	0.0
chr1:999900-1000400	ENSG00000242485	MRPL20	chr1	999900	1000400	1407292	-	407142	stromal	method2_cicero	0.33536121249198914	0.0	0.0
chr1:1000604-1001104	ENSG00000078808	SDF4	chr1	1000604	1001104	1232030	-	231176	stromal	method2_cicero	0.45246678590774536	0.0	0.0
chr1:1000604-1001104	ENSG00000107404	DVL1	chr1	1000604	1001104	1349417	-	348563	stromal	method2_cicero	0.4598030149936676	0.0	0.0
chr1:1000604-1001104	ENSG00000127054	INTS11	chr1	1000604	1001104	1324686	-	323832	stromal	method2_cicero	0.3882606625556946	0.0	0.0
chr1:1000604-1001104	ENSG00000131584	ACAP3	chr1	1000604	1001104	1309608	-	308754	stromal	method2_cicero	0.39231982827186584	0.0	0.0
chr1:1000604-1001104	ENSG00000131591	C1orf159	chr1	1000604	1001104	1116360	-	115506	stromal	method2_cicero	0.4316806495189667	0.0	0.0
chr1:1000604-1001104	ENSG00000160072	ATAD3B	chr1	1000604	1001104	1471764	+	470910	stromal	method2_cicero	0.3917210102081299	0.0	0.0
chr1:1000604-1001104	ENSG00000160087	UBE2J2	chr1	1000604	1001104	1273863	-	273009	stromal	method2_cicero	0.4347333014011383	0.0	0.0
chr1:1000604-1001104	ENSG00000169972	PUSL1	chr1	1000604	1001104	1308596	+	307742	stromal	method2_cicero	0.39231982827186584	0.0	0.0
chr1:1000604-1001104	ENSG00000175756	AURKAIP1	chr1	1000604	1001104	1375206	-	374352	stromal	method2_cicero	0.424485445022583	0.0	0.0
chr1:1000604-1001104	ENSG00000176022	B3GALT6	chr1	1000604	1001104	1232236	+	231382	stromal	method2_cicero	0.45246678590774536	0.0	0.0
chr1:1000604-1001104	ENSG00000179403	VWA1	chr1	1000604	1001104	1434860	+	434006	stromal	method2_cicero	0.45763665437698364	0.0	0.0
chr1:1000604-1001104	ENSG00000187583	PLEKHN1	chr1	1000604	1001104	966481	+	34373	stromal	method2_cicero	0.26190027594566345	5.0171711524407765e-33	1.1912731290428102e-31
chr1:1000604-1001104	ENSG00000187608	ISG15	chr1	1000604	1001104	1001137	+	283	stromal	method2_cicero	1.0	0.0	0.0
chr1:1000604-1001104	ENSG00000187634	SAMD11	chr1	1000604	1001104	923922	+	76932	stromal	method2_cicero	0.29276710748672485	4.012478022747681e-41	1.4328416927567687e-39
chr1:1000604-1001104	ENSG00000187961	KLHL17	chr1	1000604	1001104	960583	+	40271	stromal	method2_cicero	0.38158851861953735	0.0	0.0
chr1:1000604-1001104	ENSG00000188157	AGRN	chr1	1000604	1001104	1020119	+	19265	stromal	method2_cicero	0.4287331998348236	0.0	0.0
chr1:1000604-1001104	ENSG00000188290	HES4	chr1	1000604	1001104	1000171	-	683	stromal	method2_cicero	1.0	0.0	0.0
chr1:1000604-1001104	ENSG00000188976	NOC2L	chr1	1000604	1001104	959308	-	41546	stromal	method2_cicero	0.38158851861953735	0.0	0.0
chr1:1000604-1001104	ENSG00000205116	TMEM88B	chr1	1000604	1001104	1425870	+	425016	stromal	method2_cicero	0.34621933102607727	0.0	0.0
chr1:1000604-1001104	ENSG00000221978	CCNL2	chr1	1000604	1001104	1399334	-	398480	stromal	method2_cicero	0.37712281942367554	0.0	0.0
chr1:1000604-1001104	ENSG00000224051	CPTP	chr1	1000604	1001104	1324755	+	323901	stromal	method2_cicero	0.3882606625556946	0.0	0.0
chr1:1000604-1001104	ENSG00000235098	ANKRD65	chr1	1000604	1001104	1421768	-	420914	stromal	method2_cicero	0.41759052872657776	0.0	0.0
chr1:1000604-1001104	ENSG00000242485	MRPL20	chr1	1000604	1001104	1407292	-	406438	stromal	method2_cicero	0.30124422907829285	1.5694542800437951e-43	6.255396344745983e-42
chr1:1001159-1001659	ENSG00000078808	SDF4	chr1	1001159	1001659	1232030	-	230621	stromal	method2_cicero	0.28907540440559387	4.236013153776776e-40	1.4414680861031523e-38
chr1:1001159-1001659	ENSG00000107404	DVL1	chr1	1001159	1001659	1349417	-	348008	stromal	method2_cicero	0.3275510370731354	0.0	0.0
chr1:1001159-1001659	ENSG00000127054	INTS11	chr1	1001159	1001659	1324686	-	323277	stromal	method2_cicero	0.3125580847263336	0.0	0.0
chr1:1001159-1001659	ENSG00000131584	ACAP3	chr1	1001159	1001659	1309608	-	308199	stromal	method2_cicero	0.2562052607536316	1.2081733288740173e-31	2.655524117151653e-30
chr1:1001159-1001659	ENSG00000131591	C1orf159	chr1	1001159	1001659	1116360	-	114951	stromal	method2_cicero	0.27138403058052063	2.1035125589924615e-35	5.669815166908911e-34
chr1:1001159-1001659	ENSG00000160072	ATAD3B	chr1	1001159	1001659	1471764	+	470355	stromal	method2_cicero	0.26860934495925903	1.0678846158723487e-34	2.7741514232482363e-33
chr1:1001159-1001659	ENSG00000160087	UBE2J2	chr1	1001159	1001659	1273863	-	272454	stromal	method2_cicero	0.2856595814228058	3.6348210801198214e-39	1.1831965598054796e-37
chr1:1001159-1001659	ENSG00000169972	PUSL1	chr1	1001159	1001659	1308596	+	307187	stromal	method2_cicero	0.2562052607536316	1.2081733288740173e-31	2.655524117151653e-30
chr1:1001159-1001659	ENSG00000175756	AURKAIP1	chr1	1001159	1001659	1375206	-	373797	stromal	method2_cicero	0.3015649616718292	1.2611686178923354e-43	5.047477068497991e-42
chr1:1001159-1001659	ENSG00000176022	B3GALT6	chr1	1001159	1001659	1232236	+	230827	stromal	method2_cicero	0.28907540440559387	4.236013153776776e-40	1.4414680861031523e-38
chr1:1001159-1001659	ENSG00000179403	VWA1	chr1	1001159	1001659	1434860	+	433451	stromal	method2_cicero	0.3027942478656769	5.605193857299268e-44	2.2785113029921526e-42
chr1:1001159-1001659	ENSG00000187608	ISG15	chr1	1001159	1001659	1001137	+	272	stromal	method2_cicero	1.0	0.0	0.0
chr1:1001159-1001659	ENSG00000187961	KLHL17	chr1	1001159	1001659	960583	+	40826	stromal	method2_cicero	0.2831650972366333	1.7141146645412854e-38	5.40067557957371e-37
chr1:1001159-1001659	ENSG00000188157	AGRN	chr1	1001159	1001659	1020119	+	18710	stromal	method2_cicero	0.29330694675445557	2.8344064037898075e-41	1.0194404289009114e-39
chr1:1001159-1001659	ENSG00000188290	HES4	chr1	1001159	1001659	1000171	-	1238	stromal	method2_cicero	1.0	0.0	0.0
chr1:1001159-1001659	ENSG00000188976	NOC2L	chr1	1001159	1001659	959308	-	42101	stromal	method2_cicero	0.2831650972366333	1.7141146645412854e-38	5.40067557957371e-37
chr1:1001159-1001659	ENSG00000205116	TMEM88B	chr1	1001159	1001659	1425870	+	424461	stromal	method2_cicero	0.2866019606590271	2.0147981423939366e-39	6.639373423707641e-38
chr1:1001159-1001659	ENSG00000221978	CCNL2	chr1	1001159	1001659	1399334	-	397925	stromal	method2_cicero	0.2672293186187744	2.378868810334439e-34	6.0655758294979585e-33
chr1:1001159-1001659	ENSG00000224051	CPTP	chr1	1001159	1001659	1324755	+	323346	stromal	method2_cicero	0.3125580847263336	0.0	0.0
chr1:1001159-1001659	ENSG00000235098	ANKRD65	chr1	1001159	1001659	1421768	-	420359	stromal	method2_cicero	0.2890653908252716	4.262988149215029e-40	1.4504738109438286e-38
chr1:1001721-1002221	ENSG00000078808	SDF4	chr1	1001721	1002221	1232030	-	230059	stromal	method2_cicero	0.4225681722164154	0.0	0.0
chr1:1001721-1002221	ENSG00000107404	DVL1	chr1	1001721	1002221	1349417	-	347446	stromal	method2_cicero	0.4358508884906769	0.0	0.0
chr1:1001721-1002221	ENSG00000127054	INTS11	chr1	1001721	1002221	1324686	-	322715	stromal	method2_cicero	0.4191565215587616	0.0	0.0
chr1:1001721-1002221	ENSG00000131584	ACAP3	chr1	1001721	1002221	1309608	-	307637	stromal	method2_cicero	0.4128524959087372	0.0	0.0
chr1:1001721-1002221	ENSG00000131591	C1orf159	chr1	1001721	1002221	1116360	-	114389	stromal	method2_cicero	0.4056084156036377	0.0	0.0
chr1:1001721-1002221	ENSG00000160072	ATAD3B	chr1	1001721	1002221	1471764	+	469793	stromal	method2_cicero	0.3458695411682129	0.0	0.0
chr1:1001721-1002221	ENSG00000160087	UBE2J2	chr1	1001721	1002221	1273863	-	271892	stromal	method2_cicero	0.3925992548465729	0.0	0.0
chr1:1001721-1002221	ENSG00000169972	PUSL1	chr1	1001721	1002221	1308596	+	306625	stromal	method2_cicero	0.4128524959087372	0.0	0.0
chr1:1001721-1002221	ENSG00000175756	AURKAIP1	chr1	1001721	1002221	1375206	-	373235	stromal	method2_cicero	0.43192434310913086	0.0	0.0
chr1:1001721-1002221	ENSG00000176022	B3GALT6	chr1	1001721	1002221	1232236	+	230265	stromal	method2_cicero	0.4225681722164154	0.0	0.0
chr1:1001721-1002221	ENSG00000179403	VWA1	chr1	1001721	1002221	1434860	+	432889	stromal	method2_cicero	0.41073673963546753	0.0	0.0
chr1:1001721-1002221	ENSG00000187608	ISG15	chr1	1001721	1002221	1001137	+	834	stromal	method2_cicero	1.0	0.0	0.0
chr1:1001721-1002221	ENSG00000187634	SAMD11	chr1	1001721	1002221	923922	+	78049	stromal	method2_cicero	0.27099213004112244	2.649154450851831e-35	7.103805317251827e-34
chr1:1001721-1002221	ENSG00000187961	KLHL17	chr1	1001721	1002221	960583	+	41388	stromal	method2_cicero	0.3572744131088257	0.0	0.0
chr1:1001721-1002221	ENSG00000188157	AGRN	chr1	1001721	1002221	1020119	+	18148	stromal	method2_cicero	0.4221983551979065	0.0	0.0
chr1:1001721-1002221	ENSG00000188290	HES4	chr1	1001721	1002221	1000171	-	1800	stromal	method2_cicero	1.0	0.0	0.0
chr1:1001721-1002221	ENSG00000188976	NOC2L	chr1	1001721	1002221	959308	-	42663	stromal	method2_cicero	0.3572744131088257	0.0	0.0
chr1:1001721-1002221	ENSG00000205116	TMEM88B	chr1	1001721	1002221	1425870	+	423899	stromal	method2_cicero	0.2891368865966797	4.074107129208687e-40	1.387471852377324e-38
chr1:1001721-1002221	ENSG00000221978	CCNL2	chr1	1001721	1002221	1399334	-	397363	stromal	method2_cicero	0.398144394159317	0.0	0.0
chr1:1001721-1002221	ENSG00000224051	CPTP	chr1	1001721	1002221	1324755	+	322784	stromal	method2_cicero	0.4191565215587616	0.0	0.0
chr1:1001721-1002221	ENSG00000235098	ANKRD65	chr1	1001721	1002221	1421768	-	419797	stromal	method2_cicero	0.3549409508705139	0.0	0.0
chr1:1001721-1002221	ENSG00000242485	MRPL20	chr1	1001721	1002221	1407292	-	405321	stromal	method2_cicero	0.3022898733615875	7.847271400218976e-44	3.169737126302736e-42
chr1:1002991-1003491	ENSG00000187608	ISG15	chr1	1002991	1003491	1001137	+	2104	stromal	method2_cicero	1.0	0.0	0.0
chr1:1005224-1005724	ENSG00000160087	UBE2J2	chr1	1005224	1005724	1273863	-	268389	stromal	method2_cicero	0.2559865713119507	1.3630210821584021e-31	2.987222103801148e-30
chr1:1005967-1006467	ENSG00000078808	SDF4	chr1	1005967	1006467	1232030	-	225813	stromal	method2_cicero	0.25675612688064575	8.912137961896237e-32	1.973622665426086e-30
chr1:1005967-1006467	ENSG00000162572	SCNN1D	chr1	1005967	1006467	1280435	+	274218	stromal	method2_cicero	0.36576902866363525	0.0	0.0
chr1:1005967-1006467	ENSG00000169962	TAS1R3	chr1	1005967	1006467	1331279	+	325062	stromal	method2_cicero	0.26301291584968567	2.669976175142488e-33	6.434362790560672e-32
chr1:1005967-1006467	ENSG00000176022	B3GALT6	chr1	1005967	1006467	1232236	+	226019	stromal	method2_cicero	0.25675612688064575	8.912137961896237e-32	1.973622665426086e-30
chr1:1005967-1006467	ENSG00000186891	TNFRSF18	chr1	1005967	1006467	1206591	-	200374	stromal	method2_cicero	0.27736422419548035	5.941766914978729e-37	1.734062232258857e-35
chr1:1005967-1006467	ENSG00000237330	RNF223	chr1	1005967	1006467	1074305	-	68088	stromal	method2_cicero	0.35041093826293945	0.0	0.0
chr1:1005967-1006467	ENSG00000242485	MRPL20	chr1	1005967	1006467	1407292	-	401075	stromal	method2_cicero	0.2772602140903473	6.326836558327051e-37	1.843965788314082e-35
chr1:1006542-1007042	ENSG00000127054	INTS11	chr1	1006542	1007042	1324686	-	317894	stromal	method2_cicero	0.26323404908180237	2.3545219805237576e-33	5.691095949294213e-32
chr1:1006542-1007042	ENSG00000160087	UBE2J2	chr1	1006542	1007042	1273863	-	267071	stromal	method2_cicero	0.2554742991924286	1.807133779996525e-31	3.9329863022580536e-30
chr1:1006542-1007042	ENSG00000162572	SCNN1D	chr1	1006542	1007042	1280435	+	273643	stromal	method2_cicero	0.40839818120002747	0.0	0.0
chr1:1006542-1007042	ENSG00000169962	TAS1R3	chr1	1006542	1007042	1331279	+	324487	stromal	method2_cicero	0.25444886088371277	3.1720682143097605e-31	6.809293084934822e-30
chr1:1006542-1007042	ENSG00000224051	CPTP	chr1	1006542	1007042	1324755	+	317963	stromal	method2_cicero	0.26323404908180237	2.3545219805237576e-33	5.691095949294213e-32
chr1:1006542-1007042	ENSG00000237330	RNF223	chr1	1006542	1007042	1074305	-	67513	stromal	method2_cicero	0.33452147245407104	0.0	0.0
chr1:1006542-1007042	ENSG00000242485	MRPL20	chr1	1006542	1007042	1407292	-	400500	stromal	method2_cicero	0.27551400661468506	1.8085178607689484e-36	5.150213258683732e-35
chr1:1012669-1013169	ENSG00000078808	SDF4	chr1	1012669	1013169	1232030	-	219111	stromal	method2_cicero	0.26335030794143677	2.203816992592617e-33	5.335009910818547e-32
chr1:1012669-1013169	ENSG00000107404	DVL1	chr1	1012669	1013169	1349417	-	336498	stromal	method2_cicero	0.25560230016708374	1.6842610011971624e-31	3.671990069030856e-30
chr1:1012669-1013169	ENSG00000131584	ACAP3	chr1	1012669	1013169	1309608	-	296689	stromal	method2_cicero	0.26237553358078003	3.8335614824939996e-33	9.160414711480588e-32
chr1:1012669-1013169	ENSG00000169972	PUSL1	chr1	1012669	1013169	1308596	+	295677	stromal	method2_cicero	0.26237553358078003	3.8335614824939996e-33	9.160414711480588e-32
chr1:1012669-1013169	ENSG00000176022	B3GALT6	chr1	1012669	1013169	1232236	+	219317	stromal	method2_cicero	0.26335030794143677	2.203816992592617e-33	5.335009910818547e-32
chr1:1012669-1013169	ENSG00000187608	ISG15	chr1	1012669	1013169	1001137	+	11782	stromal	method2_cicero	0.25861644744873047	3.1720103799877e-32	7.205088239466858e-31
chr1:1012669-1013169	ENSG00000188290	HES4	chr1	1012669	1013169	1000171	-	12748	stromal	method2_cicero	0.25861644744873047	3.1720103799877e-32	7.205088239466858e-31
chr1:1012669-1013169	ENSG00000221978	CCNL2	chr1	1012669	1013169	1399334	-	386415	stromal	method2_cicero	0.25147849321365356	1.5956777217497042e-30	3.290290314279304e-29
chr1:1013180-1013680	ENSG00000078808	SDF4	chr1	1013180	1013680	1232030	-	218600	stromal	method2_cicero	0.4746645390987396	0.0	0.0
chr1:1013180-1013680	ENSG00000107404	DVL1	chr1	1013180	1013680	1349417	-	335987	stromal	method2_cicero	0.4553651511669159	0.0	0.0
chr1:1013180-1013680	ENSG00000127054	INTS11	chr1	1013180	1013680	1324686	-	311256	stromal	method2_cicero	0.4584619998931885	0.0	0.0
chr1:1013180-1013680	ENSG00000131584	ACAP3	chr1	1013180	1013680	1309608	-	296178	stromal	method2_cicero	0.4610721170902252	0.0	0.0
chr1:1013180-1013680	ENSG00000131591	C1orf159	chr1	1013180	1013680	1116360	-	102930	stromal	method2_cicero	0.4497984051704407	0.0	0.0
chr1:1013180-1013680	ENSG00000160072	ATAD3B	chr1	1013180	1013680	1471764	+	458334	stromal	method2_cicero	0.37230756878852844	0.0	0.0
chr1:1013180-1013680	ENSG00000160087	UBE2J2	chr1	1013180	1013680	1273863	-	260433	stromal	method2_cicero	0.44845569133758545	0.0	0.0
chr1:1013180-1013680	ENSG00000169972	PUSL1	chr1	1013180	1013680	1308596	+	295166	stromal	method2_cicero	0.4610721170902252	0.0	0.0
chr1:1013180-1013680	ENSG00000175756	AURKAIP1	chr1	1013180	1013680	1375206	-	361776	stromal	method2_cicero	0.44443634152412415	0.0	0.0
chr1:1013180-1013680	ENSG00000176022	B3GALT6	chr1	1013180	1013680	1232236	+	218806	stromal	method2_cicero	0.4746645390987396	0.0	0.0
chr1:1013180-1013680	ENSG00000179403	VWA1	chr1	1013180	1013680	1434860	+	421430	stromal	method2_cicero	0.34195780754089355	0.0	0.0
chr1:1013180-1013680	ENSG00000186827	TNFRSF4	chr1	1013180	1013680	1214152	-	200722	stromal	method2_cicero	0.32761549949645996	0.0	0.0
chr1:1013180-1013680	ENSG00000186891	TNFRSF18	chr1	1013180	1013680	1206591	-	193161	stromal	method2_cicero	0.35130855441093445	0.0	0.0
chr1:1013180-1013680	ENSG00000187583	PLEKHN1	chr1	1013180	1013680	966481	+	46949	stromal	method2_cicero	0.3487200140953064	0.0	0.0
chr1:1013180-1013680	ENSG00000187608	ISG15	chr1	1013180	1013680	1001137	+	12293	stromal	method2_cicero	0.39005228877067566	0.0	0.0
chr1:1013180-1013680	ENSG00000187634	SAMD11	chr1	1013180	1013680	923922	+	89508	stromal	method2_cicero	0.28531110286712646	4.518454668350693e-39	1.464094460043035e-37
chr1:1013180-1013680	ENSG00000187961	KLHL17	chr1	1013180	1013680	960583	+	52847	stromal	method2_cicero	0.391955703496933	0.0	0.0
chr1:1013180-1013680	ENSG00000188157	AGRN	chr1	1013180	1013680	1020119	+	6689	stromal	method2_cicero	0.45335131883621216	0.0	0.0
chr1:1013180-1013680	ENSG00000188290	HES4	chr1	1013180	1013680	1000171	-	13259	stromal	method2_cicero	0.39005228877067566	0.0	0.0
chr1:1013180-1013680	ENSG00000188976	NOC2L	chr1	1013180	1013680	959308	-	54122	stromal	method2_cicero	0.391955703496933	0.0	0.0
chr1:1013180-1013680	ENSG00000197785	ATAD3A	chr1	1013180	1013680	1512161	+	498731	stromal	method2_cicero	0.4513357877731323	0.0	0.0
chr1:1013180-1013680	ENSG00000221978	CCNL2	chr1	1013180	1013680	1399334	-	385904	stromal	method2_cicero	0.4561123549938202	0.0	0.0
chr1:1013180-1013680	ENSG00000224051	CPTP	chr1	1013180	1013680	1324755	+	311325	stromal	method2_cicero	0.4584619998931885	0.0	0.0
chr1:1013180-1013680	ENSG00000235098	ANKRD65	chr1	1013180	1013680	1421768	-	408338	stromal	method2_cicero	0.2618984282016754	5.0224421425782606e-33	1.1924956431676653e-31
chr1:1013180-1013680	ENSG00000242485	MRPL20	chr1	1013180	1013680	1407292	-	393862	stromal	method2_cicero	0.3925777077674866	0.0	0.0
chr1:1013860-1014360	ENSG00000078808	SDF4	chr1	1013860	1014360	1232030	-	217920	stromal	method2_cicero	0.299748033285141	4.2319213622609476e-43	1.654372966981879e-41
chr1:1013860-1014360	ENSG00000107404	DVL1	chr1	1013860	1014360	1349417	-	335307	stromal	method2_cicero	0.30060702562332153	2.396220373995437e-43	9.472777618835763e-42
chr1:1013860-1014360	ENSG00000127054	INTS11	chr1	1013860	1014360	1324686	-	310576	stromal	method2_cicero	0.3040241301059723	2.382207389352189e-44	9.837115219560216e-43
chr1:1013860-1014360	ENSG00000131584	ACAP3	chr1	1013860	1014360	1309608	-	295498	stromal	method2_cicero	0.29929059743881226	5.717297734445254e-43	2.222179104726295e-41
chr1:1013860-1014360	ENSG00000131591	C1orf159	chr1	1013860	1014360	1116360	-	102250	stromal	method2_cicero	0.2633318305015564	2.2271018826434756e-33	5.390010115999171e-32
chr1:1013860-1014360	ENSG00000160087	UBE2J2	chr1	1013860	1014360	1273863	-	259753	stromal	method2_cicero	0.28475987911224365	6.371038500514389e-39	2.049551913763472e-37
chr1:1013860-1014360	ENSG00000169972	PUSL1	chr1	1013860	1014360	1308596	+	294486	stromal	method2_cicero	0.29929059743881226	5.717297734445254e-43	2.222179104726295e-41
chr1:1013860-1014360	ENSG00000175756	AURKAIP1	chr1	1013860	1014360	1375206	-	361096	stromal	method2_cicero	0.2590382695198059	2.506680871295873e-32	5.726932775369992e-31
chr1:1013860-1014360	ENSG00000176022	B3GALT6	chr1	1013860	1014360	1232236	+	218126	stromal	method2_cicero	0.299748033285141	4.2319213622609476e-43	1.654372966981879e-41
chr1:1013860-1014360	ENSG00000179403	VWA1	chr1	1013860	1014360	1434860	+	420750	stromal	method2_cicero	0.27512797713279724	2.2788079746926317e-36	6.456451509498748e-35
chr1:1013860-1014360	ENSG00000186827	TNFRSF4	chr1	1013860	1014360	1214152	-	200042	stromal	method2_cicero	0.3225429654121399	0.0	0.0
chr1:1013860-1014360	ENSG00000187583	PLEKHN1	chr1	1013860	1014360	966481	+	47629	stromal	method2_cicero	0.371031790971756	0.0	0.0
chr1:1013860-1014360	ENSG00000187608	ISG15	chr1	1013860	1014360	1001137	+	12973	stromal	method2_cicero	0.28544092178344727	4.1667777992514155e-39	1.3524173623573445e-37
chr1:1013860-1014360	ENSG00000187634	SAMD11	chr1	1013860	1014360	923922	+	90188	stromal	method2_cicero	0.28443843126296997	7.781759295713326e-39	2.4927909137163205e-37
chr1:1013860-1014360	ENSG00000187961	KLHL17	chr1	1013860	1014360	960583	+	53527	stromal	method2_cicero	0.28231462836265564	2.8981013044469206e-38	9.029365530496602e-37
chr1:1013860-1014360	ENSG00000188157	AGRN	chr1	1013860	1014360	1020119	+	6009	stromal	method2_cicero	0.29886019229888916	7.595037676640509e-43	2.935440023067627e-41
chr1:1013860-1014360	ENSG00000188290	HES4	chr1	1013860	1014360	1000171	-	13939	stromal	method2_cicero	0.28544092178344727	4.1667777992514155e-39	1.3524173623573445e-37
chr1:1013860-1014360	ENSG00000188976	NOC2L	chr1	1013860	1014360	959308	-	54802	stromal	method2_cicero	0.28231462836265564	2.8981013044469206e-38	9.029365530496602e-37
chr1:1013860-1014360	ENSG00000197785	ATAD3A	chr1	1013860	1014360	1512161	+	498051	stromal	method2_cicero	0.32874974608421326	0.0	0.0
chr1:1013860-1014360	ENSG00000221978	CCNL2	chr1	1013860	1014360	1399334	-	385224	stromal	method2_cicero	0.30448588728904724	1.8216880036222622e-44	7.567011707354012e-43
chr1:1013860-1014360	ENSG00000224051	CPTP	chr1	1013860	1014360	1324755	+	310645	stromal	method2_cicero	0.3040241301059723	2.382207389352189e-44	9.837115219560216e-43
chr1:1013860-1014360	ENSG00000242485	MRPL20	chr1	1013860	1014360	1407292	-	393182	stromal	method2_cicero	0.2995136082172394	4.932570594423356e-43	1.9224413632072165e-41
chr1:1014753-1015253	ENSG00000186827	TNFRSF4	chr1	1014753	1015253	1214152	-	199149	stromal	method2_cicero	0.2821955382823944	3.118799646864836e-38	9.701927808863346e-37
chr1:1014753-1015253	ENSG00000187583	PLEKHN1	chr1	1014753	1015253	966481	+	48522	stromal	method2_cicero	0.27064576745033264	3.247070398560994e-35	8.66730555769659e-34
chr1:1014753-1015253	ENSG00000188157	AGRN	chr1	1014753	1015253	1020119	+	5116	stromal	method2_cicero	0.2616448402404785	5.7965356619794614e-33	1.3715842058558372e-31
chr1:1018183-1018683	ENSG00000188157	AGRN	chr1	1018183	1018683	1020119	+	1686	stromal	method2_cicero	1.0	0.0	0.0
chr1:1018761-1019261	ENSG00000107404	DVL1	chr1	1018761	1019261	1349417	-	330406	stromal	method2_cicero	0.25379982590675354	4.52306998428044e-31	9.623631190859969e-30
chr1:1018761-1019261	ENSG00000127054	INTS11	chr1	1018761	1019261	1324686	-	305675	stromal	method2_cicero	0.25407910346984863	3.8831720019950653e-31	8.293863832961188e-30
chr1:1018761-1019261	ENSG00000131584	ACAP3	chr1	1018761	1019261	1309608	-	290597	stromal	method2_cicero	0.26389721035957336	1.6137660319248538e-33	3.935357309628493e-32
chr1:1018761-1019261	ENSG00000169972	PUSL1	chr1	1018761	1019261	1308596	+	289585	stromal	method2_cicero	0.26389721035957336	1.6137660319248538e-33	3.935357309628493e-32
chr1:1018761-1019261	ENSG00000175756	AURKAIP1	chr1	1018761	1019261	1375206	-	356195	stromal	method2_cicero	0.26335182785987854	2.2019106713633694e-33	5.330503065477494e-32
chr1:1018761-1019261	ENSG00000187961	KLHL17	chr1	1018761	1019261	960583	+	58428	stromal	method2_cicero	0.2780608832836151	3.8987988619200404e-37	1.1483316351996763e-35
chr1:1018761-1019261	ENSG00000188157	AGRN	chr1	1018761	1019261	1020119	+	1108	stromal	method2_cicero	1.0	0.0	0.0
chr1:1018761-1019261	ENSG00000188976	NOC2L	chr1	1018761	1019261	959308	-	59703	stromal	method2_cicero	0.2780608832836151	3.8987988619200404e-37	1.1483316351996763e-35
chr1:1018761-1019261	ENSG00000221978	CCNL2	chr1	1018761	1019261	1399334	-	380323	stromal	method2_cicero	0.2922959327697754	5.431152588030126e-41	1.9274944454695718e-39
chr1:1018761-1019261	ENSG00000224051	CPTP	chr1	1018761	1019261	1324755	+	305744	stromal	method2_cicero	0.25407910346984863	3.8831720019950653e-31	8.293863832961188e-30
chr1:1019275-1019775	ENSG00000078808	SDF4	chr1	1019275	1019775	1232030	-	212505	stromal	method2_cicero	0.5723980069160461	0.0	0.0
chr1:1019275-1019775	ENSG00000107404	DVL1	chr1	1019275	1019775	1349417	-	329892	stromal	method2_cicero	0.5665579438209534	0.0	0.0
chr1:1019275-1019775	ENSG00000127054	INTS11	chr1	1019275	1019775	1324686	-	305161	stromal	method2_cicero	0.5349013805389404	0.0	0.0
chr1:1019275-1019775	ENSG00000131584	ACAP3	chr1	1019275	1019775	1309608	-	290083	stromal	method2_cicero	0.6017810106277466	0.0	0.0
chr1:1019275-1019775	ENSG00000131591	C1orf159	chr1	1019275	1019775	1116360	-	96835	stromal	method2_cicero	0.5704417824745178	0.0	0.0
chr1:1019275-1019775	ENSG00000160072	ATAD3B	chr1	1019275	1019775	1471764	+	452239	stromal	method2_cicero	0.49435552954673767	0.0	0.0
chr1:1019275-1019775	ENSG00000160087	UBE2J2	chr1	1019275	1019775	1273863	-	254338	stromal	method2_cicero	0.5568456053733826	0.0	0.0
chr1:1019275-1019775	ENSG00000169972	PUSL1	chr1	1019275	1019775	1308596	+	289071	stromal	method2_cicero	0.6017810106277466	0.0	0.0
chr1:1019275-1019775	ENSG00000175756	AURKAIP1	chr1	1019275	1019775	1375206	-	355681	stromal	method2_cicero	0.5891008377075195	0.0	0.0
chr1:1019275-1019775	ENSG00000176022	B3GALT6	chr1	1019275	1019775	1232236	+	212711	stromal	method2_cicero	0.5723980069160461	0.0	0.0
chr1:1019275-1019775	ENSG00000179403	VWA1	chr1	1019275	1019775	1434860	+	415335	stromal	method2_cicero	0.43054211139678955	0.0	0.0
chr1:1019275-1019775	ENSG00000186891	TNFRSF18	chr1	1019275	1019775	1206591	-	187066	stromal	method2_cicero	0.2631666362285614	2.446560984141235e-33	5.908034019485642e-32
chr1:1019275-1019775	ENSG00000187583	PLEKHN1	chr1	1019275	1019775	966481	+	53044	stromal	method2_cicero	0.3539600968360901	0.0	0.0
chr1:1019275-1019775	ENSG00000187608	ISG15	chr1	1019275	1019775	1001137	+	18388	stromal	method2_cicero	0.4294527471065521	0.0	0.0
chr1:1019275-1019775	ENSG00000187634	SAMD11	chr1	1019275	1019775	923922	+	95603	stromal	method2_cicero	0.3515532910823822	0.0	0.0
chr1:1019275-1019775	ENSG00000187642	PERM1	chr1	1019275	1019775	982116	-	37409	stromal	method2_cicero	0.25946158170700073	1.9783960776210747e-32	4.545580701098687e-31
chr1:1019275-1019775	ENSG00000187961	KLHL17	chr1	1019275	1019775	960583	+	58942	stromal	method2_cicero	0.5174461603164673	0.0	0.0
chr1:1019275-1019775	ENSG00000188157	AGRN	chr1	1019275	1019775	1020119	+	594	stromal	method2_cicero	1.0	0.0	0.0
chr1:1019275-1019775	ENSG00000188290	HES4	chr1	1019275	1019775	1000171	-	19354	stromal	method2_cicero	0.4294527471065521	0.0	0.0
chr1:1019275-1019775	ENSG00000188976	NOC2L	chr1	1019275	1019775	959308	-	60217	stromal	method2_cicero	0.5174461603164673	0.0	0.0
chr1:1019275-1019775	ENSG00000197785	ATAD3A	chr1	1019275	1019775	1512161	+	492636	stromal	method2_cicero	0.5351229906082153	0.0	0.0
chr1:1019275-1019775	ENSG00000205116	TMEM88B	chr1	1019275	1019775	1425870	+	406345	stromal	method2_cicero	0.32684198021888733	0.0	0.0
chr1:1019275-1019775	ENSG00000221978	CCNL2	chr1	1019275	1019775	1399334	-	379809	stromal	method2_cicero	0.6085714101791382	0.0	0.0
chr1:1019275-1019775	ENSG00000224051	CPTP	chr1	1019275	1019775	1324755	+	305230	stromal	method2_cicero	0.5349013805389404	0.0	0.0
chr1:1019275-1019775	ENSG00000235098	ANKRD65	chr1	1019275	1019775	1421768	-	402243	stromal	method2_cicero	0.39251619577407837	0.0	0.0
chr1:1019275-1019775	ENSG00000242485	MRPL20	chr1	1019275	1019775	1407292	-	387767	stromal	method2_cicero	0.4615919589996338	0.0	0.0
chr1:1019849-1020349	ENSG00000078808	SDF4	chr1	1019849	1020349	1232030	-	211931	stromal	method2_cicero	0.46332523226737976	0.0	0.0
chr1:1019849-1020349	ENSG00000107404	DVL1	chr1	1019849	1020349	1349417	-	329318	stromal	method2_cicero	0.4398174583911896	0.0	0.0
chr1:1019849-1020349	ENSG00000127054	INTS11	chr1	1019849	1020349	1324686	-	304587	stromal	method2_cicero	0.465192049741745	0.0	0.0
chr1:1019849-1020349	ENSG00000131584	ACAP3	chr1	1019849	1020349	1309608	-	289509	stromal	method2_cicero	0.4717507064342499	0.0	0.0
chr1:1019849-1020349	ENSG00000131591	C1orf159	chr1	1019849	1020349	1116360	-	96261	stromal	method2_cicero	0.48743584752082825	0.0	0.0
chr1:1019849-1020349	ENSG00000160072	ATAD3B	chr1	1019849	1020349	1471764	+	451665	stromal	method2_cicero	0.4087600111961365	0.0	0.0
chr1:1019849-1020349	ENSG00000160087	UBE2J2	chr1	1019849	1020349	1273863	-	253764	stromal	method2_cicero	0.4405343532562256	0.0	0.0
chr1:1019849-1020349	ENSG00000169972	PUSL1	chr1	1019849	1020349	1308596	+	288497	stromal	method2_cicero	0.4717507064342499	0.0	0.0
chr1:1019849-1020349	ENSG00000175756	AURKAIP1	chr1	1019849	1020349	1375206	-	355107	stromal	method2_cicero	0.46964767575263977	0.0	0.0
chr1:1019849-1020349	ENSG00000176022	B3GALT6	chr1	1019849	1020349	1232236	+	212137	stromal	method2_cicero	0.46332523226737976	0.0	0.0
chr1:1019849-1020349	ENSG00000179403	VWA1	chr1	1019849	1020349	1434860	+	414761	stromal	method2_cicero	0.36741089820861816	0.0	0.0
chr1:1019849-1020349	ENSG00000187583	PLEKHN1	chr1	1019849	1020349	966481	+	53618	stromal	method2_cicero	0.31357085704803467	0.0	0.0
chr1:1019849-1020349	ENSG00000187608	ISG15	chr1	1019849	1020349	1001137	+	18962	stromal	method2_cicero	0.4287331998348236	0.0	0.0
chr1:1019849-1020349	ENSG00000187634	SAMD11	chr1	1019849	1020349	923922	+	96177	stromal	method2_cicero	0.3038259744644165	2.802596928649634e-44	1.1546699346036493e-42
chr1:1019849-1020349	ENSG00000187961	KLHL17	chr1	1019849	1020349	960583	+	59516	stromal	method2_cicero	0.3960091769695282	0.0	0.0
chr1:1019849-1020349	ENSG00000188157	AGRN	chr1	1019849	1020349	1020119	+	20	stromal	method2_cicero	1.0	0.0	0.0
chr1:1019849-1020349	ENSG00000188290	HES4	chr1	1019849	1020349	1000171	-	19928	stromal	method2_cicero	0.4287331998348236	0.0	0.0
chr1:1019849-1020349	ENSG00000188976	NOC2L	chr1	1019849	1020349	959308	-	60791	stromal	method2_cicero	0.3960091769695282	0.0	0.0
chr1:1019849-1020349	ENSG00000197785	ATAD3A	chr1	1019849	1020349	1512161	+	492062	stromal	method2_cicero	0.49320393800735474	0.0	0.0
chr1:1019849-1020349	ENSG00000205116	TMEM88B	chr1	1019849	1020349	1425870	+	405771	stromal	method2_cicero	0.2662566006183624	4.171766084575949e-34	1.0499284116094354e-32
chr1:1019849-1020349	ENSG00000221978	CCNL2	chr1	1019849	1020349	1399334	-	379235	stromal	method2_cicero	0.49609607458114624	0.0	0.0
chr1:1019849-1020349	ENSG00000224051	CPTP	chr1	1019849	1020349	1324755	+	304656	stromal	method2_cicero	0.465192049741745	0.0	0.0
chr1:1019849-1020349	ENSG00000235098	ANKRD65	chr1	1019849	1020349	1421768	-	401669	stromal	method2_cicero	0.3610677123069763	0.0	0.0
chr1:1019849-1020349	ENSG00000242485	MRPL20	chr1	1019849	1020349	1407292	-	387193	stromal	method2_cicero	0.408183217048645	0.0	0.0
chr1:1020427-1020927	ENSG00000078808	SDF4	chr1	1020427	1020927	1232030	-	211353	stromal	method2_cicero	0.3252834677696228	0.0	0.0
chr1:1020427-1020927	ENSG00000107404	DVL1	chr1	1020427	1020927	1349417	-	328740	stromal	method2_cicero	0.2859843075275421	2.966840319056217e-39	9.698486444042719e-38
chr1:1020427-1020927	ENSG00000127054	INTS11	chr1	1020427	1020927	1324686	-	304009	stromal	method2_cicero	0.35531920194625854	0.0	0.0
chr1:1020427-1020927	ENSG00000131584	ACAP3	chr1	1020427	1020927	1309608	-	288931	stromal	method2_cicero	0.30570340156555176	8.407790785948902e-45	3.545285114741787e-43
chr1:1020427-1020927	ENSG00000131591	C1orf159	chr1	1020427	1020927	1116360	-	95683	stromal	method2_cicero	0.3183017373085022	0.0	0.0
chr1:1020427-1020927	ENSG00000160072	ATAD3B	chr1	1020427	1020927	1471764	+	451087	stromal	method2_cicero	0.2806558609008789	8.02901644792559e-38	2.4475829625458624e-36
chr1:1020427-1020927	ENSG00000160087	UBE2J2	chr1	1020427	1020927	1273863	-	253186	stromal	method2_cicero	0.2705453038215637	3.4443275915757746e-35	9.18150903107449e-34
chr1:1020427-1020927	ENSG00000169972	PUSL1	chr1	1020427	1020927	1308596	+	287919	stromal	method2_cicero	0.30570340156555176	8.407790785948902e-45	3.545285114741787e-43
chr1:1020427-1020927	ENSG00000175756	AURKAIP1	chr1	1020427	1020927	1375206	-	354529	stromal	method2_cicero	0.31915900111198425	0.0	0.0
chr1:1020427-1020927	ENSG00000176022	B3GALT6	chr1	1020427	1020927	1232236	+	211559	stromal	method2_cicero	0.3252834677696228	0.0	0.0
chr1:1020427-1020927	ENSG00000179403	VWA1	chr1	1020427	1020927	1434860	+	414183	stromal	method2_cicero	0.2855367958545685	3.9245927869606216e-39	1.275489888197735e-37
chr1:1020427-1020927	ENSG00000186827	TNFRSF4	chr1	1020427	1020927	1214152	-	193475	stromal	method2_cicero	0.2749640941619873	2.5134995042090915e-36	7.105599897641125e-35
chr1:1020427-1020927	ENSG00000186891	TNFRSF18	chr1	1020427	1020927	1206591	-	185914	stromal	method2_cicero	0.27297744154930115	8.203552947282412e-36	2.258481888009669e-34
chr1:1020427-1020927	ENSG00000187583	PLEKHN1	chr1	1020427	1020927	966481	+	54196	stromal	method2_cicero	0.28203511238098145	3.4426834424823884e-38	1.068666440867199e-36
chr1:1020427-1020927	ENSG00000187608	ISG15	chr1	1020427	1020927	1001137	+	19540	stromal	method2_cicero	0.29315200448036194	3.131902067765966e-41	1.1240851943212958e-39
chr1:1020427-1020927	ENSG00000187961	KLHL17	chr1	1020427	1020927	960583	+	60094	stromal	method2_cicero	0.30671176314353943	4.203895392974451e-45	1.793662034335766e-43
chr1:1020427-1020927	ENSG00000188157	AGRN	chr1	1020427	1020927	1020119	+	558	stromal	method2_cicero	1.0	0.0	0.0
chr1:1020427-1020927	ENSG00000188290	HES4	chr1	1020427	1020927	1000171	-	20506	stromal	method2_cicero	0.29315200448036194	3.131902067765966e-41	1.1240851943212958e-39
chr1:1020427-1020927	ENSG00000188976	NOC2L	chr1	1020427	1020927	959308	-	61369	stromal	method2_cicero	0.30671176314353943	4.203895392974451e-45	1.793662034335766e-43
chr1:1020427-1020927	ENSG00000197785	ATAD3A	chr1	1020427	1020927	1512161	+	491484	stromal	method2_cicero	0.3575611114501953	0.0	0.0
chr1:1020427-1020927	ENSG00000205116	TMEM88B	chr1	1020427	1020927	1425870	+	405193	stromal	method2_cicero	0.2580081522464752	4.450818341556583e-32	1.0026150549236901e-30
chr1:1020427-1020927	ENSG00000221978	CCNL2	chr1	1020427	1020927	1399334	-	378657	stromal	method2_cicero	0.3260214328765869	0.0	0.0
chr1:1020427-1020927	ENSG00000224051	CPTP	chr1	1020427	1020927	1324755	+	304078	stromal	method2_cicero	0.35531920194625854	0.0	0.0
chr1:1020427-1020927	ENSG00000242485	MRPL20	chr1	1020427	1020927	1407292	-	386615	stromal	method2_cicero	0.29712796211242676	2.3695957031732657e-42	8.952615628878391e-41
chr1:1020998-1021498	ENSG00000078808	SDF4	chr1	1020998	1021498	1232030	-	210782	stromal	method2_cicero	0.2953888475894928	7.366626026955563e-42	2.721727994273449e-40
chr1:1020998-1021498	ENSG00000107404	DVL1	chr1	1020998	1021498	1349417	-	328169	stromal	method2_cicero	0.2794518768787384	1.6748875280840858e-37	5.0248487663714214e-36
chr1:1020998-1021498	ENSG00000127054	INTS11	chr1	1020998	1021498	1324686	-	303438	stromal	method2_cicero	0.2905641496181488	1.6444797998237458e-40	5.705098030014842e-39
chr1:1020998-1021498	ENSG00000131584	ACAP3	chr1	1020998	1021498	1309608	-	288360	stromal	method2_cicero	0.29004406929016113	2.2901560932306918e-40	7.891681351150358e-39
chr1:1020998-1021498	ENSG00000169972	PUSL1	chr1	1020998	1021498	1308596	+	287348	stromal	method2_cicero	0.29004406929016113	2.2901560932306918e-40	7.891681351150358e-39
chr1:1020998-1021498	ENSG00000175756	AURKAIP1	chr1	1020998	1021498	1375206	-	353958	stromal	method2_cicero	0.2502063512802124	3.1666546396462576e-30	6.417208806201099e-29
chr1:1020998-1021498	ENSG00000176022	B3GALT6	chr1	1020998	1021498	1232236	+	210988	stromal	method2_cicero	0.2953888475894928	7.366626026955563e-42	2.721727994273449e-40
chr1:1020998-1021498	ENSG00000186827	TNFRSF4	chr1	1020998	1021498	1214152	-	192904	stromal	method2_cicero	0.3026306927204132	6.165713243029195e-44	2.5013177588197985e-42
chr1:1020998-1021498	ENSG00000187583	PLEKHN1	chr1	1020998	1021498	966481	+	54767	stromal	method2_cicero	0.28764864802360535	1.0434194482224377e-39	3.485146149067745e-38
chr1:1020998-1021498	ENSG00000187961	KLHL17	chr1	1020998	1021498	960583	+	60665	stromal	method2_cicero	0.2560875117778778	1.2892383580425993e-31	2.82928926559303e-30
chr1:1020998-1021498	ENSG00000188157	AGRN	chr1	1020998	1021498	1020119	+	1129	stromal	method2_cicero	1.0	0.0	0.0
chr1:1020998-1021498	ENSG00000188976	NOC2L	chr1	1020998	1021498	959308	-	61940	stromal	method2_cicero	0.2560875117778778	1.2892383580425993e-31	2.82928926559303e-30
chr1:1020998-1021498	ENSG00000221978	CCNL2	chr1	1020998	1021498	1399334	-	378086	stromal	method2_cicero	0.26321864128112793	2.3752376807341003e-33	5.739898948257302e-32
chr1:1020998-1021498	ENSG00000224051	CPTP	chr1	1020998	1021498	1324755	+	303507	stromal	method2_cicero	0.2905641496181488	1.6444797998237458e-40	5.705098030014842e-39
chr1:1020998-1021498	ENSG00000242485	MRPL20	chr1	1020998	1021498	1407292	-	386044	stromal	method2_cicero	0.25591427087783813	1.4184236590553126e-31	3.105589682951549e-30
chr1:1021601-1022101	ENSG00000187961	KLHL17	chr1	1021601	1022101	960583	+	61268	stromal	method2_cicero	0.2902319133281708	2.0321069810252767e-40	7.019834084302922e-39
chr1:1021601-1022101	ENSG00000188157	AGRN	chr1	1021601	1022101	1020119	+	1732	stromal	method2_cicero	1.0	0.0	0.0
chr1:1021601-1022101	ENSG00000242485	MRPL20	chr1	1021601	1022101	1407292	-	385441	stromal	method2_cicero	0.26062679290771484	1.028963322925726e-32	2.4015166210180606e-31
chr1:1022859-1023359	ENSG00000186827	TNFRSF4	chr1	1022859	1023359	1214152	-	191043	stromal	method2_cicero	0.30675509572029114	4.203895392974451e-45	1.793662034335766e-43
chr1:1022859-1023359	ENSG00000187583	PLEKHN1	chr1	1022859	1023359	966481	+	56628	stromal	method2_cicero	0.2761358320713043	1.245284843747275e-36	3.575547601218897e-35
chr1:1024360-1024860	ENSG00000078808	SDF4	chr1	1024360	1024860	1232030	-	207420	stromal	method2_cicero	0.29420867562294006	1.5833271348406108e-41	5.761074298470761e-40
chr1:1024360-1024860	ENSG00000127054	INTS11	chr1	1024360	1024860	1324686	-	300076	stromal	method2_cicero	0.27336016297340393	6.536864965822089e-36	1.8088102994270265e-34
chr1:1024360-1024860	ENSG00000131591	C1orf159	chr1	1024360	1024860	1116360	-	91750	stromal	method2_cicero	0.25081461668014526	2.2829035046076597e-30	4.665224039566058e-29
chr1:1024360-1024860	ENSG00000162572	SCNN1D	chr1	1024360	1024860	1280435	+	255825	stromal	method2_cicero	0.26265764236450195	3.266829574681666e-33	7.835541477291681e-32
chr1:1024360-1024860	ENSG00000176022	B3GALT6	chr1	1024360	1024860	1232236	+	207626	stromal	method2_cicero	0.29420867562294006	1.5833271348406108e-41	5.761074298470761e-40
chr1:1024360-1024860	ENSG00000186827	TNFRSF4	chr1	1024360	1024860	1214152	-	189542	stromal	method2_cicero	0.33335816860198975	0.0	0.0
chr1:1024360-1024860	ENSG00000186891	TNFRSF18	chr1	1024360	1024860	1206591	-	181981	stromal	method2_cicero	0.2655618488788605	6.222128075304975e-34	1.5514867983819536e-32
chr1:1024360-1024860	ENSG00000224051	CPTP	chr1	1024360	1024860	1324755	+	300145	stromal	method2_cicero	0.27336016297340393	6.536864965822089e-36	1.8088102994270265e-34
chr1:1024360-1024860	ENSG00000237330	RNF223	chr1	1024360	1024860	1074305	-	49695	stromal	method2_cicero	0.29319533705711365	3.04572221220999e-41	1.0937849176272003e-39
chr1:1025060-1025560	ENSG00000186827	TNFRSF4	chr1	1025060	1025560	1214152	-	188842	stromal	method2_cicero	0.45946797728538513	0.0	0.0
chr1:1025060-1025560	ENSG00000237330	RNF223	chr1	1025060	1025560	1074305	-	48995	stromal	method2_cicero	0.2535708546638489	5.124966350093561e-31	1.0869909485669564e-29
chr1:1025837-1026337	ENSG00000186827	TNFRSF4	chr1	1025837	1026337	1214152	-	188065	stromal	method2_cicero	0.42098623514175415	0.0	0.0
chr1:1032307-1032807	ENSG00000131584	ACAP3	chr1	1032307	1032807	1309608	-	277051	stromal	method2_cicero	0.25137174129486084	1.6903911572169266e-30	3.4805059889429244e-29
chr1:1032307-1032807	ENSG00000162572	SCNN1D	chr1	1032307	1032807	1280435	+	247878	stromal	method2_cicero	0.26351499557495117	2.0065833668620377e-33	4.86814763571009e-32
chr1:1032307-1032807	ENSG00000169972	PUSL1	chr1	1032307	1032807	1308596	+	276039	stromal	method2_cicero	0.25137174129486084	1.6903911572169266e-30	3.4805059889429244e-29
chr1:1032307-1032807	ENSG00000186891	TNFRSF18	chr1	1032307	1032807	1206591	-	174034	stromal	method2_cicero	0.3002486526966095	3.040817667584853e-43	1.1964286288405288e-41
chr1:1032307-1032807	ENSG00000187583	PLEKHN1	chr1	1032307	1032807	966481	+	66076	stromal	method2_cicero	0.27922293543815613	1.9254145822368824e-37	5.7586050536311926e-36
chr1:1032817-1033317	ENSG00000078808	SDF4	chr1	1032817	1033317	1232030	-	198963	stromal	method2_cicero	0.32478079199790955	0.0	0.0
chr1:1032817-1033317	ENSG00000107404	DVL1	chr1	1032817	1033317	1349417	-	316350	stromal	method2_cicero	0.28637415170669556	2.3241487913782832e-39	7.63588384531742e-38
chr1:1032817-1033317	ENSG00000127054	INTS11	chr1	1032817	1033317	1324686	-	291619	stromal	method2_cicero	0.3027718663215637	5.605193857299268e-44	2.2785113029921526e-42
chr1:1032817-1033317	ENSG00000131584	ACAP3	chr1	1032817	1033317	1309608	-	276541	stromal	method2_cicero	0.3520743250846863	0.0	0.0
chr1:1032817-1033317	ENSG00000131591	C1orf159	chr1	1032817	1033317	1116360	-	83293	stromal	method2_cicero	0.3139351010322571	0.0	0.0
chr1:1032817-1033317	ENSG00000160072	ATAD3B	chr1	1032817	1033317	1471764	+	438697	stromal	method2_cicero	0.2908127009868622	1.4034004120213043e-40	4.884696633688163e-39
chr1:1032817-1033317	ENSG00000160087	UBE2J2	chr1	1032817	1033317	1273863	-	240796	stromal	method2_cicero	0.34517788887023926	0.0	0.0
chr1:1032817-1033317	ENSG00000169972	PUSL1	chr1	1032817	1033317	1308596	+	275529	stromal	method2_cicero	0.3520743250846863	0.0	0.0
chr1:1032817-1033317	ENSG00000175756	AURKAIP1	chr1	1032817	1033317	1375206	-	342139	stromal	method2_cicero	0.3435729146003723	0.0	0.0
chr1:1032817-1033317	ENSG00000176022	B3GALT6	chr1	1032817	1033317	1232236	+	199169	stromal	method2_cicero	0.32478079199790955	0.0	0.0
chr1:1032817-1033317	ENSG00000186891	TNFRSF18	chr1	1032817	1033317	1206591	-	173524	stromal	method2_cicero	0.26228851079940796	4.0273358487552996e-33	9.61244694985907e-32
chr1:1032817-1033317	ENSG00000187583	PLEKHN1	chr1	1032817	1033317	966481	+	66586	stromal	method2_cicero	0.304005891084671	2.5223372357846707e-44	1.0411647589933391e-42
chr1:1032817-1033317	ENSG00000187608	ISG15	chr1	1032817	1033317	1001137	+	31930	stromal	method2_cicero	0.353218674659729	0.0	0.0
chr1:1032817-1033317	ENSG00000187961	KLHL17	chr1	1032817	1033317	960583	+	72484	stromal	method2_cicero	0.29865533113479614	8.688050478813866e-43	3.348823070043448e-41
chr1:1032817-1033317	ENSG00000188157	AGRN	chr1	1032817	1033317	1020119	+	12948	stromal	method2_cicero	0.36620762944221497	0.0	0.0
chr1:1032817-1033317	ENSG00000188290	HES4	chr1	1032817	1033317	1000171	-	32896	stromal	method2_cicero	0.353218674659729	0.0	0.0
chr1:1032817-1033317	ENSG00000188976	NOC2L	chr1	1032817	1033317	959308	-	73759	stromal	method2_cicero	0.29865533113479614	8.688050478813866e-43	3.348823070043448e-41
chr1:1032817-1033317	ENSG00000197785	ATAD3A	chr1	1032817	1033317	1512161	+	479094	stromal	method2_cicero	0.29417330026626587	1.620041154605921e-41	5.892011626977272e-40
chr1:1032817-1033317	ENSG00000221978	CCNL2	chr1	1032817	1033317	1399334	-	366267	stromal	method2_cicero	0.37157079577445984	0.0	0.0
chr1:1032817-1033317	ENSG00000224051	CPTP	chr1	1032817	1033317	1324755	+	291688	stromal	method2_cicero	0.3027718663215637	5.605193857299268e-44	2.2785113029921526e-42
chr1:1032817-1033317	ENSG00000242485	MRPL20	chr1	1032817	1033317	1407292	-	374225	stromal	method2_cicero	0.3249731957912445	0.0	0.0
chr1:1033456-1033956	ENSG00000127054	INTS11	chr1	1033456	1033956	1324686	-	290980	stromal	method2_cicero	0.31396484375	0.0	0.0
chr1:1033456-1033956	ENSG00000131584	ACAP3	chr1	1033456	1033956	1309608	-	275902	stromal	method2_cicero	0.29988613724708557	3.853570776893247e-43	1.509198446077828e-41
chr1:1033456-1033956	ENSG00000131591	C1orf159	chr1	1033456	1033956	1116360	-	82654	stromal	method2_cicero	0.25873705744743347	2.9656834973011443e-32	6.747574083183316e-31
chr1:1033456-1033956	ENSG00000160072	ATAD3B	chr1	1033456	1033956	1471764	+	438058	stromal	method2_cicero	0.28943300247192383	3.3765687796370792e-40	1.1542948070047495e-38
chr1:1033456-1033956	ENSG00000169972	PUSL1	chr1	1033456	1033956	1308596	+	274890	stromal	method2_cicero	0.29988613724708557	3.853570776893247e-43	1.509198446077828e-41
chr1:1033456-1033956	ENSG00000187608	ISG15	chr1	1033456	1033956	1001137	+	32569	stromal	method2_cicero	0.2730467915534973	7.872955205621036e-36	2.1694037526238214e-34
chr1:1033456-1033956	ENSG00000187634	SAMD11	chr1	1033456	1033956	923922	+	109784	stromal	method2_cicero	0.28288736939430237	2.035198805956963e-38	6.3888717050310794e-37
chr1:1033456-1033956	ENSG00000188157	AGRN	chr1	1033456	1033956	1020119	+	13587	stromal	method2_cicero	0.2634841799736023	2.042104418420987e-33	4.952263660466231e-32
chr1:1033456-1033956	ENSG00000188290	HES4	chr1	1033456	1033956	1000171	-	33535	stromal	method2_cicero	0.2730467915534973	7.872955205621036e-36	2.1694037526238214e-34
chr1:1033456-1033956	ENSG00000197785	ATAD3A	chr1	1033456	1033956	1512161	+	478455	stromal	method2_cicero	0.29463258385658264	1.2032949913157204e-41	4.4025014243232075e-40
chr1:1033456-1033956	ENSG00000221978	CCNL2	chr1	1033456	1033956	1399334	-	365628	stromal	method2_cicero	0.26528865098953247	7.278984740415561e-34	1.808405635496756e-32
chr1:1033456-1033956	ENSG00000224051	CPTP	chr1	1033456	1033956	1324755	+	291049	stromal	method2_cicero	0.31396484375	0.0	0.0
chr1:1034032-1034532	ENSG00000187608	ISG15	chr1	1034032	1034532	1001137	+	33145	stromal	method2_cicero	0.28054702281951904	8.582121283221081e-38	2.6124730577989254e-36
chr1:1034032-1034532	ENSG00000188290	HES4	chr1	1034032	1034532	1000171	-	34111	stromal	method2_cicero	0.28054702281951904	8.582121283221081e-38	2.6124730577989254e-36
chr1:1034032-1034532	ENSG00000235098	ANKRD65	chr1	1034032	1034532	1421768	-	387486	stromal	method2_cicero	0.2633095383644104	2.2555514173272674e-33	5.457163757272947e-32
chr1:1035058-1035558	ENSG00000186891	TNFRSF18	chr1	1035058	1035558	1206591	-	171283	stromal	method2_cicero	0.2677018642425537	1.80921919697367e-34	4.6425370620718825e-33
chr1:1037077-1037577	ENSG00000237330	RNF223	chr1	1037077	1037577	1074305	-	36978	stromal	method2_cicero	0.2594898045063019	1.947396381411571e-32	4.476042687083703e-31
chr1:1037727-1038227	ENSG00000162572	SCNN1D	chr1	1037727	1038227	1280435	+	242458	stromal	method2_cicero	0.28696173429489136	1.6074645008886058e-39	5.321676425764443e-38
chr1:1037727-1038227	ENSG00000237330	RNF223	chr1	1037727	1038227	1074305	-	36328	stromal	method2_cicero	0.26674020290374756	3.156190622932082e-34	7.995285722907057e-33
chr1:1040585-1041085	ENSG00000078808	SDF4	chr1	1040585	1041085	1232030	-	191195	stromal	method2_cicero	0.38277068734169006	0.0	0.0
chr1:1040585-1041085	ENSG00000107404	DVL1	chr1	1040585	1041085	1349417	-	308582	stromal	method2_cicero	0.3644370436668396	0.0	0.0
chr1:1040585-1041085	ENSG00000127054	INTS11	chr1	1040585	1041085	1324686	-	283851	stromal	method2_cicero	0.41114914417266846	0.0	0.0
chr1:1040585-1041085	ENSG00000131584	ACAP3	chr1	1040585	1041085	1309608	-	268773	stromal	method2_cicero	0.3579562306404114	0.0	0.0
chr1:1040585-1041085	ENSG00000131591	C1orf159	chr1	1040585	1041085	1116360	-	75525	stromal	method2_cicero	0.40910249948501587	0.0	0.0
chr1:1040585-1041085	ENSG00000160072	ATAD3B	chr1	1040585	1041085	1471764	+	430929	stromal	method2_cicero	0.37428924441337585	0.0	0.0
chr1:1040585-1041085	ENSG00000160087	UBE2J2	chr1	1040585	1041085	1273863	-	233028	stromal	method2_cicero	0.3691803216934204	0.0	0.0
chr1:1040585-1041085	ENSG00000169972	PUSL1	chr1	1040585	1041085	1308596	+	267761	stromal	method2_cicero	0.3579562306404114	0.0	0.0
chr1:1040585-1041085	ENSG00000175756	AURKAIP1	chr1	1040585	1041085	1375206	-	334371	stromal	method2_cicero	0.42320674657821655	0.0	0.0
chr1:1040585-1041085	ENSG00000176022	B3GALT6	chr1	1040585	1041085	1232236	+	191401	stromal	method2_cicero	0.38277068734169006	0.0	0.0
chr1:1040585-1041085	ENSG00000179403	VWA1	chr1	1040585	1041085	1434860	+	394025	stromal	method2_cicero	0.37640121579170227	0.0	0.0
chr1:1040585-1041085	ENSG00000187608	ISG15	chr1	1040585	1041085	1001137	+	39698	stromal	method2_cicero	0.39384451508522034	0.0	0.0
chr1:1040585-1041085	ENSG00000187634	SAMD11	chr1	1040585	1041085	923922	+	116913	stromal	method2_cicero	0.2637304961681366	1.774704065521887e-33	4.318213762576198e-32
chr1:1040585-1041085	ENSG00000187961	KLHL17	chr1	1040585	1041085	960583	+	80252	stromal	method2_cicero	0.37110641598701477	0.0	0.0
chr1:1040585-1041085	ENSG00000188157	AGRN	chr1	1040585	1041085	1020119	+	20716	stromal	method2_cicero	0.4156400263309479	0.0	0.0
chr1:1040585-1041085	ENSG00000188290	HES4	chr1	1040585	1041085	1000171	-	40664	stromal	method2_cicero	0.39384451508522034	0.0	0.0
chr1:1040585-1041085	ENSG00000188976	NOC2L	chr1	1040585	1041085	959308	-	81527	stromal	method2_cicero	0.37110641598701477	0.0	0.0
chr1:1040585-1041085	ENSG00000197785	ATAD3A	chr1	1040585	1041085	1512161	+	471326	stromal	method2_cicero	0.44302278757095337	0.0	0.0
chr1:1040585-1041085	ENSG00000205090	TMEM240	chr1	1040585	1041085	1540623	-	499788	stromal	method2_cicero	0.2942931652069092	1.4991090971346893e-41	5.460776037565953e-40
chr1:1040585-1041085	ENSG00000205116	TMEM88B	chr1	1040585	1041085	1425870	+	385035	stromal	method2_cicero	0.2818439304828644	3.8725805116005845e-38	1.1990168831560753e-36
chr1:1040585-1041085	ENSG00000221978	CCNL2	chr1	1040585	1041085	1399334	-	358499	stromal	method2_cicero	0.3498477041721344	0.0	0.0
chr1:1040585-1041085	ENSG00000224051	CPTP	chr1	1040585	1041085	1324755	+	283920	stromal	method2_cicero	0.41114914417266846	0.0	0.0
chr1:1040585-1041085	ENSG00000235098	ANKRD65	chr1	1040585	1041085	1421768	-	380933	stromal	method2_cicero	0.3321668207645416	0.0	0.0
chr1:1040585-1041085	ENSG00000242485	MRPL20	chr1	1040585	1041085	1407292	-	366457	stromal	method2_cicero	0.32776355743408203	0.0	0.0
chr1:1041186-1041686	ENSG00000078808	SDF4	chr1	1041186	1041686	1232030	-	190594	stromal	method2_cicero	0.28179746866226196	3.9848634746903106e-38	1.2330227422988437e-36
chr1:1041186-1041686	ENSG00000127054	INTS11	chr1	1041186	1041686	1324686	-	283250	stromal	method2_cicero	0.2578195631504059	4.942695724197713e-32	1.110561077317893e-30
chr1:1041186-1041686	ENSG00000160087	UBE2J2	chr1	1041186	1041686	1273863	-	232427	stromal	method2_cicero	0.26480570435523987	9.600949292676884e-34	2.3699576539837943e-32
chr1:1041186-1041686	ENSG00000176022	B3GALT6	chr1	1041186	1041686	1232236	+	190800	stromal	method2_cicero	0.28179746866226196	3.9848634746903106e-38	1.2330227422988437e-36
chr1:1041186-1041686	ENSG00000188157	AGRN	chr1	1041186	1041686	1020119	+	21317	stromal	method2_cicero	0.25217097997665405	1.09699023013652e-30	2.283177611082362e-29
chr1:1041186-1041686	ENSG00000197785	ATAD3A	chr1	1041186	1041686	1512161	+	470725	stromal	method2_cicero	0.2998327910900116	3.993700623325729e-43	1.5631484369543334e-41
chr1:1041186-1041686	ENSG00000221978	CCNL2	chr1	1041186	1041686	1399334	-	357898	stromal	method2_cicero	0.2705153822898865	3.5053080829402337e-35	9.340432193885818e-34
chr1:1041186-1041686	ENSG00000224051	CPTP	chr1	1041186	1041686	1324755	+	283319	stromal	method2_cicero	0.2578195631504059	4.942695724197713e-32	1.110561077317893e-30
chr1:1042775-1043275	ENSG00000160087	UBE2J2	chr1	1042775	1043275	1273863	-	230838	stromal	method2_cicero	0.25427502393722534	3.488676332957976e-31	7.471253262413943e-30
chr1:1042775-1043275	ENSG00000186827	TNFRSF4	chr1	1042775	1043275	1214152	-	171127	stromal	method2_cicero	0.25329574942588806	5.953951297366897e-31	1.2581207327133379e-29
chr1:1042775-1043275	ENSG00000187642	PERM1	chr1	1042775	1043275	982116	-	60909	stromal	method2_cicero	0.29967182874679565	4.44211613190967e-43	1.734947628680556e-41
chr1:1043284-1043784	ENSG00000186827	TNFRSF4	chr1	1043284	1043784	1214152	-	170618	stromal	method2_cicero	0.2581908106803894	4.0207625578138983e-32	9.0806487211191e-31
chr1:1043284-1043784	ENSG00000187642	PERM1	chr1	1043284	1043784	982116	-	61418	stromal	method2_cicero	0.27444425225257874	3.428578521449493e-36	9.625957934990628e-35
chr1:1043835-1044335	ENSG00000078808	SDF4	chr1	1043835	1044335	1232030	-	187945	stromal	method2_cicero	0.2514064908027649	1.6589552409313044e-30	3.417383033162525e-29
chr1:1043835-1044335	ENSG00000160072	ATAD3B	chr1	1043835	1044335	1471764	+	427679	stromal	method2_cicero	0.2844298481941223	7.823342827642165e-39	2.5058362176920446e-37
chr1:1043835-1044335	ENSG00000176022	B3GALT6	chr1	1043835	1044335	1232236	+	188151	stromal	method2_cicero	0.2514064908027649	1.6589552409313044e-30	3.417383033162525e-29
chr1:1043835-1044335	ENSG00000186827	TNFRSF4	chr1	1043835	1044335	1214152	-	170067	stromal	method2_cicero	0.29820987582206726	1.1658803223182478e-42	4.4674796341139493e-41
chr1:1043835-1044335	ENSG00000187642	PERM1	chr1	1043835	1044335	982116	-	61969	stromal	method2_cicero	0.2598463296890259	1.5948657725367607e-32	3.6835923393327944e-31
chr1:1043835-1044335	ENSG00000237330	RNF223	chr1	1043835	1044335	1074305	-	30220	stromal	method2_cicero	0.2716270685195923	1.822839175915899e-35	4.929095768837478e-34
chr1:1058420-1058920	ENSG00000131584	ACAP3	chr1	1058420	1058920	1309608	-	250938	stromal	method2_cicero	0.2594611644744873	1.9788601040160618e-32	4.546618427511593e-31
chr1:1058420-1058920	ENSG00000169972	PUSL1	chr1	1058420	1058920	1308596	+	249926	stromal	method2_cicero	0.2594611644744873	1.9788601040160618e-32	4.546618427511593e-31
chr1:1059410-1059910	ENSG00000078808	SDF4	chr1	1059410	1059910	1232030	-	172370	stromal	method2_cicero	0.4162708818912506	0.0	0.0
chr1:1059410-1059910	ENSG00000107404	DVL1	chr1	1059410	1059910	1349417	-	289757	stromal	method2_cicero	0.4300192594528198	0.0	0.0
chr1:1059410-1059910	ENSG00000127054	INTS11	chr1	1059410	1059910	1324686	-	265026	stromal	method2_cicero	0.3784359097480774	0.0	0.0
chr1:1059410-1059910	ENSG00000131584	ACAP3	chr1	1059410	1059910	1309608	-	249948	stromal	method2_cicero	0.42196452617645264	0.0	0.0
chr1:1059410-1059910	ENSG00000131591	C1orf159	chr1	1059410	1059910	1116360	-	56700	stromal	method2_cicero	0.40948760509490967	0.0	0.0
chr1:1059410-1059910	ENSG00000160072	ATAD3B	chr1	1059410	1059910	1471764	+	412104	stromal	method2_cicero	0.28991663455963135	2.4834652163843003e-40	8.543711131794552e-39
chr1:1059410-1059910	ENSG00000160087	UBE2J2	chr1	1059410	1059910	1273863	-	214203	stromal	method2_cicero	0.38131529092788696	0.0	0.0
chr1:1059410-1059910	ENSG00000169962	TAS1R3	chr1	1059410	1059910	1331279	+	271619	stromal	method2_cicero	0.25905662775039673	2.4810977061181645e-32	5.669804220117769e-31
chr1:1059410-1059910	ENSG00000169972	PUSL1	chr1	1059410	1059910	1308596	+	248936	stromal	method2_cicero	0.42196452617645264	0.0	0.0
chr1:1059410-1059910	ENSG00000175756	AURKAIP1	chr1	1059410	1059910	1375206	-	315546	stromal	method2_cicero	0.41007956862449646	0.0	0.0
chr1:1059410-1059910	ENSG00000176022	B3GALT6	chr1	1059410	1059910	1232236	+	172576	stromal	method2_cicero	0.4162708818912506	0.0	0.0
chr1:1059410-1059910	ENSG00000179403	VWA1	chr1	1059410	1059910	1434860	+	375200	stromal	method2_cicero	0.2621651887893677	4.3186802868966804e-33	1.0290768903736949e-31
chr1:1059410-1059910	ENSG00000186827	TNFRSF4	chr1	1059410	1059910	1214152	-	154492	stromal	method2_cicero	0.300720751285553	2.214051573633211e-43	8.766523192816056e-42
chr1:1059410-1059910	ENSG00000186891	TNFRSF18	chr1	1059410	1059910	1206591	-	146931	stromal	method2_cicero	0.3114081919193268	0.0	0.0
chr1:1059410-1059910	ENSG00000187583	PLEKHN1	chr1	1059410	1059910	966481	+	93179	stromal	method2_cicero	0.40386489033699036	0.0	0.0
chr1:1059410-1059910	ENSG00000187608	ISG15	chr1	1059410	1059910	1001137	+	58523	stromal	method2_cicero	0.3244117796421051	0.0	0.0
chr1:1059410-1059910	ENSG00000187634	SAMD11	chr1	1059410	1059910	923922	+	135738	stromal	method2_cicero	0.2999460697174072	3.713440930460765e-43	1.455388585047755e-41
chr1:1059410-1059910	ENSG00000187961	KLHL17	chr1	1059410	1059910	960583	+	99077	stromal	method2_cicero	0.3562487065792084	0.0	0.0
chr1:1059410-1059910	ENSG00000188157	AGRN	chr1	1059410	1059910	1020119	+	39541	stromal	method2_cicero	0.40769162774086	0.0	0.0
chr1:1059410-1059910	ENSG00000188290	HES4	chr1	1059410	1059910	1000171	-	59489	stromal	method2_cicero	0.3244117796421051	0.0	0.0
chr1:1059410-1059910	ENSG00000188976	NOC2L	chr1	1059410	1059910	959308	-	100352	stromal	method2_cicero	0.3562487065792084	0.0	0.0
chr1:1059410-1059910	ENSG00000197785	ATAD3A	chr1	1059410	1059910	1512161	+	452501	stromal	method2_cicero	0.3786725699901581	0.0	0.0
chr1:1059410-1059910	ENSG00000205090	TMEM240	chr1	1059410	1059910	1540623	-	480963	stromal	method2_cicero	0.2572377622127533	6.826134486538601e-32	1.521514184484009e-30
chr1:1059410-1059910	ENSG00000221978	CCNL2	chr1	1059410	1059910	1399334	-	339674	stromal	method2_cicero	0.4469968378543854	0.0	0.0
chr1:1059410-1059910	ENSG00000224051	CPTP	chr1	1059410	1059910	1324755	+	265095	stromal	method2_cicero	0.3784359097480774	0.0	0.0
chr1:1059410-1059910	ENSG00000242485	MRPL20	chr1	1059410	1059910	1407292	-	347632	stromal	method2_cicero	0.3705957233905792	0.0	0.0
chr1:1062075-1062575	ENSG00000187583	PLEKHN1	chr1	1062075	1062575	966481	+	95844	stromal	method2_cicero	0.26117533445358276	7.555202678478271e-33	1.776431630794573e-31
chr1:1063740-1064240	ENSG00000078808	SDF4	chr1	1063740	1064240	1232030	-	168040	stromal	method2_cicero	0.3086685538291931	1.401298464324817e-45	6.025583396596713e-44
chr1:1063740-1064240	ENSG00000107404	DVL1	chr1	1063740	1064240	1349417	-	285427	stromal	method2_cicero	0.30984634160995483	0.0	0.0
chr1:1063740-1064240	ENSG00000127054	INTS11	chr1	1063740	1064240	1324686	-	260696	stromal	method2_cicero	0.3287409842014313	0.0	0.0
chr1:1063740-1064240	ENSG00000131584	ACAP3	chr1	1063740	1064240	1309608	-	245618	stromal	method2_cicero	0.2879936695098877	8.394436411583887e-40	2.816417655143577e-38
chr1:1063740-1064240	ENSG00000131591	C1orf159	chr1	1063740	1064240	1116360	-	52370	stromal	method2_cicero	0.27852073311805725	2.950214641452205e-37	8.742824612553598e-36
chr1:1063740-1064240	ENSG00000169972	PUSL1	chr1	1063740	1064240	1308596	+	244606	stromal	method2_cicero	0.2879936695098877	8.394436411583887e-40	2.816417655143577e-38
chr1:1063740-1064240	ENSG00000175756	AURKAIP1	chr1	1063740	1064240	1375206	-	311216	stromal	method2_cicero	0.2632160186767578	2.3788040203918997e-33	5.748270231276683e-32
chr1:1063740-1064240	ENSG00000176022	B3GALT6	chr1	1063740	1064240	1232236	+	168246	stromal	method2_cicero	0.3086685538291931	1.401298464324817e-45	6.025583396596713e-44
chr1:1063740-1064240	ENSG00000179403	VWA1	chr1	1063740	1064240	1434860	+	370870	stromal	method2_cicero	0.2500191330909729	3.501593793359388e-30	7.077855740199392e-29
chr1:1063740-1064240	ENSG00000186827	TNFRSF4	chr1	1063740	1064240	1214152	-	150162	stromal	method2_cicero	0.3395078182220459	0.0	0.0
chr1:1063740-1064240	ENSG00000186891	TNFRSF18	chr1	1063740	1064240	1206591	-	142601	stromal	method2_cicero	0.260913223028183	8.757675359335899e-33	2.0519608063095176e-31
chr1:1063740-1064240	ENSG00000187608	ISG15	chr1	1063740	1064240	1001137	+	62853	stromal	method2_cicero	0.25425657629966736	3.5240486036663096e-31	7.545260129792561e-30
chr1:1063740-1064240	ENSG00000187961	KLHL17	chr1	1063740	1064240	960583	+	103407	stromal	method2_cicero	0.2562063932418823	1.2074190141490946e-31	2.6538953521791537e-30
chr1:1063740-1064240	ENSG00000188157	AGRN	chr1	1063740	1064240	1020119	+	43871	stromal	method2_cicero	0.2927252948284149	4.121779302965017e-41	1.4710242733126913e-39
chr1:1063740-1064240	ENSG00000188290	HES4	chr1	1063740	1064240	1000171	-	63819	stromal	method2_cicero	0.25425657629966736	3.5240486036663096e-31	7.545260129792561e-30
chr1:1063740-1064240	ENSG00000188976	NOC2L	chr1	1063740	1064240	959308	-	104682	stromal	method2_cicero	0.2562063932418823	1.2074190141490946e-31	2.6538953521791537e-30
chr1:1063740-1064240	ENSG00000197785	ATAD3A	chr1	1063740	1064240	1512161	+	448171	stromal	method2_cicero	0.3537966012954712	0.0	0.0
chr1:1063740-1064240	ENSG00000221978	CCNL2	chr1	1063740	1064240	1399334	-	335344	stromal	method2_cicero	0.25699758529663086	7.797447231864583e-32	1.7323068407389997e-30
chr1:1063740-1064240	ENSG00000224051	CPTP	chr1	1063740	1064240	1324755	+	260765	stromal	method2_cicero	0.3287409842014313	0.0	0.0
chr1:1063740-1064240	ENSG00000242485	MRPL20	chr1	1063740	1064240	1407292	-	343302	stromal	method2_cicero	0.2834561765193939	1.4315279754464642e-38	4.5274222498471706e-37
chr1:1064358-1064858	ENSG00000186827	TNFRSF4	chr1	1064358	1064858	1214152	-	149544	stromal	method2_cicero	0.3116881549358368	0.0	0.0
chr1:1064358-1064858	ENSG00000186891	TNFRSF18	chr1	1064358	1064858	1206591	-	141983	stromal	method2_cicero	0.2573881149291992	6.28024901594894e-32	1.4027365929040411e-30
chr1:1064358-1064858	ENSG00000187583	PLEKHN1	chr1	1064358	1064858	966481	+	98127	stromal	method2_cicero	0.255942165851593	1.396786569638597e-31	3.0594004662071746e-30
chr1:1064358-1064858	ENSG00000242485	MRPL20	chr1	1064358	1064858	1407292	-	342684	stromal	method2_cicero	0.28171059489250183	4.2035520748506916e-38	1.2991958673160845e-36
chr1:1067767-1068267	ENSG00000186827	TNFRSF4	chr1	1067767	1068267	1214152	-	146135	stromal	method2_cicero	0.27468231320381165	2.9744272404121524e-36	8.37756628923368e-35
chr1:1068389-1068889	ENSG00000078808	SDF4	chr1	1068389	1068889	1232030	-	163391	stromal	method2_cicero	0.30874112248420715	1.401298464324817e-45	6.025583396596713e-44
chr1:1068389-1068889	ENSG00000127054	INTS11	chr1	1068389	1068889	1324686	-	256047	stromal	method2_cicero	0.30893388390541077	1.401298464324817e-45	6.025583396596713e-44
chr1:1068389-1068889	ENSG00000160087	UBE2J2	chr1	1068389	1068889	1273863	-	205224	stromal	method2_cicero	0.2544832229614258	3.1129669444379877e-31	6.685474597420336e-30
chr1:1068389-1068889	ENSG00000162571	TTLL10	chr1	1068389	1068889	1173879	+	105240	stromal	method2_cicero	0.2849491834640503	5.662406071000722e-39	1.8261444690504465e-37
chr1:1068389-1068889	ENSG00000162572	SCNN1D	chr1	1068389	1068889	1280435	+	211796	stromal	method2_cicero	0.35049471259117126	0.0	0.0
chr1:1068389-1068889	ENSG00000169962	TAS1R3	chr1	1068389	1068889	1331279	+	262640	stromal	method2_cicero	0.28279873728752136	2.1497496304813524e-38	6.740763084899276e-37
chr1:1068389-1068889	ENSG00000176022	B3GALT6	chr1	1068389	1068889	1232236	+	163597	stromal	method2_cicero	0.30874112248420715	1.401298464324817e-45	6.025583396596713e-44
chr1:1068389-1068889	ENSG00000186827	TNFRSF4	chr1	1068389	1068889	1214152	-	145513	stromal	method2_cicero	0.3655514419078827	0.0	0.0
chr1:1068389-1068889	ENSG00000186891	TNFRSF18	chr1	1068389	1068889	1206591	-	137952	stromal	method2_cicero	0.33723580837249756	0.0	0.0
chr1:1068389-1068889	ENSG00000197785	ATAD3A	chr1	1068389	1068889	1512161	+	443522	stromal	method2_cicero	0.26454195380210876	1.1165535947041195e-33	2.746597211183588e-32
chr1:1068389-1068889	ENSG00000224051	CPTP	chr1	1068389	1068889	1324755	+	256116	stromal	method2_cicero	0.30893388390541077	1.401298464324817e-45	6.025583396596713e-44
chr1:1068389-1068889	ENSG00000237330	RNF223	chr1	1068389	1068889	1074305	-	5666	stromal	method2_cicero	0.3236294686794281	0.0	0.0
chr1:1068389-1068889	ENSG00000242485	MRPL20	chr1	1068389	1068889	1407292	-	338653	stromal	method2_cicero	0.3204762935638428	0.0	0.0
chr1:1069108-1069608	ENSG00000078808	SDF4	chr1	1069108	1069608	1232030	-	162672	stromal	method2_cicero	0.3101547956466675	0.0	0.0
chr1:1069108-1069608	ENSG00000107404	DVL1	chr1	1069108	1069608	1349417	-	280059	stromal	method2_cicero	0.2800203263759613	1.1841803834313127e-37	3.579497962483318e-36
chr1:1069108-1069608	ENSG00000127054	INTS11	chr1	1069108	1069608	1324686	-	255328	stromal	method2_cicero	0.3335183560848236	0.0	0.0
chr1:1069108-1069608	ENSG00000131584	ACAP3	chr1	1069108	1069608	1309608	-	240250	stromal	method2_cicero	0.3591634929180145	0.0	0.0
chr1:1069108-1069608	ENSG00000131591	C1orf159	chr1	1069108	1069608	1116360	-	47002	stromal	method2_cicero	0.2859937846660614	2.949280647999763e-39	9.64225289718875e-38
chr1:1069108-1069608	ENSG00000160087	UBE2J2	chr1	1069108	1069608	1273863	-	204505	stromal	method2_cicero	0.30840280652046204	1.401298464324817e-45	6.025583396596713e-44
chr1:1069108-1069608	ENSG00000162572	SCNN1D	chr1	1069108	1069608	1280435	+	211077	stromal	method2_cicero	0.3252503275871277	0.0	0.0
chr1:1069108-1069608	ENSG00000169962	TAS1R3	chr1	1069108	1069608	1331279	+	261921	stromal	method2_cicero	0.33132344484329224	0.0	0.0
chr1:1069108-1069608	ENSG00000169972	PUSL1	chr1	1069108	1069608	1308596	+	239238	stromal	method2_cicero	0.3591634929180145	0.0	0.0
chr1:1069108-1069608	ENSG00000175756	AURKAIP1	chr1	1069108	1069608	1375206	-	305848	stromal	method2_cicero	0.3144639730453491	0.0	0.0
chr1:1069108-1069608	ENSG00000176022	B3GALT6	chr1	1069108	1069608	1232236	+	162878	stromal	method2_cicero	0.3101547956466675	0.0	0.0
chr1:1069108-1069608	ENSG00000186827	TNFRSF4	chr1	1069108	1069608	1214152	-	144794	stromal	method2_cicero	0.4390747845172882	0.0	0.0
chr1:1069108-1069608	ENSG00000186891	TNFRSF18	chr1	1069108	1069608	1206591	-	137233	stromal	method2_cicero	0.36263689398765564	0.0	0.0
chr1:1069108-1069608	ENSG00000187583	PLEKHN1	chr1	1069108	1069608	966481	+	102877	stromal	method2_cicero	0.3548458218574524	0.0	0.0
chr1:1069108-1069608	ENSG00000187961	KLHL17	chr1	1069108	1069608	960583	+	108775	stromal	method2_cicero	0.32395073771476746	0.0	0.0
chr1:1069108-1069608	ENSG00000188157	AGRN	chr1	1069108	1069608	1020119	+	49239	stromal	method2_cicero	0.3056136667728424	8.407790785948902e-45	3.545285114741787e-43
chr1:1069108-1069608	ENSG00000188976	NOC2L	chr1	1069108	1069608	959308	-	110050	stromal	method2_cicero	0.32395073771476746	0.0	0.0
chr1:1069108-1069608	ENSG00000197785	ATAD3A	chr1	1069108	1069608	1512161	+	442803	stromal	method2_cicero	0.31410515308380127	0.0	0.0
chr1:1069108-1069608	ENSG00000221978	CCNL2	chr1	1069108	1069608	1399334	-	329976	stromal	method2_cicero	0.35460492968559265	0.0	0.0
chr1:1069108-1069608	ENSG00000224051	CPTP	chr1	1069108	1069608	1324755	+	255397	stromal	method2_cicero	0.3335183560848236	0.0	0.0
chr1:1069108-1069608	ENSG00000237330	RNF223	chr1	1069108	1069608	1074305	-	4947	stromal	method2_cicero	0.2783938944339752	3.1861950965065383e-37	9.426836911882728e-36
chr1:1069108-1069608	ENSG00000242485	MRPL20	chr1	1069108	1069608	1407292	-	337934	stromal	method2_cicero	0.388386070728302	0.0	0.0
chr1:1069640-1070140	ENSG00000131584	ACAP3	chr1	1069640	1070140	1309608	-	239718	stromal	method2_cicero	0.2568293511867523	8.558344137404674e-32	1.8971658797412587e-30
chr1:1070467-1070967	ENSG00000186891	TNFRSF18	chr1	1070467	1070967	1206591	-	135874	stromal	method2_cicero	0.2714265286922455	2.05151128326485e-35	5.532737372746166e-34
chr1:1071691-1072191	ENSG00000186891	TNFRSF18	chr1	1071691	1072191	1206591	-	134650	stromal	method2_cicero	0.26213157176971436	4.401696269345643e-33	1.0483967277766346e-31
chr1:1071691-1072191	ENSG00000237330	RNF223	chr1	1071691	1072191	1074305	-	2364	stromal	method2_cicero	0.31202903389930725	0.0	0.0
chr1:1072283-1072783	ENSG00000162571	TTLL10	chr1	1072283	1072783	1173879	+	101346	stromal	method2_cicero	0.3013056218624115	1.4993893568275543e-43	5.980741845738319e-42
chr1:1072283-1072783	ENSG00000237330	RNF223	chr1	1072283	1072783	1074305	-	1772	stromal	method2_cicero	1.0	0.0	0.0
chr1:1073741-1074241	ENSG00000078808	SDF4	chr1	1073741	1074241	1232030	-	158039	stromal	method2_cicero	0.2528612017631531	7.54217723128832e-31	1.5844214887727838e-29
chr1:1073741-1074241	ENSG00000162571	TTLL10	chr1	1073741	1074241	1173879	+	99888	stromal	method2_cicero	0.27491846680641174	2.5830089302932986e-36	7.297731809012513e-35
chr1:1073741-1074241	ENSG00000162572	SCNN1D	chr1	1073741	1074241	1280435	+	206444	stromal	method2_cicero	0.36700135469436646	0.0	0.0
chr1:1073741-1074241	ENSG00000176022	B3GALT6	chr1	1073741	1074241	1232236	+	158245	stromal	method2_cicero	0.2528612017631531	7.54217723128832e-31	1.5844214887727838e-29
chr1:1073741-1074241	ENSG00000186827	TNFRSF4	chr1	1073741	1074241	1214152	-	140161	stromal	method2_cicero	0.29716092348098755	2.3191489584575723e-42	8.765822543583893e-41
chr1:1073741-1074241	ENSG00000186891	TNFRSF18	chr1	1073741	1074241	1206591	-	132600	stromal	method2_cicero	0.2728087902069092	9.065954262968813e-36	2.4903088890347576e-34
chr1:1073741-1074241	ENSG00000237330	RNF223	chr1	1073741	1074241	1074305	-	314	stromal	method2_cicero	1.0	0.0	0.0
chr1:1074733-1075233	ENSG00000078808	SDF4	chr1	1074733	1075233	1232030	-	157047	stromal	method2_cicero	0.2699713110923767	4.821990899527668e-35	1.2756012864482367e-33
chr1:1074733-1075233	ENSG00000176022	B3GALT6	chr1	1074733	1075233	1232236	+	157253	stromal	method2_cicero	0.2699713110923767	4.821990899527668e-35	1.2756012864482367e-33
chr1:1074733-1075233	ENSG00000237330	RNF223	chr1	1074733	1075233	1074305	-	678	stromal	method2_cicero	1.0	0.0	0.0
chr1:1075288-1075788	ENSG00000237330	RNF223	chr1	1075288	1075788	1074305	-	1233	stromal	method2_cicero	1.0	0.0	0.0
chr1:1079401-1079901	ENSG00000078808	SDF4	chr1	1079401	1079901	1232030	-	152379	stromal	method2_cicero	0.27941882610321045	1.708942331779616e-37	5.124732424077477e-36
chr1:1079401-1079901	ENSG00000107404	DVL1	chr1	1079401	1079901	1349417	-	269766	stromal	method2_cicero	0.2642596364021301	1.3121216000408812e-33	3.2155448132704035e-32
chr1:1079401-1079901	ENSG00000127054	INTS11	chr1	1079401	1079901	1324686	-	245035	stromal	method2_cicero	0.29380494356155396	2.0554245874716417e-41	7.44016617036333e-40
chr1:1079401-1079901	ENSG00000131584	ACAP3	chr1	1079401	1079901	1309608	-	229957	stromal	method2_cicero	0.3083745241165161	1.401298464324817e-45	6.025583396596713e-44
chr1:1079401-1079901	ENSG00000131591	C1orf159	chr1	1079401	1079901	1116360	-	36709	stromal	method2_cicero	0.25143885612487793	1.6302056583757294e-30	3.3596313154410896e-29
chr1:1079401-1079901	ENSG00000160072	ATAD3B	chr1	1079401	1079901	1471764	+	392113	stromal	method2_cicero	0.2824993431568146	2.586110328896093e-38	8.077476263522748e-37
chr1:1079401-1079901	ENSG00000160075	SSU72	chr1	1079401	1079901	1574862	-	495211	stromal	method2_cicero	0.3007054924964905	2.2420775429197073e-43	8.875824473033391e-42
chr1:1079401-1079901	ENSG00000160087	UBE2J2	chr1	1079401	1079901	1273863	-	194212	stromal	method2_cicero	0.27057626843452454	3.382295870766232e-35	9.019819783118885e-34
chr1:1079401-1079901	ENSG00000169972	PUSL1	chr1	1079401	1079901	1308596	+	228945	stromal	method2_cicero	0.3083745241165161	1.401298464324817e-45	6.025583396596713e-44
chr1:1079401-1079901	ENSG00000175756	AURKAIP1	chr1	1079401	1079901	1375206	-	295555	stromal	method2_cicero	0.2574461102485657	6.081407681288421e-32	1.359444264437833e-30
chr1:1079401-1079901	ENSG00000176022	B3GALT6	chr1	1079401	1079901	1232236	+	152585	stromal	method2_cicero	0.27941882610321045	1.708942331779616e-37	5.124732424077477e-36
chr1:1079401-1079901	ENSG00000186891	TNFRSF18	chr1	1079401	1079901	1206591	-	126940	stromal	method2_cicero	0.2928351163864136	3.8406788310214586e-41	1.3727400016218773e-39
chr1:1079401-1079901	ENSG00000187583	PLEKHN1	chr1	1079401	1079901	966481	+	113170	stromal	method2_cicero	0.25677427649497986	8.82304665730024e-32	1.9543957155867484e-30
chr1:1079401-1079901	ENSG00000188157	AGRN	chr1	1079401	1079901	1020119	+	59532	stromal	method2_cicero	0.28230020403862	2.92397740162945e-38	9.108304596627719e-37
chr1:1079401-1079901	ENSG00000197785	ATAD3A	chr1	1079401	1079901	1512161	+	432510	stromal	method2_cicero	0.28147730231285095	4.851618142658697e-38	1.4950790972759437e-36
chr1:1079401-1079901	ENSG00000221978	CCNL2	chr1	1079401	1079901	1399334	-	319683	stromal	method2_cicero	0.2713818848133087	2.106188989733616e-35	5.67689430613025e-34
chr1:1079401-1079901	ENSG00000224051	CPTP	chr1	1079401	1079901	1324755	+	245104	stromal	method2_cicero	0.29380494356155396	2.0554245874716417e-41	7.44016617036333e-40
chr1:1080061-1080561	ENSG00000078808	SDF4	chr1	1080061	1080561	1232030	-	151719	stromal	method2_cicero	0.30863580107688904	1.401298464324817e-45	6.025583396596713e-44
chr1:1080061-1080561	ENSG00000107404	DVL1	chr1	1080061	1080561	1349417	-	269106	stromal	method2_cicero	0.26378560066223145	1.7198272137797025e-33	4.187740942601029e-32
chr1:1080061-1080561	ENSG00000127054	INTS11	chr1	1080061	1080561	1324686	-	244375	stromal	method2_cicero	0.33581578731536865	0.0	0.0
chr1:1080061-1080561	ENSG00000131584	ACAP3	chr1	1080061	1080561	1309608	-	229297	stromal	method2_cicero	0.3346550762653351	0.0	0.0
chr1:1080061-1080561	ENSG00000131591	C1orf159	chr1	1080061	1080561	1116360	-	36049	stromal	method2_cicero	0.2632254958152771	2.3660025195694604e-33	5.718148188536862e-32
chr1:1080061-1080561	ENSG00000160075	SSU72	chr1	1080061	1080561	1574862	-	494551	stromal	method2_cicero	0.3244968056678772	0.0	0.0
chr1:1080061-1080561	ENSG00000160087	UBE2J2	chr1	1080061	1080561	1273863	-	193552	stromal	method2_cicero	0.3175240159034729	0.0	0.0
chr1:1080061-1080561	ENSG00000169962	TAS1R3	chr1	1080061	1080561	1331279	+	250968	stromal	method2_cicero	0.2569560110569	7.979018203522822e-32	1.771666717423741e-30
chr1:1080061-1080561	ENSG00000169972	PUSL1	chr1	1080061	1080561	1308596	+	228285	stromal	method2_cicero	0.3346550762653351	0.0	0.0
chr1:1080061-1080561	ENSG00000175756	AURKAIP1	chr1	1080061	1080561	1375206	-	294895	stromal	method2_cicero	0.3032185733318329	4.203895392974451e-44	1.7179919172622257e-42
chr1:1080061-1080561	ENSG00000176022	B3GALT6	chr1	1080061	1080561	1232236	+	151925	stromal	method2_cicero	0.30863580107688904	1.401298464324817e-45	6.025583396596713e-44
chr1:1080061-1080561	ENSG00000186827	TNFRSF4	chr1	1080061	1080561	1214152	-	133841	stromal	method2_cicero	0.26980578899383545	5.312468213295671e-35	1.4022447315375105e-33
chr1:1080061-1080561	ENSG00000186891	TNFRSF18	chr1	1080061	1080561	1206591	-	126280	stromal	method2_cicero	0.2646919786930084	1.0246935784686541e-33	2.52563219121983e-32
chr1:1080061-1080561	ENSG00000187583	PLEKHN1	chr1	1080061	1080561	966481	+	113830	stromal	method2_cicero	0.2520686984062195	1.1595096965211618e-30	2.4099265213778547e-29
chr1:1080061-1080561	ENSG00000187961	KLHL17	chr1	1080061	1080561	960583	+	119728	stromal	method2_cicero	0.25525718927383423	2.0361741522768444e-31	4.4184827724245025e-30
chr1:1080061-1080561	ENSG00000188976	NOC2L	chr1	1080061	1080561	959308	-	121003	stromal	method2_cicero	0.25525718927383423	2.0361741522768444e-31	4.4184827724245025e-30
chr1:1080061-1080561	ENSG00000197785	ATAD3A	chr1	1080061	1080561	1512161	+	431850	stromal	method2_cicero	0.28038397431373596	9.482240307105656e-38	2.880187699029541e-36
chr1:1080061-1080561	ENSG00000221978	CCNL2	chr1	1080061	1080561	1399334	-	319023	stromal	method2_cicero	0.3088076114654541	1.401298464324817e-45	6.025583396596713e-44
chr1:1080061-1080561	ENSG00000224051	CPTP	chr1	1080061	1080561	1324755	+	244444	stromal	method2_cicero	0.33581578731536865	0.0	0.0
chr1:1080061-1080561	ENSG00000237330	RNF223	chr1	1080061	1080561	1074305	-	6006	stromal	method2_cicero	0.2709065079689026	2.7859078361243977e-35	7.462231452739294e-34
chr1:1080061-1080561	ENSG00000242485	MRPL20	chr1	1080061	1080561	1407292	-	326981	stromal	method2_cicero	0.3159216344356537	0.0	0.0
chr1:1081939-1082439	ENSG00000187583	PLEKHN1	chr1	1081939	1082439	966481	+	115708	stromal	method2_cicero	0.25994372367858887	1.5101077809282767e-32	3.4924473188354137e-31
chr1:1082576-1083076	ENSG00000162571	TTLL10	chr1	1082576	1083076	1173879	+	91053	stromal	method2_cicero	0.2715786099433899	1.875655778657838e-35	5.0686315400548915e-34
chr1:1082576-1083076	ENSG00000186827	TNFRSF4	chr1	1082576	1083076	1214152	-	131326	stromal	method2_cicero	0.25628331303596497	1.1572346917743544e-31	2.546265584785096e-30
chr1:1082576-1083076	ENSG00000187642	PERM1	chr1	1082576	1083076	982116	-	100710	stromal	method2_cicero	0.25381624698638916	4.482750998244976e-31	9.540118053646478e-30
chr1:1082576-1083076	ENSG00000237330	RNF223	chr1	1082576	1083076	1074305	-	8521	stromal	method2_cicero	0.265817254781723	5.372495911387491e-34	1.3442519932461814e-32
chr1:1086424-1086924	ENSG00000187642	PERM1	chr1	1086424	1086924	982116	-	104558	stromal	method2_cicero	0.28507575392723083	5.2328996838943795e-39	1.6904016957461958e-37
chr1:1109643-1110143	ENSG00000078808	SDF4	chr1	1109643	1110143	1232030	-	122137	stromal	method2_cicero	0.3003980219364166	2.7465449900766415e-43	1.0827833233837862e-41
chr1:1109643-1110143	ENSG00000162572	SCNN1D	chr1	1109643	1110143	1280435	+	170542	stromal	method2_cicero	0.33179810643196106	0.0	0.0
chr1:1109643-1110143	ENSG00000176022	B3GALT6	chr1	1109643	1110143	1232236	+	122343	stromal	method2_cicero	0.3003980219364166	2.7465449900766415e-43	1.0827833233837862e-41
chr1:1109643-1110143	ENSG00000237330	RNF223	chr1	1109643	1110143	1074305	-	35588	stromal	method2_cicero	0.3051794767379761	1.1210387714598537e-44	4.694349855488137e-43
chr1:1114745-1115245	ENSG00000131591	C1orf159	chr1	1114745	1115245	1116360	-	1365	stromal	method2_cicero	1.0	0.0	0.0
chr1:1115391-1115891	ENSG00000078808	SDF4	chr1	1115391	1115891	1232030	-	116389	stromal	method2_cicero	0.2612488865852356	7.248251716119801e-33	1.705937939872371e-31
chr1:1115391-1115891	ENSG00000127054	INTS11	chr1	1115391	1115891	1324686	-	209045	stromal	method2_cicero	0.2516634166240692	1.4438895216517526e-30	2.9847057183423654e-29
chr1:1115391-1115891	ENSG00000131584	ACAP3	chr1	1115391	1115891	1309608	-	193967	stromal	method2_cicero	0.26173731684684753	5.5013984178467555e-33	1.3033464061422982e-31
chr1:1115391-1115891	ENSG00000131591	C1orf159	chr1	1115391	1115891	1116360	-	719	stromal	method2_cicero	1.0	0.0	0.0
chr1:1115391-1115891	ENSG00000169972	PUSL1	chr1	1115391	1115891	1308596	+	192955	stromal	method2_cicero	0.26173731684684753	5.5013984178467555e-33	1.3033464061422982e-31
chr1:1115391-1115891	ENSG00000176022	B3GALT6	chr1	1115391	1115891	1232236	+	116595	stromal	method2_cicero	0.2612488865852356	7.248251716119801e-33	1.705937939872371e-31
chr1:1115391-1115891	ENSG00000197785	ATAD3A	chr1	1115391	1115891	1512161	+	396520	stromal	method2_cicero	0.29077088832855225	1.4413475744352203e-40	5.0139580092313415e-39
chr1:1115391-1115891	ENSG00000221978	CCNL2	chr1	1115391	1115891	1399334	-	283693	stromal	method2_cicero	0.2686888575553894	1.0195782265382838e-34	2.6514531392384136e-33
chr1:1115391-1115891	ENSG00000224051	CPTP	chr1	1115391	1115891	1324755	+	209114	stromal	method2_cicero	0.2516634166240692	1.4438895216517526e-30	2.9847057183423654e-29
chr1:1115962-1116462	ENSG00000078808	SDF4	chr1	1115962	1116462	1232030	-	115818	stromal	method2_cicero	0.5889596939086914	0.0	0.0
chr1:1115962-1116462	ENSG00000107404	DVL1	chr1	1115962	1116462	1349417	-	233205	stromal	method2_cicero	0.5569444894790649	0.0	0.0
chr1:1115962-1116462	ENSG00000127054	INTS11	chr1	1115962	1116462	1324686	-	208474	stromal	method2_cicero	0.5498743057250977	0.0	0.0
chr1:1115962-1116462	ENSG00000131584	ACAP3	chr1	1115962	1116462	1309608	-	193396	stromal	method2_cicero	0.5561410188674927	0.0	0.0
