peak_id	gene_id	gene_name	chrom	peak_start	peak_end	tss_pos	strand	distance_bp	compartment	method	score
chr1:921002-921502	ENSG00000187634	SAMD11	chr1	921002	921502	923922	+	2670	epithelial	method3_abc	0.02057397988519937
chr1:923600-924100	ENSG00000187634	SAMD11	chr1	923600	924100	923922	+	72	epithelial	method3_abc	0.04002444577370439
chr1:959065-959565	ENSG00000187583	PLEKHN1	chr1	959065	959565	966481	+	7166	epithelial	method3_abc	0.04285302623564659
chr1:959065-959565	ENSG00000187642	PERM1	chr1	959065	959565	982116	-	22801	epithelial	method3_abc	0.021029785504541983
chr1:959065-959565	ENSG00000187961	KLHL17	chr1	959065	959565	960583	+	1268	epithelial	method3_abc	0.07558431510730206
chr1:959065-959565	ENSG00000188976	NOC2L	chr1	959065	959565	959308	-	7	epithelial	method3_abc	0.09181509921151812
chr1:960313-960813	ENSG00000187961	KLHL17	chr1	960313	960813	960583	+	20	epithelial	method3_abc	0.03695182833147213
chr1:960313-960813	ENSG00000188976	NOC2L	chr1	960313	960813	959308	-	1255	epithelial	method3_abc	0.030488995286024813
chr1:966209-966709	ENSG00000187583	PLEKHN1	chr1	966209	966709	966481	+	22	epithelial	method3_abc	0.028712479441933326
chr1:966772-967272	ENSG00000187583	PLEKHN1	chr1	966772	967272	966481	+	541	epithelial	method3_abc	0.03830923578351318
chr1:966772-967272	ENSG00000187961	KLHL17	chr1	966772	967272	960583	+	6439	epithelial	method3_abc	0.020197674788731478
chr1:999329-999829	ENSG00000188290	HES4	chr1	999329	999829	1000171	-	592	epithelial	method3_abc	0.021297183133660042
chr1:999969-1000469	ENSG00000187608	ISG15	chr1	999969	1000469	1001137	+	918	epithelial	method3_abc	0.07124007546387669
chr1:999969-1000469	ENSG00000187642	PERM1	chr1	999969	1000469	982116	-	18103	epithelial	method3_abc	0.027752779360271717
chr1:999969-1000469	ENSG00000188290	HES4	chr1	999969	1000469	1000171	-	48	epithelial	method3_abc	0.08199835500149061
chr1:1000618-1001118	ENSG00000187608	ISG15	chr1	1000618	1001118	1001137	+	269	epithelial	method3_abc	0.03815935327839056
chr1:1000618-1001118	ENSG00000188290	HES4	chr1	1000618	1001118	1000171	-	697	epithelial	method3_abc	0.03573507615344825
chr1:1001733-1002233	ENSG00000187608	ISG15	chr1	1001733	1002233	1001137	+	846	epithelial	method3_abc	0.0371735123615661
chr1:1001733-1002233	ENSG00000188290	HES4	chr1	1001733	1002233	1000171	-	1812	epithelial	method3_abc	0.032617765898551344
chr1:1006466-1006966	ENSG00000187608	ISG15	chr1	1006466	1006966	1001137	+	5579	epithelial	method3_abc	0.034041142636212704
chr1:1006466-1006966	ENSG00000188290	HES4	chr1	1006466	1006966	1000171	-	6545	epithelial	method3_abc	0.03162209253696774
chr1:1013182-1013682	ENSG00000188157	AGRN	chr1	1013182	1013682	1020119	+	6687	epithelial	method3_abc	0.02122102841309744
chr1:1019312-1019812	ENSG00000187583	PLEKHN1	chr1	1019312	1019812	966481	+	53081	epithelial	method3_abc	0.02357562418226935
chr1:1019312-1019812	ENSG00000187608	ISG15	chr1	1019312	1019812	1001137	+	18425	epithelial	method3_abc	0.041065539269632356
chr1:1019312-1019812	ENSG00000187642	PERM1	chr1	1019312	1019812	982116	-	37446	epithelial	method3_abc	0.031193361439243738
chr1:1019312-1019812	ENSG00000187961	KLHL17	chr1	1019312	1019812	960583	+	58979	epithelial	method3_abc	0.021468123382548013
chr1:1019312-1019812	ENSG00000188157	AGRN	chr1	1019312	1019812	1020119	+	557	epithelial	method3_abc	0.12845006268098344
chr1:1019312-1019812	ENSG00000188290	HES4	chr1	1019312	1019812	1000171	-	19391	epithelial	method3_abc	0.03973849442602197
chr1:1019312-1019812	ENSG00000188976	NOC2L	chr1	1019312	1019812	959308	-	60254	epithelial	method3_abc	0.02108391042087717
chr1:1019830-1020330	ENSG00000188157	AGRN	chr1	1019830	1020330	1020119	+	39	epithelial	method3_abc	0.06201848851934624
chr1:1021050-1021550	ENSG00000188157	AGRN	chr1	1021050	1021550	1020119	+	1181	epithelial	method3_abc	0.025812597555321774
chr1:1068525-1069025	ENSG00000237330	RNF223	chr1	1068525	1069025	1074305	-	5530	epithelial	method3_abc	0.027118804504002312
chr1:1069097-1069597	ENSG00000237330	RNF223	chr1	1069097	1069597	1074305	-	4958	epithelial	method3_abc	0.04882792872042378
chr1:1073712-1074212	ENSG00000237330	RNF223	chr1	1073712	1074212	1074305	-	343	epithelial	method3_abc	0.07658187322932011
chr1:1074509-1075009	ENSG00000237330	RNF223	chr1	1074509	1075009	1074305	-	454	epithelial	method3_abc	0.024861900165211354
chr1:1079787-1080287	ENSG00000237330	RNF223	chr1	1079787	1080287	1074305	-	5732	epithelial	method3_abc	0.023602763606620034
chr1:1109656-1110156	ENSG00000131591	C1orf159	chr1	1109656	1110156	1116360	-	6454	epithelial	method3_abc	0.025290330950637693
chr1:1115986-1116486	ENSG00000131591	C1orf159	chr1	1115986	1116486	1116360	-	124	epithelial	method3_abc	0.13379399329900762
chr1:1115986-1116486	ENSG00000237330	RNF223	chr1	1115986	1116486	1074305	-	41931	epithelial	method3_abc	0.022472735370046557
chr1:1116522-1117022	ENSG00000131591	C1orf159	chr1	1116522	1117022	1116360	-	412	epithelial	method3_abc	0.022909728747520775
chr1:1122040-1122540	ENSG00000131591	C1orf159	chr1	1122040	1122540	1116360	-	5930	epithelial	method3_abc	0.020806775247662848
chr1:1124645-1125145	ENSG00000131591	C1orf159	chr1	1124645	1125145	1116360	-	8535	epithelial	method3_abc	0.024210845771897783
chr1:1125167-1125667	ENSG00000131591	C1orf159	chr1	1125167	1125667	1116360	-	9057	epithelial	method3_abc	0.025812869964898334
chr1:1157303-1157803	ENSG00000162571	TTLL10	chr1	1157303	1157803	1173879	+	16326	epithelial	method3_abc	0.02405196074937979
chr1:1158096-1158596	ENSG00000162571	TTLL10	chr1	1158096	1158596	1173879	+	15533	epithelial	method3_abc	0.027016446961962506
chr1:1162508-1163008	ENSG00000162571	TTLL10	chr1	1162508	1163008	1173879	+	11121	epithelial	method3_abc	0.04642120942515783
chr1:1162508-1163008	ENSG00000186891	TNFRSF18	chr1	1162508	1163008	1206591	-	43833	epithelial	method3_abc	0.020964218595095015
chr1:1167225-1167725	ENSG00000162571	TTLL10	chr1	1167225	1167725	1173879	+	6404	epithelial	method3_abc	0.024747519227893307
chr1:1230611-1231111	ENSG00000078808	SDF4	chr1	1230611	1231111	1232030	-	1169	epithelial	method3_abc	0.03028020655649498
chr1:1230611-1231111	ENSG00000176022	B3GALT6	chr1	1230611	1231111	1232236	+	1375	epithelial	method3_abc	0.02960168417709026
chr1:1231287-1231787	ENSG00000078808	SDF4	chr1	1231287	1231787	1232030	-	493	epithelial	method3_abc	0.021824166516387796
chr1:1231287-1231787	ENSG00000176022	B3GALT6	chr1	1231287	1231787	1232236	+	699	epithelial	method3_abc	0.021261587497510538
chr1:1231796-1232296	ENSG00000078808	SDF4	chr1	1231796	1232296	1232030	-	16	epithelial	method3_abc	0.15893151376691053
chr1:1231796-1232296	ENSG00000160087	UBE2J2	chr1	1231796	1232296	1273863	-	41817	epithelial	method3_abc	0.02375815003662
chr1:1231796-1232296	ENSG00000162572	SCNN1D	chr1	1231796	1232296	1280435	+	48389	epithelial	method3_abc	0.02191595780460497
chr1:1231796-1232296	ENSG00000176022	B3GALT6	chr1	1231796	1232296	1232236	+	190	epithelial	method3_abc	0.15520080502592254
chr1:1231796-1232296	ENSG00000184163	C1QTNF12	chr1	1231796	1232296	1246721	-	14675	epithelial	method3_abc	0.05569031301110254
chr1:1231796-1232296	ENSG00000186827	TNFRSF4	chr1	1231796	1232296	1214152	-	17894	epithelial	method3_abc	0.04877543872538196
chr1:1231796-1232296	ENSG00000186891	TNFRSF18	chr1	1231796	1232296	1206591	-	25455	epithelial	method3_abc	0.038169871903589905
chr1:1244142-1244642	ENSG00000184163	C1QTNF12	chr1	1244142	1244642	1246721	-	2329	epithelial	method3_abc	0.02688979793057889
chr1:1272494-1272994	ENSG00000160087	UBE2J2	chr1	1272494	1272994	1273863	-	1119	epithelial	method3_abc	0.04126978217904672
chr1:1272494-1272994	ENSG00000162572	SCNN1D	chr1	1272494	1272994	1280435	+	7691	epithelial	method3_abc	0.022624685988404333
chr1:1273628-1274128	ENSG00000160087	UBE2J2	chr1	1273628	1274128	1273863	-	15	epithelial	method3_abc	0.08790166665996796
chr1:1273628-1274128	ENSG00000162572	SCNN1D	chr1	1273628	1274128	1280435	+	6557	epithelial	method3_abc	0.04396806471112157
chr1:1274157-1274657	ENSG00000160087	UBE2J2	chr1	1274157	1274657	1273863	-	544	epithelial	method3_abc	0.027988353140949277
chr1:1281665-1282165	ENSG00000160087	UBE2J2	chr1	1281665	1282165	1273863	-	8052	epithelial	method3_abc	0.023305278652363266
chr1:1281665-1282165	ENSG00000162572	SCNN1D	chr1	1281665	1282165	1280435	+	1480	epithelial	method3_abc	0.04432031773571305
chr1:1305567-1306067	ENSG00000169972	PUSL1	chr1	1305567	1306067	1308596	+	2779	epithelial	method3_abc	0.02108016267815965
chr1:1307207-1307707	ENSG00000131584	ACAP3	chr1	1307207	1307707	1309608	-	2151	epithelial	method3_abc	0.0214527613322702
chr1:1307207-1307707	ENSG00000169972	PUSL1	chr1	1307207	1307707	1308596	+	1139	epithelial	method3_abc	0.02381959161990881
chr1:1307729-1308229	ENSG00000127054	INTS11	chr1	1307729	1308229	1324686	-	16707	epithelial	method3_abc	0.026584020287736293
chr1:1307729-1308229	ENSG00000131584	ACAP3	chr1	1307729	1308229	1309608	-	1629	epithelial	method3_abc	0.07113143050118859
chr1:1307729-1308229	ENSG00000162572	SCNN1D	chr1	1307729	1308229	1280435	+	27544	epithelial	method3_abc	0.020795911114262804
chr1:1307729-1308229	ENSG00000169962	TAS1R3	chr1	1307729	1308229	1331279	+	23300	epithelial	method3_abc	0.02254859649498053
chr1:1307729-1308229	ENSG00000169972	PUSL1	chr1	1307729	1308229	1308596	+	617	epithelial	method3_abc	0.07988209107291284
chr1:1307729-1308229	ENSG00000224051	CPTP	chr1	1307729	1308229	1324755	+	16776	epithelial	method3_abc	0.026465147849178652
chr1:1308241-1308741	ENSG00000127054	INTS11	chr1	1308241	1308741	1324686	-	16195	epithelial	method3_abc	0.033628488331358064
chr1:1308241-1308741	ENSG00000131584	ACAP3	chr1	1308241	1308741	1309608	-	1117	epithelial	method3_abc	0.09451500717366386
chr1:1308241-1308741	ENSG00000160087	UBE2J2	chr1	1308241	1308741	1273863	-	34628	epithelial	method3_abc	0.020992006159408494
chr1:1308241-1308741	ENSG00000162572	SCNN1D	chr1	1308241	1308741	1280435	+	28056	epithelial	method3_abc	0.025418377903262897
chr1:1308241-1308741	ENSG00000169962	TAS1R3	chr1	1308241	1308741	1331279	+	22788	epithelial	method3_abc	0.028384797601747596
chr1:1308241-1308741	ENSG00000169972	PUSL1	chr1	1308241	1308741	1308596	+	105	epithelial	method3_abc	0.10755482664903203
chr1:1308241-1308741	ENSG00000224051	CPTP	chr1	1308241	1308741	1324755	+	16264	epithelial	method3_abc	0.03347588678675319
chr1:1309042-1309542	ENSG00000131584	ACAP3	chr1	1309042	1309542	1309608	-	316	epithelial	method3_abc	0.02687925517065152
chr1:1309042-1309542	ENSG00000169972	PUSL1	chr1	1309042	1309542	1308596	+	696	epithelial	method3_abc	0.024610884782807253
chr1:1324502-1325002	ENSG00000107404	DVL1	chr1	1324502	1325002	1349417	-	24665	epithelial	method3_abc	0.027152603701766163
chr1:1324502-1325002	ENSG00000127054	INTS11	chr1	1324502	1325002	1324686	-	66	epithelial	method3_abc	0.12322646106693712
chr1:1324502-1325002	ENSG00000131584	ACAP3	chr1	1324502	1325002	1309608	-	15144	epithelial	method3_abc	0.035352061621715315
chr1:1324502-1325002	ENSG00000162576	MXRA8	chr1	1324502	1325002	1361776	-	37024	epithelial	method3_abc	0.023480772986821687
chr1:1324502-1325002	ENSG00000169962	TAS1R3	chr1	1324502	1325002	1331279	+	6527	epithelial	method3_abc	0.06438441221796791
chr1:1324502-1325002	ENSG00000169972	PUSL1	chr1	1324502	1325002	1308596	+	16156	epithelial	method3_abc	0.032937548668246074
chr1:1324502-1325002	ENSG00000224051	CPTP	chr1	1324502	1325002	1324755	+	3	epithelial	method3_abc	0.1243612095147173
chr1:1325020-1325520	ENSG00000127054	INTS11	chr1	1325020	1325520	1324686	-	584	epithelial	method3_abc	0.03454457933895731
chr1:1325020-1325520	ENSG00000169962	TAS1R3	chr1	1325020	1325520	1331279	+	6009	epithelial	method3_abc	0.02044621810665967
chr1:1325020-1325520	ENSG00000224051	CPTP	chr1	1325020	1325520	1324755	+	515	epithelial	method3_abc	0.034860258443236085
chr1:1347558-1348058	ENSG00000107404	DVL1	chr1	1347558	1348058	1349417	-	1609	epithelial	method3_abc	0.03259427746325567
chr1:1349186-1349686	ENSG00000107404	DVL1	chr1	1349186	1349686	1349417	-	19	epithelial	method3_abc	0.11423322195658364
chr1:1349186-1349686	ENSG00000127054	INTS11	chr1	1349186	1349686	1324686	-	24750	epithelial	method3_abc	0.023686142744657145
chr1:1349186-1349686	ENSG00000162576	MXRA8	chr1	1349186	1349686	1361776	-	12340	epithelial	method3_abc	0.045482855718207156
chr1:1349186-1349686	ENSG00000169962	TAS1R3	chr1	1349186	1349686	1331279	+	18157	epithelial	method3_abc	0.03146774569276708
chr1:1349186-1349686	ENSG00000175756	AURKAIP1	chr1	1349186	1349686	1375206	-	25770	epithelial	method3_abc	0.02598945929759002
chr1:1349186-1349686	ENSG00000224051	CPTP	chr1	1349186	1349686	1324755	+	24681	epithelial	method3_abc	0.023693241071222917
chr1:1349712-1350212	ENSG00000107404	DVL1	chr1	1349712	1350212	1349417	-	545	epithelial	method3_abc	0.02440854370266252
chr1:1374540-1375040	ENSG00000175756	AURKAIP1	chr1	1374540	1375040	1375206	-	416	epithelial	method3_abc	0.021083057165037212
chr1:1375214-1375714	ENSG00000107404	DVL1	chr1	1375214	1375714	1349417	-	26047	epithelial	method3_abc	0.027880467717540207
chr1:1375214-1375714	ENSG00000162576	MXRA8	chr1	1375214	1375714	1361776	-	13688	epithelial	method3_abc	0.0507678222922079
chr1:1375214-1375714	ENSG00000175756	AURKAIP1	chr1	1375214	1375714	1375206	-	258	epithelial	method3_abc	0.1440064739602793
chr1:1375214-1375714	ENSG00000205116	TMEM88B	chr1	1375214	1375714	1425870	+	50406	epithelial	method3_abc	0.020914015827757766
chr1:1375214-1375714	ENSG00000221978	CCNL2	chr1	1375214	1375714	1399334	-	23870	epithelial	method3_abc	0.03342679336879461
chr1:1375214-1375714	ENSG00000235098	ANKRD65	chr1	1375214	1375714	1421768	-	46304	epithelial	method3_abc	0.022925880222049867
chr1:1375214-1375714	ENSG00000242485	MRPL20	chr1	1375214	1375714	1407292	-	31828	epithelial	method3_abc	0.028830093392040495
chr1:1399203-1399703	ENSG00000162576	MXRA8	chr1	1399203	1399703	1361776	-	37677	epithelial	method3_abc	0.02271931744019369
chr1:1399203-1399703	ENSG00000175756	AURKAIP1	chr1	1399203	1399703	1375206	-	24247	epithelial	method3_abc	0.02970441030105543
chr1:1399203-1399703	ENSG00000179403	VWA1	chr1	1399203	1399703	1434860	+	35407	epithelial	method3_abc	0.022698723453582512
chr1:1399203-1399703	ENSG00000205116	TMEM88B	chr1	1399203	1399703	1425870	+	26417	epithelial	method3_abc	0.031449541042501084
chr1:1399203-1399703	ENSG00000215915	ATAD3C	chr1	1399203	1399703	1449688	+	50235	epithelial	method3_abc	0.021834419498329576
chr1:1399203-1399703	ENSG00000221978	CCNL2	chr1	1399203	1399703	1399334	-	119	epithelial	method3_abc	0.1382000248398406
chr1:1399203-1399703	ENSG00000235098	ANKRD65	chr1	1399203	1399703	1421768	-	22315	epithelial	method3_abc	0.03641701150635734
chr1:1399203-1399703	ENSG00000242485	MRPL20	chr1	1399203	1399703	1407292	-	7839	epithelial	method3_abc	0.06619339379475365
chr1:1399775-1400275	ENSG00000221978	CCNL2	chr1	1399775	1400275	1399334	-	691	epithelial	method3_abc	0.02128529521363907
chr1:1407051-1407551	ENSG00000221978	CCNL2	chr1	1407051	1407551	1399334	-	7967	epithelial	method3_abc	0.02826654540279955
chr1:1407051-1407551	ENSG00000235098	ANKRD65	chr1	1407051	1407551	1421768	-	14467	epithelial	method3_abc	0.022450557059202438
chr1:1407051-1407551	ENSG00000242485	MRPL20	chr1	1407051	1407551	1407292	-	9	epithelial	method3_abc	0.06892826053078163
chr1:1431816-1432316	ENSG00000179403	VWA1	chr1	1431816	1432316	1434860	+	2794	epithelial	method3_abc	0.04045365504546385
chr1:1431816-1432316	ENSG00000205116	TMEM88B	chr1	1431816	1432316	1425870	+	6196	epithelial	method3_abc	0.0328574254392197
chr1:1431816-1432316	ENSG00000215915	ATAD3C	chr1	1431816	1432316	1449688	+	17622	epithelial	method3_abc	0.020211419081921835
chr1:1431816-1432316	ENSG00000235098	ANKRD65	chr1	1431816	1432316	1421768	-	10298	epithelial	method3_abc	0.025675081691999283
chr1:1433141-1433641	ENSG00000179403	VWA1	chr1	1433141	1433641	1434860	+	1469	epithelial	method3_abc	0.07555753746474424
chr1:1433141-1433641	ENSG00000205116	TMEM88B	chr1	1433141	1433641	1425870	+	7521	epithelial	method3_abc	0.047346633228702
chr1:1433141-1433641	ENSG00000215915	ATAD3C	chr1	1433141	1433641	1449688	+	16297	epithelial	method3_abc	0.033831288696698665
chr1:1433141-1433641	ENSG00000235098	ANKRD65	chr1	1433141	1433641	1421768	-	11623	epithelial	method3_abc	0.03793530705042635
chr1:1433141-1433641	ENSG00000242485	MRPL20	chr1	1433141	1433641	1407292	-	26099	epithelial	method3_abc	0.020731696215334
chr1:1433689-1434189	ENSG00000179403	VWA1	chr1	1433689	1434189	1434860	+	921	epithelial	method3_abc	0.0205562971261471
chr1:1435399-1435899	ENSG00000179403	VWA1	chr1	1435399	1435899	1434860	+	789	epithelial	method3_abc	0.07059471428230663
chr1:1435399-1435899	ENSG00000205116	TMEM88B	chr1	1435399	1435899	1425870	+	9779	epithelial	method3_abc	0.034767623762703655
chr1:1435399-1435899	ENSG00000215915	ATAD3C	chr1	1435399	1435899	1449688	+	14039	epithelial	method3_abc	0.031637075863627205
chr1:1435399-1435899	ENSG00000235098	ANKRD65	chr1	1435399	1435899	1421768	-	13881	epithelial	method3_abc	0.028803827339051166
chr1:1437982-1438482	ENSG00000179403	VWA1	chr1	1437982	1438482	1434860	+	3372	epithelial	method3_abc	0.026043461872035538
chr1:1471448-1471948	ENSG00000160072	ATAD3B	chr1	1471448	1471948	1471764	+	66	epithelial	method3_abc	0.11299445881491742
chr1:1471448-1471948	ENSG00000215915	ATAD3C	chr1	1471448	1471948	1449688	+	22010	epithelial	method3_abc	0.02627270882863294
chr1:1511298-1511798	ENSG00000197785	ATAD3A	chr1	1511298	1511798	1512161	+	613	epithelial	method3_abc	0.03989968405625681
chr1:1511835-1512335	ENSG00000197785	ATAD3A	chr1	1511835	1512335	1512161	+	76	epithelial	method3_abc	0.13320476542283216
chr1:1511835-1512335	ENSG00000205090	TMEM240	chr1	1511835	1512335	1540623	-	28538	epithelial	method3_abc	0.028374651078450084
chr1:1540362-1540862	ENSG00000205090	TMEM240	chr1	1540362	1540862	1540623	-	11	epithelial	method3_abc	0.021757129030391873
chr1:1574104-1574604	ENSG00000160075	SSU72	chr1	1574104	1574604	1574862	-	508	epithelial	method3_abc	0.03652739090824974
chr1:1574648-1575148	ENSG00000160075	SSU72	chr1	1574648	1575148	1574862	-	36	epithelial	method3_abc	0.12808086551832112
chr1:1574648-1575148	ENSG00000205090	TMEM240	chr1	1574648	1575148	1540623	-	34275	epithelial	method3_abc	0.024239939264414923
chr1:1574648-1575148	ENSG00000228594	FNDC10	chr1	1574648	1575148	1600134	-	25236	epithelial	method3_abc	0.028116154045315252
chr1:1575182-1575682	ENSG00000160075	SSU72	chr1	1575182	1575682	1574862	-	570	epithelial	method3_abc	0.020711333899783038
chr1:1599924-1600424	ENSG00000228594	FNDC10	chr1	1599924	1600424	1600134	-	40	epithelial	method3_abc	0.025085470851583063
chr1:1615133-1615633	ENSG00000160075	SSU72	chr1	1615133	1615633	1574862	-	40521	epithelial	method3_abc	0.029288378437254448
chr1:1615133-1615633	ENSG00000189409	MMP23B	chr1	1615133	1615633	1632162	+	16779	epithelial	method3_abc	0.05442110578261537
chr1:1615133-1615633	ENSG00000197530	MIB2	chr1	1615133	1615633	1615453	+	70	epithelial	method3_abc	0.1713103512841571
chr1:1615133-1615633	ENSG00000205090	TMEM240	chr1	1615133	1615633	1540623	-	74760	epithelial	method3_abc	0.020318904838002805
chr1:1615133-1615633	ENSG00000228594	FNDC10	chr1	1615133	1615633	1600134	-	15249	epithelial	method3_abc	0.061870229783998046
chr1:1615133-1615633	ENSG00000248333	CDK11B	chr1	1615133	1615633	1659011	-	43628	epithelial	method3_abc	0.027961427468770318
chr1:1615938-1616438	ENSG00000197530	MIB2	chr1	1615938	1616438	1615453	+	735	epithelial	method3_abc	0.05109966844371233
chr1:1627150-1627650	ENSG00000189409	MMP23B	chr1	1627150	1627650	1632162	+	4762	epithelial	method3_abc	0.03820885667394852
chr1:1627150-1627650	ENSG00000197530	MIB2	chr1	1627150	1627650	1615453	+	11947	epithelial	method3_abc	0.020942677483191417
chr1:1630207-1630707	ENSG00000189409	MMP23B	chr1	1630207	1630707	1632162	+	1705	epithelial	method3_abc	0.03381649129961591
chr1:1648113-1648613	ENSG00000248333	CDK11B	chr1	1648113	1648613	1659011	-	10648	epithelial	method3_abc	0.023023287008561738
chr1:1658942-1659442	ENSG00000189409	MMP23B	chr1	1658942	1659442	1632162	+	27030	epithelial	method3_abc	0.021731537733231457
chr1:1658942-1659442	ENSG00000248333	CDK11B	chr1	1658942	1659442	1659011	-	181	epithelial	method3_abc	0.10956587672923018
chr1:1678698-1679198	ENSG00000189339	SLC35E2B	chr1	1678698	1679198	1692794	-	13846	epithelial	method3_abc	0.03328144080154669
chr1:1678698-1679198	ENSG00000248333	CDK11B	chr1	1678698	1679198	1659011	-	19937	epithelial	method3_abc	0.025155936736559956
chr1:1692278-1692778	ENSG00000189339	SLC35E2B	chr1	1692278	1692778	1692794	-	266	epithelial	method3_abc	0.0513201801710066
chr1:1692921-1693421	ENSG00000189339	SLC35E2B	chr1	1692921	1693421	1692794	-	377	epithelial	method3_abc	0.07382179486646906
chr1:1724177-1724677	ENSG00000008128	CDK11A	chr1	1724177	1724677	1724356	-	71	epithelial	method3_abc	0.15268972713911785
chr1:1724177-1724677	ENSG00000189339	SLC35E2B	chr1	1724177	1724677	1692794	-	31633	epithelial	method3_abc	0.02815174068318227
chr1:1758766-1759266	ENSG00000008128	CDK11A	chr1	1758766	1759266	1724356	-	34660	epithelial	method3_abc	0.023831258272749022
chr1:1758766-1759266	ENSG00000008130	NADK	chr1	1758766	1759266	1780456	-	21440	epithelial	method3_abc	0.02924867767709327
chr1:1778201-1778701	ENSG00000008130	NADK	chr1	1778201	1778701	1780456	-	2005	epithelial	method3_abc	0.06884540981835928
chr1:1778735-1779235	ENSG00000008130	NADK	chr1	1778735	1779235	1780456	-	1471	epithelial	method3_abc	0.07343525161890012
chr1:1780317-1780817	ENSG00000008130	NADK	chr1	1780317	1780817	1780456	-	111	epithelial	method3_abc	0.040483799273165345
chr1:1782387-1782887	ENSG00000008130	NADK	chr1	1782387	1782887	1780456	-	2181	epithelial	method3_abc	0.04628623735805403
chr1:1782898-1783398	ENSG00000008130	NADK	chr1	1782898	1783398	1780456	-	2692	epithelial	method3_abc	0.04637050405334812
chr1:1890221-1890721	ENSG00000078369	GNB1	chr1	1890221	1890721	1892291	-	1820	epithelial	method3_abc	0.03217866580115767
chr1:1890873-1891373	ENSG00000078369	GNB1	chr1	1890873	1891373	1892291	-	1168	epithelial	method3_abc	0.08682580389343571
chr1:1890873-1891373	ENSG00000169885	CALML6	chr1	1890873	1891373	1915107	+	23984	epithelial	method3_abc	0.022475242213685756
chr1:1891480-1891980	ENSG00000078369	GNB1	chr1	1891480	1891980	1892291	-	561	epithelial	method3_abc	0.0401372028081524
chr1:1894234-1894734	ENSG00000078369	GNB1	chr1	1894234	1894734	1892291	-	2193	epithelial	method3_abc	0.049077003042405865
chr1:1894787-1895287	ENSG00000078369	GNB1	chr1	1894787	1895287	1892291	-	2746	epithelial	method3_abc	0.028814442028581248
chr1:1908908-1909408	ENSG00000078369	GNB1	chr1	1908908	1909408	1892291	-	16867	epithelial	method3_abc	0.04256092623002606
chr1:1908908-1909408	ENSG00000169885	CALML6	chr1	1908908	1909408	1915107	+	5949	epithelial	method3_abc	0.07728222407462877
chr1:1908908-1909408	ENSG00000178821	TMEM52	chr1	1908908	1909408	1919278	-	10120	epithelial	method3_abc	0.05417408577576873
chr1:1915801-1916301	ENSG00000169885	CALML6	chr1	1915801	1916301	1915107	+	944	epithelial	method3_abc	0.025473395943937074
chr1:1918530-1919030	ENSG00000169885	CALML6	chr1	1918530	1919030	1915107	+	3673	epithelial	method3_abc	0.02594732641179102
chr1:1918530-1919030	ENSG00000178821	TMEM52	chr1	1918530	1919030	1919278	-	498	epithelial	method3_abc	0.035808661483239114
chr1:1919058-1919558	ENSG00000078369	GNB1	chr1	1919058	1919558	1892291	-	27017	epithelial	method3_abc	0.03832243730982172
chr1:1919058-1919558	ENSG00000142609	CFAP74	chr1	1919058	1919558	2003836	-	84528	epithelial	method3_abc	0.02646808988330819
chr1:1919058-1919558	ENSG00000169885	CALML6	chr1	1919058	1919558	1915107	+	4201	epithelial	method3_abc	0.11279906728082045
chr1:1919058-1919558	ENSG00000178821	TMEM52	chr1	1919058	1919558	1919278	-	30	epithelial	method3_abc	0.17706963787604216
chr1:1919058-1919558	ENSG00000187730	GABRD	chr1	1919058	1919558	2019328	+	100020	epithelial	method3_abc	0.021857903704585267
chr1:1919733-1920233	ENSG00000169885	CALML6	chr1	1919733	1920233	1915107	+	4876	epithelial	method3_abc	0.028187058192782118
chr1:1919733-1920233	ENSG00000178821	TMEM52	chr1	1919733	1920233	1919278	-	705	epithelial	method3_abc	0.042175393106558885
chr1:2044756-2045256	ENSG00000067606	PRKCZ	chr1	2044756	2045256	2050410	+	5404	epithelial	method3_abc	0.025023478758927353
chr1:2046815-2047315	ENSG00000067606	PRKCZ	chr1	2046815	2047315	2050410	+	3345	epithelial	method3_abc	0.02150618106496325
chr1:2048237-2048737	ENSG00000067606	PRKCZ	chr1	2048237	2048737	2050410	+	1923	epithelial	method3_abc	0.02930896765939016
chr1:2049366-2049866	ENSG00000067606	PRKCZ	chr1	2049366	2049866	2050410	+	794	epithelial	method3_abc	0.02917684541915025
chr1:2050035-2050535	ENSG00000067606	PRKCZ	chr1	2050035	2050535	2050410	+	125	epithelial	method3_abc	0.18038511592572726
chr1:2050035-2050535	ENSG00000142609	CFAP74	chr1	2050035	2050535	2003836	-	46449	epithelial	method3_abc	0.03473381816130188
chr1:2050035-2050535	ENSG00000187730	GABRD	chr1	2050035	2050535	2019328	+	30957	epithelial	method3_abc	0.04500981132589714
chr1:2189421-2189921	ENSG00000162585	FAAP20	chr1	2189421	2189921	2212719	-	23048	epithelial	method3_abc	0.022448301032024366
chr1:2194831-2195331	ENSG00000162585	FAAP20	chr1	2194831	2195331	2212719	-	17638	epithelial	method3_abc	0.02407894096819603
chr1:2199250-2199750	ENSG00000162585	FAAP20	chr1	2199250	2199750	2212719	-	13219	epithelial	method3_abc	0.02981501936521079
chr1:2204998-2205498	ENSG00000157933	SKI	chr1	2204998	2205498	2227387	+	22139	epithelial	method3_abc	0.029731764974350153
chr1:2204998-2205498	ENSG00000162585	FAAP20	chr1	2204998	2205498	2212719	-	7471	epithelial	method3_abc	0.06274761032036646
chr1:2212635-2213135	ENSG00000162585	FAAP20	chr1	2212635	2213135	2212719	-	166	epithelial	method3_abc	0.04907817247644251
chr1:2227501-2228001	ENSG00000157933	SKI	chr1	2227501	2228001	2227387	+	364	epithelial	method3_abc	0.2005725161255096
chr1:2227501-2228001	ENSG00000162585	FAAP20	chr1	2227501	2228001	2212719	-	15032	epithelial	method3_abc	0.0683928137986016
chr1:2228033-2228533	ENSG00000157933	SKI	chr1	2228033	2228533	2227387	+	896	epithelial	method3_abc	0.04683248302855771
chr1:2229052-2229552	ENSG00000157933	SKI	chr1	2229052	2229552	2227387	+	1915	epithelial	method3_abc	0.02321730704939129
chr1:2390919-2391419	ENSG00000116151	MORN1	chr1	2390919	2391419	2391706	-	537	epithelial	method3_abc	0.026601181417032396
chr1:2390919-2391419	ENSG00000157916	RER1	chr1	2390919	2391419	2391774	+	605	epithelial	method3_abc	0.026356195056045757
chr1:2391461-2391961	ENSG00000116151	MORN1	chr1	2391461	2391961	2391706	-	5	epithelial	method3_abc	0.18246313086969626
chr1:2391461-2391961	ENSG00000149527	PLCH2	chr1	2391461	2391961	2425979	+	34268	epithelial	method3_abc	0.03663306070298332
chr1:2391461-2391961	ENSG00000157911	PEX10	chr1	2391461	2391961	2413796	-	22085	epithelial	method3_abc	0.0391779009196001
chr1:2391461-2391961	ENSG00000157916	RER1	chr1	2391461	2391961	2391774	+	63	epithelial	method3_abc	0.18089039879060265
chr1:2392042-2392542	ENSG00000116151	MORN1	chr1	2392042	2392542	2391706	-	586	epithelial	method3_abc	0.03135827090862116
chr1:2392042-2392542	ENSG00000157916	RER1	chr1	2392042	2392542	2391774	+	518	epithelial	method3_abc	0.031737563412113895
chr1:2411830-2412330	ENSG00000157911	PEX10	chr1	2411830	2412330	2413796	-	1716	epithelial	method3_abc	0.025344244828518853
chr1:2412377-2412877	ENSG00000116151	MORN1	chr1	2412377	2412877	2391706	-	20921	epithelial	method3_abc	0.04584247255630728
chr1:2412377-2412877	ENSG00000149527	PLCH2	chr1	2412377	2412877	2425979	+	13352	epithelial	method3_abc	0.074605487389876
chr1:2412377-2412877	ENSG00000157911	PEX10	chr1	2412377	2412877	2413796	-	1169	epithelial	method3_abc	0.14911343965863216
chr1:2412377-2412877	ENSG00000157916	RER1	chr1	2412377	2412877	2391774	+	20853	epithelial	method3_abc	0.046010216202179946
chr1:2413016-2413516	ENSG00000149527	PLCH2	chr1	2413016	2413516	2425979	+	12713	epithelial	method3_abc	0.02319914030856533
chr1:2413016-2413516	ENSG00000157911	PEX10	chr1	2413016	2413516	2413796	-	530	epithelial	method3_abc	0.04944740241511748
chr1:2413590-2414090	ENSG00000157911	PEX10	chr1	2413590	2414090	2413796	-	44	epithelial	method3_abc	0.02555684801101596
chr1:2414307-2414807	ENSG00000157911	PEX10	chr1	2414307	2414807	2413796	-	761	epithelial	method3_abc	0.038360127114484596
chr1:2415631-2416131	ENSG00000157911	PEX10	chr1	2415631	2416131	2413796	-	2085	epithelial	method3_abc	0.027301728904306707
chr1:2416205-2416705	ENSG00000157911	PEX10	chr1	2416205	2416705	2413796	-	2659	epithelial	method3_abc	0.025679636576163022
chr1:2526039-2526539	ENSG00000157881	PANK4	chr1	2526039	2526539	2526596	-	307	epithelial	method3_abc	0.09007861692618921
chr1:2526039-2526539	ENSG00000197921	HES5	chr1	2526039	2526539	2530262	-	3973	epithelial	method3_abc	0.055360387736849544
chr1:2529145-2529645	ENSG00000157881	PANK4	chr1	2529145	2529645	2526596	-	2799	epithelial	method3_abc	0.02194179912194133
chr1:2529145-2529645	ENSG00000197921	HES5	chr1	2529145	2529645	2530262	-	867	epithelial	method3_abc	0.027279636385392415
chr1:2530059-2530559	ENSG00000157881	PANK4	chr1	2530059	2530559	2526596	-	3713	epithelial	method3_abc	0.03547241636412273
chr1:2530059-2530559	ENSG00000197921	HES5	chr1	2530059	2530559	2530262	-	47	epithelial	method3_abc	0.055362053163437445
chr1:2530692-2531192	ENSG00000197921	HES5	chr1	2530692	2531192	2530262	-	680	epithelial	method3_abc	0.022192506007148154
chr1:2546085-2546585	ENSG00000157873	TNFRSF14	chr1	2546085	2546585	2555638	+	9303	epithelial	method3_abc	0.041215076180692485
chr1:2546085-2546585	ENSG00000157881	PANK4	chr1	2546085	2546585	2526596	-	19739	epithelial	method3_abc	0.029705224119123706
chr1:2546085-2546585	ENSG00000197921	HES5	chr1	2546085	2546585	2530262	-	16073	epithelial	method3_abc	0.03314727526385473
chr1:2546810-2547310	ENSG00000157873	TNFRSF14	chr1	2546810	2547310	2555638	+	8578	epithelial	method3_abc	0.04013241456589405
chr1:2546810-2547310	ENSG00000157881	PANK4	chr1	2546810	2547310	2526596	-	20464	epithelial	method3_abc	0.02695900464145856
chr1:2546810-2547310	ENSG00000197921	HES5	chr1	2546810	2547310	2530262	-	16798	epithelial	method3_abc	0.029953805975318677
chr1:2547927-2548427	ENSG00000157873	TNFRSF14	chr1	2547927	2548427	2555638	+	7461	epithelial	method3_abc	0.028350375790060146
chr1:2548662-2549162	ENSG00000157873	TNFRSF14	chr1	2548662	2549162	2555638	+	6726	epithelial	method3_abc	0.03392614407968985
chr1:2548662-2549162	ENSG00000197921	HES5	chr1	2548662	2549162	2530262	-	18650	epithelial	method3_abc	0.020762223738768095
chr1:2555054-2555554	ENSG00000157873	TNFRSF14	chr1	2555054	2555554	2555638	+	334	epithelial	method3_abc	0.020589688235063314
chr1:2555691-2556191	ENSG00000157873	TNFRSF14	chr1	2555691	2556191	2555638	+	303	epithelial	method3_abc	0.05353165144365431
chr1:2556270-2556770	ENSG00000157873	TNFRSF14	chr1	2556270	2556770	2555638	+	882	epithelial	method3_abc	0.031710161761694056
chr1:2556843-2557343	ENSG00000157873	TNFRSF14	chr1	2556843	2557343	2555638	+	1455	epithelial	method3_abc	0.04500562783598282
chr1:2557379-2557879	ENSG00000157873	TNFRSF14	chr1	2557379	2557879	2555638	+	1991	epithelial	method3_abc	0.035480413811835976
chr1:2575738-2576238	ENSG00000142606	MMEL1	chr1	2575738	2576238	2633015	-	57027	epithelial	method3_abc	0.023559531505035043
chr1:2575738-2576238	ENSG00000157870	PRXL2B	chr1	2575738	2576238	2586490	+	10502	epithelial	method3_abc	0.04549751360453532
chr1:2575738-2576238	ENSG00000157873	TNFRSF14	chr1	2575738	2576238	2555638	+	20350	epithelial	method3_abc	0.028416439284418997
chr1:2578187-2578687	ENSG00000157870	PRXL2B	chr1	2578187	2578687	2586490	+	8053	epithelial	method3_abc	0.038860297267930326
chr1:2585346-2585846	ENSG00000157870	PRXL2B	chr1	2585346	2585846	2586490	+	894	epithelial	method3_abc	0.05022655759466883
chr1:2586300-2586800	ENSG00000142606	MMEL1	chr1	2586300	2586800	2633015	-	46465	epithelial	method3_abc	0.04486836955452434
chr1:2586300-2586800	ENSG00000157870	PRXL2B	chr1	2586300	2586800	2586490	+	60	epithelial	method3_abc	0.1951002491088997
chr1:2586300-2586800	ENSG00000157873	TNFRSF14	chr1	2586300	2586800	2555638	+	30912	epithelial	method3_abc	0.03397940920241061
chr1:2586300-2586800	ENSG00000157881	PANK4	chr1	2586300	2586800	2526596	-	59954	epithelial	method3_abc	0.023556171810237666
chr1:2586300-2586800	ENSG00000197921	HES5	chr1	2586300	2586800	2530262	-	56288	epithelial	method3_abc	0.024047486229502053
chr1:2586300-2586800	ENSG00000215912	TTC34	chr1	2586300	2586800	2801692	-	215142	epithelial	method3_abc	0.02169436809171048
chr1:2587210-2587710	ENSG00000157870	PRXL2B	chr1	2587210	2587710	2586490	+	970	epithelial	method3_abc	0.029510442935719118
chr1:2631476-2631976	ENSG00000142606	MMEL1	chr1	2631476	2631976	2633015	-	1289	epithelial	method3_abc	0.03675833916776264
chr1:2632903-2633403	ENSG00000142606	MMEL1	chr1	2632903	2633403	2633015	-	138	epithelial	method3_abc	0.020787083376836477
chr1:2642990-2643490	ENSG00000142606	MMEL1	chr1	2642990	2643490	2633015	-	10225	epithelial	method3_abc	0.026772047473076422
chr1:3069964-3070464	ENSG00000142611	PRDM16	chr1	3069964	3070464	3069167	+	1047	epithelial	method3_abc	0.041665007366226886
chr1:3453073-3453573	ENSG00000130762	ARHGEF16	chr1	3453073	3453573	3454664	+	1341	epithelial	method3_abc	0.05297780465420414
chr1:3453693-3454193	ENSG00000130762	ARHGEF16	chr1	3453693	3454193	3454664	+	721	epithelial	method3_abc	0.02082883559659323
chr1:3454226-3454726	ENSG00000130762	ARHGEF16	chr1	3454226	3454726	3454664	+	188	epithelial	method3_abc	0.14812660966772692
chr1:3454782-3455282	ENSG00000130762	ARHGEF16	chr1	3454782	3455282	3454664	+	368	epithelial	method3_abc	0.0584419811619049
chr1:3456647-3457147	ENSG00000130762	ARHGEF16	chr1	3456647	3457147	3454664	+	2233	epithelial	method3_abc	0.03658461356289852
chr1:3458203-3458703	ENSG00000130762	ARHGEF16	chr1	3458203	3458703	3454664	+	3789	epithelial	method3_abc	0.02028694118844637
chr1:3459288-3459788	ENSG00000130762	ARHGEF16	chr1	3459288	3459788	3454664	+	4874	epithelial	method3_abc	0.02208515927076005
chr1:3459961-3460461	ENSG00000130762	ARHGEF16	chr1	3459961	3460461	3454664	+	5547	epithelial	method3_abc	0.05850055739249508
chr1:3611453-3611953	ENSG00000162591	MEGF6	chr1	3611453	3611953	3611507	-	196	epithelial	method3_abc	0.025644685021733265
chr1:3623947-3624447	ENSG00000158109	TPRG1L	chr1	3623947	3624447	3625014	+	817	epithelial	method3_abc	0.025471542296014803
chr1:3624668-3625168	ENSG00000078900	TP73	chr1	3624668	3625168	3652515	+	27597	epithelial	method3_abc	0.054215689814733764
chr1:3624668-3625168	ENSG00000116213	WRAP73	chr1	3624668	3625168	3652760	-	27842	epithelial	method3_abc	0.053968141907365576
chr1:3624668-3625168	ENSG00000158109	TPRG1L	chr1	3624668	3625168	3625014	+	96	epithelial	method3_abc	0.22111467487985043
chr1:3624668-3625168	ENSG00000162591	MEGF6	chr1	3624668	3625168	3611507	-	13411	epithelial	method3_abc	0.09331722098596483
chr1:3625188-3625688	ENSG00000078900	TP73	chr1	3625188	3625688	3652515	+	27077	epithelial	method3_abc	0.021209124258059035
chr1:3625188-3625688	ENSG00000116213	WRAP73	chr1	3625188	3625688	3652760	-	27322	epithelial	method3_abc	0.021110062746633594
chr1:3625188-3625688	ENSG00000158109	TPRG1L	chr1	3625188	3625688	3625014	+	424	epithelial	method3_abc	0.08079245497765525
chr1:3625188-3625688	ENSG00000162591	MEGF6	chr1	3625188	3625688	3611507	-	13931	epithelial	method3_abc	0.03513661243065671
chr1:3649880-3650380	ENSG00000078900	TP73	chr1	3649880	3650380	3652515	+	2385	epithelial	method3_abc	0.0666174209967955
chr1:3649880-3650380	ENSG00000116213	WRAP73	chr1	3649880	3650380	3652760	-	2630	epithelial	method3_abc	0.06487809496350135
chr1:3652561-3653061	ENSG00000078900	TP73	chr1	3652561	3653061	3652515	+	296	epithelial	method3_abc	0.0211300412416755
chr1:3652561-3653061	ENSG00000116213	WRAP73	chr1	3652561	3653061	3652760	-	51	epithelial	method3_abc	0.022061673877786292
chr1:3668773-3669273	ENSG00000078900	TP73	chr1	3668773	3669273	3652515	+	16508	epithelial	method3_abc	0.03776192877795605
chr1:3668773-3669273	ENSG00000116213	WRAP73	chr1	3668773	3669273	3652760	-	16263	epithelial	method3_abc	0.0382141787494749
chr1:3747195-3747695	ENSG00000162592	CCDC27	chr1	3747195	3747695	3746459	+	986	epithelial	method3_abc	0.057296849182940666
chr1:3771760-3772260	ENSG00000235169	SMIM1	chr1	3771760	3772260	3772748	+	738	epithelial	method3_abc	0.02675098570429815
chr1:3772373-3772873	ENSG00000130764	LRRC47	chr1	3772373	3772873	3796497	-	23874	epithelial	method3_abc	0.03307597003095388
chr1:3772373-3772873	ENSG00000162592	CCDC27	chr1	3772373	3772873	3746459	+	26164	epithelial	method3_abc	0.03528436716848669
chr1:3772373-3772873	ENSG00000235169	SMIM1	chr1	3772373	3772873	3772748	+	125	epithelial	method3_abc	0.13914780202664997
chr1:3772933-3773433	ENSG00000235169	SMIM1	chr1	3772933	3773433	3772748	+	435	epithelial	method3_abc	0.027139223415481497
chr1:3775861-3776361	ENSG00000235169	SMIM1	chr1	3775861	3776361	3772748	+	3363	epithelial	method3_abc	0.03800580649695658
chr1:3795683-3796183	ENSG00000130764	LRRC47	chr1	3795683	3796183	3796497	-	564	epithelial	method3_abc	0.024796601272517902
chr1:3796246-3796746	ENSG00000130764	LRRC47	chr1	3796246	3796746	3796497	-	1	epithelial	method3_abc	0.1633611131833403
chr1:3796246-3796746	ENSG00000162592	CCDC27	chr1	3796246	3796746	3746459	+	50037	epithelial	method3_abc	0.023113487922828458
chr1:3796246-3796746	ENSG00000235169	SMIM1	chr1	3796246	3796746	3772748	+	23748	epithelial	method3_abc	0.03335000345846516
chr1:3856478-3856978	ENSG00000116198	CEP104	chr1	3856478	3856978	3857395	-	667	epithelial	method3_abc	0.055858316364245784
chr1:3856478-3856978	ENSG00000169598	DFFB	chr1	3856478	3856978	3857266	+	538	epithelial	method3_abc	0.0565975451766165
chr1:3857005-3857505	ENSG00000116198	CEP104	chr1	3857005	3857505	3857395	-	140	epithelial	method3_abc	0.2986779001753467
chr1:3857005-3857505	ENSG00000130764	LRRC47	chr1	3857005	3857505	3796497	-	60758	epithelial	method3_abc	0.03863443046258717
chr1:3857005-3857505	ENSG00000162592	CCDC27	chr1	3857005	3857505	3746459	+	110796	epithelial	method3_abc	0.026920515535159752
chr1:3857005-3857505	ENSG00000169598	DFFB	chr1	3857005	3857505	3857266	+	11	epithelial	method3_abc	0.3032608156121604
chr1:3857005-3857505	ENSG00000198912	C1orf174	chr1	3857005	3857505	3900292	-	43037	epithelial	method3_abc	0.03624701165914402
chr1:3857005-3857505	ENSG00000235169	SMIM1	chr1	3857005	3857505	3772748	+	84507	epithelial	method3_abc	0.02762043925229461
chr1:3857950-3858450	ENSG00000116198	CEP104	chr1	3857950	3858450	3857395	-	805	epithelial	method3_abc	0.027250046392725123
chr1:3857950-3858450	ENSG00000169598	DFFB	chr1	3857950	3858450	3857266	+	934	epithelial	method3_abc	0.02655047807637297
chr1:3899339-3899839	ENSG00000198912	C1orf174	chr1	3899339	3899839	3900292	-	703	epithelial	method3_abc	0.02089427894541485
chr1:3900017-3900517	ENSG00000116198	CEP104	chr1	3900017	3900517	3857395	-	42872	epithelial	method3_abc	0.033672920187169046
chr1:3900017-3900517	ENSG00000169598	DFFB	chr1	3900017	3900517	3857266	+	43001	epithelial	method3_abc	0.03336364769285839
chr1:3900017-3900517	ENSG00000198912	C1orf174	chr1	3900017	3900517	3900292	-	25	epithelial	method3_abc	0.20298576773571705
chr1:3900623-3901123	ENSG00000116198	CEP104	chr1	3900623	3901123	3857395	-	43478	epithelial	method3_abc	0.022819159200520103
chr1:3900623-3901123	ENSG00000169598	DFFB	chr1	3900623	3901123	3857266	+	43607	epithelial	method3_abc	0.022610235055498976
chr1:3900623-3901123	ENSG00000198912	C1orf174	chr1	3900623	3901123	3900292	-	581	epithelial	method3_abc	0.12693643014117598
chr1:3901144-3901644	ENSG00000116198	CEP104	chr1	3901144	3901644	3857395	-	43999	epithelial	method3_abc	0.02595046113525114
chr1:3901144-3901644	ENSG00000169598	DFFB	chr1	3901144	3901644	3857266	+	44128	epithelial	method3_abc	0.025713499178880245
chr1:3901144-3901644	ENSG00000198912	C1orf174	chr1	3901144	3901644	3900292	-	1102	epithelial	method3_abc	0.13481845905746195
chr1:4652495-4652995	ENSG00000196581	AJAP1	chr1	4652495	4652995	4654608	+	1863	epithelial	method3_abc	0.027877100700673493
chr1:5991221-5991721	ENSG00000069424	KCNAB2	chr1	5991221	5991721	5990926	+	545	epithelial	method3_abc	0.025131078984162683
chr1:5991221-5991721	ENSG00000131697	NPHP4	chr1	5991221	5991721	5992472	-	1001	epithelial	method3_abc	0.022090082675371717
chr1:5991752-5992252	ENSG00000069424	KCNAB2	chr1	5991752	5992252	5990926	+	1076	epithelial	method3_abc	0.07716888151520135
chr1:5991752-5992252	ENSG00000131697	NPHP4	chr1	5991752	5992252	5992472	-	470	epithelial	method3_abc	0.07961357021508017
chr1:5992261-5992761	ENSG00000069424	KCNAB2	chr1	5992261	5992761	5990926	+	1585	epithelial	method3_abc	0.1889187491281295
chr1:5992261-5992761	ENSG00000131697	NPHP4	chr1	5992261	5992761	5992472	-	39	epithelial	method3_abc	0.22450468591055908
chr1:5992879-5993379	ENSG00000131697	NPHP4	chr1	5992879	5993379	5992472	-	657	epithelial	method3_abc	0.02019446091626374
chr1:6198765-6199265	ENSG00000285629	ENSG00000285629	chr1	6198765	6199265	6197756	-	1259	epithelial	method3_abc	0.021329404836140105
chr1:6199404-6199904	ENSG00000116237	ICMT	chr1	6199404	6199904	6235971	-	36317	epithelial	method3_abc	0.02200221977538656
chr1:6199404-6199904	ENSG00000116251	RPL22	chr1	6199404	6199904	6209388	-	9734	epithelial	method3_abc	0.05978434135597583
chr1:6199404-6199904	ENSG00000116254	CHD5	chr1	6199404	6199904	6180320	-	19334	epithelial	method3_abc	0.05193324681345047
chr1:6199404-6199904	ENSG00000158286	RNF207	chr1	6199404	6199904	6205474	+	5820	epithelial	method3_abc	0.07616265720959843
chr1:6199404-6199904	ENSG00000285629	ENSG00000285629	chr1	6199404	6199904	6197756	-	1898	epithelial	method3_abc	0.1241794240115508
chr1:6205101-6205601	ENSG00000116251	RPL22	chr1	6205101	6205601	6209388	-	4037	epithelial	method3_abc	0.03265838028569096
chr1:6205101-6205601	ENSG00000158286	RNF207	chr1	6205101	6205601	6205474	+	123	epithelial	method3_abc	0.05211262552568454
chr1:6205101-6205601	ENSG00000285629	ENSG00000285629	chr1	6205101	6205601	6197756	-	7595	epithelial	method3_abc	0.026258852659873547
chr1:6205774-6206274	ENSG00000116251	RPL22	chr1	6205774	6206274	6209388	-	3364	epithelial	method3_abc	0.06351385236675147
chr1:6205774-6206274	ENSG00000116254	CHD5	chr1	6205774	6206274	6180320	-	25704	epithelial	method3_abc	0.02753809150095826
chr1:6205774-6206274	ENSG00000158286	RNF207	chr1	6205774	6206274	6205474	+	550	epithelial	method3_abc	0.0883745341211374
chr1:6205774-6206274	ENSG00000285629	ENSG00000285629	chr1	6205774	6206274	6197756	-	8268	epithelial	method3_abc	0.04562893076903197
chr1:6206360-6206860	ENSG00000158286	RNF207	chr1	6206360	6206860	6205474	+	1136	epithelial	method3_abc	0.023010148507874275
chr1:6208599-6209099	ENSG00000116251	RPL22	chr1	6208599	6209099	6209388	-	539	epithelial	method3_abc	0.027284458538742472
chr1:6209128-6209628	ENSG00000116251	RPL22	chr1	6209128	6209628	6209388	-	10	epithelial	method3_abc	0.04300611214524245
chr1:6209128-6209628	ENSG00000158286	RNF207	chr1	6209128	6209628	6205474	+	3904	epithelial	method3_abc	0.02539471243853644
chr1:6235160-6235660	ENSG00000116237	ICMT	chr1	6235160	6235660	6235971	-	561	epithelial	method3_abc	0.03523627470299013
chr1:6235759-6236259	ENSG00000116237	ICMT	chr1	6235759	6236259	6235971	-	38	epithelial	method3_abc	0.17549514406821287
chr1:6235759-6236259	ENSG00000116251	RPL22	chr1	6235759	6236259	6209388	-	26621	epithelial	method3_abc	0.039334970127846015
chr1:6235759-6236259	ENSG00000116254	CHD5	chr1	6235759	6236259	6180320	-	55689	epithelial	method3_abc	0.02998311208655667
chr1:6235759-6236259	ENSG00000158286	RNF207	chr1	6235759	6236259	6205474	+	30535	epithelial	method3_abc	0.03460827675729288
chr1:6235759-6236259	ENSG00000158292	GPR153	chr1	6235759	6236259	6261097	-	25088	epithelial	method3_abc	0.0374194598235912
chr1:6235759-6236259	ENSG00000173673	HES3	chr1	6235759	6236259	6244178	+	8169	epithelial	method3_abc	0.07770701872936986
chr1:6235759-6236259	ENSG00000285629	ENSG00000285629	chr1	6235759	6236259	6197756	-	38253	epithelial	method3_abc	0.032146660275420555
chr1:6245011-6245511	ENSG00000116237	ICMT	chr1	6245011	6245511	6235971	-	9290	epithelial	method3_abc	0.027346499176720242
chr1:6245011-6245511	ENSG00000173673	HES3	chr1	6245011	6245511	6244178	+	1083	epithelial	method3_abc	0.05872712644332194
chr1:6246656-6247156	ENSG00000173673	HES3	chr1	6246656	6247156	6244178	+	2728	epithelial	method3_abc	0.03284298668734381
chr1:6259979-6260479	ENSG00000158292	GPR153	chr1	6259979	6260479	6261097	-	868	epithelial	method3_abc	0.05670187439696183
chr1:6260871-6261371	ENSG00000158292	GPR153	chr1	6260871	6261371	6261097	-	24	epithelial	method3_abc	0.05173731439148529
chr1:6269933-6270433	ENSG00000158292	GPR153	chr1	6269933	6270433	6261097	-	9086	epithelial	method3_abc	0.022301871522324913
chr1:6392921-6393421	ENSG00000097021	ACOT7	chr1	6392921	6393421	6393766	-	595	epithelial	method3_abc	0.07462716362770938
chr1:6393545-6394045	ENSG00000069812	HES2	chr1	6393545	6394045	6424669	-	30874	epithelial	method3_abc	0.02205706604877736
chr1:6393545-6394045	ENSG00000097021	ACOT7	chr1	6393545	6394045	6393766	-	29	epithelial	method3_abc	0.1308655450349186
chr1:6393545-6394045	ENSG00000187017	ESPN	chr1	6393545	6394045	6424775	+	30980	epithelial	method3_abc	0.022003055804049827
chr1:6419719-6420219	ENSG00000069812	HES2	chr1	6419719	6420219	6424669	-	4700	epithelial	method3_abc	0.0437190289801126
chr1:6419719-6420219	ENSG00000187017	ESPN	chr1	6419719	6420219	6424775	+	4806	epithelial	method3_abc	0.04331257545527025
chr1:6420551-6421051	ENSG00000069812	HES2	chr1	6420551	6421051	6424669	-	3868	epithelial	method3_abc	0.02499317203683415
chr1:6420551-6421051	ENSG00000187017	ESPN	chr1	6420551	6421051	6424775	+	3974	epithelial	method3_abc	0.02473898532242125
chr1:6423367-6423867	ENSG00000069812	HES2	chr1	6423367	6423867	6424669	-	1052	epithelial	method3_abc	0.02677096321754924
chr1:6423367-6423867	ENSG00000187017	ESPN	chr1	6423367	6423867	6424775	+	1158	epithelial	method3_abc	0.02637263761514205
chr1:6424512-6425012	ENSG00000069812	HES2	chr1	6424512	6425012	6424669	-	93	epithelial	method3_abc	0.039314166705183104
chr1:6424512-6425012	ENSG00000187017	ESPN	chr1	6424512	6425012	6424775	+	13	epithelial	method3_abc	0.03986403043440295
chr1:6425045-6425545	ENSG00000069812	HES2	chr1	6425045	6425545	6424669	-	626	epithelial	method3_abc	0.020346863717021327
chr1:6425045-6425545	ENSG00000187017	ESPN	chr1	6425045	6425545	6424775	+	520	epithelial	method3_abc	0.020688751223378155
chr1:6440253-6440753	ENSG00000069812	HES2	chr1	6440253	6440753	6424669	-	15834	epithelial	method3_abc	0.020806459478878603
chr1:6440253-6440753	ENSG00000187017	ESPN	chr1	6440253	6440753	6424775	+	15728	epithelial	method3_abc	0.020901405775498812
chr1:6450965-6451465	ENSG00000215788	TNFRSF25	chr1	6450965	6451465	6466174	-	14959	epithelial	method3_abc	0.02574557356432244
chr1:6471407-6471907	ENSG00000171680	PLEKHG5	chr1	6471407	6471907	6520073	-	48416	epithelial	method3_abc	0.020136083180937087
chr1:6471407-6471907	ENSG00000215788	TNFRSF25	chr1	6471407	6471907	6466174	-	5483	epithelial	method3_abc	0.05575832516053333
chr1:6471967-6472467	ENSG00000215788	TNFRSF25	chr1	6471967	6472467	6466174	-	6043	epithelial	method3_abc	0.04645394291783987
chr1:6475420-6475920	ENSG00000215788	TNFRSF25	chr1	6475420	6475920	6466174	-	9496	epithelial	method3_abc	0.020073478379434923
chr1:6476399-6476899	ENSG00000215788	TNFRSF25	chr1	6476399	6476899	6466174	-	10475	epithelial	method3_abc	0.020300721488328684
chr1:6554299-6554799	ENSG00000162408	NOL9	chr1	6554299	6554799	6554512	-	37	epithelial	method3_abc	0.11691914514875154
chr1:6554299-6554799	ENSG00000171680	PLEKHG5	chr1	6554299	6554799	6520073	-	34476	epithelial	method3_abc	0.02078898094589139
chr1:6554299-6554799	ENSG00000173662	TAS1R1	chr1	6554299	6554799	6555306	+	757	epithelial	method3_abc	0.10549833720371388
chr1:6554299-6554799	ENSG00000204859	ZBTB48	chr1	6554299	6554799	6579993	+	25444	epithelial	method3_abc	0.02075835489960113
chr1:6579659-6580159	ENSG00000041988	THAP3	chr1	6579659	6580159	6624867	+	44958	epithelial	method3_abc	0.023476865432428735
chr1:6579659-6580159	ENSG00000116273	PHF13	chr1	6579659	6580159	6613730	+	33821	epithelial	method3_abc	0.023855034906376634
chr1:6579659-6580159	ENSG00000162408	NOL9	chr1	6579659	6580159	6554512	-	25397	epithelial	method3_abc	0.038665519059166834
chr1:6579659-6580159	ENSG00000162413	KLHL21	chr1	6579659	6580159	6614606	-	34697	epithelial	method3_abc	0.024071612405221963
chr1:6579659-6580159	ENSG00000171680	PLEKHG5	chr1	6579659	6580159	6520073	-	59836	epithelial	method3_abc	0.02132918557919143
chr1:6579659-6580159	ENSG00000173662	TAS1R1	chr1	6579659	6580159	6555306	+	24603	epithelial	method3_abc	0.04010195994333231
chr1:6579659-6580159	ENSG00000204859	ZBTB48	chr1	6579659	6580159	6579993	+	84	epithelial	method3_abc	0.15561517565272112
chr1:6582291-6582791	ENSG00000204859	ZBTB48	chr1	6582291	6582791	6579993	+	2548	epithelial	method3_abc	0.03795869698686054
chr1:6602750-6603250	ENSG00000041988	THAP3	chr1	6602750	6603250	6624867	+	21867	epithelial	method3_abc	0.03882294699766994
chr1:6602750-6603250	ENSG00000116273	PHF13	chr1	6602750	6603250	6613730	+	10730	epithelial	method3_abc	0.050465757392949874
chr1:6602750-6603250	ENSG00000162408	NOL9	chr1	6602750	6603250	6554512	-	48488	epithelial	method3_abc	0.022797447512558747
chr1:6602750-6603250	ENSG00000162413	KLHL21	chr1	6602750	6603250	6614606	-	11606	epithelial	method3_abc	0.049530928987065695
chr1:6602750-6603250	ENSG00000173662	TAS1R1	chr1	6602750	6603250	6555306	+	47694	epithelial	method3_abc	0.02340874589237145
chr1:6602750-6603250	ENSG00000204859	ZBTB48	chr1	6602750	6603250	6579993	+	23007	epithelial	method3_abc	0.033994723813307884
chr1:6612604-6613104	ENSG00000116273	PHF13	chr1	6612604	6613104	6613730	+	876	epithelial	method3_abc	0.03280041139927849
chr1:6612604-6613104	ENSG00000162413	KLHL21	chr1	6612604	6613104	6614606	-	1752	epithelial	method3_abc	0.02990408351859882
chr1:6613232-6613732	ENSG00000007923	DNAJC11	chr1	6613232	6613732	6701923	-	88441	epithelial	method3_abc	0.0234489200054808
chr1:6613232-6613732	ENSG00000041988	THAP3	chr1	6613232	6613732	6624867	+	11385	epithelial	method3_abc	0.09116203094008837
chr1:6613232-6613732	ENSG00000116273	PHF13	chr1	6613232	6613732	6613730	+	248	epithelial	method3_abc	0.20027621425990574
chr1:6613232-6613732	ENSG00000162408	NOL9	chr1	6613232	6613732	6554512	-	58970	epithelial	method3_abc	0.029794976699169487
chr1:6613232-6613732	ENSG00000162413	KLHL21	chr1	6613232	6613732	6614606	-	1124	epithelial	method3_abc	0.18016053491071504
chr1:6613232-6613732	ENSG00000171680	PLEKHG5	chr1	6613232	6613732	6520073	-	93409	epithelial	method3_abc	0.02184087270406713
chr1:6613232-6613732	ENSG00000173662	TAS1R1	chr1	6613232	6613732	6555306	+	58176	epithelial	method3_abc	0.03052834297055454
chr1:6613232-6613732	ENSG00000204859	ZBTB48	chr1	6613232	6613732	6579993	+	33489	epithelial	method3_abc	0.039369853961560425
chr1:6613950-6614450	ENSG00000116273	PHF13	chr1	6613950	6614450	6613730	+	470	epithelial	method3_abc	0.03391301698877924
chr1:6613950-6614450	ENSG00000162413	KLHL21	chr1	6613950	6614450	6614606	-	406	epithelial	method3_abc	0.03525084353561083
chr1:6614548-6615048	ENSG00000116273	PHF13	chr1	6614548	6615048	6613730	+	1068	epithelial	method3_abc	0.02707705796386039
chr1:6614548-6615048	ENSG00000162413	KLHL21	chr1	6614548	6615048	6614606	-	192	epithelial	method3_abc	0.03190554856585521
chr1:6624912-6625412	ENSG00000041988	THAP3	chr1	6624912	6625412	6624867	+	295	epithelial	method3_abc	0.09359515751524454
chr1:6624912-6625412	ENSG00000116273	PHF13	chr1	6624912	6625412	6613730	+	11432	epithelial	method3_abc	0.028510688191212826
chr1:6624912-6625412	ENSG00000162413	KLHL21	chr1	6624912	6625412	6614606	-	10556	epithelial	method3_abc	0.03076546168981081
chr1:6701655-6702155	ENSG00000007923	DNAJC11	chr1	6701655	6702155	6701923	-	18	epithelial	method3_abc	0.193329716877768
chr1:6706470-6706970	ENSG00000007923	DNAJC11	chr1	6706470	6706970	6701923	-	4797	epithelial	method3_abc	0.039059582198274316
chr1:6784473-6784973	ENSG00000007923	DNAJC11	chr1	6784473	6784973	6701923	-	82800	epithelial	method3_abc	0.020372913243616002
chr1:6784473-6784973	ENSG00000171735	CAMTA1	chr1	6784473	6784973	6785453	+	730	epithelial	method3_abc	0.17694248839729537
chr1:6785146-6785646	ENSG00000007923	DNAJC11	chr1	6785146	6785646	6701923	-	83473	epithelial	method3_abc	0.02293677111487714
chr1:6785146-6785646	ENSG00000171735	CAMTA1	chr1	6785146	6785646	6785453	+	57	epithelial	method3_abc	0.22356512359585098
chr1:6785653-6786153	ENSG00000171735	CAMTA1	chr1	6785653	6786153	6785453	+	450	epithelial	method3_abc	0.0523153961713611
chr1:7704408-7704908	ENSG00000049245	VAMP3	chr1	7704408	7704908	7771295	+	66637	epithelial	method3_abc	0.021458077859170737
chr1:7771008-7771508	ENSG00000049245	VAMP3	chr1	7771008	7771508	7771295	+	37	epithelial	method3_abc	0.17495065135438453
chr1:7771008-7771508	ENSG00000049246	PER3	chr1	7771008	7771508	7784290	+	13032	epithelial	method3_abc	0.05182647280585045
chr1:7771008-7771508	ENSG00000049247	UTS2	chr1	7771008	7771508	7853511	-	82253	epithelial	method3_abc	0.022549033467031104
chr1:7771554-7772054	ENSG00000049245	VAMP3	chr1	7771554	7772054	7771295	+	509	epithelial	method3_abc	0.06619973303257708
chr1:7771554-7772054	ENSG00000049246	PER3	chr1	7771554	7772054	7784290	+	12486	epithelial	method3_abc	0.021774767233008564
chr1:7782011-7782511	ENSG00000049246	PER3	chr1	7782011	7782511	7784290	+	2029	epithelial	method3_abc	0.02189396561129082
chr1:7783024-7783524	ENSG00000049246	PER3	chr1	7783024	7783524	7784290	+	1016	epithelial	method3_abc	0.021430550657851904
chr1:7783711-7784211	ENSG00000049245	VAMP3	chr1	7783711	7784211	7771295	+	12666	epithelial	method3_abc	0.12684832835411053
chr1:7783711-7784211	ENSG00000049246	PER3	chr1	7783711	7784211	7784290	+	329	epithelial	method3_abc	0.32330908766079813
chr1:7783711-7784211	ENSG00000049247	UTS2	chr1	7783711	7784211	7853511	-	69550	epithelial	method3_abc	0.05585566695390004
chr1:7783711-7784211	ENSG00000049249	TNFRSF9	chr1	7783711	7784211	7943164	-	159203	epithelial	method3_abc	0.02222838483961794
chr1:7784392-7784892	ENSG00000049246	PER3	chr1	7784392	7784892	7784290	+	352	epithelial	method3_abc	0.032924205986228965
chr1:7885456-7885956	ENSG00000049247	UTS2	chr1	7885456	7885956	7853511	-	32195	epithelial	method3_abc	0.024111606568750003
chr1:7942224-7942724	ENSG00000049249	TNFRSF9	chr1	7942224	7942724	7943164	-	690	epithelial	method3_abc	0.021113030323147906
chr1:7953994-7954494	ENSG00000049249	TNFRSF9	chr1	7953994	7954494	7943164	-	11080	epithelial	method3_abc	0.06023905693000307
chr1:7953994-7954494	ENSG00000116288	PARK7	chr1	7953994	7954494	7954290	+	46	epithelial	method3_abc	0.13605503771070482
chr1:7961315-7961815	ENSG00000049247	UTS2	chr1	7961315	7961815	7853511	-	108054	epithelial	method3_abc	0.034831823893803356
chr1:7961315-7961815	ENSG00000049249	TNFRSF9	chr1	7961315	7961815	7943164	-	18401	epithelial	method3_abc	0.10846604200566086
chr1:7961315-7961815	ENSG00000116285	ERRFI1	chr1	7961315	7961815	8026308	-	64743	epithelial	method3_abc	0.028178564460879442
chr1:7961315-7961815	ENSG00000116288	PARK7	chr1	7961315	7961815	7954290	+	7275	epithelial	method3_abc	0.15667898085121826
chr1:8025525-8026025	ENSG00000116285	ERRFI1	chr1	8025525	8026025	8026308	-	533	epithelial	method3_abc	0.03617661057897705
chr1:8026134-8026634	ENSG00000049249	TNFRSF9	chr1	8026134	8026634	7943164	-	83220	epithelial	method3_abc	0.028824671430469507
chr1:8026134-8026634	ENSG00000116285	ERRFI1	chr1	8026134	8026634	8026308	-	76	epithelial	method3_abc	0.23218842790958993
chr1:8026134-8026634	ENSG00000116288	PARK7	chr1	8026134	8026634	7954290	+	72094	epithelial	method3_abc	0.02670739356180706
chr1:8026739-8027239	ENSG00000116285	ERRFI1	chr1	8026739	8027239	8026308	-	681	epithelial	method3_abc	0.044988995076598745
chr1:8027266-8027766	ENSG00000116285	ERRFI1	chr1	8027266	8027766	8026308	-	1208	epithelial	method3_abc	0.025292533987342946
chr1:8314247-8314747	ENSG00000162426	SLC45A1	chr1	8314247	8314747	8318113	+	3616	epithelial	method3_abc	0.04411091952492642
chr1:8317811-8318311	ENSG00000162426	SLC45A1	chr1	8317811	8318311	8318113	+	52	epithelial	method3_abc	0.03972023283193021
chr1:8817499-8817999	ENSG00000142599	RERE	chr1	8817499	8817999	8848920	-	31171	epithelial	method3_abc	0.03737596085066351
chr1:8847942-8848442	ENSG00000142599	RERE	chr1	8847942	8848442	8848920	-	728	epithelial	method3_abc	0.03007610069726214
chr1:8848732-8849232	ENSG00000142599	RERE	chr1	8848732	8849232	8848920	-	62	epithelial	method3_abc	0.12963325266733358
chr1:8873518-8874018	ENSG00000074800	ENO1	chr1	8873518	8874018	8879189	-	5421	epithelial	method3_abc	0.028539237652962433
chr1:8877821-8878321	ENSG00000074800	ENO1	chr1	8877821	8878321	8879189	-	1118	epithelial	method3_abc	0.046916248051605554
chr1:8878526-8879026	ENSG00000074800	ENO1	chr1	8878526	8879026	8879189	-	413	epithelial	method3_abc	0.16308601051673174
chr1:8878526-8879026	ENSG00000131686	CA6	chr1	8878526	8879026	8945866	+	67090	epithelial	method3_abc	0.03200083586272111
chr1:8878526-8879026	ENSG00000142599	RERE	chr1	8878526	8879026	8848920	-	29856	epithelial	method3_abc	0.04234012709063062
chr1:8879047-8879547	ENSG00000074800	ENO1	chr1	8879047	8879547	8879189	-	108	epithelial	method3_abc	0.1338776980818987
chr1:8879047-8879547	ENSG00000131686	CA6	chr1	8879047	8879547	8945866	+	66569	epithelial	method3_abc	0.02513509932453473
chr1:8879047-8879547	ENSG00000142599	RERE	chr1	8879047	8879547	8848920	-	30377	epithelial	method3_abc	0.032623088081433334
chr1:8880192-8880692	ENSG00000074800	ENO1	chr1	8880192	8880692	8879189	-	1253	epithelial	method3_abc	0.036504941384497995
chr1:9026620-9027120	ENSG00000197241	SLC2A7	chr1	9026620	9027120	9026422	-	448	epithelial	method3_abc	0.023040089959454363
chr1:9049153-9049653	ENSG00000197241	SLC2A7	chr1	9049153	9049653	9026422	-	22981	epithelial	method3_abc	0.021445593352789626
chr1:9127757-9128257	ENSG00000180758	GPR157	chr1	9127757	9128257	9129101	-	1094	epithelial	method3_abc	0.020682309088814733
chr1:9128259-9128759	ENSG00000180758	GPR157	chr1	9128259	9128759	9129101	-	592	epithelial	method3_abc	0.03798206546753259
chr1:9128982-9129482	ENSG00000142583	SLC2A5	chr1	9128982	9129482	9088477	-	40755	epithelial	method3_abc	0.04958891472451725
chr1:9128982-9129482	ENSG00000180758	GPR157	chr1	9128982	9129482	9129101	-	131	epithelial	method3_abc	0.23336510082181522
chr1:9128982-9129482	ENSG00000197241	SLC2A7	chr1	9128982	9129482	9026422	-	102810	epithelial	method3_abc	0.024106698240015118
chr1:9129621-9130121	ENSG00000180758	GPR157	chr1	9129621	9130121	9129101	-	770	epithelial	method3_abc	0.04373066618528524
chr1:9234421-9234921	ENSG00000049239	H6PD	chr1	9234421	9234921	9234773	+	102	epithelial	method3_abc	0.17509661845197036
chr1:9234991-9235491	ENSG00000049239	H6PD	chr1	9234991	9235491	9234773	+	468	epithelial	method3_abc	0.07822379260509345
chr1:9244559-9245059	ENSG00000049239	H6PD	chr1	9244559	9245059	9234773	+	10036	epithelial	method3_abc	0.02452683814259287
chr1:9279073-9279573	ENSG00000171621	SPSB1	chr1	9279073	9279573	9292893	+	13570	epithelial	method3_abc	0.025088306421251105
chr1:9291764-9292264	ENSG00000171621	SPSB1	chr1	9291764	9292264	9292893	+	879	epithelial	method3_abc	0.044063818497098964
chr1:9292609-9293109	ENSG00000171621	SPSB1	chr1	9292609	9293109	9292893	+	34	epithelial	method3_abc	0.13106123463308045
chr1:9293295-9293795	ENSG00000171621	SPSB1	chr1	9293295	9293795	9292893	+	652	epithelial	method3_abc	0.045707362318505466
chr1:9294996-9295496	ENSG00000171621	SPSB1	chr1	9294996	9295496	9292893	+	2353	epithelial	method3_abc	0.024032514547212086
chr1:9537769-9538269	ENSG00000171612	SLC25A33	chr1	9537769	9538269	9539464	+	1445	epithelial	method3_abc	0.03851400784510042
chr1:9539105-9539605	ENSG00000171608	PIK3CD	chr1	9539105	9539605	9629888	+	90533	epithelial	method3_abc	0.02951115336599337
chr1:9539105-9539605	ENSG00000171612	SLC25A33	chr1	9539105	9539605	9539464	+	109	epithelial	method3_abc	0.25159727321231146
chr1:9539105-9539605	ENSG00000188807	TMEM201	chr1	9539105	9539605	9588910	+	49555	epithelial	method3_abc	0.03577363263004002
chr1:9539638-9540138	ENSG00000171612	SLC25A33	chr1	9539638	9540138	9539464	+	424	epithelial	method3_abc	0.07506077734859522
chr1:9588480-9588980	ENSG00000171608	PIK3CD	chr1	9588480	9588980	9629888	+	41158	epithelial	method3_abc	0.04786814490455197
chr1:9588480-9588980	ENSG00000171612	SLC25A33	chr1	9588480	9588980	9539464	+	49266	epithelial	method3_abc	0.027742192903340235
chr1:9588480-9588980	ENSG00000188807	TMEM201	chr1	9588480	9588980	9588910	+	180	epithelial	method3_abc	0.23898136433669145
chr1:9589055-9589555	ENSG00000188807	TMEM201	chr1	9589055	9589555	9588910	+	395	epithelial	method3_abc	0.040957619060898814
chr1:9626934-9627434	ENSG00000171608	PIK3CD	chr1	9626934	9627434	9629888	+	2704	epithelial	method3_abc	0.05652879339729906
chr1:9823140-9823640	ENSG00000171603	CLSTN1	chr1	9823140	9823640	9823983	-	593	epithelial	method3_abc	0.038390588070533686
chr1:9823831-9824331	ENSG00000171603	CLSTN1	chr1	9823831	9824331	9823983	-	98	epithelial	method3_abc	0.15564409665224482
chr1:9824655-9825155	ENSG00000171603	CLSTN1	chr1	9824655	9825155	9823983	-	922	epithelial	method3_abc	0.0240042443257908
chr1:9825473-9825973	ENSG00000171603	CLSTN1	chr1	9825473	9825973	9823983	-	1740	epithelial	method3_abc	0.11818123442410085
chr1:9909592-9910092	ENSG00000178585	CTNNBIP1	chr1	9909592	9910092	9910335	-	493	epithelial	method3_abc	0.04323562245578134
chr1:9910155-9910655	ENSG00000130939	UBE4B	chr1	9910155	9910655	10032831	+	122426	epithelial	method3_abc	0.024644509607063866
chr1:9910155-9910655	ENSG00000162441	LZIC	chr1	9910155	9910655	9943406	-	33001	epithelial	method3_abc	0.06970159442137522
chr1:9910155-9910655	ENSG00000162444	RBP7	chr1	9910155	9910655	9997205	+	86800	epithelial	method3_abc	0.04522677127963058
chr1:9910155-9910655	ENSG00000171603	CLSTN1	chr1	9910155	9910655	9823983	-	86422	epithelial	method3_abc	0.02354865965105186
chr1:9910155-9910655	ENSG00000173614	NMNAT1	chr1	9910155	9910655	9943427	+	33022	epithelial	method3_abc	0.0697244835030782
chr1:9910155-9910655	ENSG00000178585	CTNNBIP1	chr1	9910155	9910655	9910335	-	70	epithelial	method3_abc	0.29784161417019095
chr1:9910677-9911177	ENSG00000178585	CTNNBIP1	chr1	9910677	9911177	9910335	-	592	epithelial	method3_abc	0.06852727420029606
chr1:9942477-9942977	ENSG00000162441	LZIC	chr1	9942477	9942977	9943406	-	679	epithelial	method3_abc	0.06208050922474667
chr1:9942477-9942977	ENSG00000173614	NMNAT1	chr1	9942477	9942977	9943427	+	700	epithelial	method3_abc	0.061931558077545926
chr1:9943154-9943654	ENSG00000162441	LZIC	chr1	9943154	9943654	9943406	-	2	epithelial	method3_abc	0.16701059043455024
chr1:9943154-9943654	ENSG00000162444	RBP7	chr1	9943154	9943654	9997205	+	53801	epithelial	method3_abc	0.02735512179412932
chr1:9943154-9943654	ENSG00000173614	NMNAT1	chr1	9943154	9943654	9943427	+	23	epithelial	method3_abc	0.16653763334294633
chr1:9943154-9943654	ENSG00000178585	CTNNBIP1	chr1	9943154	9943654	9910335	-	33069	epithelial	method3_abc	0.021163123111899065
chr1:9997038-9997538	ENSG00000162444	RBP7	chr1	9997038	9997538	9997205	+	83	epithelial	method3_abc	0.02290460865925596
chr1:10032520-10033020	ENSG00000130939	UBE4B	chr1	10032520	10033020	10032831	+	61	epithelial	method3_abc	0.32015977921945815
chr1:10032520-10033020	ENSG00000162441	LZIC	chr1	10032520	10033020	9943406	-	89364	epithelial	method3_abc	0.02479365580294354
chr1:10032520-10033020	ENSG00000162444	RBP7	chr1	10032520	10033020	9997205	+	35565	epithelial	method3_abc	0.07223282996906762
chr1:10032520-10033020	ENSG00000173614	NMNAT1	chr1	10032520	10033020	9943427	+	89343	epithelial	method3_abc	0.02481852664619226
chr1:10033122-10033622	ENSG00000130939	UBE4B	chr1	10033122	10033622	10032831	+	541	epithelial	method3_abc	0.06084990076390975
chr1:10209642-10210142	ENSG00000054523	KIF1B	chr1	10209642	10210142	10210569	+	677	epithelial	method3_abc	0.041676378043210005
chr1:10210184-10210684	ENSG00000054523	KIF1B	chr1	10210184	10210684	10210569	+	135	epithelial	method3_abc	0.3002972024546701
chr1:10210884-10211384	ENSG00000054523	KIF1B	chr1	10210884	10211384	10210569	+	565	epithelial	method3_abc	0.05671166864569628
chr1:10398133-10398633	ENSG00000142657	PGD	chr1	10398133	10398633	10398591	+	208	epithelial	method3_abc	0.027520153366764454
chr1:10398668-10399168	ENSG00000142655	PEX14	chr1	10398668	10399168	10472287	+	73369	epithelial	method3_abc	0.024123969678491723
chr1:10398668-10399168	ENSG00000142657	PGD	chr1	10398668	10399168	10398591	+	327	epithelial	method3_abc	0.21552201017371928
chr1:10398668-10399168	ENSG00000160049	DFFA	chr1	10398668	10399168	10472528	-	73610	epithelial	method3_abc	0.02389070582800221
chr1:10398668-10399168	ENSG00000175279	CENPS	chr1	10398668	10399168	10430432	+	31514	epithelial	method3_abc	0.04265266972634983
chr1:10398668-10399168	ENSG00000241563	CORT	chr1	10398668	10399168	10450030	+	51112	epithelial	method3_abc	0.03737727562437365
chr1:10398668-10399168	ENSG00000251503	CENPS-CORT	chr1	10398668	10399168	10430101	+	31183	epithelial	method3_abc	0.043135667114865155
chr1:10399180-10399680	ENSG00000142657	PGD	chr1	10399180	10399680	10398591	+	839	epithelial	method3_abc	0.09544844114059646
chr1:10399180-10399680	ENSG00000175279	CENPS	chr1	10399180	10399680	10430432	+	31002	epithelial	method3_abc	0.020712545702990654
chr1:10399180-10399680	ENSG00000251503	CENPS-CORT	chr1	10399180	10399680	10430101	+	30671	epithelial	method3_abc	0.020949465039166722
chr1:10427964-10428464	ENSG00000175279	CENPS	chr1	10427964	10428464	10430432	+	2218	epithelial	method3_abc	0.02741467078046725
chr1:10427964-10428464	ENSG00000251503	CENPS-CORT	chr1	10427964	10428464	10430101	+	1887	epithelial	method3_abc	0.028652936380739808
chr1:10429930-10430430	ENSG00000175279	CENPS	chr1	10429930	10430430	10430432	+	252	epithelial	method3_abc	0.09172872582134088
chr1:10429930-10430430	ENSG00000241563	CORT	chr1	10429930	10430430	10450030	+	19850	epithelial	method3_abc	0.030217194484862736
chr1:10429930-10430430	ENSG00000251503	CENPS-CORT	chr1	10429930	10430430	10430101	+	79	epithelial	method3_abc	0.09475680506463009
chr1:10430493-10430993	ENSG00000142655	PEX14	chr1	10430493	10430993	10472287	+	41544	epithelial	method3_abc	0.02322686636793252
chr1:10430493-10430993	ENSG00000142657	PGD	chr1	10430493	10430993	10398591	+	32152	epithelial	method3_abc	0.024340236137864294
chr1:10430493-10430993	ENSG00000160049	DFFA	chr1	10430493	10430993	10472528	-	41785	epithelial	method3_abc	0.022960408808779288
chr1:10430493-10430993	ENSG00000175279	CENPS	chr1	10430493	10430993	10430432	+	311	epithelial	method3_abc	0.13965620925617706
chr1:10430493-10430993	ENSG00000241563	CORT	chr1	10430493	10430993	10450030	+	19287	epithelial	method3_abc	0.047390206297881446
chr1:10430493-10430993	ENSG00000251503	CENPS-CORT	chr1	10430493	10430993	10430101	+	642	epithelial	method3_abc	0.1329432954133041
chr1:10472328-10472828	ENSG00000142655	PEX14	chr1	10472328	10472828	10472287	+	291	epithelial	method3_abc	0.11024283173641242
chr1:10472328-10472828	ENSG00000160049	DFFA	chr1	10472328	10472828	10472528	-	50	epithelial	method3_abc	0.1140000542023311
chr1:10472328-10472828	ENSG00000241563	CORT	chr1	10472328	10472828	10450030	+	22548	epithelial	method3_abc	0.03040056624769019
chr1:10474682-10475182	ENSG00000142655	PEX14	chr1	10474682	10475182	10472287	+	2645	epithelial	method3_abc	0.08623198648960193
chr1:10474682-10475182	ENSG00000160049	DFFA	chr1	10474682	10475182	10472528	-	2404	epithelial	method3_abc	0.0880463535443401
chr1:10474682-10475182	ENSG00000241563	CORT	chr1	10474682	10475182	10450030	+	24902	epithelial	method3_abc	0.03049856639654538
chr1:10779174-10779674	ENSG00000130940	CASZ1	chr1	10779174	10779674	10796649	-	17225	epithelial	method3_abc	0.024116603438242967
chr1:10793148-10793648	ENSG00000130940	CASZ1	chr1	10793148	10793648	10796649	-	3251	epithelial	method3_abc	0.03373986403243208
chr1:10793766-10794266	ENSG00000130940	CASZ1	chr1	10793766	10794266	10796649	-	2633	epithelial	method3_abc	0.03736679036993792
chr1:10794613-10795113	ENSG00000130940	CASZ1	chr1	10794613	10795113	10796649	-	1786	epithelial	method3_abc	0.020045131459357764
chr1:10795457-10795957	ENSG00000130940	CASZ1	chr1	10795457	10795957	10796649	-	942	epithelial	method3_abc	0.026105991084115668
chr1:10795983-10796483	ENSG00000130940	CASZ1	chr1	10795983	10796483	10796649	-	416	epithelial	method3_abc	0.03760681714117583
chr1:10796486-10796986	ENSG00000130940	CASZ1	chr1	10796486	10796986	10796649	-	87	epithelial	method3_abc	0.09624938153569411
chr1:10803903-10804403	ENSG00000130940	CASZ1	chr1	10803903	10804403	10796649	-	7504	epithelial	method3_abc	0.03563864740465
chr1:10804418-10804918	ENSG00000130940	CASZ1	chr1	10804418	10804918	10796649	-	8019	epithelial	method3_abc	0.028916840209736578
chr1:10979983-10980483	ENSG00000175262	C1orf127	chr1	10979983	10980483	10982075	-	1842	epithelial	method3_abc	0.05405729376307769
chr1:11007678-11008178	ENSG00000120948	TARDBP	chr1	11007678	11008178	11012343	+	4415	epithelial	method3_abc	0.02351757163968492
chr1:11012129-11012629	ENSG00000009724	MASP2	chr1	11012129	11012629	11047238	-	34859	epithelial	method3_abc	0.03964325137882109
chr1:11012129-11012629	ENSG00000116649	SRM	chr1	11012129	11012629	11060019	-	47640	epithelial	method3_abc	0.025491608454746652
chr1:11012129-11012629	ENSG00000120948	TARDBP	chr1	11012129	11012629	11012343	+	36	epithelial	method3_abc	0.18406276817202838
chr1:11012129-11012629	ENSG00000175262	C1orf127	chr1	11012129	11012629	10982075	-	30304	epithelial	method3_abc	0.04249320771775251
chr1:11012823-11013323	ENSG00000009724	MASP2	chr1	11012823	11013323	11047238	-	34165	epithelial	method3_abc	0.026992886672067874
chr1:11012823-11013323	ENSG00000120948	TARDBP	chr1	11012823	11013323	11012343	+	730	epithelial	method3_abc	0.11031370668991253
chr1:11012823-11013323	ENSG00000175262	C1orf127	chr1	11012823	11013323	10982075	-	30998	epithelial	method3_abc	0.028016095528738
chr1:11059334-11059834	ENSG00000116649	SRM	chr1	11059334	11059834	11060019	-	435	epithelial	method3_abc	0.03576003480726633
chr1:11059866-11060366	ENSG00000009724	MASP2	chr1	11059866	11060366	11047238	-	12878	epithelial	method3_abc	0.09317783530102933
chr1:11059866-11060366	ENSG00000116649	SRM	chr1	11059866	11060366	11060019	-	97	epithelial	method3_abc	0.22739514039710676
chr1:11059866-11060366	ENSG00000120948	TARDBP	chr1	11059866	11060366	11012343	+	47773	epithelial	method3_abc	0.02789235156241402
chr1:11059866-11060366	ENSG00000171819	ANGPTL7	chr1	11059866	11060366	11189354	+	129238	epithelial	method3_abc	0.023077906803682494
chr1:11059866-11060366	ENSG00000171824	EXOSC10	chr1	11059866	11060366	11099868	-	39752	epithelial	method3_abc	0.041731490094614965
chr1:11059866-11060366	ENSG00000175262	C1orf127	chr1	11059866	11060366	10982075	-	78041	epithelial	method3_abc	0.02362352168482275
chr1:11060412-11060912	ENSG00000116649	SRM	chr1	11060412	11060912	11060019	-	643	epithelial	method3_abc	0.021999476933399376
chr1:11099125-11099625	ENSG00000171824	EXOSC10	chr1	11099125	11099625	11099868	-	493	epithelial	method3_abc	0.06322771224740346
chr1:11099630-11100130	ENSG00000009724	MASP2	chr1	11099630	11100130	11047238	-	52642	epithelial	method3_abc	0.020297309527629943
chr1:11099630-11100130	ENSG00000116649	SRM	chr1	11099630	11100130	11060019	-	39861	epithelial	method3_abc	0.020676178638271793
chr1:11099630-11100130	ENSG00000171824	EXOSC10	chr1	11099630	11100130	11099868	-	12	epithelial	method3_abc	0.1690878689335415
chr1:11262475-11262975	ENSG00000120942	UBIAD1	chr1	11262475	11262975	11273197	+	10472	epithelial	method3_abc	0.07563170145468981
chr1:11262475-11262975	ENSG00000171819	ANGPTL7	chr1	11262475	11262975	11189354	+	73371	epithelial	method3_abc	0.027712590284046528
chr1:11262475-11262975	ENSG00000198793	MTOR	chr1	11262475	11262975	11262555	-	170	epithelial	method3_abc	0.2091542949914109
chr1:11272799-11273299	ENSG00000120942	UBIAD1	chr1	11272799	11273299	11273197	+	148	epithelial	method3_abc	0.2361722735199295
chr1:11272799-11273299	ENSG00000171819	ANGPTL7	chr1	11272799	11273299	11189354	+	83695	epithelial	method3_abc	0.0298308212216934
chr1:11272799-11273299	ENSG00000198793	MTOR	chr1	11272799	11273299	11262555	-	10494	epithelial	method3_abc	0.09649535772226553
chr1:11273445-11273945	ENSG00000120942	UBIAD1	chr1	11273445	11273945	11273197	+	498	epithelial	method3_abc	0.07596387736618926
chr1:11273445-11273945	ENSG00000198793	MTOR	chr1	11273445	11273945	11262555	-	11140	epithelial	method3_abc	0.031717828329337304
chr1:11478620-11479120	ENSG00000204624	DISP3	chr1	11478620	11479120	11479154	+	284	epithelial	method3_abc	0.08576883927463629
chr1:11479136-11479636	ENSG00000204624	DISP3	chr1	11479136	11479636	11479154	+	232	epithelial	method3_abc	0.029692909480694786
chr1:11648770-11649270	ENSG00000132879	FBXO44	chr1	11648770	11649270	11654374	+	5354	epithelial	method3_abc	0.020592099873586046
chr1:11650390-11650890	ENSG00000116661	FBXO2	chr1	11650390	11650890	11655784	-	5144	epithelial	method3_abc	0.032203103632998546
chr1:11650390-11650890	ENSG00000132879	FBXO44	chr1	11650390	11650890	11654374	+	3734	epithelial	method3_abc	0.03636456773905553
chr1:11654576-11655076	ENSG00000116661	FBXO2	chr1	11654576	11655076	11655784	-	958	epithelial	method3_abc	0.08431385050199255
chr1:11654576-11655076	ENSG00000116663	FBXO6	chr1	11654576	11655076	11664199	+	9373	epithelial	method3_abc	0.03804570899146709
chr1:11654576-11655076	ENSG00000132879	FBXO44	chr1	11654576	11655076	11654374	+	452	epithelial	method3_abc	0.09029566571499517
chr1:11663933-11664433	ENSG00000116661	FBXO2	chr1	11663933	11664433	11655784	-	8399	epithelial	method3_abc	0.05033672420873194
chr1:11663933-11664433	ENSG00000116663	FBXO6	chr1	11663933	11664433	11664199	+	16	epithelial	method3_abc	0.1148847706066536
chr1:11663933-11664433	ENSG00000116670	MAD2L2	chr1	11663933	11664433	11691810	-	27627	epithelial	method3_abc	0.025556492481255032
chr1:11663933-11664433	ENSG00000132879	FBXO44	chr1	11663933	11664433	11654374	+	9809	epithelial	method3_abc	0.04574194971315316
chr1:11663933-11664433	ENSG00000162490	DRAXIN	chr1	11663933	11664433	11691709	+	27526	epithelial	method3_abc	0.025616723201516846
chr1:11664479-11664979	ENSG00000116663	FBXO6	chr1	11664479	11664979	11664199	+	530	epithelial	method3_abc	0.033230316386656876
chr1:11680940-11681440	ENSG00000116661	FBXO2	chr1	11680940	11681440	11655784	-	25406	epithelial	method3_abc	0.026998133246552473
chr1:11680940-11681440	ENSG00000116663	FBXO6	chr1	11680940	11681440	11664199	+	16991	epithelial	method3_abc	0.03474487654796944
chr1:11680940-11681440	ENSG00000116670	MAD2L2	chr1	11680940	11681440	11691810	-	10620	epithelial	method3_abc	0.05307393165268557
chr1:11680940-11681440	ENSG00000132879	FBXO44	chr1	11680940	11681440	11654374	+	26816	epithelial	method3_abc	0.02573006010588962
chr1:11680940-11681440	ENSG00000162490	DRAXIN	chr1	11680940	11681440	11691709	+	10519	epithelial	method3_abc	0.053355991362276756
chr1:11730242-11730742	ENSG00000177674	AGTRAP	chr1	11730242	11730742	11736083	+	5591	epithelial	method3_abc	0.02292813748249945
chr1:11735805-11736305	ENSG00000116670	MAD2L2	chr1	11735805	11736305	11691810	-	44245	epithelial	method3_abc	0.024036064348390986
chr1:11735805-11736305	ENSG00000162490	DRAXIN	chr1	11735805	11736305	11691709	+	44346	epithelial	method3_abc	0.023985021157649854
chr1:11735805-11736305	ENSG00000177674	AGTRAP	chr1	11735805	11736305	11736083	+	28	epithelial	method3_abc	0.14955846420520866
chr1:11735805-11736305	ENSG00000215910	C1orf167	chr1	11735805	11736305	11761786	+	25731	epithelial	method3_abc	0.03512793088519038
chr1:11736616-11737116	ENSG00000177674	AGTRAP	chr1	11736616	11737116	11736083	+	783	epithelial	method3_abc	0.023656390169779693
chr1:11803351-11803851	ENSG00000011021	CLCN6	chr1	11803351	11803851	11806095	+	2494	epithelial	method3_abc	0.03904849106331157
chr1:11803351-11803851	ENSG00000177000	MTHFR	chr1	11803351	11803851	11806454	-	2853	epithelial	method3_abc	0.03819514353970953
chr1:11804723-11805223	ENSG00000011021	CLCN6	chr1	11804723	11805223	11806095	+	1122	epithelial	method3_abc	0.027721352612882076
chr1:11804723-11805223	ENSG00000177000	MTHFR	chr1	11804723	11805223	11806454	-	1481	epithelial	method3_abc	0.026876146650243855
chr1:11805733-11806233	ENSG00000011021	CLCN6	chr1	11805733	11806233	11806095	+	112	epithelial	method3_abc	0.28213161125633485
chr1:11805733-11806233	ENSG00000116661	FBXO2	chr1	11805733	11806233	11655784	-	150199	epithelial	method3_abc	0.020914598855490997
chr1:11805733-11806233	ENSG00000116663	FBXO6	chr1	11805733	11806233	11664199	+	141784	epithelial	method3_abc	0.02131316748878738
chr1:11805733-11806233	ENSG00000116670	MAD2L2	chr1	11805733	11806233	11691810	-	114173	epithelial	method3_abc	0.028981681966390015
chr1:11805733-11806233	ENSG00000120937	NPPB	chr1	11805733	11806233	11858944	-	52961	epithelial	method3_abc	0.05413218317953331
chr1:11805733-11806233	ENSG00000132879	FBXO44	chr1	11805733	11806233	11654374	+	151609	epithelial	method3_abc	0.020571525050141672
chr1:11805733-11806233	ENSG00000162490	DRAXIN	chr1	11805733	11806233	11691709	+	114274	epithelial	method3_abc	0.02895038794975441
chr1:11805733-11806233	ENSG00000175206	NPPA	chr1	11805733	11806233	11848344	-	42361	epithelial	method3_abc	0.06425159089381034
chr1:11805733-11806233	ENSG00000177000	MTHFR	chr1	11805733	11806233	11806454	-	471	epithelial	method3_abc	0.27095158341892805
chr1:11805733-11806233	ENSG00000177674	AGTRAP	chr1	11805733	11806233	11736083	+	69900	epithelial	method3_abc	0.03710270840948071
chr1:11805733-11806233	ENSG00000215910	C1orf167	chr1	11805733	11806233	11761786	+	44197	epithelial	method3_abc	0.06067888698834425
chr1:11806471-11806971	ENSG00000011021	CLCN6	chr1	11806471	11806971	11806095	+	626	epithelial	method3_abc	0.028115876115544065
chr1:11806471-11806971	ENSG00000177000	MTHFR	chr1	11806471	11806971	11806454	-	267	epithelial	method3_abc	0.030335366625194253
chr1:11907599-11908099	ENSG00000083444	PLOD1	chr1	11907599	11908099	11934204	+	26355	epithelial	method3_abc	0.021804782826786166
chr1:11907599-11908099	ENSG00000116685	KIAA2013	chr1	11907599	11908099	11926427	-	18578	epithelial	method3_abc	0.025822894800892372
chr1:11908756-11909256	ENSG00000116685	KIAA2013	chr1	11908756	11909256	11926427	-	17421	epithelial	method3_abc	0.022512550010367508
chr1:11924770-11925270	ENSG00000116685	KIAA2013	chr1	11924770	11925270	11926427	-	1407	epithelial	method3_abc	0.02774331295898987
chr1:11926251-11926751	ENSG00000083444	PLOD1	chr1	11926251	11926751	11934204	+	7703	epithelial	method3_abc	0.08198271189646283
chr1:11926251-11926751	ENSG00000116685	KIAA2013	chr1	11926251	11926751	11926427	-	74	epithelial	method3_abc	0.16835001327851815
chr1:11926251-11926751	ENSG00000120937	NPPB	chr1	11926251	11926751	11858944	-	67557	epithelial	method3_abc	0.025376999790093085
chr1:11926251-11926751	ENSG00000175206	NPPA	chr1	11926251	11926751	11848344	-	78157	epithelial	method3_abc	0.022440658794934697
chr1:11934401-11934901	ENSG00000083444	PLOD1	chr1	11934401	11934901	11934204	+	447	epithelial	method3_abc	0.0978295023818031
chr1:11934401-11934901	ENSG00000116685	KIAA2013	chr1	11934401	11934901	11926427	-	8224	epithelial	method3_abc	0.04179154123269351
chr1:11979429-11979929	ENSG00000116688	MFN2	chr1	11979429	11979929	11980180	+	501	epithelial	method3_abc	0.032475358096405636
chr1:11979982-11980482	ENSG00000083444	PLOD1	chr1	11979982	11980482	11934204	+	46028	epithelial	method3_abc	0.04269821284756311
chr1:11979982-11980482	ENSG00000116685	KIAA2013	chr1	11979982	11980482	11926427	-	53805	epithelial	method3_abc	0.03487867919682962
chr1:11979982-11980482	ENSG00000116688	MFN2	chr1	11979982	11980482	11980180	+	52	epithelial	method3_abc	0.2741739366332966
chr1:11979982-11980482	ENSG00000116691	MIIP	chr1	11979982	11980482	12019465	+	39233	epithelial	method3_abc	0.04914309184704714
chr1:11979982-11980482	ENSG00000120937	NPPB	chr1	11979982	11980482	11858944	-	121288	epithelial	method3_abc	0.027360790593092668
chr1:11979982-11980482	ENSG00000120949	TNFRSF8	chr1	11979982	11980482	12063302	+	83070	epithelial	method3_abc	0.04117723283684978
chr1:11979982-11980482	ENSG00000175206	NPPA	chr1	11979982	11980482	11848344	-	131888	epithelial	method3_abc	0.025397564085980335
chr1:11980583-11981083	ENSG00000116688	MFN2	chr1	11980583	11981083	11980180	+	653	epithelial	method3_abc	0.04389566281636122
chr1:12019079-12019579	ENSG00000083444	PLOD1	chr1	12019079	12019579	11934204	+	85125	epithelial	method3_abc	0.02178477541197041
chr1:12019079-12019579	ENSG00000116688	MFN2	chr1	12019079	12019579	11980180	+	39149	epithelial	method3_abc	0.03480354340659012
chr1:12019079-12019579	ENSG00000116691	MIIP	chr1	12019079	12019579	12019465	+	136	epithelial	method3_abc	0.26772160664529937
chr1:12019079-12019579	ENSG00000120949	TNFRSF8	chr1	12019079	12019579	12063302	+	43973	epithelial	method3_abc	0.057419647649905314
chr1:12019606-12020106	ENSG00000116691	MIIP	chr1	12019606	12020106	12019465	+	391	epithelial	method3_abc	0.03631021455515411
chr1:12148223-12148723	ENSG00000028137	TNFRSF1B	chr1	12148223	12148723	12166990	+	18517	epithelial	method3_abc	0.03317137235296761
chr1:12161763-12162263	ENSG00000028137	TNFRSF1B	chr1	12161763	12162263	12166990	+	4977	epithelial	method3_abc	0.05050381160632904
chr1:12166698-12167198	ENSG00000028137	TNFRSF1B	chr1	12166698	12167198	12166990	+	42	epithelial	method3_abc	0.09957481941915802
chr1:12167280-12167780	ENSG00000028137	TNFRSF1B	chr1	12167280	12167780	12166990	+	540	epithelial	method3_abc	0.024468271524721464
chr1:12229734-12230234	ENSG00000048707	VPS13D	chr1	12229734	12230234	12230029	+	45	epithelial	method3_abc	0.1770881801993218
chr1:12230275-12230775	ENSG00000048707	VPS13D	chr1	12230275	12230775	12230029	+	496	epithelial	method3_abc	0.04303078117990116
chr1:12230799-12231299	ENSG00000048707	VPS13D	chr1	12230799	12231299	12230029	+	1020	epithelial	method3_abc	0.07452732643619593
chr1:12615254-12615754	ENSG00000162496	DHRS3	chr1	12615254	12615754	12618209	-	2705	epithelial	method3_abc	0.021944700039503523
chr1:12615799-12616299	ENSG00000162496	DHRS3	chr1	12615799	12616299	12618209	-	2160	epithelial	method3_abc	0.07372836810049573
chr1:12615799-12616299	ENSG00000204518	AADACL4	chr1	12615799	12616299	12644084	+	28035	epithelial	method3_abc	0.03254489492390849
chr1:12616526-12617026	ENSG00000162496	DHRS3	chr1	12616526	12617026	12618209	-	1433	epithelial	method3_abc	0.043939098081347536
chr1:12617479-12617979	ENSG00000162496	DHRS3	chr1	12617479	12617979	12618209	-	480	epithelial	method3_abc	0.04637643717689573
chr1:12618125-12618625	ENSG00000162496	DHRS3	chr1	12618125	12618625	12618209	-	166	epithelial	method3_abc	0.09352007086483238
chr1:12618125-12618625	ENSG00000204518	AADACL4	chr1	12618125	12618625	12644084	+	25709	epithelial	method3_abc	0.03311384363656452
chr1:12618941-12619441	ENSG00000162496	DHRS3	chr1	12618941	12619441	12618209	-	982	epithelial	method3_abc	0.10286098799494126
chr1:12618941-12619441	ENSG00000204518	AADACL4	chr1	12618941	12619441	12644084	+	24893	epithelial	method3_abc	0.04235875372007363
chr1:12619785-12620285	ENSG00000162496	DHRS3	chr1	12619785	12620285	12618209	-	1826	epithelial	method3_abc	0.06662732219189384
chr1:12619785-12620285	ENSG00000204518	AADACL4	chr1	12619785	12620285	12644084	+	24049	epithelial	method3_abc	0.0315525502670204
chr1:13513802-13514302	ENSG00000162494	LRRC38	chr1	13513802	13514302	13514002	-	50	epithelial	method3_abc	0.023491155631302076
chr1:13699443-13699943	ENSG00000116731	PRDM2	chr1	13699443	13699943	13700187	+	494	epithelial	method3_abc	0.03142830141941038
chr1:13699957-13700457	ENSG00000116731	PRDM2	chr1	13699957	13700457	13700187	+	20	epithelial	method3_abc	0.15968741110894913
chr1:13749094-13749594	ENSG00000116731	PRDM2	chr1	13749094	13749594	13700187	+	49157	epithelial	method3_abc	0.055134924301311346
chr1:13749094-13749594	ENSG00000162493	PDPN	chr1	13749094	13749594	13583464	+	165880	epithelial	method3_abc	0.030691768600189313
chr1:13749094-13749594	ENSG00000162494	LRRC38	chr1	13749094	13749594	13514002	-	235342	epithelial	method3_abc	0.023567354232370313
chr1:13749094-13749594	ENSG00000189337	KAZN	chr1	13749094	13749594	13892791	+	143447	epithelial	method3_abc	0.023392834381423106
chr1:13888553-13889053	ENSG00000189337	KAZN	chr1	13888553	13889053	13892791	+	3988	epithelial	method3_abc	0.08177241339200966
chr1:13889444-13889944	ENSG00000189337	KAZN	chr1	13889444	13889944	13892791	+	3097	epithelial	method3_abc	0.021103769672976305
chr1:13892787-13893287	ENSG00000189337	KAZN	chr1	13892787	13893287	13892791	+	246	epithelial	method3_abc	0.09364035443603239
chr1:13893496-13893996	ENSG00000189337	KAZN	chr1	13893496	13893996	13892791	+	955	epithelial	method3_abc	0.03592604577702029
chr1:15152282-15152782	ENSG00000171729	TMEM51	chr1	15152282	15152782	15152531	+	1	epithelial	method3_abc	0.08154184444957556
chr1:15152877-15153377	ENSG00000171729	TMEM51	chr1	15152877	15153377	15152531	+	596	epithelial	method3_abc	0.08084092371763056
chr1:15153430-15153930	ENSG00000171729	TMEM51	chr1	15153430	15153930	15152531	+	1149	epithelial	method3_abc	0.11227760515535858
chr1:15153948-15154448	ENSG00000171729	TMEM51	chr1	15153948	15154448	15152531	+	1667	epithelial	method3_abc	0.06371108355327726
chr1:15154583-15155083	ENSG00000171729	TMEM51	chr1	15154583	15155083	15152531	+	2302	epithelial	method3_abc	0.022099406038801308
chr1:15229656-15230156	ENSG00000142621	FHAD1	chr1	15229656	15230156	15236520	+	6614	epithelial	method3_abc	0.0590989810249471
chr1:15246950-15247450	ENSG00000142621	FHAD1	chr1	15246950	15247450	15236520	+	10680	epithelial	method3_abc	0.030166889948953574
chr1:15409636-15410136	ENSG00000142634	EFHD2	chr1	15409636	15410136	15409887	+	1	epithelial	method3_abc	0.10687322531620298
chr1:15409636-15410136	ENSG00000162438	CTRC	chr1	15409636	15410136	15438441	+	28555	epithelial	method3_abc	0.02501008658536091
chr1:15411539-15412039	ENSG00000142634	EFHD2	chr1	15411539	15412039	15409887	+	1902	epithelial	method3_abc	0.020008857756559695
chr1:15412781-15413281	ENSG00000142634	EFHD2	chr1	15412781	15413281	15409887	+	3144	epithelial	method3_abc	0.020841746635417074
chr1:15413967-15414467	ENSG00000142634	EFHD2	chr1	15413967	15414467	15409887	+	4330	epithelial	method3_abc	0.023751357019206377
chr1:15417448-15417948	ENSG00000142634	EFHD2	chr1	15417448	15417948	15409887	+	7811	epithelial	method3_abc	0.020901747559230143
chr1:15424035-15424535	ENSG00000142615	CELA2A	chr1	15424035	15424535	15456727	+	32442	epithelial	method3_abc	0.02148129788350111
chr1:15424035-15424535	ENSG00000142634	EFHD2	chr1	15424035	15424535	15409887	+	14398	epithelial	method3_abc	0.026662387194733118
chr1:15424035-15424535	ENSG00000162438	CTRC	chr1	15424035	15424535	15438441	+	14156	epithelial	method3_abc	0.03304593150965186
chr1:15426691-15427191	ENSG00000142634	EFHD2	chr1	15426691	15427191	15409887	+	17054	epithelial	method3_abc	0.020616058690089062
chr1:15426691-15427191	ENSG00000162438	CTRC	chr1	15426691	15427191	15438441	+	11500	epithelial	method3_abc	0.03253151131711995
chr1:15431092-15431592	ENSG00000162438	CTRC	chr1	15431092	15431592	15438441	+	7099	epithelial	method3_abc	0.02173337637666814
chr1:15524079-15524579	ENSG00000116138	DNAJC16	chr1	15524079	15524579	15526812	+	2483	epithelial	method3_abc	0.14987540527630608
chr1:15524079-15524579	ENSG00000116771	AGMAT	chr1	15524079	15524579	15585050	-	60721	epithelial	method3_abc	0.03807609384939868
chr1:15524079-15524579	ENSG00000132906	CASP9	chr1	15524079	15524579	15526533	-	2204	epithelial	method3_abc	0.15384208029284624
chr1:15524079-15524579	ENSG00000142615	CELA2A	chr1	15524079	15524579	15456727	+	67602	epithelial	method3_abc	0.03796030261736968
chr1:15524079-15524579	ENSG00000162438	CTRC	chr1	15524079	15524579	15438441	+	85888	epithelial	method3_abc	0.02680986063673238
chr1:15524079-15524579	ENSG00000197312	DDI2	chr1	15524079	15524579	15617457	+	93128	epithelial	method3_abc	0.022728367773011206
chr1:15524079-15524579	ENSG00000215695	RSC1A1	chr1	15524079	15524579	15659712	+	135383	epithelial	method3_abc	0.023074564633770923
chr1:15524079-15524579	ENSG00000215704	CELA2B	chr1	15524079	15524579	15465908	+	58421	epithelial	method3_abc	0.04377779092093513
chr1:15524657-15525157	ENSG00000116138	DNAJC16	chr1	15524657	15525157	15526812	+	1905	epithelial	method3_abc	0.1583228626396871
chr1:15524657-15525157	ENSG00000116771	AGMAT	chr1	15524657	15525157	15585050	-	60143	epithelial	method3_abc	0.03779460689377039
chr1:15524657-15525157	ENSG00000132906	CASP9	chr1	15524657	15525157	15526533	-	1626	epithelial	method3_abc	0.1629728611740839
chr1:15524657-15525157	ENSG00000142615	CELA2A	chr1	15524657	15525157	15456727	+	68180	epithelial	method3_abc	0.03713413492846342
chr1:15524657-15525157	ENSG00000162438	CTRC	chr1	15524657	15525157	15438441	+	86466	epithelial	method3_abc	0.026262683123337006
chr1:15524657-15525157	ENSG00000197312	DDI2	chr1	15524657	15525157	15617457	+	92550	epithelial	method3_abc	0.022502986171823374
chr1:15524657-15525157	ENSG00000215695	RSC1A1	chr1	15524657	15525157	15659712	+	134805	epithelial	method3_abc	0.022810361283770238
chr1:15524657-15525157	ENSG00000215704	CELA2B	chr1	15524657	15525157	15465908	+	58999	epithelial	method3_abc	0.042782457011955044
chr1:15526490-15526990	ENSG00000116138	DNAJC16	chr1	15526490	15526990	15526812	+	72	epithelial	method3_abc	0.17481516570592623
chr1:15526490-15526990	ENSG00000116771	AGMAT	chr1	15526490	15526990	15585050	-	58310	epithelial	method3_abc	0.03271017578404213
chr1:15526490-15526990	ENSG00000132906	CASP9	chr1	15526490	15526990	15526533	-	207	epithelial	method3_abc	0.16968437547656948
chr1:15526490-15526990	ENSG00000142615	CELA2A	chr1	15526490	15526990	15456727	+	70013	epithelial	method3_abc	0.030682795806033968
chr1:15526490-15526990	ENSG00000162438	CTRC	chr1	15526490	15526990	15438441	+	88299	epithelial	method3_abc	0.02179270059629916
chr1:15526490-15526990	ENSG00000215704	CELA2B	chr1	15526490	15526990	15465908	+	60832	epithelial	method3_abc	0.035242375541638137
chr1:15526999-15527499	ENSG00000116138	DNAJC16	chr1	15526999	15527499	15526812	+	437	epithelial	method3_abc	0.04312820734823979
chr1:15526999-15527499	ENSG00000132906	CASP9	chr1	15526999	15527499	15526533	-	716	epithelial	method3_abc	0.04100546986813162
chr1:15584228-15584728	ENSG00000116771	AGMAT	chr1	15584228	15584728	15585050	-	572	epithelial	method3_abc	0.024426102799562047
chr1:15584841-15585341	ENSG00000116771	AGMAT	chr1	15584841	15585341	15585050	-	41	epithelial	method3_abc	0.0726107792167291
chr1:15603411-15603911	ENSG00000116771	AGMAT	chr1	15603411	15603911	15585050	-	18611	epithelial	method3_abc	0.03457659785891424
chr1:15603411-15603911	ENSG00000197312	DDI2	chr1	15603411	15603911	15617457	+	13796	epithelial	method3_abc	0.03567203972301917
chr1:15616564-15617064	ENSG00000197312	DDI2	chr1	15616564	15617064	15617457	+	643	epithelial	method3_abc	0.021969999100096258
chr1:15617100-15617600	ENSG00000116771	AGMAT	chr1	15617100	15617600	15585050	-	32300	epithelial	method3_abc	0.04250764169098095
chr1:15617100-15617600	ENSG00000116786	PLEKHM2	chr1	15617100	15617600	15684319	+	66969	epithelial	method3_abc	0.02510974208895179
chr1:15617100-15617600	ENSG00000197312	DDI2	chr1	15617100	15617600	15617457	+	107	epithelial	method3_abc	0.20282547441382828
chr1:15617100-15617600	ENSG00000215695	RSC1A1	chr1	15617100	15617600	15659712	+	42362	epithelial	method3_abc	0.04050155545366749
chr1:15617765-15618265	ENSG00000197312	DDI2	chr1	15617765	15618265	15617457	+	558	epithelial	method3_abc	0.04196968072421493
chr1:15618723-15619223	ENSG00000197312	DDI2	chr1	15618723	15619223	15617457	+	1516	epithelial	method3_abc	0.023934706253015768
chr1:15684050-15684550	ENSG00000116786	PLEKHM2	chr1	15684050	15684550	15684319	+	19	epithelial	method3_abc	0.05706529495844724
chr1:15684747-15685247	ENSG00000116786	PLEKHM2	chr1	15684747	15685247	15684319	+	678	epithelial	method3_abc	0.022925971470075572
chr1:15735945-15736445	ENSG00000162458	FBLIM1	chr1	15735945	15736445	15756606	+	20411	epithelial	method3_abc	0.026041383325570665
chr1:15735945-15736445	ENSG00000162460	TMEM82	chr1	15735945	15736445	15742498	+	6303	epithelial	method3_abc	0.05125107218980743
chr1:15735945-15736445	ENSG00000162461	SLC25A34	chr1	15735945	15736445	15736257	+	62	epithelial	method3_abc	0.1061574695435592
chr1:15736783-15737283	ENSG00000162460	TMEM82	chr1	15736783	15737283	15742498	+	5465	epithelial	method3_abc	0.024414472391391263
chr1:15736783-15737283	ENSG00000162461	SLC25A34	chr1	15736783	15737283	15736257	+	776	epithelial	method3_abc	0.042163256566835804
chr1:15741014-15741514	ENSG00000162458	FBLIM1	chr1	15741014	15741514	15756606	+	15342	epithelial	method3_abc	0.032142404249701564
chr1:15741014-15741514	ENSG00000162460	TMEM82	chr1	15741014	15741514	15742498	+	1234	epithelial	method3_abc	0.08747465540133277
chr1:15741014-15741514	ENSG00000162461	SLC25A34	chr1	15741014	15741514	15736257	+	5007	epithelial	method3_abc	0.05967525501143586
chr1:15741585-15742085	ENSG00000162460	TMEM82	chr1	15741585	15742085	15742498	+	663	epithelial	method3_abc	0.036442947911721535
chr1:15741585-15742085	ENSG00000162461	SLC25A34	chr1	15741585	15742085	15736257	+	5578	epithelial	method3_abc	0.02179025091857752
chr1:15742193-15742693	ENSG00000162460	TMEM82	chr1	15742193	15742693	15742498	+	55	epithelial	method3_abc	0.05496262667022797
chr1:15742193-15742693	ENSG00000162461	SLC25A34	chr1	15742193	15742693	15736257	+	6186	epithelial	method3_abc	0.028358752444890216
chr1:15756339-15756839	ENSG00000162458	FBLIM1	chr1	15756339	15756839	15756606	+	17	epithelial	method3_abc	0.06443585549868676
chr1:15756962-15757462	ENSG00000162458	FBLIM1	chr1	15756962	15757462	15756606	+	606	epithelial	method3_abc	0.02469554429388831
chr1:15757643-15758143	ENSG00000162458	FBLIM1	chr1	15757643	15758143	15756606	+	1287	epithelial	method3_abc	0.027135910663401503
chr1:15764191-15764691	ENSG00000162458	FBLIM1	chr1	15764191	15764691	15756606	+	7835	epithelial	method3_abc	0.044117164851591825
chr1:15764191-15764691	ENSG00000162460	TMEM82	chr1	15764191	15764691	15742498	+	21943	epithelial	method3_abc	0.022509847221287644
chr1:15795087-15795587	ENSG00000233954	UQCRHL	chr1	15795087	15795587	15809347	-	14010	epithelial	method3_abc	0.03138176864813859
chr1:15800037-15800537	ENSG00000233954	UQCRHL	chr1	15800037	15800537	15809347	-	9060	epithelial	method3_abc	0.05171481209692966
chr1:15833241-15833741	ENSG00000065526	SPEN	chr1	15833241	15833741	15836094	+	2603	epithelial	method3_abc	0.020258528579119316
chr1:15834148-15834648	ENSG00000065526	SPEN	chr1	15834148	15834648	15836094	+	1696	epithelial	method3_abc	0.04689592557550253
chr1:15834707-15835207	ENSG00000065526	SPEN	chr1	15834707	15835207	15836094	+	1137	epithelial	method3_abc	0.09940815286141581
chr1:15834707-15835207	ENSG00000233954	UQCRHL	chr1	15834707	15835207	15809347	-	25610	epithelial	method3_abc	0.03210348215543345
chr1:15835709-15836209	ENSG00000065526	SPEN	chr1	15835709	15836209	15836094	+	135	epithelial	method3_abc	0.14224399105448243
chr1:15835709-15836209	ENSG00000233954	UQCRHL	chr1	15835709	15836209	15809347	-	26612	epithelial	method3_abc	0.038250957324298715
chr1:15836672-15837172	ENSG00000065526	SPEN	chr1	15836672	15837172	15836094	+	828	epithelial	method3_abc	0.03696399537254785
chr1:15847359-15847859	ENSG00000065526	SPEN	chr1	15847359	15847859	15836094	+	11515	epithelial	method3_abc	0.054306097612893886
chr1:15847359-15847859	ENSG00000233954	UQCRHL	chr1	15847359	15847859	15809347	-	38262	epithelial	method3_abc	0.03071140107491358
chr1:15975333-15975833	ENSG00000116809	ZBTB17	chr1	15975333	15975833	15976131	-	548	epithelial	method3_abc	0.028546009446574042
chr1:15975862-15976362	ENSG00000116809	ZBTB17	chr1	15975862	15976362	15976131	-	19	epithelial	method3_abc	0.1258891447596862
chr1:15975862-15976362	ENSG00000183888	SRARP	chr1	15975862	15976362	16004235	+	28123	epithelial	method3_abc	0.0260213634845554
chr1:16012616-16013116	ENSG00000173641	HSPB7	chr1	16012616	16013116	16019593	-	6727	epithelial	method3_abc	0.023643786619559213
chr1:16012616-16013116	ENSG00000183888	SRARP	chr1	16012616	16013116	16004235	+	8631	epithelial	method3_abc	0.021957217027520216
chr1:16012616-16013116	ENSG00000186510	CLCNKA	chr1	16012616	16013116	16018874	+	6008	epithelial	method3_abc	0.02489213225151323
chr1:16013132-16013632	ENSG00000173641	HSPB7	chr1	16013132	16013632	16019593	-	6211	epithelial	method3_abc	0.023658681613300776
chr1:16013132-16013632	ENSG00000183888	SRARP	chr1	16013132	16013632	16004235	+	9147	epithelial	method3_abc	0.020455490214066292
chr1:16013132-16013632	ENSG00000186510	CLCNKA	chr1	16013132	16013632	16018874	+	5492	epithelial	method3_abc	0.024973142251115785
chr1:16032748-16033248	ENSG00000184908	CLCNKB	chr1	16032748	16033248	16040251	+	7253	epithelial	method3_abc	0.02103618900548978
chr1:16073402-16073902	ENSG00000185519	FAM131C	chr1	16073402	16073902	16073650	-	2	epithelial	method3_abc	0.04447081341246978
chr1:16078824-16079324	ENSG00000185519	FAM131C	chr1	16078824	16079324	16073650	-	5424	epithelial	method3_abc	0.021497747521117026
chr1:16143515-16144015	ENSG00000142627	EPHA2	chr1	16143515	16144015	16156068	-	12303	epithelial	method3_abc	0.02246238621063334
chr1:16154886-16155386	ENSG00000142627	EPHA2	chr1	16154886	16155386	16156068	-	932	epithelial	method3_abc	0.0682406348634656
chr1:16155867-16156367	ENSG00000142627	EPHA2	chr1	16155867	16156367	16156068	-	49	epithelial	method3_abc	0.07643160121585958
chr1:16158818-16159318	ENSG00000142627	EPHA2	chr1	16158818	16159318	16156068	-	3000	epithelial	method3_abc	0.035934921793798945
chr1:16173413-16173913	ENSG00000142627	EPHA2	chr1	16173413	16173913	16156068	-	17595	epithelial	method3_abc	0.02287138003713585
chr1:16206370-16206870	ENSG00000132881	CPLANE2	chr1	16206370	16206870	16237182	-	30562	epithelial	method3_abc	0.030015815934546445
chr1:16206370-16206870	ENSG00000142632	ARHGEF19	chr1	16206370	16206870	16212651	-	6031	epithelial	method3_abc	0.07132784935603488
chr1:16206875-16207375	ENSG00000142632	ARHGEF19	chr1	16206875	16207375	16212651	-	5526	epithelial	method3_abc	0.03945366517019213
chr1:16216173-16216673	ENSG00000142632	ARHGEF19	chr1	16216173	16216673	16212651	-	3772	epithelial	method3_abc	0.03994251406922501
chr1:16217330-16217830	ENSG00000132881	CPLANE2	chr1	16217330	16217830	16237182	-	19602	epithelial	method3_abc	0.04915088349660162
chr1:16217330-16217830	ENSG00000142632	ARHGEF19	chr1	16217330	16217830	16212651	-	4929	epithelial	method3_abc	0.09289530092586955
chr1:16236057-16236557	ENSG00000132881	CPLANE2	chr1	16236057	16236557	16237182	-	875	epithelial	method3_abc	0.033219258250695216
chr1:16236954-16237454	ENSG00000132881	CPLANE2	chr1	16236954	16237454	16237182	-	22	epithelial	method3_abc	0.12304134605516773
chr1:16236954-16237454	ENSG00000142632	ARHGEF19	chr1	16236954	16237454	16212651	-	24553	epithelial	method3_abc	0.022595210510781904
chr1:16351688-16352188	ENSG00000037637	FBXO42	chr1	16351688	16352188	16352479	-	541	epithelial	method3_abc	0.02277619161428737
chr1:16351688-16352188	ENSG00000055070	SZRD1	chr1	16351688	16352188	16352574	+	636	epithelial	method3_abc	0.02249393874835035
chr1:16352222-16352722	ENSG00000037637	FBXO42	chr1	16352222	16352722	16352479	-	7	epithelial	method3_abc	0.17301872017339537
chr1:16352222-16352722	ENSG00000055070	SZRD1	chr1	16352222	16352722	16352574	+	102	epithelial	method3_abc	0.1706077952629368
chr1:16352758-16353258	ENSG00000037637	FBXO42	chr1	16352758	16353258	16352479	-	529	epithelial	method3_abc	0.029517626622377592
chr1:16352758-16353258	ENSG00000055070	SZRD1	chr1	16352758	16353258	16352574	+	434	epithelial	method3_abc	0.030035671977250787
chr1:16366927-16367427	ENSG00000037637	FBXO42	chr1	16366927	16367427	16352479	-	14698	epithelial	method3_abc	0.05968493978154818
chr1:16366927-16367427	ENSG00000055070	SZRD1	chr1	16366927	16367427	16352574	+	14603	epithelial	method3_abc	0.060075704483348126
chr1:16366927-16367427	ENSG00000157191	NECAP2	chr1	16366927	16367427	16440720	+	73543	epithelial	method3_abc	0.0224381083186349
chr1:16366927-16367427	ENSG00000187144	SPATA21	chr1	16366927	16367427	16437423	-	70246	epithelial	method3_abc	0.024562916383675804
chr1:16440402-16440902	ENSG00000157191	NECAP2	chr1	16440402	16440902	16440720	+	68	epithelial	method3_abc	0.11107553998488572
chr1:16440402-16440902	ENSG00000187144	SPATA21	chr1	16440402	16440902	16437423	-	3229	epithelial	method3_abc	0.07683606009536713
chr1:16441007-16441507	ENSG00000157191	NECAP2	chr1	16441007	16441507	16440720	+	537	epithelial	method3_abc	0.0391595922329948
chr1:16441007-16441507	ENSG00000187144	SPATA21	chr1	16441007	16441507	16437423	-	3834	epithelial	method3_abc	0.027505580424729642
chr1:16612800-16613300	ENSG00000219481	NBPF1	chr1	16612800	16613300	16613561	-	511	epithelial	method3_abc	0.04802530522254602
chr1:16613338-16613838	ENSG00000058453	CROCC	chr1	16613338	16613838	16740272	+	126684	epithelial	method3_abc	0.025529702970438474
chr1:16613338-16613838	ENSG00000219481	NBPF1	chr1	16613338	16613838	16613561	-	27	epithelial	method3_abc	0.20738990944281535
chr1:16620923-16621423	ENSG00000219481	NBPF1	chr1	16620923	16621423	16613561	-	7612	epithelial	method3_abc	0.04383493219866936
chr1:16623941-16624441	ENSG00000058453	CROCC	chr1	16623941	16624441	16740272	+	116081	epithelial	method3_abc	0.03198364291107326
chr1:16623941-16624441	ENSG00000219481	NBPF1	chr1	16623941	16624441	16613561	-	10630	epithelial	method3_abc	0.09002157515355626
chr1:16644462-16644962	ENSG00000058453	CROCC	chr1	16644462	16644962	16740272	+	95560	epithelial	method3_abc	0.03831530635920451
chr1:16644462-16644962	ENSG00000219481	NBPF1	chr1	16644462	16644962	16613561	-	31151	epithelial	method3_abc	0.04423891631677249
chr1:16904655-16905155	ENSG00000117122	MFAP2	chr1	16904655	16905155	16980631	-	75726	epithelial	method3_abc	0.023762628204152165
chr1:16913710-16914210	ENSG00000117122	MFAP2	chr1	16913710	16914210	16980631	-	66671	epithelial	method3_abc	0.030678157025980365
chr1:16960616-16961116	ENSG00000117122	MFAP2	chr1	16960616	16961116	16980631	-	19765	epithelial	method3_abc	0.023603098358115797
chr1:17009591-17010091	ENSG00000159363	ATP13A2	chr1	17009591	17010091	17011927	-	2086	epithelial	method3_abc	0.022693993757125067
chr1:17009591-17010091	ENSG00000288636	ENSG00000288636	chr1	17009591	17010091	17011756	-	1915	epithelial	method3_abc	0.023237292622750354
chr1:17010606-17011106	ENSG00000159363	ATP13A2	chr1	17010606	17011106	17011927	-	1071	epithelial	method3_abc	0.020623124145200934
chr1:17010606-17011106	ENSG00000288636	ENSG00000288636	chr1	17010606	17011106	17011756	-	900	epithelial	method3_abc	0.021193096041695583
chr1:17011127-17011627	ENSG00000159363	ATP13A2	chr1	17011127	17011627	17011927	-	550	epithelial	method3_abc	0.028300659444203933
chr1:17011127-17011627	ENSG00000288636	ENSG00000288636	chr1	17011127	17011627	17011756	-	379	epithelial	method3_abc	0.029151835508161705
chr1:17011711-17012211	ENSG00000117122	MFAP2	chr1	17011711	17012211	16980631	-	31330	epithelial	method3_abc	0.02759148031094982
chr1:17011711-17012211	ENSG00000159363	ATP13A2	chr1	17011711	17012211	17011927	-	34	epithelial	method3_abc	0.13653023157388347
chr1:17011711-17012211	ENSG00000288636	ENSG00000288636	chr1	17011711	17012211	17011756	-	205	epithelial	method3_abc	0.13293889967183034
chr1:17053120-17053620	ENSG00000117118	SDHB	chr1	17053120	17053620	17054031	-	661	epithelial	method3_abc	0.027591929685235807
chr1:17053913-17054413	ENSG00000117115	PADI2	chr1	17053913	17054413	17119450	-	65287	epithelial	method3_abc	0.021760449995138396
chr1:17053913-17054413	ENSG00000117118	SDHB	chr1	17053913	17054413	17054031	-	132	epithelial	method3_abc	0.22450654040546933
chr1:17053913-17054413	ENSG00000117122	MFAP2	chr1	17053913	17054413	16980631	-	73532	epithelial	method3_abc	0.02587111270841171
chr1:17053913-17054413	ENSG00000159363	ATP13A2	chr1	17053913	17054413	17011927	-	42236	epithelial	method3_abc	0.035692380509676644
chr1:17053913-17054413	ENSG00000288636	ENSG00000288636	chr1	17053913	17054413	17011756	-	42407	epithelial	method3_abc	0.0356660463249963
chr1:17054441-17054941	ENSG00000117118	SDHB	chr1	17054441	17054941	17054031	-	660	epithelial	method3_abc	0.02072829847279573
chr1:17059570-17060070	ENSG00000117118	SDHB	chr1	17059570	17060070	17054031	-	5789	epithelial	method3_abc	0.020390874572836393
chr1:17108298-17108798	ENSG00000117115	PADI2	chr1	17108298	17108798	17119450	-	10902	epithelial	method3_abc	0.034429829108958566
chr1:17108807-17109307	ENSG00000117115	PADI2	chr1	17108807	17109307	17119450	-	10393	epithelial	method3_abc	0.022236570956078432
chr1:17109782-17110282	ENSG00000117115	PADI2	chr1	17109782	17110282	17119450	-	9418	epithelial	method3_abc	0.02700263827649048
chr1:17117562-17118062	ENSG00000117115	PADI2	chr1	17117562	17118062	17119450	-	1638	epithelial	method3_abc	0.020540161472901115
chr1:17118199-17118699	ENSG00000117115	PADI2	chr1	17118199	17118699	17119450	-	1001	epithelial	method3_abc	0.029495047927615845
chr1:17118738-17119238	ENSG00000117115	PADI2	chr1	17118738	17119238	17119450	-	462	epithelial	method3_abc	0.023679691624108063
chr1:17119239-17119739	ENSG00000117115	PADI2	chr1	17119239	17119739	17119450	-	39	epithelial	method3_abc	0.12284050709650017
chr1:17125702-17126202	ENSG00000117115	PADI2	chr1	17125702	17126202	17119450	-	6502	epithelial	method3_abc	0.0262164672512408
chr1:17229388-17229888	ENSG00000142619	PADI3	chr1	17229388	17229888	17249097	+	19459	epithelial	method3_abc	0.021040335216527636
chr1:17229388-17229888	ENSG00000142623	PADI1	chr1	17229388	17229888	17205127	+	24511	epithelial	method3_abc	0.02203499487863097
chr1:17232997-17233497	ENSG00000142619	PADI3	chr1	17232997	17233497	17249097	+	15850	epithelial	method3_abc	0.024186493523248746
chr1:17233659-17234159	ENSG00000142619	PADI3	chr1	17233659	17234159	17249097	+	15188	epithelial	method3_abc	0.038340093988434264
chr1:17233659-17234159	ENSG00000142623	PADI1	chr1	17233659	17234159	17205127	+	28782	epithelial	method3_abc	0.030208748122921004
chr1:17237206-17237706	ENSG00000142619	PADI3	chr1	17237206	17237706	17249097	+	11641	epithelial	method3_abc	0.02307838146016868
chr1:17250578-17251078	ENSG00000142619	PADI3	chr1	17250578	17251078	17249097	+	1731	epithelial	method3_abc	0.09216414796047376
chr1:17437476-17437976	ENSG00000179051	RCC2	chr1	17437476	17437976	17439676	-	1950	epithelial	method3_abc	0.0626708687733854
chr1:17438299-17438799	ENSG00000179051	RCC2	chr1	17438299	17438799	17439676	-	1127	epithelial	method3_abc	0.05989007624967403
chr1:17439020-17439520	ENSG00000179051	RCC2	chr1	17439020	17439520	17439676	-	406	epithelial	method3_abc	0.028729943916348442
chr1:17439545-17440045	ENSG00000179051	RCC2	chr1	17439545	17440045	17439676	-	119	epithelial	method3_abc	0.10480108298421799
chr1:17519986-17520486	ENSG00000074964	ARHGEF10L	chr1	17519986	17520486	17539697	+	19461	epithelial	method3_abc	0.0248835790607657
chr1:17531565-17532065	ENSG00000074964	ARHGEF10L	chr1	17531565	17532065	17539697	+	7882	epithelial	method3_abc	0.04533052199226101
chr1:17539462-17539962	ENSG00000074964	ARHGEF10L	chr1	17539462	17539962	17539697	+	15	epithelial	method3_abc	0.055142460616223875
chr1:17540191-17540691	ENSG00000074964	ARHGEF10L	chr1	17540191	17540691	17539697	+	744	epithelial	method3_abc	0.024105929145906497
chr1:17542652-17543152	ENSG00000074964	ARHGEF10L	chr1	17542652	17543152	17539697	+	3205	epithelial	method3_abc	0.025742906841583986
chr1:18100403-18100903	ENSG00000117154	IGSF21	chr1	18100403	18100903	18107797	+	7144	epithelial	method3_abc	0.028566599023076025
chr1:18110150-18110650	ENSG00000117154	IGSF21	chr1	18110150	18110650	18107797	+	2603	epithelial	method3_abc	0.03040376358776393
chr1:18464231-18464731	ENSG00000179023	KLHDC7A	chr1	18464231	18464731	18480929	+	16448	epithelial	method3_abc	0.02099642062082539
chr1:18480087-18480587	ENSG00000179023	KLHDC7A	chr1	18480087	18480587	18480929	+	592	epithelial	method3_abc	0.042901013753961284
chr1:18480627-18481127	ENSG00000179023	KLHDC7A	chr1	18480627	18481127	18480929	+	52	epithelial	method3_abc	0.07017477019252506
chr1:18481204-18481704	ENSG00000179023	KLHDC7A	chr1	18481204	18481704	18480929	+	525	epithelial	method3_abc	0.021993765083542026
chr1:18902596-18903096	ENSG00000159423	ALDH4A1	chr1	18902596	18903096	18902723	-	123	epithelial	method3_abc	0.1823253522700305
chr1:18902596-18903096	ENSG00000179002	TAS1R2	chr1	18902596	18903096	18859659	-	43187	epithelial	method3_abc	0.036252394000758074
chr1:18955656-18956156	ENSG00000169991	IFFO2	chr1	18955656	18956156	18956675	-	769	epithelial	method3_abc	0.05920609491972766
chr1:18956492-18956992	ENSG00000159423	ALDH4A1	chr1	18956492	18956992	18902723	-	54019	epithelial	method3_abc	0.031103241389169103
chr1:18956492-18956992	ENSG00000169991	IFFO2	chr1	18956492	18956992	18956675	-	67	epithelial	method3_abc	0.21384766977041753
chr1:18956492-18956992	ENSG00000179002	TAS1R2	chr1	18956492	18956992	18859659	-	97083	epithelial	method3_abc	0.026985565416012595
chr1:19209453-19209953	ENSG00000127481	UBR4	chr1	19209453	19209953	19210265	-	562	epithelial	method3_abc	0.026779428643806145
chr1:19210081-19210581	ENSG00000053372	MRTO4	chr1	19210081	19210581	19251804	+	41473	epithelial	method3_abc	0.03358727787435595
chr1:19210081-19210581	ENSG00000127463	EMC1	chr1	19210081	19210581	19251551	-	41220	epithelial	method3_abc	0.03364148515209803
chr1:19210081-19210581	ENSG00000127481	UBR4	chr1	19210081	19210581	19210265	-	66	epithelial	method3_abc	0.22667483444877198
chr1:19210081-19210581	ENSG00000211454	AKR7L	chr1	19210081	19210581	19274193	-	63862	epithelial	method3_abc	0.023697578619999337
chr1:19251309-19251809	ENSG00000053372	MRTO4	chr1	19251309	19251809	19251804	+	245	epithelial	method3_abc	0.12032661614516313
chr1:19251309-19251809	ENSG00000127463	EMC1	chr1	19251309	19251809	19251551	-	8	epithelial	method3_abc	0.12487344941816944
chr1:19251309-19251809	ENSG00000211454	AKR7L	chr1	19251309	19251809	19274193	-	22634	epithelial	method3_abc	0.028157302430591107
chr1:19270370-19270870	ENSG00000211454	AKR7L	chr1	19270370	19270870	19274193	-	3573	epithelial	method3_abc	0.030752004056724336
chr1:19273150-19273650	ENSG00000211454	AKR7L	chr1	19273150	19273650	19274193	-	793	epithelial	method3_abc	0.02805785355273532
chr1:19273962-19274462	ENSG00000211454	AKR7L	chr1	19273962	19274462	19274193	-	19	epithelial	method3_abc	0.0341998052738527
chr1:19285787-19286287	ENSG00000162482	AKR7A3	chr1	19285787	19286287	19288769	-	2732	epithelial	method3_abc	0.023205800857747823
chr1:19287818-19288318	ENSG00000162482	AKR7A3	chr1	19287818	19288318	19288769	-	701	epithelial	method3_abc	0.06176789429586305
chr1:19287818-19288318	ENSG00000211454	AKR7L	chr1	19287818	19288318	19274193	-	13875	epithelial	method3_abc	0.023276593073186264
chr1:19288583-19289083	ENSG00000162482	AKR7A3	chr1	19288583	19289083	19288769	-	64	epithelial	method3_abc	0.07175922030247966
chr1:19288583-19289083	ENSG00000211454	AKR7L	chr1	19288583	19289083	19274193	-	14640	epithelial	method3_abc	0.02356432504917605
chr1:19308065-19308565	ENSG00000040487	SLC66A1	chr1	19308065	19308565	19312325	+	4010	epithelial	method3_abc	0.03375619827773416
chr1:19308065-19308565	ENSG00000053371	AKR7A2	chr1	19308065	19308565	19312143	-	3828	epithelial	method3_abc	0.034148587611266226
chr1:19311046-19311546	ENSG00000040487	SLC66A1	chr1	19311046	19311546	19312325	+	1029	epithelial	method3_abc	0.028043405571435667
chr1:19311046-19311546	ENSG00000053371	AKR7A2	chr1	19311046	19311546	19312143	-	847	epithelial	method3_abc	0.028623400622203348
chr1:19311907-19312407	ENSG00000040487	SLC66A1	chr1	19311907	19312407	19312325	+	168	epithelial	method3_abc	0.21304608519592413
chr1:19311907-19312407	ENSG00000053371	AKR7A2	chr1	19311907	19312407	19312143	-	14	epithelial	method3_abc	0.217376524970322
chr1:19311907-19312407	ENSG00000053372	MRTO4	chr1	19311907	19312407	19251804	+	60353	epithelial	method3_abc	0.028221046934740434
chr1:19311907-19312407	ENSG00000127463	EMC1	chr1	19311907	19312407	19251551	-	60606	epithelial	method3_abc	0.02803825743961855
chr1:19311907-19312407	ENSG00000162482	AKR7A3	chr1	19311907	19312407	19288769	-	23388	epithelial	method3_abc	0.05422915269251025
chr1:19311907-19312407	ENSG00000211454	AKR7L	chr1	19311907	19312407	19274193	-	37964	epithelial	method3_abc	0.04037940021083504
chr1:19312558-19313058	ENSG00000040487	SLC66A1	chr1	19312558	19313058	19312325	+	483	epithelial	method3_abc	0.03207075233453239
chr1:19312558-19313058	ENSG00000053371	AKR7A2	chr1	19312558	19313058	19312143	-	665	epithelial	method3_abc	0.030979896852612848
chr1:19468314-19468814	ENSG00000077549	CAPZB	chr1	19468314	19468814	19485538	-	16974	epithelial	method3_abc	0.024045403441536488
chr1:19468314-19468814	ENSG00000173436	MICOS10	chr1	19468314	19468814	19484402	+	15838	epithelial	method3_abc	0.02598380370053414
chr1:19484185-19484685	ENSG00000077549	CAPZB	chr1	19484185	19484685	19485538	-	1103	epithelial	method3_abc	0.022280376457719107
chr1:19484185-19484685	ENSG00000173436	MICOS10	chr1	19484185	19484685	19484402	+	33	epithelial	method3_abc	0.02718756422020903
chr1:19484745-19485245	ENSG00000077549	CAPZB	chr1	19484745	19485245	19485538	-	543	epithelial	method3_abc	0.03987847822585728
chr1:19484745-19485245	ENSG00000173436	MICOS10	chr1	19484745	19485245	19484402	+	593	epithelial	method3_abc	0.040828187623986774
chr1:19485351-19485851	ENSG00000077549	CAPZB	chr1	19485351	19485851	19485538	-	63	epithelial	method3_abc	0.21390403151141518
chr1:19485351-19485851	ENSG00000173436	MICOS10	chr1	19485351	19485851	19484402	+	1199	epithelial	method3_abc	0.1850753231243044
chr1:19486059-19486559	ENSG00000077549	CAPZB	chr1	19486059	19486559	19485538	-	771	epithelial	method3_abc	0.04303212637204624
chr1:19486059-19486559	ENSG00000173436	MICOS10	chr1	19486059	19486559	19484402	+	1907	epithelial	method3_abc	0.03797640827746902
chr1:19591628-19592128	ENSG00000158747	NBL1	chr1	19591628	19592128	19596978	+	5100	epithelial	method3_abc	0.022313736951971315
chr1:19591628-19592128	ENSG00000270136	MICOS10-NBL1	chr1	19591628	19592128	19597066	+	5188	epithelial	method3_abc	0.022199005330470024
chr1:19596165-19596665	ENSG00000158747	NBL1	chr1	19596165	19596665	19596978	+	563	epithelial	method3_abc	0.041110410984664086
chr1:19596165-19596665	ENSG00000270136	MICOS10-NBL1	chr1	19596165	19596665	19597066	+	651	epithelial	method3_abc	0.04065001115464432
chr1:19596678-19597178	ENSG00000158747	NBL1	chr1	19596678	19597178	19596978	+	50	epithelial	method3_abc	0.1670761540921721
chr1:19596678-19597178	ENSG00000270136	MICOS10-NBL1	chr1	19596678	19597178	19597066	+	138	epithelial	method3_abc	0.16497802019094
chr1:19597192-19597692	ENSG00000158747	NBL1	chr1	19597192	19597692	19596978	+	464	epithelial	method3_abc	0.04729660119841025
chr1:19597192-19597692	ENSG00000270136	MICOS10-NBL1	chr1	19597192	19597692	19597066	+	376	epithelial	method3_abc	0.04808434043756521
chr1:19613243-19613743	ENSG00000270136	MICOS10-NBL1	chr1	19613243	19613743	19597066	+	16427	epithelial	method3_abc	0.020043032572806947
chr1:19643041-19643541	ENSG00000158748	HTR6	chr1	19643041	19643541	19664874	+	21583	epithelial	method3_abc	0.020002065666114725
chr1:19643978-19644478	ENSG00000158747	NBL1	chr1	19643978	19644478	19596978	+	47250	epithelial	method3_abc	0.02030090206796729
chr1:19643978-19644478	ENSG00000158748	HTR6	chr1	19643978	19644478	19664874	+	20646	epithelial	method3_abc	0.045038534550515444
chr1:19643978-19644478	ENSG00000270136	MICOS10-NBL1	chr1	19643978	19644478	19597066	+	47162	epithelial	method3_abc	0.020379391580922526
chr1:19646345-19646845	ENSG00000158748	HTR6	chr1	19646345	19646845	19664874	+	18279	epithelial	method3_abc	0.023521638322559314
chr1:19659686-19660186	ENSG00000158748	HTR6	chr1	19659686	19660186	19664874	+	4938	epithelial	method3_abc	0.03132664198111969
chr1:19799486-19799986	ENSG00000162542	TMCO4	chr1	19799486	19799986	19799944	-	208	epithelial	method3_abc	0.15909141082924907
chr1:19799486-19799986	ENSG00000178828	RNF186	chr1	19799486	19799986	19815282	-	15546	epithelial	method3_abc	0.043884234328241865
chr1:19800190-19800690	ENSG00000162542	TMCO4	chr1	19800190	19800690	19799944	-	496	epithelial	method3_abc	0.041882795191431954
chr1:19813162-19813662	ENSG00000162542	TMCO4	chr1	19813162	19813662	19799944	-	13468	epithelial	method3_abc	0.030738444036518445
chr1:19813162-19813662	ENSG00000178828	RNF186	chr1	19813162	19813662	19815282	-	1870	epithelial	method3_abc	0.06615239656205614
chr1:19814413-19814913	ENSG00000178828	RNF186	chr1	19814413	19814913	19815282	-	619	epithelial	method3_abc	0.03261122399246931
chr1:19814941-19815441	ENSG00000162542	TMCO4	chr1	19814941	19815441	19799944	-	15247	epithelial	method3_abc	0.038027880533117696
chr1:19814941-19815441	ENSG00000178828	RNF186	chr1	19814941	19815441	19815282	-	91	epithelial	method3_abc	0.11506626091214357
chr1:19815933-19816433	ENSG00000162542	TMCO4	chr1	19815933	19816433	19799944	-	16239	epithelial	method3_abc	0.033932344163541815
chr1:19815933-19816433	ENSG00000178828	RNF186	chr1	19815933	19816433	19815282	-	901	epithelial	method3_abc	0.09413388771006821
chr1:19861024-19861524	ENSG00000169914	OTUD3	chr1	19861024	19861524	19882394	+	21120	epithelial	method3_abc	0.02418271654104218
chr1:19872173-19872673	ENSG00000169914	OTUD3	chr1	19872173	19872673	19882394	+	9971	epithelial	method3_abc	0.03528449686867038
chr1:19878179-19878679	ENSG00000169914	OTUD3	chr1	19878179	19878679	19882394	+	3965	epithelial	method3_abc	0.032570816394697846
chr1:19882094-19882594	ENSG00000169914	OTUD3	chr1	19882094	19882594	19882394	+	50	epithelial	method3_abc	0.1406754703934498
chr1:19882094-19882594	ENSG00000188784	PLA2G2E	chr1	19882094	19882594	19923616	-	41272	epithelial	method3_abc	0.027083455750470768
chr1:19882741-19883241	ENSG00000169914	OTUD3	chr1	19882741	19883241	19882394	+	597	epithelial	method3_abc	0.02700913439784637
chr1:19921224-19921724	ENSG00000188784	PLA2G2E	chr1	19921224	19921724	19923616	-	2142	epithelial	method3_abc	0.03654396490031855
chr1:19974723-19975223	ENSG00000188257	PLA2G2A	chr1	19974723	19975223	19980415	-	5442	epithelial	method3_abc	0.02574156080255795
chr1:19979466-19979966	ENSG00000188257	PLA2G2A	chr1	19979466	19979966	19980415	-	699	epithelial	method3_abc	0.05728361438154607
chr1:19980248-19980748	ENSG00000188257	PLA2G2A	chr1	19980248	19980748	19980415	-	83	epithelial	method3_abc	0.030024068791849122
chr1:19981330-19981830	ENSG00000188257	PLA2G2A	chr1	19981330	19981830	19980415	-	1165	epithelial	method3_abc	0.06782057263414983
chr1:19981868-19982368	ENSG00000188257	PLA2G2A	chr1	19981868	19982368	19980415	-	1703	epithelial	method3_abc	0.03683298819346351
chr1:20152217-20152717	ENSG00000158786	PLA2G2F	chr1	20152217	20152717	20139322	+	13145	epithelial	method3_abc	0.03237388811411938
chr1:20183004-20183504	ENSG00000162543	UBXN10	chr1	20183004	20183504	20186095	+	2841	epithelial	method3_abc	0.037410111257177456
chr1:20183004-20183504	ENSG00000187980	PLA2G2C	chr1	20183004	20183504	20186517	-	3263	epithelial	method3_abc	0.03585894590797568
chr1:20185859-20186359	ENSG00000162543	UBXN10	chr1	20185859	20186359	20186095	+	14	epithelial	method3_abc	0.09231503009683986
chr1:20185859-20186359	ENSG00000187980	PLA2G2C	chr1	20185859	20186359	20186517	-	408	epithelial	method3_abc	0.08671736394301506
chr1:20186492-20186992	ENSG00000162543	UBXN10	chr1	20186492	20186992	20186095	+	647	epithelial	method3_abc	0.025483469838964556
chr1:20186492-20186992	ENSG00000187980	PLA2G2C	chr1	20186492	20186992	20186517	-	225	epithelial	method3_abc	0.027353956983770012
chr1:20187063-20187563	ENSG00000162543	UBXN10	chr1	20187063	20187563	20186095	+	1218	epithelial	method3_abc	0.047029525743592475
chr1:20187063-20187563	ENSG00000187980	PLA2G2C	chr1	20187063	20187563	20186517	-	796	epithelial	method3_abc	0.050158002781798966
chr1:20250655-20251155	ENSG00000158816	VWA5B1	chr1	20250655	20251155	20290874	+	39969	epithelial	method3_abc	0.029177693344758896
chr1:20476350-20476850	ENSG00000090432	MUL1	chr1	20476350	20476850	20508150	-	31550	epithelial	method3_abc	0.02948498807880499
chr1:20476350-20476850	ENSG00000162545	CAMK2N1	chr1	20476350	20476850	20486209	-	9609	epithelial	method3_abc	0.04754486878506392
chr1:20480720-20481220	ENSG00000162545	CAMK2N1	chr1	20480720	20481220	20486209	-	5239	epithelial	method3_abc	0.02025101938556852
chr1:20481227-20481727	ENSG00000162545	CAMK2N1	chr1	20481227	20481727	20486209	-	4732	epithelial	method3_abc	0.021827734229895795
chr1:20485471-20485971	ENSG00000090432	MUL1	chr1	20485471	20485971	20508150	-	22429	epithelial	method3_abc	0.03666271936501025
chr1:20485471-20485971	ENSG00000162545	CAMK2N1	chr1	20485471	20485971	20486209	-	488	epithelial	method3_abc	0.10794128488147223
chr1:20485471-20485971	ENSG00000183114	FAM43B	chr1	20485471	20485971	20552572	+	66851	epithelial	method3_abc	0.020101197891726156
chr1:20486064-20486564	ENSG00000090432	MUL1	chr1	20486064	20486564	20508150	-	21836	epithelial	method3_abc	0.03058325540889762
chr1:20486064-20486564	ENSG00000162545	CAMK2N1	chr1	20486064	20486564	20486209	-	105	epithelial	method3_abc	0.09408543215562934
chr1:20486856-20487356	ENSG00000090432	MUL1	chr1	20486856	20487356	20508150	-	21044	epithelial	method3_abc	0.024629480102328367
chr1:20486856-20487356	ENSG00000162545	CAMK2N1	chr1	20486856	20487356	20486209	-	897	epithelial	method3_abc	0.0651151958547883
chr1:20493729-20494229	ENSG00000090432	MUL1	chr1	20493729	20494229	20508150	-	14171	epithelial	method3_abc	0.020583803130297482
chr1:20493729-20494229	ENSG00000162545	CAMK2N1	chr1	20493729	20494229	20486209	-	7770	epithelial	method3_abc	0.021283889070063663
chr1:20507415-20507915	ENSG00000090432	MUL1	chr1	20507415	20507915	20508150	-	485	epithelial	method3_abc	0.02419398004295136
chr1:20507918-20508418	ENSG00000090432	MUL1	chr1	20507918	20508418	20508150	-	18	epithelial	method3_abc	0.11159460226519283
chr1:20587551-20588051	ENSG00000158825	CDA	chr1	20587551	20588051	20589085	+	1284	epithelial	method3_abc	0.020186605357314653
chr1:20588775-20589275	ENSG00000158825	CDA	chr1	20588775	20589275	20589085	+	60	epithelial	method3_abc	0.10358402410427259
chr1:20613408-20613908	ENSG00000158828	PINK1	chr1	20613408	20613908	20633457	+	19799	epithelial	method3_abc	0.02165437734079697
chr1:20633158-20633658	ENSG00000158828	PINK1	chr1	20633158	20633658	20633457	+	49	epithelial	method3_abc	0.1316617653508082
chr1:20633158-20633658	ENSG00000244038	DDOST	chr1	20633158	20633658	20661543	-	28135	epithelial	method3_abc	0.02598805019041987
chr1:20633712-20634212	ENSG00000158828	PINK1	chr1	20633712	20634212	20633457	+	505	epithelial	method3_abc	0.07906196564693146
chr1:20634455-20634955	ENSG00000158828	PINK1	chr1	20634455	20634955	20633457	+	1248	epithelial	method3_abc	0.023474767790745813
chr1:20661241-20661741	ENSG00000117245	KIF17	chr1	20661241	20661741	20718016	-	56525	epithelial	method3_abc	0.028118260389810718
chr1:20661241-20661741	ENSG00000158825	CDA	chr1	20661241	20661741	20589085	+	72406	epithelial	method3_abc	0.020174410440017925
chr1:20661241-20661741	ENSG00000158828	PINK1	chr1	20661241	20661741	20633457	+	28034	epithelial	method3_abc	0.03933294502717389
chr1:20661241-20661741	ENSG00000189410	SH2D5	chr1	20661241	20661741	20732836	-	71345	epithelial	method3_abc	0.02344002290493783
chr1:20661241-20661741	ENSG00000244038	DDOST	chr1	20661241	20661741	20661543	-	52	epithelial	method3_abc	0.20436879740839742
chr1:20661801-20662301	ENSG00000244038	DDOST	chr1	20661801	20662301	20661543	-	508	epithelial	method3_abc	0.037878413100769996
chr1:20717280-20717780	ENSG00000117245	KIF17	chr1	20717280	20717780	20718016	-	486	epithelial	method3_abc	0.02132253969596938
chr1:20717828-20718328	ENSG00000117245	KIF17	chr1	20717828	20718328	20718016	-	62	epithelial	method3_abc	0.06758575147146821
chr1:20717828-20718328	ENSG00000189410	SH2D5	chr1	20717828	20718328	20732836	-	14758	epithelial	method3_abc	0.02078896218697956
chr1:20732518-20733018	ENSG00000189410	SH2D5	chr1	20732518	20733018	20732836	-	68	epithelial	method3_abc	0.02768265775401117
chr1:20733020-20733520	ENSG00000189410	SH2D5	chr1	20733020	20733520	20732836	-	434	epithelial	method3_abc	0.04787927762611015
chr1:20786534-20787034	ENSG00000117245	KIF17	chr1	20786534	20787034	20718016	-	68768	epithelial	method3_abc	0.025996503111553014
chr1:20786534-20787034	ENSG00000127483	HP1BP3	chr1	20786534	20787034	20787322	-	538	epithelial	method3_abc	0.20411097259729913
chr1:20786534-20787034	ENSG00000189410	SH2D5	chr1	20786534	20787034	20732836	-	53948	epithelial	method3_abc	0.031780871284728174
chr1:20787100-20787600	ENSG00000127483	HP1BP3	chr1	20787100	20787600	20787322	-	28	epithelial	method3_abc	0.1368934394331971
chr1:20787866-20788366	ENSG00000127483	HP1BP3	chr1	20787866	20788366	20787322	-	794	epithelial	method3_abc	0.02124430950288014
chr1:21175269-21175769	ENSG00000075151	EIF4G3	chr1	21175269	21175769	21177284	-	1765	epithelial	method3_abc	0.020572591155707212
chr1:21176035-21176535	ENSG00000075151	EIF4G3	chr1	21176035	21176535	21177284	-	999	epithelial	method3_abc	0.04889421146765633
chr1:21176728-21177228	ENSG00000075151	EIF4G3	chr1	21176728	21177228	21177284	-	306	epithelial	method3_abc	0.21058393224182173
chr1:21177367-21177867	ENSG00000075151	EIF4G3	chr1	21177367	21177867	21177284	-	333	epithelial	method3_abc	0.025372391585644163
chr1:21329264-21329764	ENSG00000117298	ECE1	chr1	21329264	21329764	21345571	-	16057	epithelial	method3_abc	0.0331297761697272
chr1:21338939-21339439	ENSG00000117298	ECE1	chr1	21338939	21339439	21345571	-	6382	epithelial	method3_abc	0.02203813788012058
chr1:21340120-21340620	ENSG00000117298	ECE1	chr1	21340120	21340620	21345571	-	5201	epithelial	method3_abc	0.02667949459996931
chr1:21344658-21345158	ENSG00000117298	ECE1	chr1	21344658	21345158	21345571	-	663	epithelial	method3_abc	0.029532732462342257
chr1:21345315-21345815	ENSG00000117298	ECE1	chr1	21345315	21345815	21345571	-	6	epithelial	method3_abc	0.17981093932293066
