peak_id	gene_id	gene_name	chrom	peak_start	peak_end	tss_pos	strand	distance_bp	compartment	method	score
chr1:904528-905028	ENSG00000187634	SAMD11	chr1	904528	905028	923922	+	19144	immune	method3_abc	0.022355081115727135
chr1:923614-924114	ENSG00000187634	SAMD11	chr1	923614	924114	923922	+	58	immune	method3_abc	0.05222599416932668
chr1:959063-959563	ENSG00000187583	PLEKHN1	chr1	959063	959563	966481	+	7168	immune	method3_abc	0.07244493271244087
chr1:959063-959563	ENSG00000187608	ISG15	chr1	959063	959563	1001137	+	41824	immune	method3_abc	0.021186442288796733
chr1:959063-959563	ENSG00000187634	SAMD11	chr1	959063	959563	923922	+	35391	immune	method3_abc	0.03463185121842208
chr1:959063-959563	ENSG00000187642	PERM1	chr1	959063	959563	982116	-	22803	immune	method3_abc	0.040060783507154196
chr1:959063-959563	ENSG00000187961	KLHL17	chr1	959063	959563	960583	+	1270	immune	method3_abc	0.12554884329971833
chr1:959063-959563	ENSG00000188290	HES4	chr1	959063	959563	1000171	-	40858	immune	method3_abc	0.02168922482169369
chr1:959063-959563	ENSG00000188976	NOC2L	chr1	959063	959563	959308	-	5	immune	method3_abc	0.15229293679069167
chr1:959617-960117	ENSG00000187961	KLHL17	chr1	959617	960117	960583	+	716	immune	method3_abc	0.02209673657289002
chr1:959617-960117	ENSG00000188976	NOC2L	chr1	959617	960117	959308	-	559	immune	method3_abc	0.022572366843997584
chr1:960299-960799	ENSG00000187583	PLEKHN1	chr1	960299	960799	966481	+	5932	immune	method3_abc	0.03213194880338662
chr1:960299-960799	ENSG00000187961	KLHL17	chr1	960299	960799	960583	+	34	immune	method3_abc	0.06140843120858608
chr1:960299-960799	ENSG00000188976	NOC2L	chr1	960299	960799	959308	-	1241	immune	method3_abc	0.05078637253114063
chr1:961056-961556	ENSG00000187961	KLHL17	chr1	961056	961556	960583	+	723	immune	method3_abc	0.022159669610119656
chr1:965962-966462	ENSG00000187583	PLEKHN1	chr1	965962	966462	966481	+	269	immune	method3_abc	0.04771671838384871
chr1:965962-966462	ENSG00000187961	KLHL17	chr1	965962	966462	960583	+	5629	immune	method3_abc	0.025223913303770502
chr1:965962-966462	ENSG00000188976	NOC2L	chr1	965962	966462	959308	-	6904	immune	method3_abc	0.022789450667203143
chr1:966730-967230	ENSG00000187583	PLEKHN1	chr1	966730	967230	966481	+	499	immune	method3_abc	0.07733093414929487
chr1:966730-967230	ENSG00000187642	PERM1	chr1	966730	967230	982116	-	15136	immune	method3_abc	0.02837094951558375
chr1:966730-967230	ENSG00000187961	KLHL17	chr1	966730	967230	960583	+	6397	immune	method3_abc	0.03992813944985535
chr1:966730-967230	ENSG00000188976	NOC2L	chr1	966730	967230	959308	-	7672	immune	method3_abc	0.03630257189374628
chr1:998916-999416	ENSG00000188290	HES4	chr1	998916	999416	1000171	-	1005	immune	method3_abc	0.021243652916321635
chr1:999897-1000397	ENSG00000187608	ISG15	chr1	999897	1000397	1001137	+	990	immune	method3_abc	0.04531020192445956
chr1:999897-1000397	ENSG00000188290	HES4	chr1	999897	1000397	1000171	-	24	immune	method3_abc	0.05308278394078332
chr1:1000608-1001108	ENSG00000187608	ISG15	chr1	1000608	1001108	1001137	+	279	immune	method3_abc	0.029517183507356742
chr1:1000608-1001108	ENSG00000188290	HES4	chr1	1000608	1001108	1000171	-	687	immune	method3_abc	0.027813522200535547
chr1:1001744-1002244	ENSG00000187608	ISG15	chr1	1001744	1002244	1001137	+	857	immune	method3_abc	0.039654351236836374
chr1:1001744-1002244	ENSG00000188290	HES4	chr1	1001744	1002244	1000171	-	1823	immune	method3_abc	0.03490754110015907
chr1:1013194-1013694	ENSG00000187608	ISG15	chr1	1013194	1013694	1001137	+	12307	immune	method3_abc	0.0456545954534889
chr1:1013194-1013694	ENSG00000187642	PERM1	chr1	1013194	1013694	982116	-	31328	immune	method3_abc	0.02877669460593565
chr1:1013194-1013694	ENSG00000188157	AGRN	chr1	1013194	1013694	1020119	+	6675	immune	method3_abc	0.053351313798886
chr1:1013194-1013694	ENSG00000188290	HES4	chr1	1013194	1013694	1000171	-	13273	immune	method3_abc	0.04377966391600498
chr1:1019282-1019782	ENSG00000187583	PLEKHN1	chr1	1019282	1019782	966481	+	53051	immune	method3_abc	0.026706760522380715
chr1:1019282-1019782	ENSG00000187608	ISG15	chr1	1019282	1019782	1001137	+	18395	immune	method3_abc	0.05561801994605551
chr1:1019282-1019782	ENSG00000187634	SAMD11	chr1	1019282	1019782	923922	+	95610	immune	method3_abc	0.022471520113813866
chr1:1019282-1019782	ENSG00000187642	PERM1	chr1	1019282	1019782	982116	-	37416	immune	method3_abc	0.03982128519850664
chr1:1019282-1019782	ENSG00000187961	KLHL17	chr1	1019282	1019782	960583	+	58949	immune	method3_abc	0.023897201459625483
chr1:1019282-1019782	ENSG00000188157	AGRN	chr1	1019282	1019782	1020119	+	587	immune	method3_abc	0.16040883526205327
chr1:1019282-1019782	ENSG00000188290	HES4	chr1	1019282	1019782	1000171	-	19361	immune	method3_abc	0.05398055761572883
chr1:1019282-1019782	ENSG00000188976	NOC2L	chr1	1019282	1019782	959308	-	60224	immune	method3_abc	0.023421450458918185
chr1:1019282-1019782	ENSG00000237330	RNF223	chr1	1019282	1019782	1074305	-	54773	immune	method3_abc	0.024255722917022358
chr1:1019858-1020358	ENSG00000188157	AGRN	chr1	1019858	1020358	1020119	+	11	immune	method3_abc	0.05778884141043505
chr1:1020415-1020915	ENSG00000188157	AGRN	chr1	1020415	1020915	1020119	+	546	immune	method3_abc	0.02064792076373298
chr1:1032939-1033439	ENSG00000188157	AGRN	chr1	1032939	1033439	1020119	+	13070	immune	method3_abc	0.025213016508065685
chr1:1059423-1059923	ENSG00000237330	RNF223	chr1	1059423	1059923	1074305	-	14632	immune	method3_abc	0.028670114058786087
chr1:1063741-1064241	ENSG00000237330	RNF223	chr1	1063741	1064241	1074305	-	10314	immune	method3_abc	0.022384859534628175
chr1:1068526-1069026	ENSG00000237330	RNF223	chr1	1068526	1069026	1074305	-	5529	immune	method3_abc	0.025233320254740496
chr1:1069125-1069625	ENSG00000237330	RNF223	chr1	1069125	1069625	1074305	-	4930	immune	method3_abc	0.07258820623244856
chr1:1079770-1080270	ENSG00000237330	RNF223	chr1	1079770	1080270	1074305	-	5715	immune	method3_abc	0.02093625063470318
chr1:1115950-1116450	ENSG00000131591	C1orf159	chr1	1115950	1116450	1116360	-	160	immune	method3_abc	0.23561142352743106
chr1:1115950-1116450	ENSG00000162571	TTLL10	chr1	1115950	1116450	1173879	+	57679	immune	method3_abc	0.03221655628097051
chr1:1115950-1116450	ENSG00000237330	RNF223	chr1	1115950	1116450	1074305	-	41895	immune	method3_abc	0.040663380636859765
chr1:1116470-1116970	ENSG00000131591	C1orf159	chr1	1116470	1116970	1116360	-	360	immune	method3_abc	0.050122389147807596
chr1:1122044-1122544	ENSG00000131591	C1orf159	chr1	1122044	1122544	1116360	-	5934	immune	method3_abc	0.027143474615189286
chr1:1157371-1157871	ENSG00000162571	TTLL10	chr1	1157371	1157871	1173879	+	16258	immune	method3_abc	0.023392453673990288
chr1:1158024-1158524	ENSG00000162571	TTLL10	chr1	1158024	1158524	1173879	+	15605	immune	method3_abc	0.022393714587316847
chr1:1173596-1174096	ENSG00000162571	TTLL10	chr1	1173596	1174096	1173879	+	33	immune	method3_abc	0.0255689949246879
chr1:1201235-1201735	ENSG00000186827	TNFRSF4	chr1	1201235	1201735	1214152	-	12667	immune	method3_abc	0.023792428594901705
chr1:1201235-1201735	ENSG00000186891	TNFRSF18	chr1	1201235	1201735	1206591	-	5106	immune	method3_abc	0.03881555271630724
chr1:1205728-1206228	ENSG00000186891	TNFRSF18	chr1	1205728	1206228	1206591	-	613	immune	method3_abc	0.02360360473042905
chr1:1206405-1206905	ENSG00000186827	TNFRSF4	chr1	1206405	1206905	1214152	-	7497	immune	method3_abc	0.023922393671893222
chr1:1206405-1206905	ENSG00000186891	TNFRSF18	chr1	1206405	1206905	1206591	-	64	immune	method3_abc	0.052678752071763875
chr1:1207948-1208448	ENSG00000186827	TNFRSF4	chr1	1207948	1208448	1214152	-	5954	immune	method3_abc	0.022578737621008402
chr1:1207948-1208448	ENSG00000186891	TNFRSF18	chr1	1207948	1208448	1206591	-	1607	immune	method3_abc	0.03517576349902148
chr1:1208789-1209289	ENSG00000186827	TNFRSF4	chr1	1208789	1209289	1214152	-	5113	immune	method3_abc	0.02419041105940225
chr1:1208789-1209289	ENSG00000186891	TNFRSF18	chr1	1208789	1209289	1206591	-	2448	immune	method3_abc	0.031676244415632236
chr1:1212804-1213304	ENSG00000186827	TNFRSF4	chr1	1212804	1213304	1214152	-	1098	immune	method3_abc	0.052188787310423264
chr1:1212804-1213304	ENSG00000186891	TNFRSF18	chr1	1212804	1213304	1206591	-	6463	immune	method3_abc	0.030242667064052497
chr1:1213420-1213920	ENSG00000186827	TNFRSF4	chr1	1213420	1213920	1214152	-	482	immune	method3_abc	0.037648045892701314
chr1:1231334-1231834	ENSG00000078808	SDF4	chr1	1231334	1231834	1232030	-	446	immune	method3_abc	0.0338886178112662
chr1:1231334-1231834	ENSG00000176022	B3GALT6	chr1	1231334	1231834	1232236	+	652	immune	method3_abc	0.032942506477762236
chr1:1231839-1232339	ENSG00000078808	SDF4	chr1	1231839	1232339	1232030	-	59	immune	method3_abc	0.24262653959091
chr1:1231839-1232339	ENSG00000131584	ACAP3	chr1	1231839	1232339	1309608	-	77519	immune	method3_abc	0.021233117836979832
chr1:1231839-1232339	ENSG00000160087	UBE2J2	chr1	1231839	1232339	1273863	-	41774	immune	method3_abc	0.04214326299986685
chr1:1231839-1232339	ENSG00000162571	TTLL10	chr1	1231839	1232339	1173879	+	58210	immune	method3_abc	0.03883229853987308
chr1:1231839-1232339	ENSG00000162572	SCNN1D	chr1	1231839	1232339	1280435	+	48346	immune	method3_abc	0.04102542951606776
chr1:1231839-1232339	ENSG00000169972	PUSL1	chr1	1231839	1232339	1308596	+	76507	immune	method3_abc	0.020666632954574233
chr1:1231839-1232339	ENSG00000176022	B3GALT6	chr1	1231839	1232339	1232236	+	147	immune	method3_abc	0.2399681271563366
chr1:1231839-1232339	ENSG00000184163	C1QTNF12	chr1	1231839	1232339	1246721	-	14632	immune	method3_abc	0.0982196601957514
chr1:1231839-1232339	ENSG00000186827	TNFRSF4	chr1	1231839	1232339	1214152	-	17937	immune	method3_abc	0.07290718838117462
chr1:1231839-1232339	ENSG00000186891	TNFRSF18	chr1	1231839	1232339	1206591	-	25498	immune	method3_abc	0.05710057263764162
chr1:1232407-1232907	ENSG00000078808	SDF4	chr1	1232407	1232907	1232030	-	627	immune	method3_abc	0.03418680886912265
chr1:1232407-1232907	ENSG00000176022	B3GALT6	chr1	1232407	1232907	1232236	+	421	immune	method3_abc	0.03545532812063693
chr1:1273648-1274148	ENSG00000160087	UBE2J2	chr1	1273648	1274148	1273863	-	35	immune	method3_abc	0.14614082257523509
chr1:1273648-1274148	ENSG00000162572	SCNN1D	chr1	1273648	1274148	1280435	+	6537	immune	method3_abc	0.07753359942510601
chr1:1273648-1274148	ENSG00000184163	C1QTNF12	chr1	1273648	1274148	1246721	-	27177	immune	method3_abc	0.031870726266054285
chr1:1274151-1274651	ENSG00000160087	UBE2J2	chr1	1274151	1274651	1273863	-	538	immune	method3_abc	0.04483268351678979
chr1:1274151-1274651	ENSG00000162572	SCNN1D	chr1	1274151	1274651	1280435	+	6034	immune	method3_abc	0.02686171781128521
chr1:1307710-1308210	ENSG00000107404	DVL1	chr1	1307710	1308210	1349417	-	41457	immune	method3_abc	0.02171883364737628
chr1:1307710-1308210	ENSG00000127054	INTS11	chr1	1307710	1308210	1324686	-	16726	immune	method3_abc	0.03990784607418545
chr1:1307710-1308210	ENSG00000131584	ACAP3	chr1	1307710	1308210	1309608	-	1648	immune	method3_abc	0.10626828527707019
chr1:1307710-1308210	ENSG00000160087	UBE2J2	chr1	1307710	1308210	1273863	-	34097	immune	method3_abc	0.02755474750456656
chr1:1307710-1308210	ENSG00000162572	SCNN1D	chr1	1307710	1308210	1280435	+	27525	immune	method3_abc	0.03529651602942226
chr1:1307710-1308210	ENSG00000162576	MXRA8	chr1	1307710	1308210	1361776	-	53816	immune	method3_abc	0.02041304671613733
chr1:1307710-1308210	ENSG00000169962	TAS1R3	chr1	1307710	1308210	1331279	+	23319	immune	method3_abc	0.034489975195505194
chr1:1307710-1308210	ENSG00000169972	PUSL1	chr1	1307710	1308210	1308596	+	636	immune	method3_abc	0.11813910614590112
chr1:1307710-1308210	ENSG00000224051	CPTP	chr1	1307710	1308210	1324755	+	16795	immune	method3_abc	0.03983512447932371
chr1:1308274-1308774	ENSG00000107404	DVL1	chr1	1308274	1308774	1349417	-	40893	immune	method3_abc	0.02862789149717943
chr1:1308274-1308774	ENSG00000127054	INTS11	chr1	1308274	1308774	1324686	-	16162	immune	method3_abc	0.05325177866648701
chr1:1308274-1308774	ENSG00000131584	ACAP3	chr1	1308274	1308774	1309608	-	1084	immune	method3_abc	0.14970558640589224
chr1:1308274-1308774	ENSG00000160087	UBE2J2	chr1	1308274	1308774	1273863	-	34661	immune	method3_abc	0.03549135680298383
chr1:1308274-1308774	ENSG00000162572	SCNN1D	chr1	1308274	1308774	1280435	+	28089	immune	method3_abc	0.04534964481706743
chr1:1308274-1308774	ENSG00000162576	MXRA8	chr1	1308274	1308774	1361776	-	53252	immune	method3_abc	0.026846410917983905
chr1:1308274-1308774	ENSG00000169962	TAS1R3	chr1	1308274	1308774	1331279	+	22755	immune	method3_abc	0.04577533784834695
chr1:1308274-1308774	ENSG00000169972	PUSL1	chr1	1308274	1308774	1308596	+	72	immune	method3_abc	0.16887690347136425
chr1:1308274-1308774	ENSG00000184163	C1QTNF12	chr1	1308274	1308774	1246721	-	61803	immune	method3_abc	0.0246928941396558
chr1:1308274-1308774	ENSG00000224051	CPTP	chr1	1308274	1308774	1324755	+	16231	immune	method3_abc	0.05315083966032666
chr1:1309015-1309515	ENSG00000131584	ACAP3	chr1	1309015	1309515	1309608	-	343	immune	method3_abc	0.025959331382141078
chr1:1309015-1309515	ENSG00000169972	PUSL1	chr1	1309015	1309515	1308596	+	669	immune	method3_abc	0.023741577446689307
chr1:1324442-1324942	ENSG00000107404	DVL1	chr1	1324442	1324942	1349417	-	24725	immune	method3_abc	0.03414876222649672
chr1:1324442-1324942	ENSG00000127054	INTS11	chr1	1324442	1324942	1324686	-	6	immune	method3_abc	0.1525786035784011
chr1:1324442-1324942	ENSG00000131584	ACAP3	chr1	1324442	1324942	1309608	-	15084	immune	method3_abc	0.04329972574797824
chr1:1324442-1324942	ENSG00000160087	UBE2J2	chr1	1324442	1324942	1273863	-	50829	immune	method3_abc	0.021548305960956377
chr1:1324442-1324942	ENSG00000162572	SCNN1D	chr1	1324442	1324942	1280435	+	44257	immune	method3_abc	0.026226102300263964
chr1:1324442-1324942	ENSG00000162576	MXRA8	chr1	1324442	1324942	1361776	-	37084	immune	method3_abc	0.029121053332630303
chr1:1324442-1324942	ENSG00000169962	TAS1R3	chr1	1324442	1324942	1331279	+	6587	immune	method3_abc	0.08001397921469738
chr1:1324442-1324942	ENSG00000169972	PUSL1	chr1	1324442	1324942	1308596	+	16096	immune	method3_abc	0.03994885293838057
chr1:1324442-1324942	ENSG00000175756	AURKAIP1	chr1	1324442	1324942	1375206	-	50514	immune	method3_abc	0.020230698453585123
chr1:1324442-1324942	ENSG00000224051	CPTP	chr1	1324442	1324942	1324755	+	63	immune	method3_abc	0.15122435469378642
chr1:1324961-1325461	ENSG00000127054	INTS11	chr1	1324961	1325461	1324686	-	525	immune	method3_abc	0.04929246774220113
chr1:1324961-1325461	ENSG00000169962	TAS1R3	chr1	1324961	1325461	1331279	+	6068	immune	method3_abc	0.02931159555129608
chr1:1324961-1325461	ENSG00000224051	CPTP	chr1	1324961	1325461	1324755	+	456	immune	method3_abc	0.049880973119143364
chr1:1330271-1330771	ENSG00000169962	TAS1R3	chr1	1330271	1330771	1331279	+	758	immune	method3_abc	0.02082968392505236
chr1:1330962-1331462	ENSG00000169962	TAS1R3	chr1	1330962	1331462	1331279	+	67	immune	method3_abc	0.03347601352378393
chr1:1348448-1348948	ENSG00000107404	DVL1	chr1	1348448	1348948	1349417	-	719	immune	method3_abc	0.020296487384813874
chr1:1349197-1349697	ENSG00000107404	DVL1	chr1	1349197	1349697	1349417	-	30	immune	method3_abc	0.17380849998930145
chr1:1349197-1349697	ENSG00000127054	INTS11	chr1	1349197	1349697	1324686	-	24761	immune	method3_abc	0.03510924576045541
chr1:1349197-1349697	ENSG00000131584	ACAP3	chr1	1349197	1349697	1309608	-	39839	immune	method3_abc	0.023359758708987113
chr1:1349197-1349697	ENSG00000162576	MXRA8	chr1	1349197	1349697	1361776	-	12329	immune	method3_abc	0.06837543533106465
chr1:1349197-1349697	ENSG00000169962	TAS1R3	chr1	1349197	1349697	1331279	+	18168	immune	method3_abc	0.047512926622801516
chr1:1349197-1349697	ENSG00000169972	PUSL1	chr1	1349197	1349697	1308596	+	40851	immune	method3_abc	0.02206119939006548
chr1:1349197-1349697	ENSG00000175756	AURKAIP1	chr1	1349197	1349697	1375206	-	25759	immune	method3_abc	0.0366901440135456
chr1:1349197-1349697	ENSG00000179403	VWA1	chr1	1349197	1349697	1434860	+	85413	immune	method3_abc	0.020475327933237596
chr1:1349197-1349697	ENSG00000205116	TMEM88B	chr1	1349197	1349697	1425870	+	76423	immune	method3_abc	0.022410115375147616
chr1:1349197-1349697	ENSG00000221978	CCNL2	chr1	1349197	1349697	1399334	-	49887	immune	method3_abc	0.022997738888429285
chr1:1349197-1349697	ENSG00000224051	CPTP	chr1	1349197	1349697	1324755	+	24692	immune	method3_abc	0.03521311819510138
chr1:1349197-1349697	ENSG00000235098	ANKRD65	chr1	1349197	1349697	1421768	-	72321	immune	method3_abc	0.023012346669615203
chr1:1349197-1349697	ENSG00000242485	MRPL20	chr1	1349197	1349697	1407292	-	57845	immune	method3_abc	0.022329427895688977
chr1:1371972-1372472	ENSG00000175756	AURKAIP1	chr1	1371972	1372472	1375206	-	2984	immune	method3_abc	0.0313382158551399
chr1:1374409-1374909	ENSG00000175756	AURKAIP1	chr1	1374409	1374909	1375206	-	547	immune	method3_abc	0.0207887354972945
chr1:1375140-1375640	ENSG00000107404	DVL1	chr1	1375140	1375640	1349417	-	25973	immune	method3_abc	0.042027147823332354
chr1:1375140-1375640	ENSG00000127054	INTS11	chr1	1375140	1375640	1324686	-	50704	immune	method3_abc	0.023923454753173916
chr1:1375140-1375640	ENSG00000160072	ATAD3B	chr1	1375140	1375640	1471764	+	96374	immune	method3_abc	0.02238071634368427
chr1:1375140-1375640	ENSG00000162576	MXRA8	chr1	1375140	1375640	1361776	-	13614	immune	method3_abc	0.07553056088024196
chr1:1375140-1375640	ENSG00000169962	TAS1R3	chr1	1375140	1375640	1331279	+	44111	immune	method3_abc	0.029052899767988413
chr1:1375140-1375640	ENSG00000175756	AURKAIP1	chr1	1375140	1375640	1375206	-	184	immune	method3_abc	0.2030378020068506
chr1:1375140-1375640	ENSG00000179403	VWA1	chr1	1375140	1375640	1434860	+	59470	immune	method3_abc	0.032304331978091905
chr1:1375140-1375640	ENSG00000205116	TMEM88B	chr1	1375140	1375640	1425870	+	50480	immune	method3_abc	0.036782865726807265
chr1:1375140-1375640	ENSG00000215915	ATAD3C	chr1	1375140	1375640	1449688	+	74298	immune	method3_abc	0.029794796221240132
chr1:1375140-1375640	ENSG00000221978	CCNL2	chr1	1375140	1375640	1399334	-	23944	immune	method3_abc	0.047175647154279826
chr1:1375140-1375640	ENSG00000224051	CPTP	chr1	1375140	1375640	1324755	+	50635	immune	method3_abc	0.023971663537087875
chr1:1375140-1375640	ENSG00000235098	ANKRD65	chr1	1375140	1375640	1421768	-	46378	immune	method3_abc	0.03860590582612063
chr1:1375140-1375640	ENSG00000242485	MRPL20	chr1	1375140	1375640	1407292	-	31902	immune	method3_abc	0.041714776488150127
chr1:1398623-1399123	ENSG00000221978	CCNL2	chr1	1398623	1399123	1399334	-	461	immune	method3_abc	0.024160922082621175
chr1:1399238-1399738	ENSG00000107404	DVL1	chr1	1399238	1399738	1349417	-	50071	immune	method3_abc	0.02441700445539831
chr1:1399238-1399738	ENSG00000160072	ATAD3B	chr1	1399238	1399738	1471764	+	72276	immune	method3_abc	0.027166974440671628
chr1:1399238-1399738	ENSG00000162576	MXRA8	chr1	1399238	1399738	1361776	-	37712	immune	method3_abc	0.03514915043814599
chr1:1399238-1399738	ENSG00000175756	AURKAIP1	chr1	1399238	1399738	1375206	-	24282	immune	method3_abc	0.04315218607223218
chr1:1399238-1399738	ENSG00000179403	VWA1	chr1	1399238	1399738	1434860	+	35372	immune	method3_abc	0.04652882687423966
chr1:1399238-1399738	ENSG00000205116	TMEM88B	chr1	1399238	1399738	1425870	+	26382	immune	method3_abc	0.057881813947671897
chr1:1399238-1399738	ENSG00000215915	ATAD3C	chr1	1399238	1399738	1449688	+	50200	immune	method3_abc	0.03914006663179756
chr1:1399238-1399738	ENSG00000221978	CCNL2	chr1	1399238	1399738	1399334	-	154	immune	method3_abc	0.20291687224927832
chr1:1399238-1399738	ENSG00000235098	ANKRD65	chr1	1399238	1399738	1421768	-	22280	immune	method3_abc	0.06418821563747461
chr1:1399238-1399738	ENSG00000242485	MRPL20	chr1	1399238	1399738	1407292	-	7804	immune	method3_abc	0.10042517661278715
chr1:1399872-1400372	ENSG00000221978	CCNL2	chr1	1399872	1400372	1399334	-	788	immune	method3_abc	0.024118487962488496
chr1:1407123-1407623	ENSG00000179403	VWA1	chr1	1407123	1407623	1434860	+	27487	immune	method3_abc	0.030212430674880567
chr1:1407123-1407623	ENSG00000205116	TMEM88B	chr1	1407123	1407623	1425870	+	18497	immune	method3_abc	0.040016081706789
chr1:1407123-1407623	ENSG00000215915	ATAD3C	chr1	1407123	1407623	1449688	+	42315	immune	method3_abc	0.024055847217044606
chr1:1407123-1407623	ENSG00000221978	CCNL2	chr1	1407123	1407623	1399334	-	8039	immune	method3_abc	0.048638745479667636
chr1:1407123-1407623	ENSG00000235098	ANKRD65	chr1	1407123	1407623	1421768	-	14395	immune	method3_abc	0.04642061421214383
chr1:1407123-1407623	ENSG00000242485	MRPL20	chr1	1407123	1407623	1407292	-	81	immune	method3_abc	0.12061980630990675
chr1:1435442-1435942	ENSG00000179403	VWA1	chr1	1435442	1435942	1434860	+	832	immune	method3_abc	0.0427806924164028
chr1:1471429-1471929	ENSG00000160072	ATAD3B	chr1	1471429	1471929	1471764	+	85	immune	method3_abc	0.13879687657062098
chr1:1471429-1471929	ENSG00000179403	VWA1	chr1	1471429	1471929	1434860	+	36819	immune	method3_abc	0.021608746938153033
chr1:1471429-1471929	ENSG00000215915	ATAD3C	chr1	1471429	1471929	1449688	+	21991	immune	method3_abc	0.03492695865847449
chr1:1511290-1511790	ENSG00000197785	ATAD3A	chr1	1511290	1511790	1512161	+	621	immune	method3_abc	0.046997204284352716
chr1:1511833-1512333	ENSG00000160072	ATAD3B	chr1	1511833	1512333	1471764	+	40319	immune	method3_abc	0.0292252379605551
chr1:1511833-1512333	ENSG00000197785	ATAD3A	chr1	1511833	1512333	1512161	+	78	immune	method3_abc	0.1840553009895095
chr1:1511833-1512333	ENSG00000205090	TMEM240	chr1	1511833	1512333	1540623	-	28540	immune	method3_abc	0.04067784540260366
chr1:1511833-1512333	ENSG00000215915	ATAD3C	chr1	1511833	1512333	1449688	+	62395	immune	method3_abc	0.02224765832118037
chr1:1540393-1540893	ENSG00000205090	TMEM240	chr1	1540393	1540893	1540623	-	20	immune	method3_abc	0.034453830616766615
chr1:1574404-1574904	ENSG00000160075	SSU72	chr1	1574404	1574904	1574862	-	208	immune	method3_abc	0.16493343790179463
chr1:1574404-1574904	ENSG00000205090	TMEM240	chr1	1574404	1574904	1540623	-	34031	immune	method3_abc	0.03416092646443015
chr1:1574404-1574904	ENSG00000228594	FNDC10	chr1	1574404	1574904	1600134	-	25480	immune	method3_abc	0.034952740644444764
chr1:1575046-1575546	ENSG00000160075	SSU72	chr1	1575046	1575546	1574862	-	434	immune	method3_abc	0.040513510460558066
chr1:1599914-1600414	ENSG00000228594	FNDC10	chr1	1599914	1600414	1600134	-	30	immune	method3_abc	0.027934519707449933
chr1:1614464-1614964	ENSG00000197530	MIB2	chr1	1614464	1614964	1615453	+	739	immune	method3_abc	0.023981331402178507
chr1:1615143-1615643	ENSG00000008128	CDK11A	chr1	1615143	1615643	1724356	-	108963	immune	method3_abc	0.023313361236820537
chr1:1615143-1615643	ENSG00000160075	SSU72	chr1	1615143	1615643	1574862	-	40531	immune	method3_abc	0.05018745715733244
chr1:1615143-1615643	ENSG00000189339	SLC35E2B	chr1	1615143	1615643	1692794	-	77401	immune	method3_abc	0.030419008285917648
chr1:1615143-1615643	ENSG00000189409	MMP23B	chr1	1615143	1615643	1632162	+	16769	immune	method3_abc	0.0749167094217102
chr1:1615143-1615643	ENSG00000197530	MIB2	chr1	1615143	1615643	1615453	+	60	immune	method3_abc	0.24388517067970958
chr1:1615143-1615643	ENSG00000197785	ATAD3A	chr1	1615143	1615643	1512161	+	103232	immune	method3_abc	0.02471609043449393
chr1:1615143-1615643	ENSG00000205090	TMEM240	chr1	1615143	1615643	1540623	-	74770	immune	method3_abc	0.03680998169085677
chr1:1615143-1615643	ENSG00000228594	FNDC10	chr1	1615143	1615643	1600134	-	15259	immune	method3_abc	0.10007522471522295
chr1:1615143-1615643	ENSG00000248333	CDK11B	chr1	1615143	1615643	1659011	-	43618	immune	method3_abc	0.046669482447688586
chr1:1615939-1616439	ENSG00000197530	MIB2	chr1	1615939	1616439	1615453	+	736	immune	method3_abc	0.053171439568283345
chr1:1615939-1616439	ENSG00000228594	FNDC10	chr1	1615939	1616439	1600134	-	16055	immune	method3_abc	0.0235308276581986
chr1:1628918-1629418	ENSG00000189409	MMP23B	chr1	1628918	1629418	1632162	+	2994	immune	method3_abc	0.028636897620821635
chr1:1629599-1630099	ENSG00000189409	MMP23B	chr1	1629599	1630099	1632162	+	2313	immune	method3_abc	0.06481282891643318
chr1:1629599-1630099	ENSG00000197530	MIB2	chr1	1629599	1630099	1615453	+	14396	immune	method3_abc	0.025375388909876014
chr1:1629599-1630099	ENSG00000228594	FNDC10	chr1	1629599	1630099	1600134	-	29715	immune	method3_abc	0.02097781525059004
chr1:1629599-1630099	ENSG00000248333	CDK11B	chr1	1629599	1630099	1659011	-	29162	immune	method3_abc	0.021246614961743793
chr1:1630237-1630737	ENSG00000160075	SSU72	chr1	1630237	1630737	1574862	-	55625	immune	method3_abc	0.021065419394951605
chr1:1630237-1630737	ENSG00000189409	MMP23B	chr1	1630237	1630737	1632162	+	1675	immune	method3_abc	0.11281848238174454
chr1:1630237-1630737	ENSG00000197530	MIB2	chr1	1630237	1630737	1615453	+	15034	immune	method3_abc	0.03966552063024434
chr1:1630237-1630737	ENSG00000228594	FNDC10	chr1	1630237	1630737	1600134	-	30353	immune	method3_abc	0.03319770549016363
chr1:1630237-1630737	ENSG00000248333	CDK11B	chr1	1630237	1630737	1659011	-	28524	immune	method3_abc	0.03472494497786199
chr1:1630864-1631364	ENSG00000189409	MMP23B	chr1	1630864	1631364	1632162	+	1048	immune	method3_abc	0.03428088773319751
chr1:1631379-1631879	ENSG00000189409	MMP23B	chr1	1631379	1631879	1632162	+	533	immune	method3_abc	0.027926174559369594
chr1:1631885-1632385	ENSG00000189409	MMP23B	chr1	1631885	1632385	1632162	+	27	immune	method3_abc	0.03035627659453004
chr1:1658895-1659395	ENSG00000189339	SLC35E2B	chr1	1658895	1659395	1692794	-	33649	immune	method3_abc	0.02967099768524816
chr1:1658895-1659395	ENSG00000189409	MMP23B	chr1	1658895	1659395	1632162	+	26983	immune	method3_abc	0.027061670059938023
chr1:1658895-1659395	ENSG00000248333	CDK11B	chr1	1658895	1659395	1659011	-	134	immune	method3_abc	0.1665658544119021
chr1:1692281-1692781	ENSG00000189339	SLC35E2B	chr1	1692281	1692781	1692794	-	263	immune	method3_abc	0.0811739844067406
chr1:1692909-1693409	ENSG00000008128	CDK11A	chr1	1692909	1693409	1724356	-	31197	immune	method3_abc	0.02096216560122924
chr1:1692909-1693409	ENSG00000189339	SLC35E2B	chr1	1692909	1693409	1692794	-	365	immune	method3_abc	0.10858566023154163
chr1:1724236-1724736	ENSG00000008128	CDK11A	chr1	1724236	1724736	1724356	-	130	immune	method3_abc	0.21817779012973246
chr1:1724236-1724736	ENSG00000008130	NADK	chr1	1724236	1724736	1780456	-	55970	immune	method3_abc	0.02138673885822376
chr1:1724236-1724736	ENSG00000189339	SLC35E2B	chr1	1724236	1724736	1692794	-	31692	immune	method3_abc	0.03876612478278757
chr1:1724236-1724736	ENSG00000248333	CDK11B	chr1	1724236	1724736	1659011	-	65475	immune	method3_abc	0.02129997591142532
chr1:1778024-1778524	ENSG00000008130	NADK	chr1	1778024	1778524	1780456	-	2182	immune	method3_abc	0.08930173689774376
chr1:1778675-1779175	ENSG00000008128	CDK11A	chr1	1778675	1779175	1724356	-	54569	immune	method3_abc	0.021105280822849737
chr1:1778675-1779175	ENSG00000008130	NADK	chr1	1778675	1779175	1780456	-	1531	immune	method3_abc	0.12195777418371215
chr1:1779375-1779875	ENSG00000008130	NADK	chr1	1779375	1779875	1780456	-	831	immune	method3_abc	0.022161579620573607
chr1:1779913-1780413	ENSG00000008130	NADK	chr1	1779913	1780413	1780456	-	293	immune	method3_abc	0.054426335609345164
chr1:1780629-1781129	ENSG00000008130	NADK	chr1	1780629	1781129	1780456	-	423	immune	method3_abc	0.035552619815813896
chr1:1782613-1783113	ENSG00000008130	NADK	chr1	1782613	1783113	1780456	-	2407	immune	method3_abc	0.030938570922657456
chr1:1890047-1890547	ENSG00000078369	GNB1	chr1	1890047	1890547	1892291	-	1994	immune	method3_abc	0.04668085175556205
chr1:1890872-1891372	ENSG00000078369	GNB1	chr1	1890872	1891372	1892291	-	1169	immune	method3_abc	0.12887271982830203
chr1:1890872-1891372	ENSG00000169885	CALML6	chr1	1890872	1891372	1915107	+	23985	immune	method3_abc	0.030735515240555355
chr1:1890872-1891372	ENSG00000178821	TMEM52	chr1	1890872	1891372	1919278	-	28156	immune	method3_abc	0.0249889038895977
chr1:1891436-1891936	ENSG00000078369	GNB1	chr1	1891436	1891936	1892291	-	605	immune	method3_abc	0.06543055786284106
chr1:1908915-1909415	ENSG00000078369	GNB1	chr1	1908915	1909415	1892291	-	16874	immune	method3_abc	0.06950969553817536
chr1:1908915-1909415	ENSG00000142609	CFAP74	chr1	1908915	1909415	2003836	-	94671	immune	method3_abc	0.03091642695736641
chr1:1908915-1909415	ENSG00000169885	CALML6	chr1	1908915	1909415	1915107	+	5942	immune	method3_abc	0.1163729965944792
chr1:1908915-1909415	ENSG00000178821	TMEM52	chr1	1908915	1909415	1919278	-	10113	immune	method3_abc	0.08030382827019289
chr1:1908915-1909415	ENSG00000187730	GABRD	chr1	1908915	1909415	2019328	+	110163	immune	method3_abc	0.026754176172492955
chr1:1918442-1918942	ENSG00000169885	CALML6	chr1	1918442	1918942	1915107	+	3585	immune	method3_abc	0.021978290427414927
chr1:1918442-1918942	ENSG00000178821	TMEM52	chr1	1918442	1918942	1919278	-	586	immune	method3_abc	0.02919275926332259
chr1:1919236-1919736	ENSG00000067606	PRKCZ	chr1	1919236	1919736	2050410	+	130924	immune	method3_abc	0.022273632467104502
chr1:1919236-1919736	ENSG00000078369	GNB1	chr1	1919236	1919736	1892291	-	27195	immune	method3_abc	0.0640372580209902
chr1:1919236-1919736	ENSG00000142609	CFAP74	chr1	1919236	1919736	2003836	-	84350	immune	method3_abc	0.0438447538041794
chr1:1919236-1919736	ENSG00000169885	CALML6	chr1	1919236	1919736	1915107	+	4379	immune	method3_abc	0.17159945484139927
chr1:1919236-1919736	ENSG00000178821	TMEM52	chr1	1919236	1919736	1919278	-	208	immune	method3_abc	0.2616334866773014
chr1:1919236-1919736	ENSG00000187730	GABRD	chr1	1919236	1919736	2019328	+	99842	immune	method3_abc	0.03743638389222345
chr1:1919771-1920271	ENSG00000169885	CALML6	chr1	1919771	1920271	1915107	+	4914	immune	method3_abc	0.0276518461986885
chr1:1919771-1920271	ENSG00000178821	TMEM52	chr1	1919771	1920271	1919278	-	743	immune	method3_abc	0.0406363699832223
chr1:2044748-2045248	ENSG00000067606	PRKCZ	chr1	2044748	2045248	2050410	+	5412	immune	method3_abc	0.03358967417115121
chr1:2049415-2049915	ENSG00000067606	PRKCZ	chr1	2049415	2049915	2050410	+	745	immune	method3_abc	0.020797834545435424
chr1:2049983-2050483	ENSG00000067606	PRKCZ	chr1	2049983	2050483	2050410	+	177	immune	method3_abc	0.19732463356095412
chr1:2049983-2050483	ENSG00000142609	CFAP74	chr1	2049983	2050483	2003836	-	46397	immune	method3_abc	0.03660367173289393
chr1:2049983-2050483	ENSG00000187730	GABRD	chr1	2049983	2050483	2019328	+	30905	immune	method3_abc	0.049073317933533395
chr1:2050760-2051260	ENSG00000067606	PRKCZ	chr1	2050760	2051260	2050410	+	600	immune	method3_abc	0.021265561977290556
chr1:2133049-2133549	ENSG00000067606	PRKCZ	chr1	2133049	2133549	2050410	+	82889	immune	method3_abc	0.02168306062505673
chr1:2133049-2133549	ENSG00000142609	CFAP74	chr1	2133049	2133549	2003836	-	129463	immune	method3_abc	0.020467763479601185
chr1:2133049-2133549	ENSG00000187730	GABRD	chr1	2133049	2133549	2019328	+	113971	immune	method3_abc	0.022341419105433982
chr1:2194512-2195012	ENSG00000162585	FAAP20	chr1	2194512	2195012	2212719	-	17957	immune	method3_abc	0.030386795962372194
chr1:2195092-2195592	ENSG00000162585	FAAP20	chr1	2195092	2195592	2212719	-	17377	immune	method3_abc	0.024636076864127138
chr1:2199204-2199704	ENSG00000162585	FAAP20	chr1	2199204	2199704	2212719	-	13265	immune	method3_abc	0.029125561383596153
chr1:2204459-2204959	ENSG00000162585	FAAP20	chr1	2204459	2204959	2212719	-	8010	immune	method3_abc	0.036473447772976376
chr1:2205040-2205540	ENSG00000157933	SKI	chr1	2205040	2205540	2227387	+	22097	immune	method3_abc	0.03493710527862472
chr1:2205040-2205540	ENSG00000162585	FAAP20	chr1	2205040	2205540	2212719	-	7429	immune	method3_abc	0.08227266417490631
chr1:2212727-2213227	ENSG00000162585	FAAP20	chr1	2212727	2213227	2212719	-	258	immune	method3_abc	0.028886213596644245
chr1:2227012-2227512	ENSG00000157933	SKI	chr1	2227012	2227512	2227387	+	125	immune	method3_abc	0.04241656235387721
chr1:2227522-2228022	ENSG00000142609	CFAP74	chr1	2227522	2228022	2003836	-	223936	immune	method3_abc	0.021333805453899513
chr1:2227522-2228022	ENSG00000157933	SKI	chr1	2227522	2228022	2227387	+	385	immune	method3_abc	0.23582601248893822
chr1:2227522-2228022	ENSG00000162585	FAAP20	chr1	2227522	2228022	2212719	-	15053	immune	method3_abc	0.08980776896633272
chr1:2227522-2228022	ENSG00000187730	GABRD	chr1	2227522	2228022	2019328	+	208444	immune	method3_abc	0.022250114590839545
chr1:2228057-2228557	ENSG00000157933	SKI	chr1	2228057	2228557	2227387	+	920	immune	method3_abc	0.044311455197783074
chr1:2229077-2229577	ENSG00000157933	SKI	chr1	2229077	2229577	2227387	+	1940	immune	method3_abc	0.027684604086487152
chr1:2234376-2234876	ENSG00000157933	SKI	chr1	2234376	2234876	2227387	+	7239	immune	method3_abc	0.022221097381716022
chr1:2390873-2391373	ENSG00000116151	MORN1	chr1	2390873	2391373	2391706	-	583	immune	method3_abc	0.023979018159905826
chr1:2390873-2391373	ENSG00000157916	RER1	chr1	2390873	2391373	2391774	+	651	immune	method3_abc	0.02379163003430587
chr1:2391405-2391905	ENSG00000116151	MORN1	chr1	2391405	2391905	2391706	-	51	immune	method3_abc	0.2438324961982517
chr1:2391405-2391905	ENSG00000149527	PLCH2	chr1	2391405	2391905	2425979	+	34324	immune	method3_abc	0.05189156247026565
chr1:2391405-2391905	ENSG00000157911	PEX10	chr1	2391405	2391905	2413796	-	22141	immune	method3_abc	0.053202502040045604
chr1:2391405-2391905	ENSG00000157916	RER1	chr1	2391405	2391905	2391774	+	119	immune	method3_abc	0.24166058083131098
chr1:2392073-2392573	ENSG00000116151	MORN1	chr1	2392073	2392573	2391706	-	617	immune	method3_abc	0.021348406487812558
chr1:2392073-2392573	ENSG00000157916	RER1	chr1	2392073	2392573	2391774	+	549	immune	method3_abc	0.021633883367986998
chr1:2411779-2412279	ENSG00000157911	PEX10	chr1	2411779	2412279	2413796	-	1767	immune	method3_abc	0.023225102818882
chr1:2412401-2412901	ENSG00000116151	MORN1	chr1	2412401	2412901	2391706	-	20945	immune	method3_abc	0.060516866793635854
chr1:2412401-2412901	ENSG00000149527	PLCH2	chr1	2412401	2412901	2425979	+	13328	immune	method3_abc	0.10389916471290715
chr1:2412401-2412901	ENSG00000157911	PEX10	chr1	2412401	2412901	2413796	-	1145	immune	method3_abc	0.19963916145628038
chr1:2412401-2412901	ENSG00000157916	RER1	chr1	2412401	2412901	2391774	+	20877	immune	method3_abc	0.06081840116173079
chr1:2412984-2413484	ENSG00000149527	PLCH2	chr1	2412984	2413484	2425979	+	12745	immune	method3_abc	0.023916884838674116
chr1:2412984-2413484	ENSG00000157911	PEX10	chr1	2412984	2413484	2413796	-	562	immune	method3_abc	0.04872898727053104
chr1:2414327-2414827	ENSG00000149527	PLCH2	chr1	2414327	2414827	2425979	+	11402	immune	method3_abc	0.026924616015248877
chr1:2414327-2414827	ENSG00000157911	PEX10	chr1	2414327	2414827	2413796	-	781	immune	method3_abc	0.04953415560447443
chr1:2415646-2416146	ENSG00000149527	PLCH2	chr1	2415646	2416146	2425979	+	10083	immune	method3_abc	0.020795471813718807
chr1:2415646-2416146	ENSG00000157911	PEX10	chr1	2415646	2416146	2413796	-	2100	immune	method3_abc	0.029743765425423258
chr1:2526018-2526518	ENSG00000157873	TNFRSF14	chr1	2526018	2526518	2555638	+	29370	immune	method3_abc	0.020806922454902683
chr1:2526018-2526518	ENSG00000157881	PANK4	chr1	2526018	2526518	2526596	-	328	immune	method3_abc	0.12391272782561531
chr1:2526018-2526518	ENSG00000197921	HES5	chr1	2526018	2526518	2530262	-	3994	immune	method3_abc	0.0795187488486077
chr1:2526736-2527236	ENSG00000157881	PANK4	chr1	2526736	2527236	2526596	-	390	immune	method3_abc	0.04045606363630875
chr1:2526736-2527236	ENSG00000197921	HES5	chr1	2526736	2527236	2530262	-	3276	immune	method3_abc	0.02819316227294752
chr1:2529254-2529754	ENSG00000157881	PANK4	chr1	2529254	2529754	2526596	-	2908	immune	method3_abc	0.021053443999741326
chr1:2529254-2529754	ENSG00000197921	HES5	chr1	2529254	2529754	2530262	-	758	immune	method3_abc	0.028079318334190757
chr1:2530039-2530539	ENSG00000197921	HES5	chr1	2530039	2530539	2530262	-	27	immune	method3_abc	0.02633725557623845
chr1:2546101-2546601	ENSG00000142606	MMEL1	chr1	2546101	2546601	2633015	-	86664	immune	method3_abc	0.027503984837738867
chr1:2546101-2546601	ENSG00000157870	PRXL2B	chr1	2546101	2546601	2586490	+	40139	immune	method3_abc	0.027863172462285632
chr1:2546101-2546601	ENSG00000157873	TNFRSF14	chr1	2546101	2546601	2555638	+	9287	immune	method3_abc	0.06632715672950329
chr1:2546101-2546601	ENSG00000157881	PANK4	chr1	2546101	2546601	2526596	-	19755	immune	method3_abc	0.04836665846195544
chr1:2546101-2546601	ENSG00000197921	HES5	chr1	2546101	2546601	2530262	-	16089	immune	method3_abc	0.05627116234624912
chr1:2546864-2547364	ENSG00000157873	TNFRSF14	chr1	2546864	2547364	2555638	+	8524	immune	method3_abc	0.04466624249638964
chr1:2546864-2547364	ENSG00000157881	PANK4	chr1	2546864	2547364	2526596	-	20518	immune	method3_abc	0.030243154201431036
chr1:2546864-2547364	ENSG00000197921	HES5	chr1	2546864	2547364	2530262	-	16852	immune	method3_abc	0.03502741425451402
chr1:2547926-2548426	ENSG00000157873	TNFRSF14	chr1	2547926	2548426	2555638	+	7462	immune	method3_abc	0.03569577449924101
chr1:2547926-2548426	ENSG00000157881	PANK4	chr1	2547926	2548426	2526596	-	21580	immune	method3_abc	0.02172491388980157
chr1:2547926-2548426	ENSG00000197921	HES5	chr1	2547926	2548426	2530262	-	17914	immune	method3_abc	0.02501582693285153
chr1:2548662-2549162	ENSG00000142606	MMEL1	chr1	2548662	2549162	2633015	-	84103	immune	method3_abc	0.0212091946339196
chr1:2548662-2549162	ENSG00000157870	PRXL2B	chr1	2548662	2549162	2586490	+	37578	immune	method3_abc	0.02205573284236052
chr1:2548662-2549162	ENSG00000157873	TNFRSF14	chr1	2548662	2549162	2555638	+	6726	immune	method3_abc	0.05925863000273117
chr1:2548662-2549162	ENSG00000157881	PANK4	chr1	2548662	2549162	2526596	-	22316	immune	method3_abc	0.03340195408112747
chr1:2548662-2549162	ENSG00000197921	HES5	chr1	2548662	2549162	2530262	-	18650	immune	method3_abc	0.03831805177140064
chr1:2554879-2555379	ENSG00000157873	TNFRSF14	chr1	2554879	2555379	2555638	+	509	immune	method3_abc	0.032618055760302744
chr1:2555520-2556020	ENSG00000157873	TNFRSF14	chr1	2555520	2556020	2555638	+	132	immune	method3_abc	0.07236840455751226
chr1:2556268-2556768	ENSG00000157873	TNFRSF14	chr1	2556268	2556768	2555638	+	880	immune	method3_abc	0.05138474622509936
chr1:2556803-2557303	ENSG00000157873	TNFRSF14	chr1	2556803	2557303	2555638	+	1415	immune	method3_abc	0.04594802740233179
chr1:2578212-2578712	ENSG00000157870	PRXL2B	chr1	2578212	2578712	2586490	+	8028	immune	method3_abc	0.03903308661916382
chr1:2585325-2585825	ENSG00000142606	MMEL1	chr1	2585325	2585825	2633015	-	47440	immune	method3_abc	0.024737101705208923
chr1:2585325-2585825	ENSG00000157870	PRXL2B	chr1	2585325	2585825	2586490	+	915	immune	method3_abc	0.09033101337287584
chr1:2586431-2586931	ENSG00000142606	MMEL1	chr1	2586431	2586931	2633015	-	46334	immune	method3_abc	0.0541677179228014
chr1:2586431-2586931	ENSG00000157870	PRXL2B	chr1	2586431	2586931	2586490	+	191	immune	method3_abc	0.217523785047453
chr1:2586431-2586931	ENSG00000157873	TNFRSF14	chr1	2586431	2586931	2555638	+	31043	immune	method3_abc	0.03526470704092807
chr1:2586431-2586931	ENSG00000157881	PANK4	chr1	2586431	2586931	2526596	-	60085	immune	method3_abc	0.024807833830050325
chr1:2586431-2586931	ENSG00000197921	HES5	chr1	2586431	2586931	2530262	-	56419	immune	method3_abc	0.02640435793073479
chr1:2586431-2586931	ENSG00000215912	TTC34	chr1	2586431	2586931	2801692	-	215011	immune	method3_abc	0.02645378515982931
chr1:2587225-2587725	ENSG00000157870	PRXL2B	chr1	2587225	2587725	2586490	+	985	immune	method3_abc	0.03070972932940659
chr1:2642385-2642885	ENSG00000142606	MMEL1	chr1	2642385	2642885	2633015	-	9620	immune	method3_abc	0.029665986662233405
chr1:2642972-2643472	ENSG00000142606	MMEL1	chr1	2642972	2643472	2633015	-	10207	immune	method3_abc	0.07443584187622358
chr1:2801552-2802052	ENSG00000215912	TTC34	chr1	2801552	2802052	2801692	-	110	immune	method3_abc	0.021596166367137806
chr1:3069983-3070483	ENSG00000142611	PRDM16	chr1	3069983	3070483	3069167	+	1066	immune	method3_abc	0.02791560851792056
chr1:3453036-3453536	ENSG00000130762	ARHGEF16	chr1	3453036	3453536	3454664	+	1378	immune	method3_abc	0.0603159946174857
chr1:3454229-3454729	ENSG00000130762	ARHGEF16	chr1	3454229	3454729	3454664	+	185	immune	method3_abc	0.07949396871420507
chr1:3454822-3455322	ENSG00000130762	ARHGEF16	chr1	3454822	3455322	3454664	+	408	immune	method3_abc	0.04212221091604647
chr1:3610940-3611440	ENSG00000162591	MEGF6	chr1	3610940	3611440	3611507	-	317	immune	method3_abc	0.021295761994118863
chr1:3611484-3611984	ENSG00000162591	MEGF6	chr1	3611484	3611984	3611507	-	227	immune	method3_abc	0.0393850310311789
chr1:3618961-3619461	ENSG00000162591	MEGF6	chr1	3618961	3619461	3611507	-	7704	immune	method3_abc	0.022020997921571094
chr1:3623934-3624434	ENSG00000158109	TPRG1L	chr1	3623934	3624434	3625014	+	830	immune	method3_abc	0.026542284065236395
chr1:3624634-3625134	ENSG00000078900	TP73	chr1	3624634	3625134	3652515	+	27631	immune	method3_abc	0.07296958144884179
chr1:3624634-3625134	ENSG00000116213	WRAP73	chr1	3624634	3625134	3652760	-	27876	immune	method3_abc	0.07276424573940381
chr1:3624634-3625134	ENSG00000130762	ARHGEF16	chr1	3624634	3625134	3454664	+	170220	immune	method3_abc	0.023331351700936268
chr1:3624634-3625134	ENSG00000158109	TPRG1L	chr1	3624634	3625134	3625014	+	130	immune	method3_abc	0.3036191456253362
chr1:3624634-3625134	ENSG00000162591	MEGF6	chr1	3624634	3625134	3611507	-	13377	immune	method3_abc	0.13443319583221686
chr1:3624634-3625134	ENSG00000162592	CCDC27	chr1	3624634	3625134	3746459	+	121575	immune	method3_abc	0.026173181159137544
chr1:3625220-3625720	ENSG00000158109	TPRG1L	chr1	3625220	3625720	3625014	+	456	immune	method3_abc	0.06486383266255846
chr1:3625220-3625720	ENSG00000162591	MEGF6	chr1	3625220	3625720	3611507	-	13963	immune	method3_abc	0.029484811049196192
chr1:3649887-3650387	ENSG00000078900	TP73	chr1	3649887	3650387	3652515	+	2378	immune	method3_abc	0.1021571659750256
chr1:3649887-3650387	ENSG00000116213	WRAP73	chr1	3649887	3650387	3652760	-	2623	immune	method3_abc	0.09966171610011171
chr1:3649887-3650387	ENSG00000158109	TPRG1L	chr1	3649887	3650387	3625014	+	25123	immune	method3_abc	0.024995681520336124
chr1:3649887-3650387	ENSG00000162591	MEGF6	chr1	3649887	3650387	3611507	-	38630	immune	method3_abc	0.024332541744338295
chr1:3651053-3651553	ENSG00000078900	TP73	chr1	3651053	3651553	3652515	+	1212	immune	method3_abc	0.021054088135541167
chr1:3651053-3651553	ENSG00000116213	WRAP73	chr1	3651053	3651553	3652760	-	1457	immune	method3_abc	0.0204325918626179
chr1:3652031-3652531	ENSG00000078900	TP73	chr1	3652031	3652531	3652515	+	234	immune	method3_abc	0.04116105314455529
chr1:3652031-3652531	ENSG00000116213	WRAP73	chr1	3652031	3652531	3652760	-	479	immune	method3_abc	0.03970124538819041
chr1:3652546-3653046	ENSG00000078900	TP73	chr1	3652546	3653046	3652515	+	281	immune	method3_abc	0.033335502844036385
chr1:3652546-3653046	ENSG00000116213	WRAP73	chr1	3652546	3653046	3652760	-	36	immune	method3_abc	0.03487048174937824
chr1:3746605-3747105	ENSG00000162592	CCDC27	chr1	3746605	3747105	3746459	+	396	immune	method3_abc	0.02911855844151897
chr1:3747195-3747695	ENSG00000162592	CCDC27	chr1	3747195	3747695	3746459	+	986	immune	method3_abc	0.11132778414579723
chr1:3747195-3747695	ENSG00000235169	SMIM1	chr1	3747195	3747695	3772748	+	25303	immune	method3_abc	0.020560217098310907
chr1:3771594-3772094	ENSG00000235169	SMIM1	chr1	3771594	3772094	3772748	+	904	immune	method3_abc	0.027593600400746477
chr1:3772251-3772751	ENSG00000116198	CEP104	chr1	3772251	3772751	3857395	-	84894	immune	method3_abc	0.021038771059534132
chr1:3772251-3772751	ENSG00000130764	LRRC47	chr1	3772251	3772751	3796497	-	23996	immune	method3_abc	0.07284404746412333
chr1:3772251-3772751	ENSG00000162592	CCDC27	chr1	3772251	3772751	3746459	+	26042	immune	method3_abc	0.07621607813694664
chr1:3772251-3772751	ENSG00000169598	DFFB	chr1	3772251	3772751	3857266	+	84765	immune	method3_abc	0.020907320590495607
chr1:3772251-3772751	ENSG00000235169	SMIM1	chr1	3772251	3772751	3772748	+	247	immune	method3_abc	0.27097416805085867
chr1:3772898-3773398	ENSG00000235169	SMIM1	chr1	3772898	3773398	3772748	+	400	immune	method3_abc	0.04351222564553772
chr1:3775332-3775832	ENSG00000235169	SMIM1	chr1	3775332	3775832	3772748	+	2834	immune	method3_abc	0.02528886098944342
chr1:3775979-3776479	ENSG00000235169	SMIM1	chr1	3775979	3776479	3772748	+	3481	immune	method3_abc	0.02490182845074213
chr1:3796277-3796777	ENSG00000130764	LRRC47	chr1	3796277	3796777	3796497	-	30	immune	method3_abc	0.2072868853302336
chr1:3796277-3796777	ENSG00000162592	CCDC27	chr1	3796277	3796777	3746459	+	50068	immune	method3_abc	0.028692487590819528
chr1:3796277-3796777	ENSG00000235169	SMIM1	chr1	3796277	3796777	3772748	+	23779	immune	method3_abc	0.03820871429670372
chr1:3856509-3857009	ENSG00000116198	CEP104	chr1	3856509	3857009	3857395	-	636	immune	method3_abc	0.06219454641338466
chr1:3856509-3857009	ENSG00000169598	DFFB	chr1	3856509	3857009	3857266	+	507	immune	method3_abc	0.06298488815990935
chr1:3857020-3857520	ENSG00000116198	CEP104	chr1	3857020	3857520	3857395	-	125	immune	method3_abc	0.3522293890583521
chr1:3857020-3857520	ENSG00000130764	LRRC47	chr1	3857020	3857520	3796497	-	60773	immune	method3_abc	0.04947888747494894
chr1:3857020-3857520	ENSG00000162592	CCDC27	chr1	3857020	3857520	3746459	+	110811	immune	method3_abc	0.033579457084667814
chr1:3857020-3857520	ENSG00000169598	DFFB	chr1	3857020	3857520	3857266	+	4	immune	method3_abc	0.3569345778379441
chr1:3857020-3857520	ENSG00000198912	C1orf174	chr1	3857020	3857520	3900292	-	43022	immune	method3_abc	0.03848568728641878
chr1:3857020-3857520	ENSG00000235169	SMIM1	chr1	3857020	3857520	3772748	+	84522	immune	method3_abc	0.031810081862051615
chr1:3857726-3858226	ENSG00000116198	CEP104	chr1	3857726	3858226	3857395	-	581	immune	method3_abc	0.03497599794310661
chr1:3857726-3858226	ENSG00000169598	DFFB	chr1	3857726	3858226	3857266	+	710	immune	method3_abc	0.03403075449313631
chr1:3899425-3899925	ENSG00000198912	C1orf174	chr1	3899425	3899925	3900292	-	617	immune	method3_abc	0.03133490173379007
chr1:3900046-3900546	ENSG00000116198	CEP104	chr1	3900046	3900546	3857395	-	42901	immune	method3_abc	0.03885395024730302
chr1:3900046-3900546	ENSG00000130764	LRRC47	chr1	3900046	3900546	3796497	-	103799	immune	method3_abc	0.024622572476666788
chr1:3900046-3900546	ENSG00000169598	DFFB	chr1	3900046	3900546	3857266	+	43030	immune	method3_abc	0.038472856419448455
chr1:3900046-3900546	ENSG00000198912	C1orf174	chr1	3900046	3900546	3900292	-	4	immune	method3_abc	0.2122373990450006
chr1:3900586-3901086	ENSG00000116198	CEP104	chr1	3900586	3901086	3857395	-	43441	immune	method3_abc	0.044425982260032026
chr1:3900586-3901086	ENSG00000130764	LRRC47	chr1	3900586	3901086	3796497	-	104339	immune	method3_abc	0.028307416001972816
chr1:3900586-3901086	ENSG00000162592	CCDC27	chr1	3900586	3901086	3746459	+	154377	immune	method3_abc	0.02264325578336329
chr1:3900586-3901086	ENSG00000169598	DFFB	chr1	3900586	3901086	3857266	+	43570	immune	method3_abc	0.04399138179050014
chr1:3900586-3901086	ENSG00000198912	C1orf174	chr1	3900586	3901086	3900292	-	544	immune	method3_abc	0.22415025401687347
chr1:3900586-3901086	ENSG00000235169	SMIM1	chr1	3900586	3901086	3772748	+	128088	immune	method3_abc	0.02005654073123043
chr1:3901188-3901688	ENSG00000116198	CEP104	chr1	3901188	3901688	3857395	-	44043	immune	method3_abc	0.03001050608552443
chr1:3901188-3901688	ENSG00000169598	DFFB	chr1	3901188	3901688	3857266	+	44172	immune	method3_abc	0.02971776898453817
chr1:3901188-3901688	ENSG00000198912	C1orf174	chr1	3901188	3901688	3900292	-	1146	immune	method3_abc	0.13992419359841485
chr1:4652501-4653001	ENSG00000196581	AJAP1	chr1	4652501	4653001	4654608	+	1857	immune	method3_abc	0.03544676456371016
chr1:4655218-4655718	ENSG00000196581	AJAP1	chr1	4655218	4655718	4654608	+	860	immune	method3_abc	0.022345278868045382
chr1:4656180-4656680	ENSG00000196581	AJAP1	chr1	4656180	4656680	4654608	+	1822	immune	method3_abc	0.024417881514881577
chr1:5991085-5991585	ENSG00000069424	KCNAB2	chr1	5991085	5991585	5990926	+	409	immune	method3_abc	0.025327160068879407
chr1:5991085-5991585	ENSG00000131697	NPHP4	chr1	5991085	5991585	5992472	-	1137	immune	method3_abc	0.020706099825302776
chr1:5991750-5992250	ENSG00000069424	KCNAB2	chr1	5991750	5992250	5990926	+	1074	immune	method3_abc	0.11469730091529663
chr1:5991750-5992250	ENSG00000131697	NPHP4	chr1	5991750	5992250	5992472	-	472	immune	method3_abc	0.11460696923330772
chr1:5992274-5992774	ENSG00000069424	KCNAB2	chr1	5992274	5992774	5990926	+	1598	immune	method3_abc	0.26551631059594927
chr1:5992274-5992774	ENSG00000131697	NPHP4	chr1	5992274	5992774	5992472	-	52	immune	method3_abc	0.3056248545962746
chr1:5993128-5993628	ENSG00000069424	KCNAB2	chr1	5993128	5993628	5990926	+	2452	immune	method3_abc	0.02658905361965053
chr1:5993128-5993628	ENSG00000131697	NPHP4	chr1	5993128	5993628	5992472	-	906	immune	method3_abc	0.029701393299759803
chr1:5994656-5995156	ENSG00000069424	KCNAB2	chr1	5994656	5995156	5990926	+	3980	immune	method3_abc	0.026975862007793627
chr1:5994656-5995156	ENSG00000131697	NPHP4	chr1	5994656	5995156	5992472	-	2434	immune	method3_abc	0.02901242171424126
chr1:6026005-6026505	ENSG00000069424	KCNAB2	chr1	6026005	6026505	5990926	+	35329	immune	method3_abc	0.03836601269501391
chr1:6026005-6026505	ENSG00000131697	NPHP4	chr1	6026005	6026505	5992472	-	33783	immune	method3_abc	0.03621910330699793
chr1:6198938-6199438	ENSG00000116251	RPL22	chr1	6198938	6199438	6209388	-	10200	immune	method3_abc	0.024597992707977433
chr1:6198938-6199438	ENSG00000116254	CHD5	chr1	6198938	6199438	6180320	-	18868	immune	method3_abc	0.02256349830359149
chr1:6198938-6199438	ENSG00000158286	RNF207	chr1	6198938	6199438	6205474	+	6286	immune	method3_abc	0.030688178970304503
chr1:6198938-6199438	ENSG00000285629	ENSG00000285629	chr1	6198938	6199438	6197756	-	1432	immune	method3_abc	0.051597730247237766
chr1:6199507-6200007	ENSG00000116237	ICMT	chr1	6199507	6200007	6235971	-	36214	immune	method3_abc	0.0385914187414004
chr1:6199507-6200007	ENSG00000116251	RPL22	chr1	6199507	6200007	6209388	-	9631	immune	method3_abc	0.1133802350558101
chr1:6199507-6200007	ENSG00000116254	CHD5	chr1	6199507	6200007	6180320	-	19437	immune	method3_abc	0.0985659401816014
chr1:6199507-6200007	ENSG00000158286	RNF207	chr1	6199507	6200007	6205474	+	5717	immune	method3_abc	0.1431328765972496
chr1:6199507-6200007	ENSG00000158292	GPR153	chr1	6199507	6200007	6261097	-	61340	immune	method3_abc	0.031104060031187736
chr1:6199507-6200007	ENSG00000173673	HES3	chr1	6199507	6200007	6244178	+	44421	immune	method3_abc	0.037743538736614346
chr1:6199507-6200007	ENSG00000285629	ENSG00000285629	chr1	6199507	6200007	6197756	-	2001	immune	method3_abc	0.21370984694762457
chr1:6205153-6205653	ENSG00000116251	RPL22	chr1	6205153	6205653	6209388	-	3985	immune	method3_abc	0.028126213050535417
chr1:6205153-6205653	ENSG00000158286	RNF207	chr1	6205153	6205653	6205474	+	71	immune	method3_abc	0.04454694441843446
chr1:6205153-6205653	ENSG00000285629	ENSG00000285629	chr1	6205153	6205653	6197756	-	7647	immune	method3_abc	0.020736282971325147
chr1:6205837-6206337	ENSG00000116251	RPL22	chr1	6205837	6206337	6209388	-	3301	immune	method3_abc	0.05670116955803982
chr1:6205837-6206337	ENSG00000116254	CHD5	chr1	6205837	6206337	6180320	-	25767	immune	method3_abc	0.02463792820743038
chr1:6205837-6206337	ENSG00000158286	RNF207	chr1	6205837	6206337	6205474	+	613	immune	method3_abc	0.07673847399434267
chr1:6205837-6206337	ENSG00000285629	ENSG00000285629	chr1	6205837	6206337	6197756	-	8331	immune	method3_abc	0.03727288095469212
chr1:6208605-6209105	ENSG00000116251	RPL22	chr1	6208605	6209105	6209388	-	533	immune	method3_abc	0.026271335087002076
chr1:6209145-6209645	ENSG00000116251	RPL22	chr1	6209145	6209645	6209388	-	7	immune	method3_abc	0.055732970416664536
chr1:6209145-6209645	ENSG00000158286	RNF207	chr1	6209145	6209645	6205474	+	3921	immune	method3_abc	0.03246850438549674
chr1:6235174-6235674	ENSG00000116237	ICMT	chr1	6235174	6235674	6235971	-	547	immune	method3_abc	0.03081107923513262
chr1:6235746-6236246	ENSG00000116237	ICMT	chr1	6235746	6236246	6235971	-	25	immune	method3_abc	0.31174762403238987
chr1:6235746-6236246	ENSG00000116251	RPL22	chr1	6235746	6236246	6209388	-	26608	immune	method3_abc	0.07511283867782005
chr1:6235746-6236246	ENSG00000116254	CHD5	chr1	6235746	6236246	6180320	-	55676	immune	method3_abc	0.05785163396962229
chr1:6235746-6236246	ENSG00000158286	RNF207	chr1	6235746	6236246	6205474	+	30522	immune	method3_abc	0.06534046207073821
chr1:6235746-6236246	ENSG00000158292	GPR153	chr1	6235746	6236246	6261097	-	25101	immune	method3_abc	0.08009551016969343
chr1:6235746-6236246	ENSG00000173673	HES3	chr1	6235746	6236246	6244178	+	8182	immune	method3_abc	0.15430277854371807
chr1:6235746-6236246	ENSG00000285629	ENSG00000285629	chr1	6235746	6236246	6197756	-	38240	immune	method3_abc	0.0567681958834327
chr1:6244970-6245470	ENSG00000116237	ICMT	chr1	6244970	6245470	6235971	-	9249	immune	method3_abc	0.030513417838454262
chr1:6244970-6245470	ENSG00000158292	GPR153	chr1	6244970	6245470	6261097	-	15877	immune	method3_abc	0.02669033832533306
chr1:6244970-6245470	ENSG00000173673	HES3	chr1	6244970	6245470	6244178	+	1042	immune	method3_abc	0.07372622533606124
chr1:6246626-6247126	ENSG00000173673	HES3	chr1	6246626	6247126	6244178	+	2698	immune	method3_abc	0.04156215500878778
chr1:6259875-6260375	ENSG00000116237	ICMT	chr1	6259875	6260375	6235971	-	24154	immune	method3_abc	0.021553914190015667
chr1:6259875-6260375	ENSG00000158292	GPR153	chr1	6259875	6260375	6261097	-	972	immune	method3_abc	0.1044170358052736
chr1:6259875-6260375	ENSG00000173673	HES3	chr1	6259875	6260375	6244178	+	15947	immune	method3_abc	0.03291573060533624
chr1:6260855-6261355	ENSG00000158292	GPR153	chr1	6260855	6261355	6261097	-	8	immune	method3_abc	0.06534400529691463
chr1:6392550-6393050	ENSG00000097021	ACOT7	chr1	6392550	6393050	6393766	-	966	immune	method3_abc	0.025938777213948407
chr1:6393192-6393692	ENSG00000069812	HES2	chr1	6393192	6393692	6424669	-	31227	immune	method3_abc	0.054807439402763815
chr1:6393192-6393692	ENSG00000097021	ACOT7	chr1	6393192	6393692	6393766	-	324	immune	method3_abc	0.22278054219256477
chr1:6393192-6393692	ENSG00000187017	ESPN	chr1	6393192	6393692	6424775	+	31333	immune	method3_abc	0.05465865942021431
chr1:6393192-6393692	ENSG00000215788	TNFRSF25	chr1	6393192	6393692	6466174	-	72732	immune	method3_abc	0.02508322122438554
chr1:6393802-6394302	ENSG00000069812	HES2	chr1	6393802	6394302	6424669	-	30617	immune	method3_abc	0.03310602074700949
chr1:6393802-6394302	ENSG00000097021	ACOT7	chr1	6393802	6394302	6393766	-	286	immune	method3_abc	0.13342429582016893
chr1:6393802-6394302	ENSG00000187017	ESPN	chr1	6393802	6394302	6424775	+	30723	immune	method3_abc	0.03301471615249502
chr1:6423354-6423854	ENSG00000069812	HES2	chr1	6423354	6423854	6424669	-	1065	immune	method3_abc	0.02681583047973157
chr1:6423354-6423854	ENSG00000187017	ESPN	chr1	6423354	6423854	6424775	+	1171	immune	method3_abc	0.026409983048310236
chr1:6424629-6425129	ENSG00000069812	HES2	chr1	6424629	6425129	6424669	-	210	immune	method3_abc	0.03453693921685526
chr1:6424629-6425129	ENSG00000187017	ESPN	chr1	6424629	6425129	6424775	+	104	immune	method3_abc	0.03515392178816627
chr1:6460276-6460776	ENSG00000215788	TNFRSF25	chr1	6460276	6460776	6466174	-	5648	immune	method3_abc	0.033355098613435476
chr1:6465422-6465922	ENSG00000215788	TNFRSF25	chr1	6465422	6465922	6466174	-	502	immune	method3_abc	0.027763913997982604
chr1:6465965-6466465	ENSG00000215788	TNFRSF25	chr1	6465965	6466465	6466174	-	41	immune	method3_abc	0.05102990587637156
chr1:6497302-6497802	ENSG00000171680	PLEKHG5	chr1	6497302	6497802	6520073	-	22521	immune	method3_abc	0.02565737237347032
chr1:6554339-6554839	ENSG00000162408	NOL9	chr1	6554339	6554839	6554512	-	77	immune	method3_abc	0.19460729476622687
chr1:6554339-6554839	ENSG00000171680	PLEKHG5	chr1	6554339	6554839	6520073	-	34516	immune	method3_abc	0.04042529274633258
chr1:6554339-6554839	ENSG00000173662	TAS1R1	chr1	6554339	6554839	6555306	+	717	immune	method3_abc	0.17797789552124932
chr1:6554339-6554839	ENSG00000204859	ZBTB48	chr1	6554339	6554839	6579993	+	25404	immune	method3_abc	0.03231625803212313
chr1:6554934-6555434	ENSG00000173662	TAS1R1	chr1	6554934	6555434	6555306	+	122	immune	method3_abc	0.020280319973730525
chr1:6579688-6580188	ENSG00000007923	DNAJC11	chr1	6579688	6580188	6701923	-	121985	immune	method3_abc	0.02038600731586659
chr1:6579688-6580188	ENSG00000041988	THAP3	chr1	6579688	6580188	6624867	+	44929	immune	method3_abc	0.03153911392460208
chr1:6579688-6580188	ENSG00000116273	PHF13	chr1	6579688	6580188	6613730	+	33792	immune	method3_abc	0.029883390973244488
chr1:6579688-6580188	ENSG00000162408	NOL9	chr1	6579688	6580188	6554512	-	25426	immune	method3_abc	0.06127987683814042
chr1:6579688-6580188	ENSG00000162413	KLHL21	chr1	6579688	6580188	6614606	-	34668	immune	method3_abc	0.03027681658251425
chr1:6579688-6580188	ENSG00000171680	PLEKHG5	chr1	6579688	6580188	6520073	-	59865	immune	method3_abc	0.03927355011718192
chr1:6579688-6580188	ENSG00000173662	TAS1R1	chr1	6579688	6580188	6555306	+	24632	immune	method3_abc	0.06358781761795708
chr1:6579688-6580188	ENSG00000204859	ZBTB48	chr1	6579688	6580188	6579993	+	55	immune	method3_abc	0.2301637648482452
chr1:6579688-6580188	ENSG00000215788	TNFRSF25	chr1	6579688	6580188	6466174	-	113764	immune	method3_abc	0.020041048243876786
chr1:6580353-6580853	ENSG00000204859	ZBTB48	chr1	6580353	6580853	6579993	+	610	immune	method3_abc	0.0359166832006355
chr1:6600990-6601490	ENSG00000116273	PHF13	chr1	6600990	6601490	6613730	+	12490	immune	method3_abc	0.020743766971099455
chr1:6600990-6601490	ENSG00000162413	KLHL21	chr1	6600990	6601490	6614606	-	13366	immune	method3_abc	0.0205371314970617
chr1:6602739-6603239	ENSG00000007923	DNAJC11	chr1	6602739	6603239	6701923	-	98934	immune	method3_abc	0.027628553758095187
chr1:6602739-6603239	ENSG00000041988	THAP3	chr1	6602739	6603239	6624867	+	21878	immune	method3_abc	0.06154342377274134
chr1:6602739-6603239	ENSG00000116273	PHF13	chr1	6602739	6603239	6613730	+	10741	immune	method3_abc	0.07456893914400903
chr1:6602739-6603239	ENSG00000162408	NOL9	chr1	6602739	6603239	6554512	-	48477	immune	method3_abc	0.04271457680811027
chr1:6602739-6603239	ENSG00000162413	KLHL21	chr1	6602739	6603239	6614606	-	11617	immune	method3_abc	0.07348742195111112
chr1:6602739-6603239	ENSG00000171680	PLEKHG5	chr1	6602739	6603239	6520073	-	82916	immune	method3_abc	0.034320266704031085
chr1:6602739-6603239	ENSG00000173662	TAS1R1	chr1	6602739	6603239	6555306	+	47683	immune	method3_abc	0.043882680000823966
chr1:6602739-6603239	ENSG00000204859	ZBTB48	chr1	6602739	6603239	6579993	+	22996	immune	method3_abc	0.05910733404115445
chr1:6603394-6603894	ENSG00000041988	THAP3	chr1	6603394	6603894	6624867	+	21223	immune	method3_abc	0.021192204953406207
chr1:6603394-6603894	ENSG00000116273	PHF13	chr1	6603394	6603894	6613730	+	10086	immune	method3_abc	0.02607890933428017
chr1:6603394-6603894	ENSG00000162413	KLHL21	chr1	6603394	6603894	6614606	-	10962	immune	method3_abc	0.02564960296206103
chr1:6612530-6613030	ENSG00000116273	PHF13	chr1	6612530	6613030	6613730	+	950	immune	method3_abc	0.03272787474321051
chr1:6612530-6613030	ENSG00000162413	KLHL21	chr1	6612530	6613030	6614606	-	1826	immune	method3_abc	0.030001336812999452
chr1:6613227-6613727	ENSG00000007923	DNAJC11	chr1	6613227	6613727	6701923	-	88446	immune	method3_abc	0.042588594079925206
chr1:6613227-6613727	ENSG00000041988	THAP3	chr1	6613227	6613727	6624867	+	11390	immune	method3_abc	0.1329894334064052
chr1:6613227-6613727	ENSG00000069812	HES2	chr1	6613227	6613727	6424669	-	188808	immune	method3_abc	0.02354830712378424
chr1:6613227-6613727	ENSG00000116273	PHF13	chr1	6613227	6613727	6613730	+	253	immune	method3_abc	0.2722484835742428
chr1:6613227-6613727	ENSG00000162408	NOL9	chr1	6613227	6613727	6554512	-	58965	immune	method3_abc	0.051363589154516345
chr1:6613227-6613727	ENSG00000162413	KLHL21	chr1	6613227	6613727	6614606	-	1129	immune	method3_abc	0.24592837869234496
chr1:6613227-6613727	ENSG00000171680	PLEKHG5	chr1	6613227	6613727	6520073	-	93404	immune	method3_abc	0.04372325404840999
chr1:6613227-6613727	ENSG00000173662	TAS1R1	chr1	6613227	6613727	6555306	+	58171	immune	method3_abc	0.05265502917694202
chr1:6613227-6613727	ENSG00000187017	ESPN	chr1	6613227	6613727	6424775	+	188702	immune	method3_abc	0.0235553626466439
chr1:6613227-6613727	ENSG00000204859	ZBTB48	chr1	6613227	6613727	6579993	+	33484	immune	method3_abc	0.06297452858417547
chr1:6613227-6613727	ENSG00000215788	TNFRSF25	chr1	6613227	6613727	6466174	-	147303	immune	method3_abc	0.025824041302249048
chr1:6613966-6614466	ENSG00000041988	THAP3	chr1	6613966	6614466	6624867	+	10651	immune	method3_abc	0.025733086426526476
chr1:6613966-6614466	ENSG00000116273	PHF13	chr1	6613966	6614466	6613730	+	486	immune	method3_abc	0.04873152833573539
chr1:6613966-6614466	ENSG00000162413	KLHL21	chr1	6613966	6614466	6614606	-	390	immune	method3_abc	0.051120849766658524
chr1:6614531-6615031	ENSG00000041988	THAP3	chr1	6614531	6615031	6624867	+	10086	immune	method3_abc	0.0323761276693067
chr1:6614531-6615031	ENSG00000116273	PHF13	chr1	6614531	6615031	6613730	+	1051	immune	method3_abc	0.05452727992630194
chr1:6614531-6615031	ENSG00000162413	KLHL21	chr1	6614531	6615031	6614606	-	175	immune	method3_abc	0.06453854314852109
chr1:6615145-6615645	ENSG00000162413	KLHL21	chr1	6615145	6615645	6614606	-	789	immune	method3_abc	0.021475437865749257
chr1:6624895-6625395	ENSG00000007923	DNAJC11	chr1	6624895	6625395	6701923	-	76778	immune	method3_abc	0.020023429299044337
chr1:6624895-6625395	ENSG00000041988	THAP3	chr1	6624895	6625395	6624867	+	278	immune	method3_abc	0.1492119252047007
chr1:6624895-6625395	ENSG00000116273	PHF13	chr1	6624895	6625395	6613730	+	11415	immune	method3_abc	0.04229717972530867
chr1:6624895-6625395	ENSG00000162413	KLHL21	chr1	6624895	6625395	6614606	-	10539	immune	method3_abc	0.04583008085943481
chr1:6624895-6625395	ENSG00000204859	ZBTB48	chr1	6624895	6625395	6579993	+	45152	immune	method3_abc	0.02093914745041463
chr1:6625419-6625919	ENSG00000041988	THAP3	chr1	6625419	6625919	6624867	+	802	immune	method3_abc	0.048723807159623246
chr1:6701100-6701600	ENSG00000007923	DNAJC11	chr1	6701100	6701600	6701923	-	573	immune	method3_abc	0.030720162813049488
chr1:6701631-6702131	ENSG00000007923	DNAJC11	chr1	6701631	6702131	6701923	-	42	immune	method3_abc	0.28790807829186366
chr1:6783848-6784348	ENSG00000171735	CAMTA1	chr1	6783848	6784348	6785453	+	1355	immune	method3_abc	0.024907079815987943
chr1:6784449-6784949	ENSG00000007923	DNAJC11	chr1	6784449	6784949	6701923	-	82776	immune	method3_abc	0.030499718379329722
chr1:6784449-6784949	ENSG00000171735	CAMTA1	chr1	6784449	6784949	6785453	+	754	immune	method3_abc	0.21474370851329075
chr1:6785146-6785646	ENSG00000007923	DNAJC11	chr1	6785146	6785646	6701923	-	83473	immune	method3_abc	0.04214837825145425
chr1:6785146-6785646	ENSG00000171735	CAMTA1	chr1	6785146	6785646	6785453	+	57	immune	method3_abc	0.3343342099322272
chr1:6785676-6786176	ENSG00000171735	CAMTA1	chr1	6785676	6786176	6785453	+	473	immune	method3_abc	0.0778331023739202
chr1:7704396-7704896	ENSG00000049245	VAMP3	chr1	7704396	7704896	7771295	+	66649	immune	method3_abc	0.021402481997970527
chr1:7770502-7771002	ENSG00000049245	VAMP3	chr1	7770502	7771002	7771295	+	543	immune	method3_abc	0.03699957587264989
chr1:7771012-7771512	ENSG00000049245	VAMP3	chr1	7771012	7771512	7771295	+	33	immune	method3_abc	0.2201368912212923
chr1:7771012-7771512	ENSG00000049246	PER3	chr1	7771012	7771512	7784290	+	13028	immune	method3_abc	0.0585368099407646
chr1:7771012-7771512	ENSG00000049247	UTS2	chr1	7771012	7771512	7853511	-	82249	immune	method3_abc	0.03151104547371633
chr1:7771586-7772086	ENSG00000049245	VAMP3	chr1	7771586	7772086	7771295	+	541	immune	method3_abc	0.05380138498463947
chr1:7783277-7783777	ENSG00000049245	VAMP3	chr1	7783277	7783777	7771295	+	12232	immune	method3_abc	0.028069271108269147
chr1:7783277-7783777	ENSG00000049246	PER3	chr1	7783277	7783777	7784290	+	763	immune	method3_abc	0.0587354152589567
chr1:7783782-7784282	ENSG00000049245	VAMP3	chr1	7783782	7784282	7771295	+	12737	immune	method3_abc	0.18735839441434973
chr1:7783782-7784282	ENSG00000049246	PER3	chr1	7783782	7784282	7784290	+	258	immune	method3_abc	0.4354177757286128
chr1:7783782-7784282	ENSG00000049247	UTS2	chr1	7783782	7784282	7853511	-	69479	immune	method3_abc	0.09208133662270553
chr1:7783782-7784282	ENSG00000049249	TNFRSF9	chr1	7783782	7784282	7943164	-	159132	immune	method3_abc	0.029964160903009403
chr1:7783782-7784282	ENSG00000116285	ERRFI1	chr1	7783782	7784282	8026308	-	242276	immune	method3_abc	0.02081638019733023
chr1:7783782-7784282	ENSG00000116288	PARK7	chr1	7783782	7784282	7954290	+	170258	immune	method3_abc	0.02176654125578026
chr1:7784597-7785097	ENSG00000049246	PER3	chr1	7784597	7785097	7784290	+	557	immune	method3_abc	0.022593242915372586
chr1:7942298-7942798	ENSG00000049249	TNFRSF9	chr1	7942298	7942798	7943164	-	616	immune	method3_abc	0.062402951617131094
chr1:7953990-7954490	ENSG00000049247	UTS2	chr1	7953990	7954490	7853511	-	100729	immune	method3_abc	0.03304724969999087
chr1:7953990-7954490	ENSG00000049249	TNFRSF9	chr1	7953990	7954490	7943164	-	11076	immune	method3_abc	0.11010031402908997
chr1:7953990-7954490	ENSG00000116285	ERRFI1	chr1	7953990	7954490	8026308	-	72068	immune	method3_abc	0.027940631837897006
chr1:7953990-7954490	ENSG00000116288	PARK7	chr1	7953990	7954490	7954290	+	50	immune	method3_abc	0.23188294822557387
chr1:7960802-7961302	ENSG00000049249	TNFRSF9	chr1	7960802	7961302	7943164	-	17888	immune	method3_abc	0.0228745047180581
chr1:7960802-7961302	ENSG00000116288	PARK7	chr1	7960802	7961302	7954290	+	6762	immune	method3_abc	0.0313950225278977
chr1:7961332-7961832	ENSG00000049245	VAMP3	chr1	7961332	7961832	7771295	+	190287	immune	method3_abc	0.024169853264920063
chr1:7961332-7961832	ENSG00000049246	PER3	chr1	7961332	7961832	7784290	+	177292	immune	method3_abc	0.02070680789303851
chr1:7961332-7961832	ENSG00000049247	UTS2	chr1	7961332	7961832	7853511	-	108071	immune	method3_abc	0.06658653162802117
chr1:7961332-7961832	ENSG00000049249	TNFRSF9	chr1	7961332	7961832	7943164	-	18418	immune	method3_abc	0.16954025982525142
chr1:7961332-7961832	ENSG00000116285	ERRFI1	chr1	7961332	7961832	8026308	-	64726	immune	method3_abc	0.06511499364075998
chr1:7961332-7961832	ENSG00000116288	PARK7	chr1	7961332	7961832	7954290	+	7292	immune	method3_abc	0.2284433124690151
chr1:7961332-7961832	ENSG00000162426	SLC45A1	chr1	7961332	7961832	8318113	+	356531	immune	method3_abc	0.0215224030139664
chr1:7961913-7962413	ENSG00000049249	TNFRSF9	chr1	7961913	7962413	7943164	-	18999	immune	method3_abc	0.020437691449228246
chr1:7961913-7962413	ENSG00000116288	PARK7	chr1	7961913	7962413	7954290	+	7873	immune	method3_abc	0.027023859402500027
chr1:8025332-8025832	ENSG00000116285	ERRFI1	chr1	8025332	8025832	8026308	-	726	immune	method3_abc	0.026610575253561534
chr1:8026120-8026620	ENSG00000049247	UTS2	chr1	8026120	8026620	7853511	-	172859	immune	method3_abc	0.021728939593358927
chr1:8026120-8026620	ENSG00000049249	TNFRSF9	chr1	8026120	8026620	7943164	-	83206	immune	method3_abc	0.02588215016633241
chr1:8026120-8026620	ENSG00000116285	ERRFI1	chr1	8026120	8026620	8026308	-	62	immune	method3_abc	0.30865742302376986
chr1:8026120-8026620	ENSG00000116288	PARK7	chr1	8026120	8026620	7954290	+	72080	immune	method3_abc	0.022382744470537775
chr1:8026712-8027212	ENSG00000116285	ERRFI1	chr1	8026712	8027212	8026308	-	654	immune	method3_abc	0.04516020635598239
chr1:8314223-8314723	ENSG00000162426	SLC45A1	chr1	8314223	8314723	8318113	+	3640	immune	method3_abc	0.03074124388797829
chr1:8317819-8318319	ENSG00000162426	SLC45A1	chr1	8317819	8318319	8318113	+	44	immune	method3_abc	0.1370827985471977
chr1:8318500-8319000	ENSG00000162426	SLC45A1	chr1	8318500	8319000	8318113	+	637	immune	method3_abc	0.02096200659674371
chr1:8817495-8817995	ENSG00000074800	ENO1	chr1	8817495	8817995	8879189	-	61444	immune	method3_abc	0.026670360882615412
chr1:8817495-8817995	ENSG00000131686	CA6	chr1	8817495	8817995	8945866	+	128121	immune	method3_abc	0.03251136288129997
chr1:8817495-8817995	ENSG00000142599	RERE	chr1	8817495	8817995	8848920	-	31175	immune	method3_abc	0.07485024465197418
chr1:8817495-8817995	ENSG00000197241	SLC2A7	chr1	8817495	8817995	9026422	-	208677	immune	method3_abc	0.020475881403338832
chr1:8848792-8849292	ENSG00000142599	RERE	chr1	8848792	8849292	8848920	-	122	immune	method3_abc	0.08914382966115496
chr1:8877275-8877775	ENSG00000074800	ENO1	chr1	8877275	8877775	8879189	-	1664	immune	method3_abc	0.023119239975444128
chr1:8877845-8878345	ENSG00000074800	ENO1	chr1	8877845	8878345	8879189	-	1094	immune	method3_abc	0.07104162678934049
chr1:8877845-8878345	ENSG00000142599	RERE	chr1	8877845	8878345	8848920	-	29175	immune	method3_abc	0.02621167992346471
chr1:8878547-8879047	ENSG00000074800	ENO1	chr1	8878547	8879047	8879189	-	392	immune	method3_abc	0.27064336207436135
chr1:8878547-8879047	ENSG00000131686	CA6	chr1	8878547	8879047	8945866	+	67069	immune	method3_abc	0.0632911326557388
chr1:8878547-8879047	ENSG00000142599	RERE	chr1	8878547	8879047	8848920	-	29877	immune	method3_abc	0.0881970349339819
chr1:8878547-8879047	ENSG00000197241	SLC2A7	chr1	8878547	8879047	9026422	-	147625	immune	method3_abc	0.03132073173374268
chr1:8879054-8879554	ENSG00000074800	ENO1	chr1	8879054	8879554	8879189	-	115	immune	method3_abc	0.1562453261258314
chr1:8879054-8879554	ENSG00000131686	CA6	chr1	8879054	8879554	8945866	+	66562	immune	method3_abc	0.03511504847256793
chr1:8879054-8879554	ENSG00000142599	RERE	chr1	8879054	8879554	8848920	-	30384	immune	method3_abc	0.04802683375804268
chr1:9069503-9070003	ENSG00000142583	SLC2A5	chr1	9069503	9070003	9088477	-	18724	immune	method3_abc	0.02129742374146491
chr1:9080347-9080847	ENSG00000142583	SLC2A5	chr1	9080347	9080847	9088477	-	7880	immune	method3_abc	0.02479316322285033
chr1:9128232-9128732	ENSG00000180758	GPR157	chr1	9128232	9128732	9129101	-	619	immune	method3_abc	0.04514446210526139
chr1:9128997-9129497	ENSG00000049239	H6PD	chr1	9128997	9129497	9234773	+	105526	immune	method3_abc	0.02220136847792992
chr1:9128997-9129497	ENSG00000131686	CA6	chr1	9128997	9129497	8945866	+	183381	immune	method3_abc	0.026095445154430127
chr1:9128997-9129497	ENSG00000142583	SLC2A5	chr1	9128997	9129497	9088477	-	40770	immune	method3_abc	0.07297056925347091
chr1:9128997-9129497	ENSG00000180758	GPR157	chr1	9128997	9129497	9129101	-	146	immune	method3_abc	0.32909072976940434
chr1:9128997-9129497	ENSG00000197241	SLC2A7	chr1	9128997	9129497	9026422	-	102825	immune	method3_abc	0.04030725549044232
chr1:9233272-9233772	ENSG00000049239	H6PD	chr1	9233272	9233772	9234773	+	1251	immune	method3_abc	0.021372061855204613
chr1:9233847-9234347	ENSG00000049239	H6PD	chr1	9233847	9234347	9234773	+	676	immune	method3_abc	0.032310417417568904
chr1:9234363-9234863	ENSG00000049239	H6PD	chr1	9234363	9234863	9234773	+	160	immune	method3_abc	0.2609950059954732
chr1:9234363-9234863	ENSG00000142583	SLC2A5	chr1	9234363	9234863	9088477	-	146136	immune	method3_abc	0.02109826064063833
chr1:9234363-9234863	ENSG00000171621	SPSB1	chr1	9234363	9234863	9292893	+	58280	immune	method3_abc	0.03679771634296693
chr1:9235019-9235519	ENSG00000049239	H6PD	chr1	9235019	9235519	9234773	+	496	immune	method3_abc	0.08565822013838298
chr1:9239671-9240171	ENSG00000049239	H6PD	chr1	9239671	9240171	9234773	+	5148	immune	method3_abc	0.029433647604346674
chr1:9292516-9293016	ENSG00000171621	SPSB1	chr1	9292516	9293016	9292893	+	127	immune	method3_abc	0.15005788345691898
chr1:9293338-9293838	ENSG00000171621	SPSB1	chr1	9293338	9293838	9292893	+	695	immune	method3_abc	0.05277940285955949
chr1:9428723-9429223	ENSG00000171612	SLC25A33	chr1	9428723	9429223	9539464	+	110491	immune	method3_abc	0.022834280812112077
chr1:9428723-9429223	ENSG00000171621	SPSB1	chr1	9428723	9429223	9292893	+	136080	immune	method3_abc	0.02501850317562779
chr1:9539174-9539674	ENSG00000171608	PIK3CD	chr1	9539174	9539674	9629888	+	90464	immune	method3_abc	0.021258898111844622
chr1:9539174-9539674	ENSG00000171612	SLC25A33	chr1	9539174	9539674	9539464	+	40	immune	method3_abc	0.32939500301589547
chr1:9539174-9539674	ENSG00000188807	TMEM201	chr1	9539174	9539674	9588910	+	49486	immune	method3_abc	0.03946053844255328
chr1:9539785-9540285	ENSG00000171612	SLC25A33	chr1	9539785	9540285	9539464	+	571	immune	method3_abc	0.07774143597244249
chr1:9588409-9588909	ENSG00000171608	PIK3CD	chr1	9588409	9588909	9629888	+	41229	immune	method3_abc	0.03521295354030175
chr1:9588409-9588909	ENSG00000171612	SLC25A33	chr1	9588409	9588909	9539464	+	49195	immune	method3_abc	0.036767482362629104
chr1:9588409-9588909	ENSG00000188807	TMEM201	chr1	9588409	9588909	9588910	+	251	immune	method3_abc	0.26625463584115466
chr1:9589176-9589676	ENSG00000188807	TMEM201	chr1	9589176	9589676	9588910	+	516	immune	method3_abc	0.04558348249456295
chr1:9626967-9627467	ENSG00000171608	PIK3CD	chr1	9626967	9627467	9629888	+	2671	immune	method3_abc	0.11867865843454113
chr1:9626967-9627467	ENSG00000188807	TMEM201	chr1	9626967	9627467	9588910	+	38307	immune	method3_abc	0.029999773271059675
chr1:9628439-9628939	ENSG00000171608	PIK3CD	chr1	9628439	9628939	9629888	+	1199	immune	method3_abc	0.023584538767818845
chr1:9628942-9629442	ENSG00000171608	PIK3CD	chr1	9628942	9629442	9629888	+	696	immune	method3_abc	0.0556598727968014
chr1:9629628-9630128	ENSG00000171608	PIK3CD	chr1	9629628	9630128	9629888	+	10	immune	method3_abc	0.11882079095170454
chr1:9630198-9630698	ENSG00000171608	PIK3CD	chr1	9630198	9630698	9629888	+	560	immune	method3_abc	0.03533813628135058
chr1:9652264-9652764	ENSG00000171608	PIK3CD	chr1	9652264	9652764	9629888	+	22626	immune	method3_abc	0.021755089540633044
chr1:9822772-9823272	ENSG00000171603	CLSTN1	chr1	9822772	9823272	9823983	-	961	immune	method3_abc	0.03154297765613898
chr1:9823832-9824332	ENSG00000171603	CLSTN1	chr1	9823832	9824332	9823983	-	99	immune	method3_abc	0.22723564879993602
chr1:9824358-9824858	ENSG00000171603	CLSTN1	chr1	9824358	9824858	9823983	-	625	immune	method3_abc	0.04865239979048604
chr1:9825501-9826001	ENSG00000171603	CLSTN1	chr1	9825501	9826001	9823983	-	1768	immune	method3_abc	0.03810787923006793
chr1:9909606-9910106	ENSG00000178585	CTNNBIP1	chr1	9909606	9910106	9910335	-	479	immune	method3_abc	0.061943915109942294
chr1:9910265-9910765	ENSG00000130939	UBE4B	chr1	9910265	9910765	10032831	+	122316	immune	method3_abc	0.03427138274936871
chr1:9910265-9910765	ENSG00000162441	LZIC	chr1	9910265	9910765	9943406	-	32891	immune	method3_abc	0.1115819047072534
chr1:9910265-9910765	ENSG00000162444	RBP7	chr1	9910265	9910765	9997205	+	86690	immune	method3_abc	0.07174861572070561
chr1:9910265-9910765	ENSG00000171603	CLSTN1	chr1	9910265	9910765	9823983	-	86532	immune	method3_abc	0.04714367839992723
chr1:9910265-9910765	ENSG00000173614	NMNAT1	chr1	9910265	9910765	9943427	+	32912	immune	method3_abc	0.11161228501413872
chr1:9910265-9910765	ENSG00000178585	CTNNBIP1	chr1	9910265	9910765	9910335	-	180	immune	method3_abc	0.42210466740779573
chr1:9910898-9911398	ENSG00000178585	CTNNBIP1	chr1	9910898	9911398	9910335	-	813	immune	method3_abc	0.05051792185517708
chr1:9942324-9942824	ENSG00000162441	LZIC	chr1	9942324	9942824	9943406	-	832	immune	method3_abc	0.023672216475240964
chr1:9942324-9942824	ENSG00000173614	NMNAT1	chr1	9942324	9942824	9943427	+	853	immune	method3_abc	0.02361611319379587
chr1:9943146-9943646	ENSG00000162441	LZIC	chr1	9943146	9943646	9943406	-	10	immune	method3_abc	0.20242164275083208
chr1:9943146-9943646	ENSG00000162444	RBP7	chr1	9943146	9943646	9997205	+	53809	immune	method3_abc	0.03294679388724841
chr1:9943146-9943646	ENSG00000173614	NMNAT1	chr1	9943146	9943646	9943427	+	31	immune	method3_abc	0.201838535436989
chr1:9943146-9943646	ENSG00000178585	CTNNBIP1	chr1	9943146	9943646	9910335	-	33061	immune	method3_abc	0.023230838930835582
chr1:9950244-9950744	ENSG00000162441	LZIC	chr1	9950244	9950744	9943406	-	7088	immune	method3_abc	0.036774633146893006
chr1:9950244-9950744	ENSG00000173614	NMNAT1	chr1	9950244	9950744	9943427	+	7067	immune	method3_abc	0.03685809587233365
chr1:9996862-9997362	ENSG00000162444	RBP7	chr1	9996862	9997362	9997205	+	93	immune	method3_abc	0.029910612721594926
chr1:10032577-10033077	ENSG00000054523	KIF1B	chr1	10032577	10033077	10210569	+	177742	immune	method3_abc	0.020271831305439806
chr1:10032577-10033077	ENSG00000130939	UBE4B	chr1	10032577	10033077	10032831	+	4	immune	method3_abc	0.442372108573421
chr1:10032577-10033077	ENSG00000162441	LZIC	chr1	10032577	10033077	9943406	-	89421	immune	method3_abc	0.038960492207955694
chr1:10032577-10033077	ENSG00000162444	RBP7	chr1	10032577	10033077	9997205	+	35622	immune	method3_abc	0.11257067606316787
chr1:10032577-10033077	ENSG00000173614	NMNAT1	chr1	10032577	10033077	9943427	+	89400	immune	method3_abc	0.038997435986125976
chr1:10032577-10033077	ENSG00000178585	CTNNBIP1	chr1	10032577	10033077	9910335	-	122492	immune	method3_abc	0.020096982619508777
chr1:10033136-10033636	ENSG00000130939	UBE4B	chr1	10033136	10033636	10032831	+	555	immune	method3_abc	0.06790976208177976
chr1:10209649-10210149	ENSG00000054523	KIF1B	chr1	10209649	10210149	10210569	+	670	immune	method3_abc	0.042253616696033704
chr1:10210244-10210744	ENSG00000054523	KIF1B	chr1	10210244	10210744	10210569	+	75	immune	method3_abc	0.37947326895649425
chr1:10210244-10210744	ENSG00000162444	RBP7	chr1	10210244	10210744	9997205	+	213289	immune	method3_abc	0.02159275597316598
chr1:10210244-10210744	ENSG00000241563	CORT	chr1	10210244	10210744	10450030	+	239536	immune	method3_abc	0.02045500061643504
chr1:10210761-10211261	ENSG00000054523	KIF1B	chr1	10210761	10211261	10210569	+	442	immune	method3_abc	0.0764084265741833
chr1:10211298-10211798	ENSG00000054523	KIF1B	chr1	10211298	10211798	10210569	+	979	immune	method3_abc	0.025484662200145235
chr1:10398640-10399140	ENSG00000142655	PEX14	chr1	10398640	10399140	10472287	+	73397	immune	method3_abc	0.03722310061321701
chr1:10398640-10399140	ENSG00000142657	PGD	chr1	10398640	10399140	10398591	+	299	immune	method3_abc	0.3180845383295574
chr1:10398640-10399140	ENSG00000160049	DFFA	chr1	10398640	10399140	10472528	-	73638	immune	method3_abc	0.03675867561612508
chr1:10398640-10399140	ENSG00000175279	CENPS	chr1	10398640	10399140	10430432	+	31542	immune	method3_abc	0.05879436499236185
chr1:10398640-10399140	ENSG00000241563	CORT	chr1	10398640	10399140	10450030	+	51140	immune	method3_abc	0.060437130785969934
chr1:10398640-10399140	ENSG00000251503	CENPS-CORT	chr1	10398640	10399140	10430101	+	31211	immune	method3_abc	0.059568226837338006
chr1:10399177-10399677	ENSG00000142657	PGD	chr1	10399177	10399677	10398591	+	836	immune	method3_abc	0.10069568009941944
chr1:10399177-10399677	ENSG00000175279	CENPS	chr1	10399177	10399677	10430432	+	31005	immune	method3_abc	0.020505446680299563
chr1:10399177-10399677	ENSG00000241563	CORT	chr1	10399177	10399677	10450030	+	50603	immune	method3_abc	0.020983370323756426
chr1:10399177-10399677	ENSG00000251503	CENPS-CORT	chr1	10399177	10399677	10430101	+	30674	immune	method3_abc	0.020777807461131514
chr1:10427974-10428474	ENSG00000175279	CENPS	chr1	10427974	10428474	10430432	+	2208	immune	method3_abc	0.03603492837444938
chr1:10427974-10428474	ENSG00000251503	CENPS-CORT	chr1	10427974	10428474	10430101	+	1877	immune	method3_abc	0.03773342922856689
chr1:10429933-10430433	ENSG00000142655	PEX14	chr1	10429933	10430433	10472287	+	42104	immune	method3_abc	0.02838147353331866
chr1:10429933-10430433	ENSG00000142657	PGD	chr1	10429933	10430433	10398591	+	31592	immune	method3_abc	0.028985945691285327
chr1:10429933-10430433	ENSG00000160049	DFFA	chr1	10429933	10430433	10472528	-	42345	immune	method3_abc	0.027977813029870863
chr1:10429933-10430433	ENSG00000175279	CENPS	chr1	10429933	10430433	10430432	+	249	immune	method3_abc	0.15568277047682078
chr1:10429933-10430433	ENSG00000241563	CORT	chr1	10429933	10430433	10450030	+	19847	immune	method3_abc	0.06012078485461555
chr1:10429933-10430433	ENSG00000251503	CENPS-CORT	chr1	10429933	10430433	10430101	+	82	immune	method3_abc	0.1609525723765448
chr1:10430470-10430970	ENSG00000142655	PEX14	chr1	10430470	10430970	10472287	+	41567	immune	method3_abc	0.042673354603005316
chr1:10430470-10430970	ENSG00000142657	PGD	chr1	10430470	10430970	10398591	+	32129	immune	method3_abc	0.04260617510799459
chr1:10430470-10430970	ENSG00000160049	DFFA	chr1	10430470	10430970	10472528	-	41808	immune	method3_abc	0.042064277128621895
chr1:10430470-10430970	ENSG00000175279	CENPS	chr1	10430470	10430970	10430432	+	288	immune	method3_abc	0.23026782918648137
chr1:10430470-10430970	ENSG00000241563	CORT	chr1	10430470	10430970	10450030	+	19310	immune	method3_abc	0.09121572783199261
chr1:10430470-10430970	ENSG00000251503	CENPS-CORT	chr1	10430470	10430970	10430101	+	619	immune	method3_abc	0.21955047158061428
chr1:10471597-10472097	ENSG00000142655	PEX14	chr1	10471597	10472097	10472287	+	440	immune	method3_abc	0.0266326494473512
chr1:10471597-10472097	ENSG00000160049	DFFA	chr1	10471597	10472097	10472528	-	681	immune	method3_abc	0.02539468802593494
chr1:10472339-10472839	ENSG00000142655	PEX14	chr1	10472339	10472839	10472287	+	302	immune	method3_abc	0.1824312451640888
chr1:10472339-10472839	ENSG00000160049	DFFA	chr1	10472339	10472839	10472528	-	61	immune	method3_abc	0.18809757708548183
chr1:10472339-10472839	ENSG00000175279	CENPS	chr1	10472339	10472839	10430432	+	42157	immune	method3_abc	0.022155857805980887
chr1:10472339-10472839	ENSG00000241563	CORT	chr1	10472339	10472839	10450030	+	22559	immune	method3_abc	0.05280199688216072
chr1:10472339-10472839	ENSG00000251503	CENPS-CORT	chr1	10472339	10472839	10430101	+	42488	immune	method3_abc	0.02213536400015268
chr1:10474636-10475136	ENSG00000142655	PEX14	chr1	10474636	10475136	10472287	+	2599	immune	method3_abc	0.10850406737130851
chr1:10474636-10475136	ENSG00000160049	DFFA	chr1	10474636	10475136	10472528	-	2358	immune	method3_abc	0.11049182492080371
chr1:10474636-10475136	ENSG00000241563	CORT	chr1	10474636	10475136	10450030	+	24856	immune	method3_abc	0.040063084681347845
chr1:10694550-10695050	ENSG00000130940	CASZ1	chr1	10694550	10695050	10796649	-	101849	immune	method3_abc	0.026787599332321374
chr1:10796491-10796991	ENSG00000130940	CASZ1	chr1	10796491	10796991	10796649	-	92	immune	method3_abc	0.03200440078349288
chr1:10965586-10966086	ENSG00000175262	C1orf127	chr1	10965586	10966086	10982075	-	16239	immune	method3_abc	0.021037506979070513
chr1:10979382-10979882	ENSG00000175262	C1orf127	chr1	10979382	10979882	10982075	-	2443	immune	method3_abc	0.02216783184625624
chr1:10980027-10980527	ENSG00000175262	C1orf127	chr1	10980027	10980527	10982075	-	1798	immune	method3_abc	0.03328539214853336
chr1:11012114-11012614	ENSG00000009724	MASP2	chr1	11012114	11012614	11047238	-	34874	immune	method3_abc	0.05712326173831911
chr1:11012114-11012614	ENSG00000116649	SRM	chr1	11012114	11012614	11060019	-	47655	immune	method3_abc	0.031843441225818725
chr1:11012114-11012614	ENSG00000120948	TARDBP	chr1	11012114	11012614	11012343	+	21	immune	method3_abc	0.2746796531956322
chr1:11012114-11012614	ENSG00000171819	ANGPTL7	chr1	11012114	11012614	11189354	+	176990	immune	method3_abc	0.022118738549743222
chr1:11012114-11012614	ENSG00000171824	EXOSC10	chr1	11012114	11012614	11099868	-	87504	immune	method3_abc	0.026512595288130034
chr1:11012114-11012614	ENSG00000175262	C1orf127	chr1	11012114	11012614	10982075	-	30289	immune	method3_abc	0.06993143284341014
chr1:11012820-11013320	ENSG00000009724	MASP2	chr1	11012820	11013320	11047238	-	34168	immune	method3_abc	0.027625389382529408
chr1:11012820-11013320	ENSG00000120948	TARDBP	chr1	11012820	11013320	11012343	+	727	immune	method3_abc	0.11664414090337698
chr1:11012820-11013320	ENSG00000175262	C1orf127	chr1	11012820	11013320	10982075	-	30995	immune	method3_abc	0.03272906232393788
chr1:11037545-11038045	ENSG00000009724	MASP2	chr1	11037545	11038045	11047238	-	9443	immune	method3_abc	0.026534144761746807
chr1:11053242-11053742	ENSG00000009724	MASP2	chr1	11053242	11053742	11047238	-	6254	immune	method3_abc	0.02137603423916585
chr1:11059365-11059865	ENSG00000009724	MASP2	chr1	11059365	11059865	11047238	-	12377	immune	method3_abc	0.03231653702225696
chr1:11059365-11059865	ENSG00000116649	SRM	chr1	11059365	11059865	11060019	-	404	immune	method3_abc	0.06338695376647838
chr1:11059882-11060382	ENSG00000009724	MASP2	chr1	11059882	11060382	11047238	-	12894	immune	method3_abc	0.16738838335753262
chr1:11059882-11060382	ENSG00000116649	SRM	chr1	11059882	11060382	11060019	-	113	immune	method3_abc	0.3534208570850123
chr1:11059882-11060382	ENSG00000120948	TARDBP	chr1	11059882	11060382	11012343	+	47789	immune	method3_abc	0.05176888944185317
chr1:11059882-11060382	ENSG00000130940	CASZ1	chr1	11059882	11060382	10796649	-	263483	immune	method3_abc	0.024382365903409763
chr1:11059882-11060382	ENSG00000171819	ANGPTL7	chr1	11059882	11060382	11189354	+	129222	immune	method3_abc	0.04206905261161029
chr1:11059882-11060382	ENSG00000171824	EXOSC10	chr1	11059882	11060382	11099868	-	39736	immune	method3_abc	0.0727960512669999
chr1:11059882-11060382	ENSG00000175262	C1orf127	chr1	11059882	11060382	10982075	-	78057	immune	method3_abc	0.04846508598389811
chr1:11060807-11061307	ENSG00000116649	SRM	chr1	11060807	11061307	11060019	-	1038	immune	method3_abc	0.026300097956649657
chr1:11099119-11099619	ENSG00000171824	EXOSC10	chr1	11099119	11099619	11099868	-	499	immune	method3_abc	0.06925751543370202
chr1:11099633-11100133	ENSG00000009724	MASP2	chr1	11099633	11100133	11047238	-	52645	immune	method3_abc	0.029112239520245355
chr1:11099633-11100133	ENSG00000116649	SRM	chr1	11099633	11100133	11060019	-	39864	immune	method3_abc	0.025706699825320208
chr1:11099633-11100133	ENSG00000171819	ANGPTL7	chr1	11099633	11100133	11189354	+	89471	immune	method3_abc	0.027480024399614573
chr1:11099633-11100133	ENSG00000171824	EXOSC10	chr1	11099633	11100133	11099868	-	15	immune	method3_abc	0.235126343917663
chr1:11261904-11262404	ENSG00000198793	MTOR	chr1	11261904	11262404	11262555	-	401	immune	method3_abc	0.036009202651123125
chr1:11262442-11262942	ENSG00000120942	UBIAD1	chr1	11262442	11262942	11273197	+	10505	immune	method3_abc	0.11453902851754749
chr1:11262442-11262942	ENSG00000171819	ANGPTL7	chr1	11262442	11262942	11189354	+	73338	immune	method3_abc	0.04862046655166667
chr1:11262442-11262942	ENSG00000198793	MTOR	chr1	11262442	11262942	11262555	-	137	immune	method3_abc	0.30230026550321204
chr1:11272346-11272846	ENSG00000120942	UBIAD1	chr1	11272346	11272846	11273197	+	601	immune	method3_abc	0.034720254542639994
chr1:11272877-11273377	ENSG00000120942	UBIAD1	chr1	11272877	11273377	11273197	+	70	immune	method3_abc	0.2973969716336572
chr1:11272877-11273377	ENSG00000171819	ANGPTL7	chr1	11272877	11273377	11189354	+	83773	immune	method3_abc	0.04281543195569471
chr1:11272877-11273377	ENSG00000198793	MTOR	chr1	11272877	11273377	11262555	-	10572	immune	method3_abc	0.1130956127420521
chr1:11273764-11274264	ENSG00000120942	UBIAD1	chr1	11273764	11274264	11273197	+	817	immune	method3_abc	0.020990981456108813
chr1:11478629-11479129	ENSG00000204624	DISP3	chr1	11478629	11479129	11479154	+	275	immune	method3_abc	0.0892196416947135
chr1:11650340-11650840	ENSG00000116661	FBXO2	chr1	11650340	11650840	11655784	-	5194	immune	method3_abc	0.059018027381104704
chr1:11650340-11650840	ENSG00000116663	FBXO6	chr1	11650340	11650840	11664199	+	13609	immune	method3_abc	0.034784498531333856
chr1:11650340-11650840	ENSG00000132879	FBXO44	chr1	11650340	11650840	11654374	+	3784	immune	method3_abc	0.06610513292165102
chr1:11654585-11655085	ENSG00000116661	FBXO2	chr1	11654585	11655085	11655784	-	949	immune	method3_abc	0.17172573007139366
chr1:11654585-11655085	ENSG00000116663	FBXO6	chr1	11654585	11655085	11664199	+	9364	immune	method3_abc	0.07935463537162421
chr1:11654585-11655085	ENSG00000116670	MAD2L2	chr1	11654585	11655085	11691810	-	36975	immune	method3_abc	0.03593958974843251
chr1:11654585-11655085	ENSG00000132879	FBXO44	chr1	11654585	11655085	11654374	+	461	immune	method3_abc	0.18204460848447848
chr1:11654585-11655085	ENSG00000162490	DRAXIN	chr1	11654585	11655085	11691709	+	36874	immune	method3_abc	0.03599796807282571
chr1:11663960-11664460	ENSG00000116661	FBXO2	chr1	11663960	11664460	11655784	-	8426	immune	method3_abc	0.06859565549020846
chr1:11663960-11664460	ENSG00000116663	FBXO6	chr1	11663960	11664460	11664199	+	11	immune	method3_abc	0.16087043285873223
chr1:11663960-11664460	ENSG00000116670	MAD2L2	chr1	11663960	11664460	11691810	-	27600	immune	method3_abc	0.036314852277250856
chr1:11663960-11664460	ENSG00000132879	FBXO44	chr1	11663960	11664460	11654374	+	9836	immune	method3_abc	0.061882456148585764
chr1:11663960-11664460	ENSG00000162490	DRAXIN	chr1	11663960	11664460	11691709	+	27499	immune	method3_abc	0.03639580462961834
chr1:11664747-11665247	ENSG00000116663	FBXO6	chr1	11664747	11665247	11664199	+	798	immune	method3_abc	0.04071494330994272
chr1:11680947-11681447	ENSG00000116661	FBXO2	chr1	11680947	11681447	11655784	-	25413	immune	method3_abc	0.04767800885529012
chr1:11680947-11681447	ENSG00000116663	FBXO6	chr1	11680947	11681447	11664199	+	16998	immune	method3_abc	0.06287913473216311
chr1:11680947-11681447	ENSG00000116670	MAD2L2	chr1	11680947	11681447	11691810	-	10613	immune	method3_abc	0.09754835251630367
chr1:11680947-11681447	ENSG00000132879	FBXO44	chr1	11680947	11681447	11654374	+	26823	immune	method3_abc	0.04510221645543491
chr1:11680947-11681447	ENSG00000162490	DRAXIN	chr1	11680947	11681447	11691709	+	10512	immune	method3_abc	0.09805431695105861
chr1:11680947-11681447	ENSG00000177674	AGTRAP	chr1	11680947	11681447	11736083	+	54886	immune	method3_abc	0.02514577569247394
chr1:11680947-11681447	ENSG00000215910	C1orf167	chr1	11680947	11681447	11761786	+	80589	immune	method3_abc	0.02379420313493075
chr1:11691388-11691888	ENSG00000116670	MAD2L2	chr1	11691388	11691888	11691810	-	172	immune	method3_abc	0.023021519335409444
chr1:11691388-11691888	ENSG00000162490	DRAXIN	chr1	11691388	11691888	11691709	+	71	immune	method3_abc	0.023408850030259658
chr1:11693031-11693531	ENSG00000116670	MAD2L2	chr1	11693031	11693531	11691810	-	1471	immune	method3_abc	0.027810489671847207
chr1:11693031-11693531	ENSG00000162490	DRAXIN	chr1	11693031	11693531	11691709	+	1572	immune	method3_abc	0.027425307788602454
chr1:11719168-11719668	ENSG00000116670	MAD2L2	chr1	11719168	11719668	11691810	-	27608	immune	method3_abc	0.023110295876491296
chr1:11719168-11719668	ENSG00000162490	DRAXIN	chr1	11719168	11719668	11691709	+	27709	immune	method3_abc	0.02303730298320886
chr1:11719168-11719668	ENSG00000177674	AGTRAP	chr1	11719168	11719668	11736083	+	16665	immune	method3_abc	0.02738245893916578
chr1:11719670-11720170	ENSG00000116670	MAD2L2	chr1	11719670	11720170	11691810	-	28110	immune	method3_abc	0.025428480091605223
chr1:11719670-11720170	ENSG00000162490	DRAXIN	chr1	11719670	11720170	11691709	+	28211	immune	method3_abc	0.025349197795661377
chr1:11719670-11720170	ENSG00000177674	AGTRAP	chr1	11719670	11720170	11736083	+	16163	immune	method3_abc	0.031161451523227027
chr1:11719670-11720170	ENSG00000215910	C1orf167	chr1	11719670	11720170	11761786	+	41866	immune	method3_abc	0.02014467374994416
chr1:11730294-11730794	ENSG00000177674	AGTRAP	chr1	11730294	11730794	11736083	+	5539	immune	method3_abc	0.024312668576967317
chr1:11735812-11736312	ENSG00000116670	MAD2L2	chr1	11735812	11736312	11691810	-	44252	immune	method3_abc	0.028091479327344123
chr1:11735812-11736312	ENSG00000162490	DRAXIN	chr1	11735812	11736312	11691709	+	44353	immune	method3_abc	0.028028200300339253
chr1:11735812-11736312	ENSG00000177674	AGTRAP	chr1	11735812	11736312	11736083	+	21	immune	method3_abc	0.17001250509143742
chr1:11735812-11736312	ENSG00000215910	C1orf167	chr1	11735812	11736312	11761786	+	25724	immune	method3_abc	0.045394103242641225
chr1:11736633-11737133	ENSG00000177674	AGTRAP	chr1	11736633	11737133	11736083	+	800	immune	method3_abc	0.045814547016639146
chr1:11803369-11803869	ENSG00000011021	CLCN6	chr1	11803369	11803869	11806095	+	2476	immune	method3_abc	0.056772735430754964
chr1:11803369-11803869	ENSG00000177000	MTHFR	chr1	11803369	11803869	11806454	-	2835	immune	method3_abc	0.0557911432068249
chr1:11805217-11805717	ENSG00000011021	CLCN6	chr1	11805217	11805717	11806095	+	628	immune	method3_abc	0.059492959122206014
chr1:11805217-11805717	ENSG00000177000	MTHFR	chr1	11805217	11805717	11806454	-	987	immune	method3_abc	0.057709679199393175
chr1:11805735-11806235	ENSG00000011021	CLCN6	chr1	11805735	11806235	11806095	+	110	immune	method3_abc	0.3066051751476655
chr1:11805735-11806235	ENSG00000083444	PLOD1	chr1	11805735	11806235	11934204	+	128219	immune	method3_abc	0.02215279144456576
chr1:11805735-11806235	ENSG00000116661	FBXO2	chr1	11805735	11806235	11655784	-	150201	immune	method3_abc	0.02090416930574923
chr1:11805735-11806235	ENSG00000116663	FBXO6	chr1	11805735	11806235	11664199	+	141786	immune	method3_abc	0.021832113483896822
chr1:11805735-11806235	ENSG00000116670	MAD2L2	chr1	11805735	11806235	11691810	-	114175	immune	method3_abc	0.030130300064055406
chr1:11805735-11806235	ENSG00000116685	KIAA2013	chr1	11805735	11806235	11926427	-	120442	immune	method3_abc	0.02139992847777033
chr1:11805735-11806235	ENSG00000120937	NPPB	chr1	11805735	11806235	11858944	-	52959	immune	method3_abc	0.06598351306483745
chr1:11805735-11806235	ENSG00000132879	FBXO44	chr1	11805735	11806235	11654374	+	151611	immune	method3_abc	0.020408860834145063
chr1:11805735-11806235	ENSG00000162490	DRAXIN	chr1	11805735	11806235	11691709	+	114276	immune	method3_abc	0.03009386775102245
chr1:11805735-11806235	ENSG00000175206	NPPA	chr1	11805735	11806235	11848344	-	42359	immune	method3_abc	0.0777312216146519
chr1:11805735-11806235	ENSG00000177000	MTHFR	chr1	11805735	11806235	11806454	-	469	immune	method3_abc	0.29585087454405257
chr1:11805735-11806235	ENSG00000177674	AGTRAP	chr1	11805735	11806235	11736083	+	69902	immune	method3_abc	0.037467978087405145
chr1:11805735-11806235	ENSG00000204624	DISP3	chr1	11805735	11806235	11479154	+	326831	immune	method3_abc	0.02232955871271093
chr1:11805735-11806235	ENSG00000215910	C1orf167	chr1	11805735	11806235	11761786	+	44199	immune	method3_abc	0.06972753271638861
chr1:11806532-11807032	ENSG00000011021	CLCN6	chr1	11806532	11807032	11806095	+	687	immune	method3_abc	0.025121327248030536
chr1:11806532-11807032	ENSG00000177000	MTHFR	chr1	11806532	11807032	11806454	-	328	immune	method3_abc	0.02721618247908825
chr1:11907614-11908114	ENSG00000083444	PLOD1	chr1	11907614	11908114	11934204	+	26340	immune	method3_abc	0.03481281997311896
chr1:11907614-11908114	ENSG00000116685	KIAA2013	chr1	11907614	11908114	11926427	-	18563	immune	method3_abc	0.04090358742308867
chr1:11907614-11908114	ENSG00000120937	NPPB	chr1	11907614	11908114	11858944	-	48920	immune	method3_abc	0.03135252376447348
chr1:11907614-11908114	ENSG00000175206	NPPA	chr1	11907614	11908114	11848344	-	59520	immune	method3_abc	0.02650366281172545
chr1:11908117-11908617	ENSG00000083444	PLOD1	chr1	11908117	11908617	11934204	+	25837	immune	method3_abc	0.0347299006165239
chr1:11908117-11908617	ENSG00000116685	KIAA2013	chr1	11908117	11908617	11926427	-	18060	immune	method3_abc	0.04099825489928211
chr1:11908117-11908617	ENSG00000120937	NPPB	chr1	11908117	11908617	11858944	-	49423	immune	method3_abc	0.030592509719262875
chr1:11908117-11908617	ENSG00000175206	NPPA	chr1	11908117	11908617	11848344	-	60023	immune	method3_abc	0.02589540188430059
chr1:11908759-11909259	ENSG00000083444	PLOD1	chr1	11908759	11909259	11934204	+	25195	immune	method3_abc	0.027638528209079763
chr1:11908759-11909259	ENSG00000116685	KIAA2013	chr1	11908759	11909259	11926427	-	17418	immune	method3_abc	0.03283188356212338
chr1:11908759-11909259	ENSG00000120937	NPPB	chr1	11908759	11909259	11858944	-	50065	immune	method3_abc	0.023661711733901778
chr1:11908759-11909259	ENSG00000175206	NPPA	chr1	11908759	11909259	11848344	-	60665	immune	method3_abc	0.02006192114860982
chr1:11909625-11910125	ENSG00000116685	KIAA2013	chr1	11909625	11910125	11926427	-	16552	immune	method3_abc	0.020027406269141818
chr1:11926222-11926722	ENSG00000083444	PLOD1	chr1	11926222	11926722	11934204	+	7732	immune	method3_abc	0.1162593112462718
chr1:11926222-11926722	ENSG00000116685	KIAA2013	chr1	11926222	11926722	11926427	-	45	immune	method3_abc	0.23848181847600805
chr1:11926222-11926722	ENSG00000116688	MFN2	chr1	11926222	11926722	11980180	+	53708	immune	method3_abc	0.02954383768721948
chr1:11926222-11926722	ENSG00000120937	NPPB	chr1	11926222	11926722	11858944	-	67528	immune	method3_abc	0.03694855260032817
chr1:11926222-11926722	ENSG00000120949	TNFRSF8	chr1	11926222	11926722	12063302	+	136830	immune	method3_abc	0.020392599340084572
chr1:11926222-11926722	ENSG00000175206	NPPA	chr1	11926222	11926722	11848344	-	78128	immune	method3_abc	0.03242666594006962
chr1:11934390-11934890	ENSG00000083444	PLOD1	chr1	11934390	11934890	11934204	+	436	immune	method3_abc	0.152651817913818
chr1:11934390-11934890	ENSG00000116685	KIAA2013	chr1	11934390	11934890	11926427	-	8213	immune	method3_abc	0.06462202027653959
chr1:11934390-11934890	ENSG00000116688	MFN2	chr1	11934390	11934890	11980180	+	45540	immune	method3_abc	0.021075514088457693
chr1:11934390-11934890	ENSG00000120937	NPPB	chr1	11934390	11934890	11858944	-	75696	immune	method3_abc	0.021085477022062926
chr1:11979355-11979855	ENSG00000116688	MFN2	chr1	11979355	11979855	11980180	+	575	immune	method3_abc	0.020996771101683007
chr1:11979928-11980428	ENSG00000083444	PLOD1	chr1	11979928	11980428	11934204	+	45974	immune	method3_abc	0.04174541904413408
chr1:11979928-11980428	ENSG00000116685	KIAA2013	chr1	11979928	11980428	11926427	-	53751	immune	method3_abc	0.03382327112683297
chr1:11979928-11980428	ENSG00000116688	MFN2	chr1	11979928	11980428	11980180	+	2	immune	method3_abc	0.30219893666198894
chr1:11979928-11980428	ENSG00000116691	MIIP	chr1	11979928	11980428	12019465	+	39287	immune	method3_abc	0.04666238137855051
chr1:11979928-11980428	ENSG00000120937	NPPB	chr1	11979928	11980428	11858944	-	121234	immune	method3_abc	0.02738598489639232
chr1:11979928-11980428	ENSG00000120949	TNFRSF8	chr1	11979928	11980428	12063302	+	83124	immune	method3_abc	0.03703337333762313
chr1:11979928-11980428	ENSG00000175206	NPPA	chr1	11979928	11980428	11848344	-	131834	immune	method3_abc	0.025229466627271192
chr1:11980588-11981088	ENSG00000116688	MFN2	chr1	11980588	11981088	11980180	+	658	immune	method3_abc	0.04225142941954675
chr1:12019071-12019571	ENSG00000083444	PLOD1	chr1	12019071	12019571	11934204	+	85117	immune	method3_abc	0.02843298462370432
chr1:12019071-12019571	ENSG00000116685	KIAA2013	chr1	12019071	12019571	11926427	-	92894	immune	method3_abc	0.024255107064225737
chr1:12019071-12019571	ENSG00000116688	MFN2	chr1	12019071	12019571	11980180	+	39141	immune	method3_abc	0.05082031455527859
chr1:12019071-12019571	ENSG00000116691	MIIP	chr1	12019071	12019571	12019465	+	144	immune	method3_abc	0.33954513065822944
chr1:12019071-12019571	ENSG00000120937	NPPB	chr1	12019071	12019571	11858944	-	160377	immune	method3_abc	0.024209205293287333
chr1:12019071-12019571	ENSG00000120949	TNFRSF8	chr1	12019071	12019571	12063302	+	43981	immune	method3_abc	0.06902450017417522
chr1:12019071-12019571	ENSG00000175206	NPPA	chr1	12019071	12019571	11848344	-	170977	immune	method3_abc	0.0226648225073118
chr1:12020044-12020544	ENSG00000116691	MIIP	chr1	12020044	12020544	12019465	+	829	immune	method3_abc	0.022998001439135364
chr1:12161783-12162283	ENSG00000028137	TNFRSF1B	chr1	12161783	12162283	12166990	+	4957	immune	method3_abc	0.05703982975366183
chr1:12166718-12167218	ENSG00000028137	TNFRSF1B	chr1	12166718	12167218	12166990	+	22	immune	method3_abc	0.11899550828830165
chr1:12166718-12167218	ENSG00000048707	VPS13D	chr1	12166718	12167218	12230029	+	63061	immune	method3_abc	0.020420964819380296
chr1:12167289-12167789	ENSG00000028137	TNFRSF1B	chr1	12167289	12167789	12166990	+	549	immune	method3_abc	0.04480452201399065
chr1:12173636-12174136	ENSG00000028137	TNFRSF1B	chr1	12173636	12174136	12166990	+	6896	immune	method3_abc	0.048727452650441434
chr1:12229772-12230272	ENSG00000048707	VPS13D	chr1	12229772	12230272	12230029	+	7	immune	method3_abc	0.211329127652326
chr1:12230854-12231354	ENSG00000048707	VPS13D	chr1	12230854	12231354	12230029	+	1075	immune	method3_abc	0.031779177140810536
chr1:12595820-12596320	ENSG00000162496	DHRS3	chr1	12595820	12596320	12618209	-	22139	immune	method3_abc	0.020918489977872285
chr1:12604290-12604790	ENSG00000162496	DHRS3	chr1	12604290	12604790	12618209	-	13669	immune	method3_abc	0.028048569223797348
chr1:12604290-12604790	ENSG00000204518	AADACL4	chr1	12604290	12604790	12644084	+	39544	immune	method3_abc	0.022330314507838612
chr1:12615591-12616091	ENSG00000162496	DHRS3	chr1	12615591	12616091	12618209	-	2368	immune	method3_abc	0.03217552093615522
chr1:12616537-12617037	ENSG00000162496	DHRS3	chr1	12616537	12617037	12618209	-	1422	immune	method3_abc	0.04117530736295184
chr1:12617509-12618009	ENSG00000162496	DHRS3	chr1	12617509	12618009	12618209	-	450	immune	method3_abc	0.06266150224407614
chr1:12617509-12618009	ENSG00000204518	AADACL4	chr1	12617509	12618009	12644084	+	26325	immune	method3_abc	0.02321645704585711
chr1:12618125-12618625	ENSG00000162496	DHRS3	chr1	12618125	12618625	12618209	-	166	immune	method3_abc	0.1223889652504191
chr1:12618125-12618625	ENSG00000188984	AADACL3	chr1	12618125	12618625	12716109	+	97734	immune	method3_abc	0.020490554933395532
chr1:12618125-12618625	ENSG00000204518	AADACL4	chr1	12618125	12618625	12644084	+	25709	immune	method3_abc	0.04403731995486665
chr1:12618946-12619446	ENSG00000162496	DHRS3	chr1	12618946	12619446	12618209	-	987	immune	method3_abc	0.05972502436909052
chr1:12618946-12619446	ENSG00000204518	AADACL4	chr1	12618946	12619446	12644084	+	24888	immune	method3_abc	0.025015060148462623
chr1:12619775-12620275	ENSG00000162496	DHRS3	chr1	12619775	12620275	12618209	-	1816	immune	method3_abc	0.07093553511592703
chr1:12619775-12620275	ENSG00000204518	AADACL4	chr1	12619775	12620275	12644084	+	24059	immune	method3_abc	0.03408284438073609
chr1:12620445-12620945	ENSG00000162496	DHRS3	chr1	12620445	12620945	12618209	-	2486	immune	method3_abc	0.02464647055285035
chr1:13584262-13584762	ENSG00000162493	PDPN	chr1	13584262	13584762	13583464	+	1048	immune	method3_abc	0.02048929273668641
chr1:13699504-13700004	ENSG00000116731	PRDM2	chr1	13699504	13700004	13700187	+	433	immune	method3_abc	0.05429194144013541
chr1:13700135-13700635	ENSG00000116731	PRDM2	chr1	13700135	13700635	13700187	+	198	immune	method3_abc	0.24327622160899953
chr1:13700135-13700635	ENSG00000162493	PDPN	chr1	13700135	13700635	13583464	+	116921	immune	method3_abc	0.033614885050197545
chr1:13700135-13700635	ENSG00000162494	LRRC38	chr1	13700135	13700635	13514002	-	186383	immune	method3_abc	0.024884836663023352
chr1:13700135-13700635	ENSG00000189337	KAZN	chr1	13700135	13700635	13892791	+	192406	immune	method3_abc	0.02380490809973897
chr1:13700845-13701345	ENSG00000116731	PRDM2	chr1	13700845	13701345	13700187	+	908	immune	method3_abc	0.06825808631173359
chr1:13701372-13701872	ENSG00000116731	PRDM2	chr1	13701372	13701872	13700187	+	1435	immune	method3_abc	0.033673536633642503
chr1:13702709-13703209	ENSG00000116731	PRDM2	chr1	13702709	13703209	13700187	+	2772	immune	method3_abc	0.053064949390190116
chr1:13730861-13731361	ENSG00000116731	PRDM2	chr1	13730861	13731361	13700187	+	30924	immune	method3_abc	0.03484125035809202
chr1:13730861-13731361	ENSG00000162493	PDPN	chr1	13730861	13731361	13583464	+	147647	immune	method3_abc	0.021281994701846958
chr1:13730861-13731361	ENSG00000189337	KAZN	chr1	13730861	13731361	13892791	+	161680	immune	method3_abc	0.021232081068410777
chr1:13749096-13749596	ENSG00000116731	PRDM2	chr1	13749096	13749596	13700187	+	49159	immune	method3_abc	0.06683968350844381
chr1:13749096-13749596	ENSG00000162493	PDPN	chr1	13749096	13749596	13583464	+	165882	immune	method3_abc	0.052896234836030294
chr1:13749096-13749596	ENSG00000162494	LRRC38	chr1	13749096	13749596	13514002	-	235344	immune	method3_abc	0.0430840355612482
chr1:13749096-13749596	ENSG00000179412	HNRNPCL4	chr1	13749096	13749596	13165630	-	583716	immune	method3_abc	0.020112071853335987
chr1:13749096-13749596	ENSG00000182330	PRAMEF8	chr1	13749096	13749596	13285136	-	464210	immune	method3_abc	0.025009264064842114
chr1:13749096-13749596	ENSG00000189337	KAZN	chr1	13749096	13749596	13892791	+	143445	immune	method3_abc	0.06439002303823828
chr1:13749096-13749596	ENSG00000204478	PRAMEF20	chr1	13749096	13749596	13410449	+	338897	immune	method3_abc	0.03268656748177126
chr1:13749096-13749596	ENSG00000204479	PRAMEF17	chr1	13749096	13749596	13389631	+	359715	immune	method3_abc	0.03112773011945956
chr1:13749096-13749596	ENSG00000204480	PRAMEF19	chr1	13749096	13749596	13371946	-	377400	immune	method3_abc	0.029925515227759287
chr1:13749096-13749596	ENSG00000204481	PRAMEF14	chr1	13749096	13749596	13347133	-	402213	immune	method3_abc	0.028350114998294724
chr1:13749096-13749596	ENSG00000204501	PRAMEF15	chr1	13749096	13749596	13315580	+	433766	immune	method3_abc	0.02655274512205952
chr1:13749096-13749596	ENSG00000204505	PRAMEF9	chr1	13749096	13749596	13171847	+	577499	immune	method3_abc	0.02035407585646804
chr1:13749096-13749596	ENSG00000237700	PRAMEF33	chr1	13749096	13749596	13303538	+	445808	immune	method3_abc	0.02591733192209331
chr1:13749096-13749596	ENSG00000270601	PRAMEF5	chr1	13749096	13749596	13254197	+	495149	immune	method3_abc	0.023584745535724375
chr1:13749096-13749596	ENSG00000279169	PRAMEF13	chr1	13749096	13749596	13201408	-	547938	immune	method3_abc	0.021429030193373215
chr1:13749096-13749596	ENSG00000279804	PRAMEF18	chr1	13749096	13749596	13226153	-	523193	immune	method3_abc	0.022415854647689644
chr1:15152510-15153010	ENSG00000171729	TMEM51	chr1	15152510	15153010	15152531	+	229	immune	method3_abc	0.07162291224806865
chr1:15153440-15153940	ENSG00000171729	TMEM51	chr1	15153440	15153940	15152531	+	1159	immune	method3_abc	0.09299788424536913
chr1:15153963-15154463	ENSG00000171729	TMEM51	chr1	15153963	15154463	15152531	+	1682	immune	method3_abc	0.056160075441096455
chr1:15154564-15155064	ENSG00000171729	TMEM51	chr1	15154564	15155064	15152531	+	2283	immune	method3_abc	0.03222414407128684
chr1:15231612-15232112	ENSG00000142621	FHAD1	chr1	15231612	15232112	15236520	+	4658	immune	method3_abc	0.0292517113359808
chr1:15246944-15247444	ENSG00000142621	FHAD1	chr1	15246944	15247444	15236520	+	10674	immune	method3_abc	0.033193452425618726
chr1:15408871-15409371	ENSG00000142634	EFHD2	chr1	15408871	15409371	15409887	+	766	immune	method3_abc	0.02353165695335649
chr1:15409622-15410122	ENSG00000142615	CELA2A	chr1	15409622	15410122	15456727	+	46855	immune	method3_abc	0.03794293694111795
chr1:15409622-15410122	ENSG00000142634	EFHD2	chr1	15409622	15410122	15409887	+	15	immune	method3_abc	0.19368390532449875
chr1:15409622-15410122	ENSG00000162438	CTRC	chr1	15409622	15410122	15438441	+	28569	immune	method3_abc	0.0514899925506708
chr1:15409622-15410122	ENSG00000215704	CELA2B	chr1	15409622	15410122	15465908	+	56036	immune	method3_abc	0.03301035154297286
chr1:15410184-15410684	ENSG00000142634	EFHD2	chr1	15410184	15410684	15409887	+	547	immune	method3_abc	0.04262395290302784
chr1:15410789-15411289	ENSG00000142634	EFHD2	chr1	15410789	15411289	15409887	+	1152	immune	method3_abc	0.028289614683008283
chr1:15411592-15412092	ENSG00000142634	EFHD2	chr1	15411592	15412092	15409887	+	1955	immune	method3_abc	0.05975573310155097
chr1:15411592-15412092	ENSG00000162438	CTRC	chr1	15411592	15412092	15438441	+	26599	immune	method3_abc	0.022254727070389797
chr1:15412096-15412596	ENSG00000142634	EFHD2	chr1	15412096	15412596	15409887	+	2459	immune	method3_abc	0.02039116936121948
chr1:15415894-15416394	ENSG00000142634	EFHD2	chr1	15415894	15416394	15409887	+	6257	immune	method3_abc	0.028460943071735453
chr1:15417442-15417942	ENSG00000142634	EFHD2	chr1	15417442	15417942	15409887	+	7805	immune	method3_abc	0.02355046146465381
chr1:15431080-15431580	ENSG00000162438	CTRC	chr1	15431080	15431580	15438441	+	7111	immune	method3_abc	0.03165736191086869
chr1:15524086-15524586	ENSG00000116138	DNAJC16	chr1	15524086	15524586	15526812	+	2476	immune	method3_abc	0.21622901527123203
chr1:15524086-15524586	ENSG00000116771	AGMAT	chr1	15524086	15524586	15585050	-	60714	immune	method3_abc	0.07240447244268895
chr1:15524086-15524586	ENSG00000116786	PLEKHM2	chr1	15524086	15524586	15684319	+	159983	immune	method3_abc	0.032062264140742334
chr1:15524086-15524586	ENSG00000132906	CASP9	chr1	15524086	15524586	15526533	-	2197	immune	method3_abc	0.22070586154332114
chr1:15524086-15524586	ENSG00000142615	CELA2A	chr1	15524086	15524586	15456727	+	67609	immune	method3_abc	0.08306761081518282
chr1:15524086-15524586	ENSG00000142621	FHAD1	chr1	15524086	15524586	15236520	+	287816	immune	method3_abc	0.03244726750651503
chr1:15524086-15524586	ENSG00000142634	EFHD2	chr1	15524086	15524586	15409887	+	114449	immune	method3_abc	0.036030896998586
chr1:15524086-15524586	ENSG00000162438	CTRC	chr1	15524086	15524586	15438441	+	85895	immune	method3_abc	0.06351174744231709
chr1:15524086-15524586	ENSG00000162458	FBLIM1	chr1	15524086	15524586	15756606	+	232270	immune	method3_abc	0.02745093094956946
chr1:15524086-15524586	ENSG00000162460	TMEM82	chr1	15524086	15524586	15742498	+	218162	immune	method3_abc	0.028647176074849096
chr1:15524086-15524586	ENSG00000162461	SLC25A34	chr1	15524086	15524586	15736257	+	211921	immune	method3_abc	0.029510569657915844
chr1:15524086-15524586	ENSG00000171729	TMEM51	chr1	15524086	15524586	15152531	+	371805	immune	method3_abc	0.02347016961977326
chr1:15524086-15524586	ENSG00000197312	DDI2	chr1	15524086	15524586	15617457	+	93121	immune	method3_abc	0.041079586584152915
chr1:15524086-15524586	ENSG00000215695	RSC1A1	chr1	15524086	15524586	15659712	+	135376	immune	method3_abc	0.046241933877713956
chr1:15524086-15524586	ENSG00000215704	CELA2B	chr1	15524086	15524586	15465908	+	58428	immune	method3_abc	0.09367423525956484
chr1:15524699-15525199	ENSG00000116138	DNAJC16	chr1	15524699	15525199	15526812	+	1863	immune	method3_abc	0.2492431281410984
chr1:15524699-15525199	ENSG00000116771	AGMAT	chr1	15524699	15525199	15585050	-	60101	immune	method3_abc	0.07810711965377595
chr1:15524699-15525199	ENSG00000116786	PLEKHM2	chr1	15524699	15525199	15684319	+	159370	immune	method3_abc	0.03441793283194257
chr1:15524699-15525199	ENSG00000132906	CASP9	chr1	15524699	15525199	15526533	-	1584	immune	method3_abc	0.25517236955367056
chr1:15524699-15525199	ENSG00000142615	CELA2A	chr1	15524699	15525199	15456727	+	68222	immune	method3_abc	0.08823468755259105
chr1:15524699-15525199	ENSG00000142621	FHAD1	chr1	15524699	15525199	15236520	+	288429	immune	method3_abc	0.034655493401220976
chr1:15524699-15525199	ENSG00000142634	EFHD2	chr1	15524699	15525199	15409887	+	115062	immune	method3_abc	0.038381781889326734
chr1:15524699-15525199	ENSG00000162438	CTRC	chr1	15524699	15525199	15438441	+	86508	immune	method3_abc	0.06756139194121484
chr1:15524699-15525199	ENSG00000162458	FBLIM1	chr1	15524699	15525199	15756606	+	231657	immune	method3_abc	0.029438699340546076
chr1:15524699-15525199	ENSG00000162460	TMEM82	chr1	15524699	15525199	15742498	+	217549	immune	method3_abc	0.03072594399283165
chr1:15524699-15525199	ENSG00000162461	SLC25A34	chr1	15524699	15525199	15736257	+	211308	immune	method3_abc	0.03165417172448875
chr1:15524699-15525199	ENSG00000171729	TMEM51	chr1	15524699	15525199	15152531	+	372418	immune	method3_abc	0.02507761133937706
chr1:15524699-15525199	ENSG00000197312	DDI2	chr1	15524699	15525199	15617457	+	92508	immune	method3_abc	0.04419550240624019
chr1:15524699-15525199	ENSG00000215695	RSC1A1	chr1	15524699	15525199	15659712	+	134763	immune	method3_abc	0.049667656632637704
chr1:15524699-15525199	ENSG00000215704	CELA2B	chr1	15524699	15525199	15465908	+	59041	immune	method3_abc	0.09939629754339524
chr1:15524699-15525199	ENSG00000233954	UQCRHL	chr1	15524699	15525199	15809347	-	284398	immune	method3_abc	0.020124373386265625
chr1:15526481-15526981	ENSG00000116138	DNAJC16	chr1	15526481	15526981	15526812	+	81	immune	method3_abc	0.22496242625963325
chr1:15526481-15526981	ENSG00000116771	AGMAT	chr1	15526481	15526981	15585050	-	58319	immune	method3_abc	0.0555997296636258
chr1:15526481-15526981	ENSG00000116786	PLEKHM2	chr1	15526481	15526981	15684319	+	157588	immune	method3_abc	0.02414342253233342
chr1:15526481-15526981	ENSG00000132906	CASP9	chr1	15526481	15526981	15526533	-	198	immune	method3_abc	0.21778985564788417
chr1:15526481-15526981	ENSG00000142615	CELA2A	chr1	15526481	15526981	15456727	+	70004	immune	method3_abc	0.060041218534147955
chr1:15526481-15526981	ENSG00000142621	FHAD1	chr1	15526481	15526981	15236520	+	290211	immune	method3_abc	0.02395409866026971
chr1:15526481-15526981	ENSG00000142634	EFHD2	chr1	15526481	15526981	15409887	+	116844	immune	method3_abc	0.026330177573529658
chr1:15526481-15526981	ENSG00000162438	CTRC	chr1	15526481	15526981	15438441	+	88290	immune	method3_abc	0.04616436407805809
chr1:15526481-15526981	ENSG00000162458	FBLIM1	chr1	15526481	15526981	15756606	+	229875	immune	method3_abc	0.020590640749325168
chr1:15526481-15526981	ENSG00000162460	TMEM82	chr1	15526481	15526981	15742498	+	215767	immune	method3_abc	0.021499989431618394
chr1:15526481-15526981	ENSG00000162461	SLC25A34	chr1	15526481	15526981	15736257	+	209526	immune	method3_abc	0.02215399081547664
chr1:15526481-15526981	ENSG00000197312	DDI2	chr1	15526481	15526981	15617457	+	90726	immune	method3_abc	0.03120631462755855
chr1:15526481-15526981	ENSG00000215695	RSC1A1	chr1	15526481	15526981	15659712	+	132981	immune	method3_abc	0.03489936542872825
chr1:15526481-15526981	ENSG00000215704	CELA2B	chr1	15526481	15526981	15465908	+	60823	immune	method3_abc	0.06743658950977313
chr1:15584286-15584786	ENSG00000116771	AGMAT	chr1	15584286	15584786	15585050	-	514	immune	method3_abc	0.03921847668511238
chr1:15584837-15585337	ENSG00000116771	AGMAT	chr1	15584837	15585337	15585050	-	37	immune	method3_abc	0.07009503377977827
chr1:15603415-15603915	ENSG00000116771	AGMAT	chr1	15603415	15603915	15585050	-	18615	immune	method3_abc	0.049490808461331214
chr1:15603415-15603915	ENSG00000197312	DDI2	chr1	15603415	15603915	15617457	+	13792	immune	method3_abc	0.048548157970247835
chr1:15603415-15603915	ENSG00000215695	RSC1A1	chr1	15603415	15603915	15659712	+	56047	immune	method3_abc	0.026774607339188926
chr1:15616639-15617139	ENSG00000197312	DDI2	chr1	15616639	15617139	15617457	+	568	immune	method3_abc	0.043654106107599996
chr1:15617207-15617707	ENSG00000116771	AGMAT	chr1	15617207	15617707	15585050	-	32407	immune	method3_abc	0.06005965279471242
chr1:15617207-15617707	ENSG00000116786	PLEKHM2	chr1	15617207	15617707	15684319	+	66862	immune	method3_abc	0.033568810360726974
chr1:15617207-15617707	ENSG00000142615	CELA2A	chr1	15617207	15617707	15456727	+	160730	immune	method3_abc	0.020584412931827462
chr1:15617207-15617707	ENSG00000162458	FBLIM1	chr1	15617207	15617707	15756606	+	139149	immune	method3_abc	0.02151673004948131
chr1:15617207-15617707	ENSG00000162460	TMEM82	chr1	15617207	15617707	15742498	+	125041	immune	method3_abc	0.023283894459889643
chr1:15617207-15617707	ENSG00000162461	SLC25A34	chr1	15617207	15617707	15736257	+	118800	immune	method3_abc	0.02442401597094808
chr1:15617207-15617707	ENSG00000197312	DDI2	chr1	15617207	15617707	15617457	+	0	immune	method3_abc	0.2781500380512647
chr1:15617207-15617707	ENSG00000215695	RSC1A1	chr1	15617207	15617707	15659712	+	42255	immune	method3_abc	0.060580837722349894
chr1:15617207-15617707	ENSG00000215704	CELA2B	chr1	15617207	15617707	15465908	+	151549	immune	method3_abc	0.02168617387196959
chr1:15617820-15618320	ENSG00000197312	DDI2	chr1	15617820	15618320	15617457	+	613	immune	method3_abc	0.046744551841593145
chr1:15682226-15682726	ENSG00000116786	PLEKHM2	chr1	15682226	15682726	15684319	+	1843	immune	method3_abc	0.02697173777724603
chr1:15683308-15683808	ENSG00000116786	PLEKHM2	chr1	15683308	15683808	15684319	+	761	immune	method3_abc	0.023285402566699268
chr1:15684041-15684541	ENSG00000116786	PLEKHM2	chr1	15684041	15684541	15684319	+	28	immune	method3_abc	0.1254719133233685
chr1:15684041-15684541	ENSG00000215695	RSC1A1	chr1	15684041	15684541	15659712	+	24579	immune	method3_abc	0.033652649426680004
chr1:15684551-15685051	ENSG00000116786	PLEKHM2	chr1	15684551	15685051	15684319	+	482	immune	method3_abc	0.07485732356946859
chr1:15684551-15685051	ENSG00000215695	RSC1A1	chr1	15684551	15685051	15659712	+	25089	immune	method3_abc	0.021326078180141143
chr1:15696857-15697357	ENSG00000116786	PLEKHM2	chr1	15696857	15697357	15684319	+	12788	immune	method3_abc	0.020963889155610062
chr1:15735674-15736174	ENSG00000162461	SLC25A34	chr1	15735674	15736174	15736257	+	333	immune	method3_abc	0.0261068558927953
chr1:15741303-15741803	ENSG00000162460	TMEM82	chr1	15741303	15741803	15742498	+	945	immune	method3_abc	0.050579190567362986
chr1:15741303-15741803	ENSG00000162461	SLC25A34	chr1	15741303	15741803	15736257	+	5296	immune	method3_abc	0.0315239710769551
chr1:15758631-15759131	ENSG00000162458	FBLIM1	chr1	15758631	15759131	15756606	+	2275	immune	method3_abc	0.020515337814424425
chr1:15834155-15834655	ENSG00000065526	SPEN	chr1	15834155	15834655	15836094	+	1689	immune	method3_abc	0.06223969974086645
chr1:15834155-15834655	ENSG00000233954	UQCRHL	chr1	15834155	15834655	15809347	-	25058	immune	method3_abc	0.03525671778563872
chr1:15834685-15835185	ENSG00000065526	SPEN	chr1	15834685	15835185	15836094	+	1159	immune	method3_abc	0.1327851828399657
chr1:15834685-15835185	ENSG00000162458	FBLIM1	chr1	15834685	15835185	15756606	+	78329	immune	method3_abc	0.03540342090249816
chr1:15834685-15835185	ENSG00000162460	TMEM82	chr1	15834685	15835185	15742498	+	92437	immune	method3_abc	0.030571108797918058
chr1:15834685-15835185	ENSG00000162461	SLC25A34	chr1	15834685	15835185	15736257	+	98678	immune	method3_abc	0.029109328574834795
chr1:15834685-15835185	ENSG00000233954	UQCRHL	chr1	15834685	15835185	15809347	-	25588	immune	method3_abc	0.06894923821745017
chr1:15835679-15836179	ENSG00000065526	SPEN	chr1	15835679	15836179	15836094	+	165	immune	method3_abc	0.21908006002972039
chr1:15835679-15836179	ENSG00000116786	PLEKHM2	chr1	15835679	15836179	15684319	+	151610	immune	method3_abc	0.024645828977546757
chr1:15835679-15836179	ENSG00000116809	ZBTB17	chr1	15835679	15836179	15976131	-	140202	immune	method3_abc	0.023275420462624888
chr1:15835679-15836179	ENSG00000162458	FBLIM1	chr1	15835679	15836179	15756606	+	79323	immune	method3_abc	0.049603848762472376
chr1:15835679-15836179	ENSG00000162460	TMEM82	chr1	15835679	15836179	15742498	+	93431	immune	method3_abc	0.04289698585732614
chr1:15835679-15836179	ENSG00000162461	SLC25A34	chr1	15835679	15836179	15736257	+	99672	immune	method3_abc	0.04086744873060103
chr1:15835679-15836179	ENSG00000173641	HSPB7	chr1	15835679	15836179	16019593	-	183664	immune	method3_abc	0.02503510009051772
chr1:15835679-15836179	ENSG00000183888	SRARP	chr1	15835679	15836179	16004235	+	168306	immune	method3_abc	0.026721801511590162
chr1:15835679-15836179	ENSG00000184908	CLCNKB	chr1	15835679	15836179	16040251	+	204322	immune	method3_abc	0.024445335441671212
chr1:15835679-15836179	ENSG00000186510	CLCNKA	chr1	15835679	15836179	16018874	+	182945	immune	method3_abc	0.024918379632654836
chr1:15835679-15836179	ENSG00000215695	RSC1A1	chr1	15835679	15836179	15659712	+	176217	immune	method3_abc	0.02720306268918499
chr1:15835679-15836179	ENSG00000233954	UQCRHL	chr1	15835679	15836179	15809347	-	26582	immune	method3_abc	0.09492857837427657
chr1:15836272-15836772	ENSG00000065526	SPEN	chr1	15836272	15836772	15836094	+	428	immune	method3_abc	0.036474058034538556
chr1:15836804-15837304	ENSG00000065526	SPEN	chr1	15836804	15837304	15836094	+	960	immune	method3_abc	0.060599060516539974
chr1:15836804-15837304	ENSG00000233954	UQCRHL	chr1	15836804	15837304	15809347	-	27707	immune	method3_abc	0.02884882560783212
chr1:15837321-15837821	ENSG00000065526	SPEN	chr1	15837321	15837821	15836094	+	1477	immune	method3_abc	0.03183005812388012
chr1:15847439-15847939	ENSG00000065526	SPEN	chr1	15847439	15847939	15836094	+	11595	immune	method3_abc	0.08930549210408842
chr1:15847439-15847939	ENSG00000116786	PLEKHM2	chr1	15847439	15847939	15684319	+	163370	immune	method3_abc	0.026041766084453567
chr1:15847439-15847939	ENSG00000116809	ZBTB17	chr1	15847439	15847939	15976131	-	128442	immune	method3_abc	0.028189899675501888
chr1:15847439-15847939	ENSG00000162458	FBLIM1	chr1	15847439	15847939	15756606	+	91083	immune	method3_abc	0.04982763581841687
chr1:15847439-15847939	ENSG00000162460	TMEM82	chr1	15847439	15847939	15742498	+	105191	immune	method3_abc	0.04375913682460093
chr1:15847439-15847939	ENSG00000162461	SLC25A34	chr1	15847439	15847939	15736257	+	111432	immune	method3_abc	0.0419209847979357
chr1:15847439-15847939	ENSG00000173641	HSPB7	chr1	15847439	15847939	16019593	-	171904	immune	method3_abc	0.029795548427303014
chr1:15847439-15847939	ENSG00000183888	SRARP	chr1	15847439	15847939	16004235	+	156546	immune	method3_abc	0.0319668769435827
chr1:15847439-15847939	ENSG00000184908	CLCNKB	chr1	15847439	15847939	16040251	+	192562	immune	method3_abc	0.028928593520212015
chr1:15847439-15847939	ENSG00000185519	FAM131C	chr1	15847439	15847939	16073650	-	225961	immune	method3_abc	0.022188088332979777
chr1:15847439-15847939	ENSG00000186510	CLCNKA	chr1	15847439	15847939	16018874	+	171185	immune	method3_abc	0.029663196609738526
chr1:15847439-15847939	ENSG00000215695	RSC1A1	chr1	15847439	15847939	15659712	+	187977	immune	method3_abc	0.02898313732749798
