peak_id	gene_id	gene_name	chrom	peak_start	peak_end	tss_pos	strand	distance_bp	compartment	method	score
chr1:920990-921490	ENSG00000187634	SAMD11	chr1	920990	921490	923922	+	2682	stromal	method3_abc	0.02629055235823562
chr1:923583-924083	ENSG00000187634	SAMD11	chr1	923583	924083	923922	+	89	stromal	method3_abc	0.07079775494558395
chr1:924573-925073	ENSG00000187634	SAMD11	chr1	924573	925073	923922	+	901	stromal	method3_abc	0.031047607604271686
chr1:925433-925933	ENSG00000187634	SAMD11	chr1	925433	925933	923922	+	1761	stromal	method3_abc	0.031395781612275304
chr1:940223-940723	ENSG00000187634	SAMD11	chr1	940223	940723	923922	+	16551	stromal	method3_abc	0.024812566302531397
chr1:940223-940723	ENSG00000188976	NOC2L	chr1	940223	940723	959308	-	18835	stromal	method3_abc	0.02062669838745362
chr1:941565-942065	ENSG00000187634	SAMD11	chr1	941565	942065	923922	+	17893	stromal	method3_abc	0.02583067321154935
chr1:941565-942065	ENSG00000187961	KLHL17	chr1	941565	942065	960583	+	18768	stromal	method3_abc	0.022782411356511163
chr1:941565-942065	ENSG00000188976	NOC2L	chr1	941565	942065	959308	-	17493	stromal	method3_abc	0.02380205289644266
chr1:959068-959568	ENSG00000187583	PLEKHN1	chr1	959068	959568	966481	+	7163	stromal	method3_abc	0.05319777837234916
chr1:959068-959568	ENSG00000187642	PERM1	chr1	959068	959568	982116	-	22798	stromal	method3_abc	0.027318689050389453
chr1:959068-959568	ENSG00000187961	KLHL17	chr1	959068	959568	960583	+	1265	stromal	method3_abc	0.09042512220804334
chr1:959068-959568	ENSG00000188976	NOC2L	chr1	959068	959568	959308	-	10	stromal	method3_abc	0.10937900615110115
chr1:960313-960813	ENSG00000187583	PLEKHN1	chr1	960313	960813	966481	+	5918	stromal	method3_abc	0.023570429990002226
chr1:960313-960813	ENSG00000187961	KLHL17	chr1	960313	960813	960583	+	20	stromal	method3_abc	0.044225351050438726
chr1:960313-960813	ENSG00000188976	NOC2L	chr1	960313	960813	959308	-	1255	stromal	method3_abc	0.036370403075643494
chr1:960833-961333	ENSG00000187961	KLHL17	chr1	960833	961333	960583	+	500	stromal	method3_abc	0.027927642473123942
chr1:960833-961333	ENSG00000188976	NOC2L	chr1	960833	961333	959308	-	1775	stromal	method3_abc	0.02319749446796044
chr1:965957-966457	ENSG00000187583	PLEKHN1	chr1	965957	966457	966481	+	274	stromal	method3_abc	0.02347558252176284
chr1:966773-967273	ENSG00000187583	PLEKHN1	chr1	966773	967273	966481	+	542	stromal	method3_abc	0.04961134048945587
chr1:966773-967273	ENSG00000187961	KLHL17	chr1	966773	967273	960583	+	6440	stromal	method3_abc	0.02520413071829553
chr1:966773-967273	ENSG00000188976	NOC2L	chr1	966773	967273	959308	-	7715	stromal	method3_abc	0.022894411371364092
chr1:975968-976468	ENSG00000187642	PERM1	chr1	975968	976468	982116	-	5898	stromal	method3_abc	0.021676597806686855
chr1:984068-984568	ENSG00000187642	PERM1	chr1	984068	984568	982116	-	2202	stromal	method3_abc	0.02337310809300778
chr1:998929-999429	ENSG00000187608	ISG15	chr1	998929	999429	1001137	+	1958	stromal	method3_abc	0.029436049281580848
chr1:998929-999429	ENSG00000188290	HES4	chr1	998929	999429	1000171	-	992	stromal	method3_abc	0.03338226202809989
chr1:999900-1000400	ENSG00000187583	PLEKHN1	chr1	999900	1000400	966481	+	33669	stromal	method3_abc	0.024978004255495744
chr1:999900-1000400	ENSG00000187608	ISG15	chr1	999900	1000400	1001137	+	987	stromal	method3_abc	0.1038125469033616
chr1:999900-1000400	ENSG00000187642	PERM1	chr1	999900	1000400	982116	-	18034	stromal	method3_abc	0.04132138616463734
chr1:999900-1000400	ENSG00000187961	KLHL17	chr1	999900	1000400	960583	+	39567	stromal	method3_abc	0.021069458039632602
chr1:999900-1000400	ENSG00000188157	AGRN	chr1	999900	1000400	1020119	+	19969	stromal	method3_abc	0.0299429659892423
chr1:999900-1000400	ENSG00000188290	HES4	chr1	999900	1000400	1000171	-	21	stromal	method3_abc	0.12047492628300213
chr1:999900-1000400	ENSG00000188976	NOC2L	chr1	999900	1000400	959308	-	40842	stromal	method3_abc	0.02047283957776567
chr1:1000604-1001104	ENSG00000187608	ISG15	chr1	1000604	1001104	1001137	+	283	stromal	method3_abc	0.08020076662607191
chr1:1000604-1001104	ENSG00000187642	PERM1	chr1	1000604	1001104	982116	-	18738	stromal	method3_abc	0.027890903845775708
chr1:1000604-1001104	ENSG00000188157	AGRN	chr1	1000604	1001104	1020119	+	19265	stromal	method3_abc	0.021269814880578938
chr1:1000604-1001104	ENSG00000188290	HES4	chr1	1000604	1001104	1000171	-	683	stromal	method3_abc	0.0749487426429357
chr1:1001159-1001659	ENSG00000187608	ISG15	chr1	1001159	1001659	1001137	+	272	stromal	method3_abc	0.023022558190173407
chr1:1001721-1002221	ENSG00000187608	ISG15	chr1	1001721	1002221	1001137	+	834	stromal	method3_abc	0.057432485308946304
chr1:1001721-1002221	ENSG00000187642	PERM1	chr1	1001721	1002221	982116	-	19855	stromal	method3_abc	0.020919569773879897
chr1:1001721-1002221	ENSG00000188290	HES4	chr1	1001721	1002221	1000171	-	1800	stromal	method3_abc	0.050052745782705806
chr1:1013180-1013680	ENSG00000187608	ISG15	chr1	1013180	1013680	1001137	+	12293	stromal	method3_abc	0.024567308399979903
chr1:1013180-1013680	ENSG00000188157	AGRN	chr1	1013180	1013680	1020119	+	6689	stromal	method3_abc	0.03451043146784088
chr1:1013180-1013680	ENSG00000188290	HES4	chr1	1013180	1013680	1000171	-	13259	stromal	method3_abc	0.023333616508582625
chr1:1019275-1019775	ENSG00000187583	PLEKHN1	chr1	1019275	1019775	966481	+	53044	stromal	method3_abc	0.02346126324503938
chr1:1019275-1019775	ENSG00000187608	ISG15	chr1	1019275	1019775	1001137	+	18388	stromal	method3_abc	0.04242820856397906
chr1:1019275-1019775	ENSG00000187642	PERM1	chr1	1019275	1019775	982116	-	37409	stromal	method3_abc	0.03249410039991935
chr1:1019275-1019775	ENSG00000187961	KLHL17	chr1	1019275	1019775	960583	+	58942	stromal	method3_abc	0.020583432225432578
chr1:1019275-1019775	ENSG00000188157	AGRN	chr1	1019275	1019775	1020119	+	594	stromal	method3_abc	0.14715399381656485
chr1:1019275-1019775	ENSG00000188290	HES4	chr1	1019275	1019775	1000171	-	19354	stromal	method3_abc	0.040787283155439065
chr1:1019275-1019775	ENSG00000188976	NOC2L	chr1	1019275	1019775	959308	-	60217	stromal	method3_abc	0.020148385207136313
chr1:1019275-1019775	ENSG00000237330	RNF223	chr1	1019275	1019775	1074305	-	54780	stromal	method3_abc	0.026547998715959944
chr1:1019849-1020349	ENSG00000188157	AGRN	chr1	1019849	1020349	1020119	+	20	stromal	method3_abc	0.059751144221204956
chr1:1020427-1020927	ENSG00000188157	AGRN	chr1	1020427	1020927	1020119	+	558	stromal	method3_abc	0.021605499902021454
chr1:1020998-1021498	ENSG00000188157	AGRN	chr1	1020998	1021498	1020119	+	1129	stromal	method3_abc	0.02084414196261157
chr1:1059410-1059910	ENSG00000237330	RNF223	chr1	1059410	1059910	1074305	-	14645	stromal	method3_abc	0.021263728227781525
chr1:1069108-1069608	ENSG00000237330	RNF223	chr1	1069108	1069608	1074305	-	4947	stromal	method3_abc	0.022643169980623924
chr1:1115962-1116462	ENSG00000131591	C1orf159	chr1	1115962	1116462	1116360	-	148	stromal	method3_abc	0.22073106318180827
chr1:1115962-1116462	ENSG00000162571	TTLL10	chr1	1115962	1116462	1173879	+	57667	stromal	method3_abc	0.03076657294053373
chr1:1115962-1116462	ENSG00000237330	RNF223	chr1	1115962	1116462	1074305	-	41907	stromal	method3_abc	0.037385399686628164
chr1:1116545-1117045	ENSG00000131591	C1orf159	chr1	1116545	1117045	1116360	-	435	stromal	method3_abc	0.03588698984562264
chr1:1122036-1122536	ENSG00000131591	C1orf159	chr1	1122036	1122536	1116360	-	5926	stromal	method3_abc	0.024201686931151094
chr1:1157342-1157842	ENSG00000162571	TTLL10	chr1	1157342	1157842	1173879	+	16287	stromal	method3_abc	0.029793261939956427
chr1:1201304-1201804	ENSG00000186891	TNFRSF18	chr1	1201304	1201804	1206591	-	5037	stromal	method3_abc	0.02649249195467245
chr1:1207935-1208435	ENSG00000186827	TNFRSF4	chr1	1207935	1208435	1214152	-	5967	stromal	method3_abc	0.021836227847023836
chr1:1207935-1208435	ENSG00000186891	TNFRSF18	chr1	1207935	1208435	1206591	-	1594	stromal	method3_abc	0.034496990766102936
chr1:1231296-1231796	ENSG00000078808	SDF4	chr1	1231296	1231796	1232030	-	484	stromal	method3_abc	0.03407286909150516
chr1:1231296-1231796	ENSG00000176022	B3GALT6	chr1	1231296	1231796	1232236	+	690	stromal	method3_abc	0.03311588153883977
chr1:1231837-1232337	ENSG00000078808	SDF4	chr1	1231837	1232337	1232030	-	57	stromal	method3_abc	0.22794824397374933
chr1:1231837-1232337	ENSG00000160087	UBE2J2	chr1	1231837	1232337	1273863	-	41776	stromal	method3_abc	0.03560237600376116
chr1:1231837-1232337	ENSG00000162571	TTLL10	chr1	1231837	1232337	1173879	+	58208	stromal	method3_abc	0.03689604702386458
chr1:1231837-1232337	ENSG00000162572	SCNN1D	chr1	1231837	1232337	1280435	+	48348	stromal	method3_abc	0.033382670356962366
chr1:1231837-1232337	ENSG00000176022	B3GALT6	chr1	1231837	1232337	1232236	+	149	stromal	method3_abc	0.2252084668287372
chr1:1231837-1232337	ENSG00000184163	C1QTNF12	chr1	1231837	1232337	1246721	-	14634	stromal	method3_abc	0.08444593535524432
chr1:1231837-1232337	ENSG00000186827	TNFRSF4	chr1	1231837	1232337	1214152	-	17935	stromal	method3_abc	0.07472440342406726
chr1:1231837-1232337	ENSG00000186891	TNFRSF18	chr1	1231837	1232337	1206591	-	25496	stromal	method3_abc	0.05918229617749866
chr1:1232500-1233000	ENSG00000078808	SDF4	chr1	1232500	1233000	1232030	-	720	stromal	method3_abc	0.02087528736851505
chr1:1232500-1233000	ENSG00000176022	B3GALT6	chr1	1232500	1233000	1232236	+	514	stromal	method3_abc	0.021629746737541224
chr1:1273693-1274193	ENSG00000160087	UBE2J2	chr1	1273693	1274193	1273863	-	80	stromal	method3_abc	0.13037223131013126
chr1:1273693-1274193	ENSG00000162572	SCNN1D	chr1	1273693	1274193	1280435	+	6492	stromal	method3_abc	0.06736854010627574
chr1:1273693-1274193	ENSG00000184163	C1QTNF12	chr1	1273693	1274193	1246721	-	27222	stromal	method3_abc	0.02912669385191204
chr1:1304627-1305127	ENSG00000131584	ACAP3	chr1	1304627	1305127	1309608	-	4731	stromal	method3_abc	0.02965236620220605
chr1:1304627-1305127	ENSG00000169972	PUSL1	chr1	1304627	1305127	1308596	+	3719	stromal	method3_abc	0.03152792438717794
chr1:1305479-1305979	ENSG00000131584	ACAP3	chr1	1305479	1305979	1309608	-	3879	stromal	method3_abc	0.021509588938041453
chr1:1305479-1305979	ENSG00000169972	PUSL1	chr1	1305479	1305979	1308596	+	2867	stromal	method3_abc	0.02309403994549355
chr1:1307155-1307655	ENSG00000131584	ACAP3	chr1	1307155	1307655	1309608	-	2203	stromal	method3_abc	0.022000458934679362
chr1:1307155-1307655	ENSG00000169972	PUSL1	chr1	1307155	1307655	1308596	+	1191	stromal	method3_abc	0.024253897929890297
chr1:1307724-1308224	ENSG00000127054	INTS11	chr1	1307724	1308224	1324686	-	16712	stromal	method3_abc	0.032489652457632856
chr1:1307724-1308224	ENSG00000131584	ACAP3	chr1	1307724	1308224	1309608	-	1634	stromal	method3_abc	0.08241173357530585
chr1:1307724-1308224	ENSG00000160087	UBE2J2	chr1	1307724	1308224	1273863	-	34111	stromal	method3_abc	0.023756446426807982
chr1:1307724-1308224	ENSG00000162572	SCNN1D	chr1	1307724	1308224	1280435	+	27539	stromal	method3_abc	0.029309248146365603
chr1:1307724-1308224	ENSG00000169962	TAS1R3	chr1	1307724	1308224	1331279	+	23305	stromal	method3_abc	0.027718050890976648
chr1:1307724-1308224	ENSG00000169972	PUSL1	chr1	1307724	1308224	1308596	+	622	stromal	method3_abc	0.09197582842108767
chr1:1307724-1308224	ENSG00000224051	CPTP	chr1	1307724	1308224	1324755	+	16781	stromal	method3_abc	0.0324377792707182
chr1:1308268-1308768	ENSG00000107404	DVL1	chr1	1308268	1308768	1349417	-	40899	stromal	method3_abc	0.022169424922375093
chr1:1308268-1308768	ENSG00000127054	INTS11	chr1	1308268	1308768	1324686	-	16168	stromal	method3_abc	0.045725603191858075
chr1:1308268-1308768	ENSG00000131584	ACAP3	chr1	1308268	1308768	1309608	-	1090	stromal	method3_abc	0.12222038183430908
chr1:1308268-1308768	ENSG00000160087	UBE2J2	chr1	1308268	1308768	1273863	-	34655	stromal	method3_abc	0.03231389375928441
chr1:1308268-1308768	ENSG00000162572	SCNN1D	chr1	1308268	1308768	1280435	+	28083	stromal	method3_abc	0.03977105010275921
chr1:1308268-1308768	ENSG00000169962	TAS1R3	chr1	1308268	1308768	1331279	+	22761	stromal	method3_abc	0.03880807210017647
chr1:1308268-1308768	ENSG00000169972	PUSL1	chr1	1308268	1308768	1308596	+	78	stromal	method3_abc	0.1383416873890036
chr1:1308268-1308768	ENSG00000184163	C1QTNF12	chr1	1308268	1308768	1246721	-	61797	stromal	method3_abc	0.022880593827915473
chr1:1308268-1308768	ENSG00000224051	CPTP	chr1	1308268	1308768	1324755	+	16237	stromal	method3_abc	0.045649364130877466
chr1:1308773-1309273	ENSG00000131584	ACAP3	chr1	1308773	1309273	1309608	-	585	stromal	method3_abc	0.03434140617581417
chr1:1308773-1309273	ENSG00000169972	PUSL1	chr1	1308773	1309273	1308596	+	427	stromal	method3_abc	0.03402563411402203
chr1:1324442-1324942	ENSG00000107404	DVL1	chr1	1324442	1324942	1349417	-	24725	stromal	method3_abc	0.024556909976074796
chr1:1324442-1324942	ENSG00000127054	INTS11	chr1	1324442	1324942	1324686	-	6	stromal	method3_abc	0.12167752412068039
chr1:1324442-1324942	ENSG00000131584	ACAP3	chr1	1324442	1324942	1309608	-	15084	stromal	method3_abc	0.03285091743578204
chr1:1324442-1324942	ENSG00000162572	SCNN1D	chr1	1324442	1324942	1280435	+	44257	stromal	method3_abc	0.02135220310673839
chr1:1324442-1324942	ENSG00000169962	TAS1R3	chr1	1324442	1324942	1331279	+	6587	stromal	method3_abc	0.06299735879103545
chr1:1324442-1324942	ENSG00000169972	PUSL1	chr1	1324442	1324942	1308596	+	16096	stromal	method3_abc	0.030417122018371566
chr1:1324442-1324942	ENSG00000224051	CPTP	chr1	1324442	1324942	1324755	+	63	stromal	method3_abc	0.12062501988331804
chr1:1349265-1349765	ENSG00000107404	DVL1	chr1	1349265	1349765	1349417	-	98	stromal	method3_abc	0.14325026362083565
chr1:1349265-1349765	ENSG00000127054	INTS11	chr1	1349265	1349765	1324686	-	24829	stromal	method3_abc	0.03240225827447603
chr1:1349265-1349765	ENSG00000131584	ACAP3	chr1	1349265	1349765	1309608	-	39907	stromal	method3_abc	0.020523787718429914
chr1:1349265-1349765	ENSG00000162576	MXRA8	chr1	1349265	1349765	1361776	-	12261	stromal	method3_abc	0.052617525054964115
chr1:1349265-1349765	ENSG00000169962	TAS1R3	chr1	1349265	1349765	1331279	+	18236	stromal	method3_abc	0.04326734749109936
chr1:1349265-1349765	ENSG00000175756	AURKAIP1	chr1	1349265	1349765	1375206	-	25691	stromal	method3_abc	0.03218125477837268
chr1:1349265-1349765	ENSG00000221978	CCNL2	chr1	1349265	1349765	1399334	-	49819	stromal	method3_abc	0.020593258890589643
chr1:1349265-1349765	ENSG00000224051	CPTP	chr1	1349265	1349765	1324755	+	24760	stromal	method3_abc	0.03250537585838375
chr1:1358362-1358862	ENSG00000107404	DVL1	chr1	1358362	1358862	1349417	-	9195	stromal	method3_abc	0.025649452863576238
chr1:1358362-1358862	ENSG00000162576	MXRA8	chr1	1358362	1358862	1361776	-	3164	stromal	method3_abc	0.044047859268237885
chr1:1360476-1360976	ENSG00000162576	MXRA8	chr1	1360476	1360976	1361776	-	1050	stromal	method3_abc	0.03976205805904394
chr1:1361916-1362416	ENSG00000162576	MXRA8	chr1	1361916	1362416	1361776	-	390	stromal	method3_abc	0.0220464851312668
chr1:1371971-1372471	ENSG00000175756	AURKAIP1	chr1	1371971	1372471	1375206	-	2985	stromal	method3_abc	0.02932683339442952
chr1:1375127-1375627	ENSG00000107404	DVL1	chr1	1375127	1375627	1349417	-	25960	stromal	method3_abc	0.035008523646559916
chr1:1375127-1375627	ENSG00000127054	INTS11	chr1	1375127	1375627	1324686	-	50691	stromal	method3_abc	0.022096084438977193
chr1:1375127-1375627	ENSG00000162576	MXRA8	chr1	1375127	1375627	1361776	-	13601	stromal	method3_abc	0.057878672585353945
chr1:1375127-1375627	ENSG00000169962	TAS1R3	chr1	1375127	1375627	1331279	+	44098	stromal	method3_abc	0.026493082743968676
chr1:1375127-1375627	ENSG00000175756	AURKAIP1	chr1	1375127	1375627	1375206	-	171	stromal	method3_abc	0.17788120861955692
chr1:1375127-1375627	ENSG00000205116	TMEM88B	chr1	1375127	1375627	1425870	+	50493	stromal	method3_abc	0.02402115637452058
chr1:1375127-1375627	ENSG00000215915	ATAD3C	chr1	1375127	1375627	1449688	+	74311	stromal	method3_abc	0.02231453467015937
chr1:1375127-1375627	ENSG00000221978	CCNL2	chr1	1375127	1375627	1399334	-	23957	stromal	method3_abc	0.042121796271672875
chr1:1375127-1375627	ENSG00000224051	CPTP	chr1	1375127	1375627	1324755	+	50622	stromal	method3_abc	0.022145660491059174
chr1:1375127-1375627	ENSG00000235098	ANKRD65	chr1	1375127	1375627	1421768	-	46391	stromal	method3_abc	0.026531554043176597
chr1:1375127-1375627	ENSG00000242485	MRPL20	chr1	1375127	1375627	1407292	-	31915	stromal	method3_abc	0.035667158089461755
chr1:1399252-1399752	ENSG00000160072	ATAD3B	chr1	1399252	1399752	1471764	+	72262	stromal	method3_abc	0.020213962391380545
chr1:1399252-1399752	ENSG00000162576	MXRA8	chr1	1399252	1399752	1361776	-	37726	stromal	method3_abc	0.023923691210911098
chr1:1399252-1399752	ENSG00000175756	AURKAIP1	chr1	1399252	1399752	1375206	-	24296	stromal	method3_abc	0.0335221582343165
chr1:1399252-1399752	ENSG00000179403	VWA1	chr1	1399252	1399752	1434860	+	35358	stromal	method3_abc	0.02492621169555275
chr1:1399252-1399752	ENSG00000205116	TMEM88B	chr1	1399252	1399752	1425870	+	26368	stromal	method3_abc	0.03362427298919071
chr1:1399252-1399752	ENSG00000215915	ATAD3C	chr1	1399252	1399752	1449688	+	50186	stromal	method3_abc	0.026069461151334322
chr1:1399252-1399752	ENSG00000221978	CCNL2	chr1	1399252	1399752	1399334	-	168	stromal	method3_abc	0.1607523028774178
chr1:1399252-1399752	ENSG00000235098	ANKRD65	chr1	1399252	1399752	1421768	-	22266	stromal	method3_abc	0.03924271901535064
chr1:1399252-1399752	ENSG00000242485	MRPL20	chr1	1399252	1399752	1407292	-	7790	stromal	method3_abc	0.07643159612068581
chr1:1407098-1407598	ENSG00000221978	CCNL2	chr1	1407098	1407598	1399334	-	8014	stromal	method3_abc	0.03331822426913443
chr1:1407098-1407598	ENSG00000235098	ANKRD65	chr1	1407098	1407598	1421768	-	14420	stromal	method3_abc	0.024403064716933705
chr1:1407098-1407598	ENSG00000242485	MRPL20	chr1	1407098	1407598	1407292	-	56	stromal	method3_abc	0.07932491559764594
chr1:1419878-1420378	ENSG00000205116	TMEM88B	chr1	1419878	1420378	1425870	+	5742	stromal	method3_abc	0.02795258050188739
chr1:1419878-1420378	ENSG00000235098	ANKRD65	chr1	1419878	1420378	1421768	-	1640	stromal	method3_abc	0.043886712276067656
chr1:1427362-1427862	ENSG00000205116	TMEM88B	chr1	1427362	1427862	1425870	+	1742	stromal	method3_abc	0.02622101015447418
chr1:1430290-1430790	ENSG00000179403	VWA1	chr1	1430290	1430790	1434860	+	4320	stromal	method3_abc	0.04167876251446386
chr1:1430290-1430790	ENSG00000205116	TMEM88B	chr1	1430290	1430790	1425870	+	4670	stromal	method3_abc	0.04372874456944874
chr1:1430290-1430790	ENSG00000215915	ATAD3C	chr1	1430290	1430790	1449688	+	19148	stromal	method3_abc	0.024998168647690295
chr1:1430290-1430790	ENSG00000235098	ANKRD65	chr1	1430290	1430790	1421768	-	8772	stromal	method3_abc	0.03321344544709462
chr1:1431820-1432320	ENSG00000179403	VWA1	chr1	1431820	1432320	1434860	+	2790	stromal	method3_abc	0.029002247133867884
chr1:1431820-1432320	ENSG00000205116	TMEM88B	chr1	1431820	1432320	1425870	+	6200	stromal	method3_abc	0.02291030861395312
chr1:1433122-1433622	ENSG00000179403	VWA1	chr1	1433122	1433622	1434860	+	1488	stromal	method3_abc	0.03793521848053185
chr1:1433122-1433622	ENSG00000205116	TMEM88B	chr1	1433122	1433622	1425870	+	7502	stromal	method3_abc	0.023226739185064755
chr1:1433727-1434227	ENSG00000179403	VWA1	chr1	1433727	1434227	1434860	+	883	stromal	method3_abc	0.035050488202044046
chr1:1434397-1434897	ENSG00000179403	VWA1	chr1	1434397	1434897	1434860	+	213	stromal	method3_abc	0.05103445543910733
chr1:1434397-1434897	ENSG00000205116	TMEM88B	chr1	1434397	1434897	1425870	+	8777	stromal	method3_abc	0.023738137160952216
chr1:1434397-1434897	ENSG00000215915	ATAD3C	chr1	1434397	1434897	1449688	+	15041	stromal	method3_abc	0.021715412705985628
chr1:1435448-1435948	ENSG00000160072	ATAD3B	chr1	1435448	1435948	1471764	+	36066	stromal	method3_abc	0.0207083705934558
chr1:1435448-1435948	ENSG00000179403	VWA1	chr1	1435448	1435948	1434860	+	838	stromal	method3_abc	0.07922442503550241
chr1:1435448-1435948	ENSG00000205116	TMEM88B	chr1	1435448	1435948	1425870	+	9828	stromal	method3_abc	0.03814594643535437
chr1:1435448-1435948	ENSG00000215915	ATAD3C	chr1	1435448	1435948	1449688	+	13990	stromal	method3_abc	0.038985246547068635
chr1:1435448-1435948	ENSG00000235098	ANKRD65	chr1	1435448	1435948	1421768	-	13930	stromal	method3_abc	0.03186562885325006
chr1:1440808-1441308	ENSG00000215915	ATAD3C	chr1	1440808	1441308	1449688	+	8630	stromal	method3_abc	0.02080505073987902
chr1:1471425-1471925	ENSG00000160072	ATAD3B	chr1	1471425	1471925	1471764	+	89	stromal	method3_abc	0.13059934634213768
chr1:1471425-1471925	ENSG00000215915	ATAD3C	chr1	1471425	1471925	1449688	+	21987	stromal	method3_abc	0.02944069859973233
chr1:1511293-1511793	ENSG00000197785	ATAD3A	chr1	1511293	1511793	1512161	+	618	stromal	method3_abc	0.04751182700625555
chr1:1511799-1512299	ENSG00000160072	ATAD3B	chr1	1511799	1512299	1471764	+	40285	stromal	method3_abc	0.02458465907893733
chr1:1511799-1512299	ENSG00000197785	ATAD3A	chr1	1511799	1512299	1512161	+	112	stromal	method3_abc	0.1597097644496861
chr1:1511799-1512299	ENSG00000205090	TMEM240	chr1	1511799	1512299	1540623	-	28574	stromal	method3_abc	0.03141368807793802
chr1:1539573-1540073	ENSG00000205090	TMEM240	chr1	1539573	1540073	1540623	-	800	stromal	method3_abc	0.033062654694951656
chr1:1540366-1540866	ENSG00000205090	TMEM240	chr1	1540366	1540866	1540623	-	7	stromal	method3_abc	0.0979344785264272
chr1:1540888-1541388	ENSG00000205090	TMEM240	chr1	1540888	1541388	1540623	-	515	stromal	method3_abc	0.03197122952172884
chr1:1573974-1574474	ENSG00000160075	SSU72	chr1	1573974	1574474	1574862	-	638	stromal	method3_abc	0.03377275527328408
chr1:1574658-1575158	ENSG00000160075	SSU72	chr1	1574658	1575158	1574862	-	46	stromal	method3_abc	0.1569435411544821
chr1:1574658-1575158	ENSG00000197530	MIB2	chr1	1574658	1575158	1615453	+	40545	stromal	method3_abc	0.020197439794595533
chr1:1574658-1575158	ENSG00000205090	TMEM240	chr1	1574658	1575158	1540623	-	34285	stromal	method3_abc	0.026159670544110853
chr1:1574658-1575158	ENSG00000228594	FNDC10	chr1	1574658	1575158	1600134	-	25226	stromal	method3_abc	0.03637223134949096
chr1:1575176-1575676	ENSG00000160075	SSU72	chr1	1575176	1575676	1574862	-	564	stromal	method3_abc	0.030812843134534244
chr1:1614649-1615149	ENSG00000197530	MIB2	chr1	1614649	1615149	1615453	+	554	stromal	method3_abc	0.02010301343865684
chr1:1615160-1615660	ENSG00000160075	SSU72	chr1	1615160	1615660	1574862	-	40548	stromal	method3_abc	0.032160299390267134
chr1:1615160-1615660	ENSG00000189339	SLC35E2B	chr1	1615160	1615660	1692794	-	77384	stromal	method3_abc	0.02138489045891314
chr1:1615160-1615660	ENSG00000189409	MMP23B	chr1	1615160	1615660	1632162	+	16752	stromal	method3_abc	0.05815401075057987
chr1:1615160-1615660	ENSG00000197530	MIB2	chr1	1615160	1615660	1615453	+	43	stromal	method3_abc	0.1904062357789256
chr1:1615160-1615660	ENSG00000228594	FNDC10	chr1	1615160	1615660	1600134	-	15276	stromal	method3_abc	0.07153315524559242
chr1:1615160-1615660	ENSG00000248333	CDK11B	chr1	1615160	1615660	1659011	-	43601	stromal	method3_abc	0.03379295084849695
chr1:1615978-1616478	ENSG00000197530	MIB2	chr1	1615978	1616478	1615453	+	775	stromal	method3_abc	0.048880707124109926
chr1:1630221-1630721	ENSG00000189409	MMP23B	chr1	1630221	1630721	1632162	+	1691	stromal	method3_abc	0.05571758036558913
chr1:1630909-1631409	ENSG00000189409	MMP23B	chr1	1630909	1631409	1632162	+	1003	stromal	method3_abc	0.06389043862699556
chr1:1631422-1631922	ENSG00000189409	MMP23B	chr1	1631422	1631922	1632162	+	490	stromal	method3_abc	0.0366640295652247
chr1:1631990-1632490	ENSG00000189409	MMP23B	chr1	1631990	1632490	1632162	+	78	stromal	method3_abc	0.03727326666773464
chr1:1658946-1659446	ENSG00000189339	SLC35E2B	chr1	1658946	1659446	1692794	-	33598	stromal	method3_abc	0.02527685769943897
chr1:1658946-1659446	ENSG00000189409	MMP23B	chr1	1658946	1659446	1632162	+	27034	stromal	method3_abc	0.0253785253325144
chr1:1658946-1659446	ENSG00000248333	CDK11B	chr1	1658946	1659446	1659011	-	185	stromal	method3_abc	0.14471720083436068
chr1:1686166-1686666	ENSG00000189339	SLC35E2B	chr1	1686166	1686666	1692794	-	6378	stromal	method3_abc	0.02283309803780415
chr1:1692560-1693060	ENSG00000189339	SLC35E2B	chr1	1692560	1693060	1692794	-	16	stromal	method3_abc	0.09995693276206791
chr1:1693153-1693653	ENSG00000189339	SLC35E2B	chr1	1693153	1693653	1692794	-	609	stromal	method3_abc	0.06205796487248238
chr1:1724179-1724679	ENSG00000008128	CDK11A	chr1	1724179	1724679	1724356	-	73	stromal	method3_abc	0.182928911342446
chr1:1724179-1724679	ENSG00000008130	NADK	chr1	1724179	1724679	1780456	-	56027	stromal	method3_abc	0.020885471275361157
chr1:1724179-1724679	ENSG00000189339	SLC35E2B	chr1	1724179	1724679	1692794	-	31635	stromal	method3_abc	0.031758649538044866
chr1:1778220-1778720	ENSG00000008130	NADK	chr1	1778220	1778720	1780456	-	1986	stromal	method3_abc	0.10194755466435133
chr1:1778767-1779267	ENSG00000008130	NADK	chr1	1778767	1779267	1780456	-	1439	stromal	method3_abc	0.038900655253672756
chr1:1780324-1780824	ENSG00000008130	NADK	chr1	1780324	1780824	1780456	-	118	stromal	method3_abc	0.022845276487663862
chr1:1781985-1782485	ENSG00000008130	NADK	chr1	1781985	1782485	1780456	-	1779	stromal	method3_abc	0.023713674511424778
chr1:1782559-1783059	ENSG00000008130	NADK	chr1	1782559	1783059	1780456	-	2353	stromal	method3_abc	0.024007227153103737
chr1:1890230-1890730	ENSG00000078369	GNB1	chr1	1890230	1890730	1892291	-	1811	stromal	method3_abc	0.04787624074644305
chr1:1890883-1891383	ENSG00000078369	GNB1	chr1	1890883	1891383	1892291	-	1158	stromal	method3_abc	0.12034583369377189
chr1:1890883-1891383	ENSG00000169885	CALML6	chr1	1890883	1891383	1915107	+	23974	stromal	method3_abc	0.029608180565586617
chr1:1890883-1891383	ENSG00000178821	TMEM52	chr1	1890883	1891383	1919278	-	28145	stromal	method3_abc	0.02446401869252792
chr1:1891513-1892013	ENSG00000078369	GNB1	chr1	1891513	1892013	1892291	-	528	stromal	method3_abc	0.05484078989189248
chr1:1908881-1909381	ENSG00000078369	GNB1	chr1	1908881	1909381	1892291	-	16840	stromal	method3_abc	0.06231887954454442
chr1:1908881-1909381	ENSG00000142609	CFAP74	chr1	1908881	1909381	2003836	-	94705	stromal	method3_abc	0.024287096298684793
chr1:1908881-1909381	ENSG00000169885	CALML6	chr1	1908881	1909381	1915107	+	5976	stromal	method3_abc	0.10732442099518433
chr1:1908881-1909381	ENSG00000178821	TMEM52	chr1	1908881	1909381	1919278	-	10147	stromal	method3_abc	0.07532396253638655
chr1:1908881-1909381	ENSG00000187730	GABRD	chr1	1908881	1909381	2019328	+	110197	stromal	method3_abc	0.02063719133906324
chr1:1918417-1918917	ENSG00000178821	TMEM52	chr1	1918417	1918917	1919278	-	611	stromal	method3_abc	0.02163719872137231
chr1:1919225-1919725	ENSG00000078369	GNB1	chr1	1919225	1919725	1892291	-	27184	stromal	method3_abc	0.05042917440130292
chr1:1919225-1919725	ENSG00000142609	CFAP74	chr1	1919225	1919725	2003836	-	84361	stromal	method3_abc	0.030291431701166514
chr1:1919225-1919725	ENSG00000169885	CALML6	chr1	1919225	1919725	1915107	+	4368	stromal	method3_abc	0.13967265209351826
chr1:1919225-1919725	ENSG00000178821	TMEM52	chr1	1919225	1919725	1919278	-	197	stromal	method3_abc	0.21660661044715068
chr1:1919225-1919725	ENSG00000187730	GABRD	chr1	1919225	1919725	2019328	+	99853	stromal	method3_abc	0.025395589960351114
chr1:1919739-1920239	ENSG00000169885	CALML6	chr1	1919739	1920239	1915107	+	4882	stromal	method3_abc	0.024084112542198416
chr1:1919739-1920239	ENSG00000178821	TMEM52	chr1	1919739	1920239	1919278	-	711	stromal	method3_abc	0.0360444572808428
chr1:2044738-2045238	ENSG00000067606	PRKCZ	chr1	2044738	2045238	2050410	+	5422	stromal	method3_abc	0.035618308128489214
chr1:2050116-2050616	ENSG00000067606	PRKCZ	chr1	2050116	2050616	2050410	+	44	stromal	method3_abc	0.05505646815980541
chr1:2133031-2133531	ENSG00000067606	PRKCZ	chr1	2133031	2133531	2050410	+	82871	stromal	method3_abc	0.023837391497906053
chr1:2133031-2133531	ENSG00000187730	GABRD	chr1	2133031	2133531	2019328	+	113953	stromal	method3_abc	0.020830993017460157
chr1:2189391-2189891	ENSG00000162585	FAAP20	chr1	2189391	2189891	2212719	-	23078	stromal	method3_abc	0.020416719589676627
chr1:2194535-2195035	ENSG00000162585	FAAP20	chr1	2194535	2195035	2212719	-	17934	stromal	method3_abc	0.021361404860778394
chr1:2199200-2199700	ENSG00000162585	FAAP20	chr1	2199200	2199700	2212719	-	13269	stromal	method3_abc	0.025569844051563092
chr1:2204339-2204839	ENSG00000162585	FAAP20	chr1	2204339	2204839	2212719	-	8130	stromal	method3_abc	0.020771035895765195
chr1:2205026-2205526	ENSG00000157933	SKI	chr1	2205026	2205526	2227387	+	22111	stromal	method3_abc	0.02800264654503289
chr1:2205026-2205526	ENSG00000162585	FAAP20	chr1	2205026	2205526	2212719	-	7443	stromal	method3_abc	0.05536694057079698
chr1:2207715-2208215	ENSG00000162585	FAAP20	chr1	2207715	2208215	2212719	-	4754	stromal	method3_abc	0.03052122763637565
chr1:2212365-2212865	ENSG00000157933	SKI	chr1	2212365	2212865	2227387	+	14772	stromal	method3_abc	0.022752660189250522
chr1:2212365-2212865	ENSG00000162585	FAAP20	chr1	2212365	2212865	2212719	-	104	stromal	method3_abc	0.07421874278043042
chr1:2212957-2213457	ENSG00000162585	FAAP20	chr1	2212957	2213457	2212719	-	488	stromal	method3_abc	0.033719515878144146
chr1:2214009-2214509	ENSG00000157933	SKI	chr1	2214009	2214509	2227387	+	13128	stromal	method3_abc	0.020899005163939718
chr1:2214009-2214509	ENSG00000162585	FAAP20	chr1	2214009	2214509	2212719	-	1540	stromal	method3_abc	0.050949162214957516
chr1:2214566-2215066	ENSG00000162585	FAAP20	chr1	2214566	2215066	2212719	-	2097	stromal	method3_abc	0.02162360676918307
chr1:2226779-2227279	ENSG00000157933	SKI	chr1	2226779	2227279	2227387	+	358	stromal	method3_abc	0.030117150089517992
chr1:2227523-2228023	ENSG00000157933	SKI	chr1	2227523	2228023	2227387	+	386	stromal	method3_abc	0.1897258884397399
chr1:2227523-2228023	ENSG00000162585	FAAP20	chr1	2227523	2228023	2212719	-	15054	stromal	method3_abc	0.0607034127730595
chr1:2228367-2228867	ENSG00000157933	SKI	chr1	2228367	2228867	2227387	+	1230	stromal	method3_abc	0.020163831021447507
chr1:2229030-2229530	ENSG00000157933	SKI	chr1	2229030	2229530	2227387	+	1893	stromal	method3_abc	0.031108643594604204
chr1:2381662-2382162	ENSG00000116151	MORN1	chr1	2381662	2382162	2391706	-	9794	stromal	method3_abc	0.02445483604962152
chr1:2381662-2382162	ENSG00000157916	RER1	chr1	2381662	2382162	2391774	+	9862	stromal	method3_abc	0.02436436260096942
chr1:2390926-2391426	ENSG00000116151	MORN1	chr1	2390926	2391426	2391706	-	530	stromal	method3_abc	0.026285716201245004
chr1:2390926-2391426	ENSG00000157916	RER1	chr1	2390926	2391426	2391774	+	598	stromal	method3_abc	0.02601507538580767
chr1:2391485-2391985	ENSG00000116151	MORN1	chr1	2391485	2391985	2391706	-	29	stromal	method3_abc	0.20447287367902595
chr1:2391485-2391985	ENSG00000149527	PLCH2	chr1	2391485	2391985	2425979	+	34244	stromal	method3_abc	0.04680051946529648
chr1:2391485-2391985	ENSG00000157911	PEX10	chr1	2391485	2391985	2413796	-	22061	stromal	method3_abc	0.050036406179340354
chr1:2391485-2391985	ENSG00000157916	RER1	chr1	2391485	2391985	2391774	+	39	stromal	method3_abc	0.20417763055474747
chr1:2391987-2392487	ENSG00000116151	MORN1	chr1	2391987	2392487	2391706	-	531	stromal	method3_abc	0.03149664872237866
chr1:2391987-2392487	ENSG00000157916	RER1	chr1	2391987	2392487	2391774	+	463	stromal	method3_abc	0.03184647826658159
chr1:2412424-2412924	ENSG00000116151	MORN1	chr1	2412424	2412924	2391706	-	20968	stromal	method3_abc	0.046129983498988
chr1:2412424-2412924	ENSG00000149527	PLCH2	chr1	2412424	2412924	2425979	+	13305	stromal	method3_abc	0.08551018003171454
chr1:2412424-2412924	ENSG00000157911	PEX10	chr1	2412424	2412924	2413796	-	1122	stromal	method3_abc	0.17157267840371598
chr1:2412424-2412924	ENSG00000157916	RER1	chr1	2412424	2412924	2391774	+	20900	stromal	method3_abc	0.0462484337393853
chr1:2412968-2413468	ENSG00000149527	PLCH2	chr1	2412968	2413468	2425979	+	12761	stromal	method3_abc	0.02261044324024157
chr1:2412968-2413468	ENSG00000157911	PEX10	chr1	2412968	2413468	2413796	-	578	stromal	method3_abc	0.04791828411115818
chr1:2414299-2414799	ENSG00000157911	PEX10	chr1	2414299	2414799	2413796	-	753	stromal	method3_abc	0.03479366926634313
chr1:2526053-2526553	ENSG00000157873	TNFRSF14	chr1	2526053	2526553	2555638	+	29335	stromal	method3_abc	0.02473912510000496
chr1:2526053-2526553	ENSG00000157881	PANK4	chr1	2526053	2526553	2526596	-	293	stromal	method3_abc	0.12715463633393992
chr1:2526053-2526553	ENSG00000197921	HES5	chr1	2526053	2526553	2530262	-	3959	stromal	method3_abc	0.08392352229687076
chr1:2526598-2527098	ENSG00000157881	PANK4	chr1	2526598	2527098	2526596	-	252	stromal	method3_abc	0.06282649827960451
chr1:2526598-2527098	ENSG00000197921	HES5	chr1	2526598	2527098	2530262	-	3414	stromal	method3_abc	0.04349805407738376
chr1:2529257-2529757	ENSG00000197921	HES5	chr1	2529257	2529757	2530262	-	755	stromal	method3_abc	0.024917196429598738
chr1:2530080-2530580	ENSG00000197921	HES5	chr1	2530080	2530580	2530262	-	68	stromal	method3_abc	0.028932096998063102
chr1:2546058-2546558	ENSG00000157873	TNFRSF14	chr1	2546058	2546558	2555638	+	9330	stromal	method3_abc	0.03125549339523206
chr1:2546058-2546558	ENSG00000197921	HES5	chr1	2546058	2546558	2530262	-	16046	stromal	method3_abc	0.02358179992320462
chr1:2546802-2547302	ENSG00000157873	TNFRSF14	chr1	2546802	2547302	2555638	+	8586	stromal	method3_abc	0.022443449801844255
chr1:2547938-2548438	ENSG00000157873	TNFRSF14	chr1	2547938	2548438	2555638	+	7450	stromal	method3_abc	0.024160022977255488
chr1:2548640-2549140	ENSG00000157873	TNFRSF14	chr1	2548640	2549140	2555638	+	6748	stromal	method3_abc	0.04048167254458279
chr1:2548640-2549140	ENSG00000197921	HES5	chr1	2548640	2549140	2530262	-	18628	stromal	method3_abc	0.023233762442705662
chr1:2555690-2556190	ENSG00000157873	TNFRSF14	chr1	2555690	2556190	2555638	+	302	stromal	method3_abc	0.06183627694616445
chr1:2556244-2556744	ENSG00000157873	TNFRSF14	chr1	2556244	2556744	2555638	+	856	stromal	method3_abc	0.04612948379449852
chr1:2556772-2557272	ENSG00000157873	TNFRSF14	chr1	2556772	2557272	2555638	+	1384	stromal	method3_abc	0.02975116781164355
chr1:2585366-2585866	ENSG00000157870	PRXL2B	chr1	2585366	2585866	2586490	+	874	stromal	method3_abc	0.05966918612245312
chr1:2586170-2586670	ENSG00000142606	MMEL1	chr1	2586170	2586670	2633015	-	46595	stromal	method3_abc	0.04732944336667314
chr1:2586170-2586670	ENSG00000157870	PRXL2B	chr1	2586170	2586670	2586490	+	70	stromal	method3_abc	0.20779561240527297
chr1:2586170-2586670	ENSG00000157873	TNFRSF14	chr1	2586170	2586670	2555638	+	30782	stromal	method3_abc	0.03839639619000327
chr1:2586170-2586670	ENSG00000157881	PANK4	chr1	2586170	2586670	2526596	-	59824	stromal	method3_abc	0.023133736460044147
chr1:2586170-2586670	ENSG00000197921	HES5	chr1	2586170	2586670	2530262	-	56158	stromal	method3_abc	0.02538857089367198
chr1:2586170-2586670	ENSG00000215912	TTC34	chr1	2586170	2586670	2801692	-	215272	stromal	method3_abc	0.02011672456968967
chr1:2586795-2587295	ENSG00000157870	PRXL2B	chr1	2586795	2587295	2586490	+	555	stromal	method3_abc	0.07459525971259258
chr1:2642995-2643495	ENSG00000142606	MMEL1	chr1	2642995	2643495	2633015	-	10230	stromal	method3_abc	0.05929630219334927
chr1:3068533-3069033	ENSG00000142611	PRDM16	chr1	3068533	3069033	3069167	+	384	stromal	method3_abc	0.021249266095169007
chr1:3069333-3069833	ENSG00000142611	PRDM16	chr1	3069333	3069833	3069167	+	416	stromal	method3_abc	0.056503816254760905
chr1:3069953-3070453	ENSG00000142611	PRDM16	chr1	3069953	3070453	3069167	+	1036	stromal	method3_abc	0.06439290893228955
chr1:3070488-3070988	ENSG00000142611	PRDM16	chr1	3070488	3070988	3069167	+	1571	stromal	method3_abc	0.03212305731733954
chr1:3453049-3453549	ENSG00000130762	ARHGEF16	chr1	3453049	3453549	3454664	+	1365	stromal	method3_abc	0.039023126404615666
chr1:3454131-3454631	ENSG00000130762	ARHGEF16	chr1	3454131	3454631	3454664	+	283	stromal	method3_abc	0.03189095237783406
chr1:3454811-3455311	ENSG00000130762	ARHGEF16	chr1	3454811	3455311	3454664	+	397	stromal	method3_abc	0.021639952215326764
chr1:3611445-3611945	ENSG00000162591	MEGF6	chr1	3611445	3611945	3611507	-	188	stromal	method3_abc	0.039416249863543834
chr1:3618931-3619431	ENSG00000158109	TPRG1L	chr1	3618931	3619431	3625014	+	5833	stromal	method3_abc	0.023021499171540487
chr1:3618931-3619431	ENSG00000162591	MEGF6	chr1	3618931	3619431	3611507	-	7674	stromal	method3_abc	0.024405801067471148
chr1:3624085-3624585	ENSG00000158109	TPRG1L	chr1	3624085	3624585	3625014	+	679	stromal	method3_abc	0.04517712631288808
chr1:3624085-3624585	ENSG00000162591	MEGF6	chr1	3624085	3624585	3611507	-	12828	stromal	method3_abc	0.02029265276792911
chr1:3624685-3625185	ENSG00000078900	TP73	chr1	3624685	3625185	3652515	+	27580	stromal	method3_abc	0.06402157801089466
chr1:3624685-3625185	ENSG00000116213	WRAP73	chr1	3624685	3625185	3652760	-	27825	stromal	method3_abc	0.06388188578030109
chr1:3624685-3625185	ENSG00000158109	TPRG1L	chr1	3624685	3625185	3625014	+	79	stromal	method3_abc	0.2508695500925725
chr1:3624685-3625185	ENSG00000162591	MEGF6	chr1	3624685	3625185	3611507	-	13428	stromal	method3_abc	0.09935093055163152
chr1:3624685-3625185	ENSG00000162592	CCDC27	chr1	3624685	3625185	3746459	+	121524	stromal	method3_abc	0.021158903860165664
chr1:3625460-3625960	ENSG00000158109	TPRG1L	chr1	3625460	3625960	3625014	+	696	stromal	method3_abc	0.031156673996428116
chr1:3649858-3650358	ENSG00000078900	TP73	chr1	3649858	3650358	3652515	+	2407	stromal	method3_abc	0.07398241586413473
chr1:3649858-3650358	ENSG00000116213	WRAP73	chr1	3649858	3650358	3652760	-	2652	stromal	method3_abc	0.0722295926353753
chr1:3651471-3651971	ENSG00000078900	TP73	chr1	3651471	3651971	3652515	+	794	stromal	method3_abc	0.023009877734260515
chr1:3651471-3651971	ENSG00000116213	WRAP73	chr1	3651471	3651971	3652760	-	1039	stromal	method3_abc	0.02229194975077072
chr1:3652032-3652532	ENSG00000078900	TP73	chr1	3652032	3652532	3652515	+	233	stromal	method3_abc	0.03444742599558786
chr1:3652032-3652532	ENSG00000116213	WRAP73	chr1	3652032	3652532	3652760	-	478	stromal	method3_abc	0.03324687142467474
chr1:3652587-3653087	ENSG00000078900	TP73	chr1	3652587	3653087	3652515	+	322	stromal	method3_abc	0.025583618764033665
chr1:3652587-3653087	ENSG00000116213	WRAP73	chr1	3652587	3653087	3652760	-	77	stromal	method3_abc	0.02677015666828709
chr1:3746605-3747105	ENSG00000162592	CCDC27	chr1	3746605	3747105	3746459	+	396	stromal	method3_abc	0.03000684413705961
chr1:3747142-3747642	ENSG00000162592	CCDC27	chr1	3747142	3747642	3746459	+	933	stromal	method3_abc	0.11234404890675247
chr1:3747142-3747642	ENSG00000235169	SMIM1	chr1	3747142	3747642	3772748	+	25356	stromal	method3_abc	0.0232032339885737
chr1:3771560-3772060	ENSG00000235169	SMIM1	chr1	3771560	3772060	3772748	+	938	stromal	method3_abc	0.025130381790824337
chr1:3772286-3772786	ENSG00000130764	LRRC47	chr1	3772286	3772786	3796497	-	23961	stromal	method3_abc	0.04919579757335941
chr1:3772286-3772786	ENSG00000162592	CCDC27	chr1	3772286	3772786	3746459	+	26077	stromal	method3_abc	0.04858840220585365
chr1:3772286-3772786	ENSG00000235169	SMIM1	chr1	3772286	3772786	3772748	+	212	stromal	method3_abc	0.19631944072357257
chr1:3773180-3773680	ENSG00000235169	SMIM1	chr1	3773180	3773680	3772748	+	682	stromal	method3_abc	0.031540338782506575
chr1:3796289-3796789	ENSG00000130764	LRRC47	chr1	3796289	3796789	3796497	-	42	stromal	method3_abc	0.18824604410936122
chr1:3796289-3796789	ENSG00000162592	CCDC27	chr1	3796289	3796789	3746459	+	50080	stromal	method3_abc	0.024693032994658488
chr1:3796289-3796789	ENSG00000235169	SMIM1	chr1	3796289	3796789	3772748	+	23791	stromal	method3_abc	0.03710977346068503
chr1:3856442-3856942	ENSG00000116198	CEP104	chr1	3856442	3856942	3857395	-	703	stromal	method3_abc	0.04468266678665046
chr1:3856442-3856942	ENSG00000169598	DFFB	chr1	3856442	3856942	3857266	+	574	stromal	method3_abc	0.04536739764885523
chr1:3856992-3857492	ENSG00000116198	CEP104	chr1	3856992	3857492	3857395	-	153	stromal	method3_abc	0.23174555574552452
chr1:3856992-3857492	ENSG00000130764	LRRC47	chr1	3856992	3857492	3796497	-	60745	stromal	method3_abc	0.02794037378202882
chr1:3856992-3857492	ENSG00000169598	DFFB	chr1	3856992	3857492	3857266	+	24	stromal	method3_abc	0.23580372871341712
chr1:3856992-3857492	ENSG00000198912	C1orf174	chr1	3856992	3857492	3900292	-	43050	stromal	method3_abc	0.022819522207600224
chr1:3857658-3858158	ENSG00000116198	CEP104	chr1	3857658	3858158	3857395	-	513	stromal	method3_abc	0.03925353214220413
chr1:3857658-3858158	ENSG00000169598	DFFB	chr1	3857658	3858158	3857266	+	642	stromal	method3_abc	0.038291256959418624
chr1:3858179-3858679	ENSG00000116198	CEP104	chr1	3858179	3858679	3857395	-	1034	stromal	method3_abc	0.020805993181152015
chr1:3858179-3858679	ENSG00000169598	DFFB	chr1	3858179	3858679	3857266	+	1163	stromal	method3_abc	0.02033087127748145
chr1:3899569-3900069	ENSG00000198912	C1orf174	chr1	3899569	3900069	3900292	-	473	stromal	method3_abc	0.03242881386170887
chr1:3900079-3900579	ENSG00000116198	CEP104	chr1	3900079	3900579	3857395	-	42934	stromal	method3_abc	0.03799904943469002
chr1:3900079-3900579	ENSG00000130764	LRRC47	chr1	3900079	3900579	3796497	-	103832	stromal	method3_abc	0.020569490018883915
chr1:3900079-3900579	ENSG00000169598	DFFB	chr1	3900079	3900579	3857266	+	43063	stromal	method3_abc	0.03773265582561774
chr1:3900079-3900579	ENSG00000198912	C1orf174	chr1	3900079	3900579	3900292	-	37	stromal	method3_abc	0.18531867629075544
chr1:3900586-3901086	ENSG00000116198	CEP104	chr1	3900586	3901086	3857395	-	43441	stromal	method3_abc	0.045959128876356864
chr1:3900586-3901086	ENSG00000130764	LRRC47	chr1	3900586	3901086	3796497	-	104339	stromal	method3_abc	0.02500586595510329
chr1:3900586-3901086	ENSG00000169598	DFFB	chr1	3900586	3901086	3857266	+	43570	stromal	method3_abc	0.04563804623837434
chr1:3900586-3901086	ENSG00000198912	C1orf174	chr1	3900586	3901086	3900292	-	544	stromal	method3_abc	0.2080927944474349
chr1:3901166-3901666	ENSG00000116198	CEP104	chr1	3901166	3901666	3857395	-	44021	stromal	method3_abc	0.03680543068243151
chr1:3901166-3901666	ENSG00000130764	LRRC47	chr1	3901166	3901666	3796497	-	104919	stromal	method3_abc	0.020140958210240662
chr1:3901166-3901666	ENSG00000169598	DFFB	chr1	3901166	3901666	3857266	+	44150	stromal	method3_abc	0.03654929743529995
chr1:3901166-3901666	ENSG00000198912	C1orf174	chr1	3901166	3901666	3900292	-	1124	stromal	method3_abc	0.1544186815935335
chr1:4652473-4652973	ENSG00000196581	AJAP1	chr1	4652473	4652973	4654608	+	1885	stromal	method3_abc	0.044784629004895486
chr1:4654337-4654837	ENSG00000196581	AJAP1	chr1	4654337	4654837	4654608	+	21	stromal	method3_abc	0.030073197809498894
chr1:4655071-4655571	ENSG00000196581	AJAP1	chr1	4655071	4655571	4654608	+	713	stromal	method3_abc	0.029732659730043996
chr1:4655616-4656116	ENSG00000196581	AJAP1	chr1	4655616	4656116	4654608	+	1258	stromal	method3_abc	0.028461884407358112
chr1:4656222-4656722	ENSG00000196581	AJAP1	chr1	4656222	4656722	4654608	+	1864	stromal	method3_abc	0.03797080795776956
chr1:5991141-5991641	ENSG00000069424	KCNAB2	chr1	5991141	5991641	5990926	+	465	stromal	method3_abc	0.03060384498986997
chr1:5991141-5991641	ENSG00000131697	NPHP4	chr1	5991141	5991641	5992472	-	1081	stromal	method3_abc	0.025900475608020977
chr1:5991765-5992265	ENSG00000069424	KCNAB2	chr1	5991765	5992265	5990926	+	1089	stromal	method3_abc	0.10313358397757487
chr1:5991765-5992265	ENSG00000131697	NPHP4	chr1	5991765	5992265	5992472	-	457	stromal	method3_abc	0.1053638718709105
chr1:5992330-5992830	ENSG00000069424	KCNAB2	chr1	5992330	5992830	5990926	+	1654	stromal	method3_abc	0.24409661851694578
chr1:5992330-5992830	ENSG00000131697	NPHP4	chr1	5992330	5992830	5992472	-	108	stromal	method3_abc	0.2853330487836873
chr1:5992965-5993465	ENSG00000069424	KCNAB2	chr1	5992965	5993465	5990926	+	2289	stromal	method3_abc	0.024909996764929637
chr1:5992965-5993465	ENSG00000131697	NPHP4	chr1	5992965	5993465	5992472	-	743	stromal	method3_abc	0.02846627047046357
chr1:6198930-6199430	ENSG00000158286	RNF207	chr1	6198930	6199430	6205474	+	6294	stromal	method3_abc	0.021064837234540973
chr1:6198930-6199430	ENSG00000285629	ENSG00000285629	chr1	6198930	6199430	6197756	-	1424	stromal	method3_abc	0.03746906617041039
chr1:6199452-6199952	ENSG00000116237	ICMT	chr1	6199452	6199952	6235971	-	36269	stromal	method3_abc	0.02634018283067997
chr1:6199452-6199952	ENSG00000116251	RPL22	chr1	6199452	6199952	6209388	-	9686	stromal	method3_abc	0.07409754736453553
chr1:6199452-6199952	ENSG00000116254	CHD5	chr1	6199452	6199952	6180320	-	19382	stromal	method3_abc	0.061976360006601804
chr1:6199452-6199952	ENSG00000158286	RNF207	chr1	6199452	6199952	6205474	+	5772	stromal	method3_abc	0.09310346150909286
chr1:6199452-6199952	ENSG00000173673	HES3	chr1	6199452	6199952	6244178	+	44476	stromal	method3_abc	0.024130784766930993
chr1:6199452-6199952	ENSG00000285629	ENSG00000285629	chr1	6199452	6199952	6197756	-	1946	stromal	method3_abc	0.1484849350813244
chr1:6205108-6205608	ENSG00000116251	RPL22	chr1	6205108	6205608	6209388	-	4030	stromal	method3_abc	0.04357413805846089
chr1:6205108-6205608	ENSG00000158286	RNF207	chr1	6205108	6205608	6205474	+	116	stromal	method3_abc	0.06854271939085556
chr1:6205108-6205608	ENSG00000285629	ENSG00000285629	chr1	6205108	6205608	6197756	-	7602	stromal	method3_abc	0.03406250290762632
chr1:6205799-6206299	ENSG00000116251	RPL22	chr1	6205799	6206299	6209388	-	3339	stromal	method3_abc	0.04899516481556432
chr1:6205799-6206299	ENSG00000116254	CHD5	chr1	6205799	6206299	6180320	-	25729	stromal	method3_abc	0.020479612247018053
chr1:6205799-6206299	ENSG00000158286	RNF207	chr1	6205799	6206299	6205474	+	575	stromal	method3_abc	0.06673337520025158
chr1:6205799-6206299	ENSG00000285629	ENSG00000285629	chr1	6205799	6206299	6197756	-	8293	stromal	method3_abc	0.03411552966640136
chr1:6206362-6206862	ENSG00000116251	RPL22	chr1	6206362	6206862	6209388	-	2776	stromal	method3_abc	0.020507525644191043
chr1:6206362-6206862	ENSG00000158286	RNF207	chr1	6206362	6206862	6205474	+	1138	stromal	method3_abc	0.024173612849284834
chr1:6208595-6209095	ENSG00000116251	RPL22	chr1	6208595	6209095	6209388	-	543	stromal	method3_abc	0.03518982796150212
chr1:6208595-6209095	ENSG00000158286	RNF207	chr1	6208595	6209095	6205474	+	3371	stromal	method3_abc	0.023589169425054977
chr1:6209117-6209617	ENSG00000116251	RPL22	chr1	6209117	6209617	6209388	-	21	stromal	method3_abc	0.04058326361213785
chr1:6209117-6209617	ENSG00000158286	RNF207	chr1	6209117	6209617	6205474	+	3893	stromal	method3_abc	0.02368188110746109
chr1:6235163-6235663	ENSG00000116237	ICMT	chr1	6235163	6235663	6235971	-	558	stromal	method3_abc	0.02354726199746898
chr1:6235761-6236261	ENSG00000116237	ICMT	chr1	6235761	6236261	6235971	-	40	stromal	method3_abc	0.24185883436275776
chr1:6235761-6236261	ENSG00000116251	RPL22	chr1	6235761	6236261	6209388	-	26623	stromal	method3_abc	0.05603664610090753
chr1:6235761-6236261	ENSG00000116254	CHD5	chr1	6235761	6236261	6180320	-	55691	stromal	method3_abc	0.04131646430927907
chr1:6235761-6236261	ENSG00000158286	RNF207	chr1	6235761	6236261	6205474	+	30537	stromal	method3_abc	0.048577626252841094
chr1:6235761-6236261	ENSG00000158292	GPR153	chr1	6235761	6236261	6261097	-	25086	stromal	method3_abc	0.053230085267855845
chr1:6235761-6236261	ENSG00000173673	HES3	chr1	6235761	6236261	6244178	+	8167	stromal	method3_abc	0.11251387674160714
chr1:6235761-6236261	ENSG00000285629	ENSG00000285629	chr1	6235761	6236261	6197756	-	38255	stromal	method3_abc	0.0445763967691671
chr1:6236281-6236781	ENSG00000116237	ICMT	chr1	6236281	6236781	6235971	-	560	stromal	method3_abc	0.020036183195780422
chr1:6244962-6245462	ENSG00000116237	ICMT	chr1	6244962	6245462	6235971	-	9241	stromal	method3_abc	0.032379211823884806
chr1:6244962-6245462	ENSG00000158292	GPR153	chr1	6244962	6245462	6261097	-	15885	stromal	method3_abc	0.024168417304549713
chr1:6244962-6245462	ENSG00000173673	HES3	chr1	6244962	6245462	6244178	+	1034	stromal	method3_abc	0.07331671428758309
chr1:6246651-6247151	ENSG00000116237	ICMT	chr1	6246651	6247151	6235971	-	10930	stromal	method3_abc	0.02041192316518252
chr1:6246651-6247151	ENSG00000173673	HES3	chr1	6246651	6247151	6244178	+	2723	stromal	method3_abc	0.041107485582852814
chr1:6259912-6260412	ENSG00000116237	ICMT	chr1	6259912	6260412	6235971	-	24191	stromal	method3_abc	0.023662003753174204
chr1:6259912-6260412	ENSG00000158292	GPR153	chr1	6259912	6260412	6261097	-	935	stromal	method3_abc	0.09853710719094946
chr1:6259912-6260412	ENSG00000173673	HES3	chr1	6259912	6260412	6244178	+	15984	stromal	method3_abc	0.033826606977009926
chr1:6260881-6261381	ENSG00000158292	GPR153	chr1	6260881	6261381	6261097	-	34	stromal	method3_abc	0.08705394414880523
chr1:6260881-6261381	ENSG00000173673	HES3	chr1	6260881	6261381	6244178	+	16953	stromal	method3_abc	0.024898814766188392
chr1:6261499-6261999	ENSG00000158292	GPR153	chr1	6261499	6261999	6261097	-	652	stromal	method3_abc	0.024255315074530225
chr1:6263011-6263511	ENSG00000158292	GPR153	chr1	6263011	6263511	6261097	-	2164	stromal	method3_abc	0.028375655300319717
chr1:6392980-6393480	ENSG00000069812	HES2	chr1	6392980	6393480	6424669	-	31439	stromal	method3_abc	0.027448355404147837
chr1:6392980-6393480	ENSG00000097021	ACOT7	chr1	6392980	6393480	6393766	-	536	stromal	method3_abc	0.11484905378592163
chr1:6392980-6393480	ENSG00000187017	ESPN	chr1	6392980	6393480	6424775	+	31545	stromal	method3_abc	0.027384670829286598
chr1:6393555-6394055	ENSG00000069812	HES2	chr1	6393555	6394055	6424669	-	30864	stromal	method3_abc	0.040031511618746636
chr1:6393555-6394055	ENSG00000097021	ACOT7	chr1	6393555	6394055	6393766	-	39	stromal	method3_abc	0.17928516772678826
chr1:6393555-6394055	ENSG00000187017	ESPN	chr1	6393555	6394055	6424775	+	30970	stromal	method3_abc	0.039937016334965846
chr1:6393555-6394055	ENSG00000215788	TNFRSF25	chr1	6393555	6394055	6466174	-	72369	stromal	method3_abc	0.020045557116050567
chr1:6424520-6425020	ENSG00000069812	HES2	chr1	6424520	6425020	6424669	-	101	stromal	method3_abc	0.023595968203700576
chr1:6424520-6425020	ENSG00000187017	ESPN	chr1	6424520	6425020	6424775	+	5	stromal	method3_abc	0.023994135010049256
chr1:6553803-6554303	ENSG00000162408	NOL9	chr1	6553803	6554303	6554512	-	459	stromal	method3_abc	0.02520031846289246
chr1:6553803-6554303	ENSG00000173662	TAS1R1	chr1	6553803	6554303	6555306	+	1253	stromal	method3_abc	0.022647241244074637
chr1:6554326-6554826	ENSG00000162408	NOL9	chr1	6554326	6554826	6554512	-	64	stromal	method3_abc	0.1593969923812445
chr1:6554326-6554826	ENSG00000171680	PLEKHG5	chr1	6554326	6554826	6520073	-	34503	stromal	method3_abc	0.0345024899646687
chr1:6554326-6554826	ENSG00000173662	TAS1R1	chr1	6554326	6554826	6555306	+	730	stromal	method3_abc	0.14478145471788262
chr1:6554326-6554826	ENSG00000204859	ZBTB48	chr1	6554326	6554826	6579993	+	25417	stromal	method3_abc	0.026910675553387792
chr1:6555134-6555634	ENSG00000162408	NOL9	chr1	6555134	6555634	6554512	-	872	stromal	method3_abc	0.02520122023613894
chr1:6555134-6555634	ENSG00000173662	TAS1R1	chr1	6555134	6555634	6555306	+	78	stromal	method3_abc	0.02892215189640469
chr1:6579659-6580159	ENSG00000041988	THAP3	chr1	6579659	6580159	6624867	+	44958	stromal	method3_abc	0.025507191920817854
chr1:6579659-6580159	ENSG00000116273	PHF13	chr1	6579659	6580159	6613730	+	33821	stromal	method3_abc	0.024797609883736416
chr1:6579659-6580159	ENSG00000162408	NOL9	chr1	6579659	6580159	6554512	-	25397	stromal	method3_abc	0.05029324598619957
chr1:6579659-6580159	ENSG00000162413	KLHL21	chr1	6579659	6580159	6614606	-	34697	stromal	method3_abc	0.025001741049598236
chr1:6579659-6580159	ENSG00000171680	PLEKHG5	chr1	6579659	6580159	6520073	-	59836	stromal	method3_abc	0.033637310012124486
chr1:6579659-6580159	ENSG00000173662	TAS1R1	chr1	6579659	6580159	6555306	+	24603	stromal	method3_abc	0.05205088680249632
chr1:6579659-6580159	ENSG00000204859	ZBTB48	chr1	6579659	6580159	6579993	+	84	stromal	method3_abc	0.19143431312277626
chr1:6580261-6580761	ENSG00000204859	ZBTB48	chr1	6580261	6580761	6579993	+	518	stromal	method3_abc	0.02583674129790939
chr1:6601095-6601595	ENSG00000116273	PHF13	chr1	6601095	6601595	6613730	+	12385	stromal	method3_abc	0.02096377799718647
chr1:6601095-6601595	ENSG00000162413	KLHL21	chr1	6601095	6601595	6614606	-	13261	stromal	method3_abc	0.02064841617088891
chr1:6602712-6603212	ENSG00000007923	DNAJC11	chr1	6602712	6603212	6701923	-	98961	stromal	method3_abc	0.02354776556041527
chr1:6602712-6603212	ENSG00000041988	THAP3	chr1	6602712	6603212	6624867	+	21905	stromal	method3_abc	0.051775036212649034
chr1:6602712-6603212	ENSG00000116273	PHF13	chr1	6602712	6603212	6613730	+	10768	stromal	method3_abc	0.06433662826722367
chr1:6602712-6603212	ENSG00000162408	NOL9	chr1	6602712	6603212	6554512	-	48450	stromal	method3_abc	0.036465650803366785
chr1:6602712-6603212	ENSG00000162413	KLHL21	chr1	6602712	6603212	6614606	-	11644	stromal	method3_abc	0.06309883135339758
chr1:6602712-6603212	ENSG00000171680	PLEKHG5	chr1	6602712	6603212	6520073	-	82889	stromal	method3_abc	0.030584712951382504
chr1:6602712-6603212	ENSG00000173662	TAS1R1	chr1	6602712	6603212	6555306	+	47656	stromal	method3_abc	0.037364282910302665
chr1:6602712-6603212	ENSG00000204859	ZBTB48	chr1	6602712	6603212	6579993	+	22969	stromal	method3_abc	0.05145596759184914
chr1:6603288-6603788	ENSG00000041988	THAP3	chr1	6603288	6603788	6624867	+	21329	stromal	method3_abc	0.020901001457573096
chr1:6603288-6603788	ENSG00000116273	PHF13	chr1	6603288	6603788	6613730	+	10192	stromal	method3_abc	0.026326238722192735
chr1:6603288-6603788	ENSG00000162413	KLHL21	chr1	6603288	6603788	6614606	-	11068	stromal	method3_abc	0.025774996169925995
chr1:6603288-6603788	ENSG00000204859	ZBTB48	chr1	6603288	6603788	6579993	+	23545	stromal	method3_abc	0.020026424579283154
chr1:6604102-6604602	ENSG00000116273	PHF13	chr1	6604102	6604602	6613730	+	9378	stromal	method3_abc	0.02104218054432614
chr1:6604102-6604602	ENSG00000162413	KLHL21	chr1	6604102	6604602	6614606	-	10254	stromal	method3_abc	0.020546418809720274
chr1:6612566-6613066	ENSG00000116273	PHF13	chr1	6612566	6613066	6613730	+	914	stromal	method3_abc	0.03452890902617036
chr1:6612566-6613066	ENSG00000162413	KLHL21	chr1	6612566	6613066	6614606	-	1790	stromal	method3_abc	0.031476357839149385
chr1:6613277-6613777	ENSG00000007923	DNAJC11	chr1	6613277	6613777	6701923	-	88396	stromal	method3_abc	0.03501132474436749
chr1:6613277-6613777	ENSG00000041988	THAP3	chr1	6613277	6613777	6624867	+	11340	stromal	method3_abc	0.1082213590799794
chr1:6613277-6613777	ENSG00000069812	HES2	chr1	6613277	6613777	6424669	-	188858	stromal	method3_abc	0.020401242282264122
chr1:6613277-6613777	ENSG00000116273	PHF13	chr1	6613277	6613777	6613730	+	203	stromal	method3_abc	0.2286389784076183
chr1:6613277-6613777	ENSG00000162408	NOL9	chr1	6613277	6613777	6554512	-	59015	stromal	method3_abc	0.04221827696466586
chr1:6613277-6613777	ENSG00000162413	KLHL21	chr1	6613277	6613777	6614606	-	1079	stromal	method3_abc	0.2052809775410477
chr1:6613277-6613777	ENSG00000171680	PLEKHG5	chr1	6613277	6613777	6520073	-	93454	stromal	method3_abc	0.0375302594663692
chr1:6613277-6613777	ENSG00000173662	TAS1R1	chr1	6613277	6613777	6555306	+	58221	stromal	method3_abc	0.043165230171476096
chr1:6613277-6613777	ENSG00000187017	ESPN	chr1	6613277	6613777	6424775	+	188752	stromal	method3_abc	0.020415122181344635
chr1:6613277-6613777	ENSG00000204859	ZBTB48	chr1	6613277	6613777	6579993	+	33534	stromal	method3_abc	0.05273846389518599
chr1:6613277-6613777	ENSG00000215788	TNFRSF25	chr1	6613277	6613777	6466174	-	147353	stromal	method3_abc	0.02459254094634287
chr1:6614021-6614521	ENSG00000041988	THAP3	chr1	6614021	6614521	6624867	+	10596	stromal	method3_abc	0.022325312099071865
chr1:6614021-6614521	ENSG00000116273	PHF13	chr1	6614021	6614521	6613730	+	541	stromal	method3_abc	0.04287915178190394
chr1:6614021-6614521	ENSG00000162413	KLHL21	chr1	6614021	6614521	6614606	-	335	stromal	method3_abc	0.045556725450079986
chr1:6614532-6615032	ENSG00000041988	THAP3	chr1	6614532	6615032	6624867	+	10085	stromal	method3_abc	0.027223341616519715
chr1:6614532-6615032	ENSG00000116273	PHF13	chr1	6614532	6615032	6613730	+	1052	stromal	method3_abc	0.04704057559981022
chr1:6614532-6615032	ENSG00000162413	KLHL21	chr1	6614532	6615032	6614606	-	176	stromal	method3_abc	0.055404016072941986
chr1:6615082-6615582	ENSG00000116273	PHF13	chr1	6615082	6615582	6613730	+	1602	stromal	method3_abc	0.020262851936343473
chr1:6615082-6615582	ENSG00000162413	KLHL21	chr1	6615082	6615582	6614606	-	726	stromal	method3_abc	0.023576491503937088
chr1:6624917-6625417	ENSG00000041988	THAP3	chr1	6624917	6625417	6624867	+	300	stromal	method3_abc	0.11767120169751079
chr1:6624917-6625417	ENSG00000116273	PHF13	chr1	6624917	6625417	6613730	+	11437	stromal	method3_abc	0.03431416242365869
chr1:6624917-6625417	ENSG00000162413	KLHL21	chr1	6624917	6625417	6614606	-	10561	stromal	method3_abc	0.03699627258681231
chr1:6625555-6626055	ENSG00000041988	THAP3	chr1	6625555	6626055	6624867	+	938	stromal	method3_abc	0.03788973649200063
chr1:6701072-6701572	ENSG00000007923	DNAJC11	chr1	6701072	6701572	6701923	-	601	stromal	method3_abc	0.0226198748414406
chr1:6701659-6702159	ENSG00000007923	DNAJC11	chr1	6701659	6702159	6701923	-	14	stromal	method3_abc	0.23159676282309088
chr1:6784057-6784557	ENSG00000171735	CAMTA1	chr1	6784057	6784557	6785453	+	1146	stromal	method3_abc	0.06795660189486268
chr1:6784804-6785304	ENSG00000007923	DNAJC11	chr1	6784804	6785304	6701923	-	83131	stromal	method3_abc	0.032202659975181416
chr1:6784804-6785304	ENSG00000171735	CAMTA1	chr1	6784804	6785304	6785453	+	399	stromal	method3_abc	0.30766140291813887
chr1:6785623-6786123	ENSG00000171735	CAMTA1	chr1	6785623	6786123	6785453	+	420	stromal	method3_abc	0.09806538506658789
chr1:7704400-7704900	ENSG00000049245	VAMP3	chr1	7704400	7704900	7771295	+	66645	stromal	method3_abc	0.023808205773662387
chr1:7770989-7771489	ENSG00000049245	VAMP3	chr1	7770989	7771489	7771295	+	56	stromal	method3_abc	0.15979281035879947
chr1:7770989-7771489	ENSG00000049246	PER3	chr1	7770989	7771489	7784290	+	13051	stromal	method3_abc	0.04105391810872848
chr1:7770989-7771489	ENSG00000049247	UTS2	chr1	7770989	7771489	7853511	-	82272	stromal	method3_abc	0.02021010069681783
chr1:7771611-7772111	ENSG00000049245	VAMP3	chr1	7771611	7772111	7771295	+	566	stromal	method3_abc	0.030785047385193512
chr1:7783019-7783519	ENSG00000049246	PER3	chr1	7783019	7783519	7784290	+	1021	stromal	method3_abc	0.027025528052831965
chr1:7783717-7784217	ENSG00000049245	VAMP3	chr1	7783717	7784217	7771295	+	12672	stromal	method3_abc	0.16510703632928225
chr1:7783717-7784217	ENSG00000049246	PER3	chr1	7783717	7784217	7784290	+	323	stromal	method3_abc	0.36457706916882127
chr1:7783717-7784217	ENSG00000049247	UTS2	chr1	7783717	7784217	7853511	-	69544	stromal	method3_abc	0.07114844029859164
chr1:7783717-7784217	ENSG00000049249	TNFRSF9	chr1	7783717	7784217	7943164	-	159197	stromal	method3_abc	0.026505588117423217
chr1:7783717-7784217	ENSG00000116288	PARK7	chr1	7783717	7784217	7954290	+	170323	stromal	method3_abc	0.02064268885561859
chr1:7784273-7784773	ENSG00000049245	VAMP3	chr1	7784273	7784773	7771295	+	13228	stromal	method3_abc	0.045368770464156896
chr1:7784273-7784773	ENSG00000049246	PER3	chr1	7784273	7784773	7784290	+	233	stromal	method3_abc	0.10445473924465917
chr1:7784273-7784773	ENSG00000049247	UTS2	chr1	7784273	7784773	7853511	-	68988	stromal	method3_abc	0.020215752882897384
chr1:7942240-7942740	ENSG00000049249	TNFRSF9	chr1	7942240	7942740	7943164	-	674	stromal	method3_abc	0.04406696728359723
chr1:7954038-7954538	ENSG00000049249	TNFRSF9	chr1	7954038	7954538	7943164	-	11124	stromal	method3_abc	0.06725318020770289
chr1:7954038-7954538	ENSG00000116288	PARK7	chr1	7954038	7954538	7954290	+	2	stromal	method3_abc	0.15351826858230366
chr1:7961361-7961861	ENSG00000049247	UTS2	chr1	7961361	7961861	7853511	-	108100	stromal	method3_abc	0.03777027905189753
chr1:7961361-7961861	ENSG00000049249	TNFRSF9	chr1	7961361	7961861	7943164	-	18447	stromal	method3_abc	0.10995816427045209
chr1:7961361-7961861	ENSG00000116285	ERRFI1	chr1	7961361	7961861	8026308	-	64697	stromal	method3_abc	0.02895695984543534
chr1:7961361-7961861	ENSG00000116288	PARK7	chr1	7961361	7961861	7954290	+	7321	stromal	method3_abc	0.15868736671479447
chr1:7961886-7962386	ENSG00000049249	TNFRSF9	chr1	7961886	7962386	7943164	-	18972	stromal	method3_abc	0.02055166485141278
chr1:7961886-7962386	ENSG00000116288	PARK7	chr1	7961886	7962386	7954290	+	7846	stromal	method3_abc	0.029158323760414846
chr1:8004967-8005467	ENSG00000116285	ERRFI1	chr1	8004967	8005467	8026308	-	21091	stromal	method3_abc	0.02025257455757261
chr1:8025590-8026090	ENSG00000116285	ERRFI1	chr1	8025590	8026090	8026308	-	468	stromal	method3_abc	0.052855055258095134
chr1:8026138-8026638	ENSG00000049247	UTS2	chr1	8026138	8026638	7853511	-	172877	stromal	method3_abc	0.023378606249479076
chr1:8026138-8026638	ENSG00000049249	TNFRSF9	chr1	8026138	8026638	7943164	-	83224	stromal	method3_abc	0.03186420805791961
chr1:8026138-8026638	ENSG00000116285	ERRFI1	chr1	8026138	8026638	8026308	-	80	stromal	method3_abc	0.2594226955300793
chr1:8026138-8026638	ENSG00000116288	PARK7	chr1	8026138	8026638	7954290	+	72098	stromal	method3_abc	0.029541803725996674
chr1:8027089-8027589	ENSG00000116285	ERRFI1	chr1	8027089	8027589	8026308	-	1031	stromal	method3_abc	0.03935767231287165
chr1:8314221-8314721	ENSG00000162426	SLC45A1	chr1	8314221	8314721	8318113	+	3642	stromal	method3_abc	0.03412608222602091
chr1:8317816-8318316	ENSG00000162426	SLC45A1	chr1	8317816	8318316	8318113	+	47	stromal	method3_abc	0.09954511519465929
chr1:8318407-8318907	ENSG00000162426	SLC45A1	chr1	8318407	8318907	8318113	+	544	stromal	method3_abc	0.023375346490885157
chr1:8343269-8343769	ENSG00000162426	SLC45A1	chr1	8343269	8343769	8318113	+	25406	stromal	method3_abc	0.027516435238099535
chr1:8817490-8817990	ENSG00000142599	RERE	chr1	8817490	8817990	8848920	-	31180	stromal	method3_abc	0.044766259664752985
chr1:8848752-8849252	ENSG00000142599	RERE	chr1	8848752	8849252	8848920	-	82	stromal	method3_abc	0.13044021597691552
chr1:8873520-8874020	ENSG00000074800	ENO1	chr1	8873520	8874020	8879189	-	5419	stromal	method3_abc	0.022226477783620233
chr1:8877844-8878344	ENSG00000074800	ENO1	chr1	8877844	8878344	8879189	-	1095	stromal	method3_abc	0.07168159741428197
chr1:8877844-8878344	ENSG00000142599	RERE	chr1	8877844	8878344	8848920	-	29174	stromal	method3_abc	0.02139029329375957
chr1:8878524-8879024	ENSG00000074800	ENO1	chr1	8878524	8879024	8879189	-	415	stromal	method3_abc	0.18157815931976232
chr1:8878524-8879024	ENSG00000131686	CA6	chr1	8878524	8879024	8945866	+	67092	stromal	method3_abc	0.03529476329327849
chr1:8878524-8879024	ENSG00000142599	RERE	chr1	8878524	8879024	8848920	-	29854	stromal	method3_abc	0.04805424750847752
chr1:8879032-8879532	ENSG00000074800	ENO1	chr1	8879032	8879532	8879189	-	93	stromal	method3_abc	0.11850294149131657
chr1:8879032-8879532	ENSG00000131686	CA6	chr1	8879032	8879532	8945866	+	66584	stromal	method3_abc	0.02197273405230918
chr1:8879032-8879532	ENSG00000142599	RERE	chr1	8879032	8879532	8848920	-	30362	stromal	method3_abc	0.02936070581657979
chr1:8879960-8880460	ENSG00000074800	ENO1	chr1	8879960	8880460	8879189	-	1021	stromal	method3_abc	0.02852878826001534
chr1:9128470-9128970	ENSG00000180758	GPR157	chr1	9128470	9128970	9129101	-	381	stromal	method3_abc	0.07077864873398688
chr1:9129001-9129501	ENSG00000142583	SLC2A5	chr1	9129001	9129501	9088477	-	40774	stromal	method3_abc	0.038885466104869267
chr1:9129001-9129501	ENSG00000180758	GPR157	chr1	9129001	9129501	9129101	-	150	stromal	method3_abc	0.19034041154534362
chr1:9129001-9129501	ENSG00000197241	SLC2A7	chr1	9129001	9129501	9026422	-	102829	stromal	method3_abc	0.020342452166534915
chr1:9233255-9233755	ENSG00000049239	H6PD	chr1	9233255	9233755	9234773	+	1268	stromal	method3_abc	0.04614396857709127
chr1:9233851-9234351	ENSG00000049239	H6PD	chr1	9233851	9234351	9234773	+	672	stromal	method3_abc	0.020243807630341722
chr1:9234396-9234896	ENSG00000049239	H6PD	chr1	9234396	9234896	9234773	+	127	stromal	method3_abc	0.16876908953517636
chr1:9234996-9235496	ENSG00000049239	H6PD	chr1	9234996	9235496	9234773	+	473	stromal	method3_abc	0.07189491287711264
chr1:9290071-9290571	ENSG00000171621	SPSB1	chr1	9290071	9290571	9292893	+	2572	stromal	method3_abc	0.03252433644613584
chr1:9291785-9292285	ENSG00000171621	SPSB1	chr1	9291785	9292285	9292893	+	858	stromal	method3_abc	0.03323084005960299
chr1:9292558-9293058	ENSG00000171621	SPSB1	chr1	9292558	9293058	9292893	+	85	stromal	method3_abc	0.14150284697431761
chr1:9293524-9294024	ENSG00000171621	SPSB1	chr1	9293524	9294024	9292893	+	881	stromal	method3_abc	0.040039835336340805
chr1:9294432-9294932	ENSG00000171621	SPSB1	chr1	9294432	9294932	9292893	+	1789	stromal	method3_abc	0.02678776092610999
chr1:9294982-9295482	ENSG00000171621	SPSB1	chr1	9294982	9295482	9292893	+	2339	stromal	method3_abc	0.030451723237651825
chr1:9539156-9539656	ENSG00000171608	PIK3CD	chr1	9539156	9539656	9629888	+	90482	stromal	method3_abc	0.030081379248350637
chr1:9539156-9539656	ENSG00000171612	SLC25A33	chr1	9539156	9539656	9539464	+	58	stromal	method3_abc	0.2753935914431211
chr1:9539156-9539656	ENSG00000188807	TMEM201	chr1	9539156	9539656	9588910	+	49504	stromal	method3_abc	0.0361111812738463
chr1:9539826-9540326	ENSG00000171612	SLC25A33	chr1	9539826	9540326	9539464	+	612	stromal	method3_abc	0.06557307879945194
chr1:9588464-9588964	ENSG00000171608	PIK3CD	chr1	9588464	9588964	9629888	+	41174	stromal	method3_abc	0.0512856548061754
chr1:9588464-9588964	ENSG00000171612	SLC25A33	chr1	9588464	9588964	9539464	+	49250	stromal	method3_abc	0.03167232198177392
chr1:9588464-9588964	ENSG00000188807	TMEM201	chr1	9588464	9588964	9588910	+	196	stromal	method3_abc	0.2528683651822542
chr1:9589117-9589617	ENSG00000188807	TMEM201	chr1	9589117	9589617	9588910	+	457	stromal	method3_abc	0.044770994595130294
chr1:9626912-9627412	ENSG00000171608	PIK3CD	chr1	9626912	9627412	9629888	+	2726	stromal	method3_abc	0.0732424918062179
chr1:9823143-9823643	ENSG00000171603	CLSTN1	chr1	9823143	9823643	9823983	-	590	stromal	method3_abc	0.053756369667953
chr1:9823832-9824332	ENSG00000171603	CLSTN1	chr1	9823832	9824332	9823983	-	99	stromal	method3_abc	0.21610314768540265
chr1:9824351-9824851	ENSG00000171603	CLSTN1	chr1	9824351	9824851	9823983	-	618	stromal	method3_abc	0.051859390673648066
chr1:9825314-9825814	ENSG00000171603	CLSTN1	chr1	9825314	9825814	9823983	-	1581	stromal	method3_abc	0.03888079211081224
chr1:9909469-9909969	ENSG00000178585	CTNNBIP1	chr1	9909469	9909969	9910335	-	616	stromal	method3_abc	0.027743783968517496
chr1:9910082-9910582	ENSG00000130939	UBE4B	chr1	9910082	9910582	10032831	+	122499	stromal	method3_abc	0.02320857594540677
chr1:9910082-9910582	ENSG00000162441	LZIC	chr1	9910082	9910582	9943406	-	33074	stromal	method3_abc	0.08081497214825417
chr1:9910082-9910582	ENSG00000162444	RBP7	chr1	9910082	9910582	9997205	+	86873	stromal	method3_abc	0.04488010646074736
chr1:9910082-9910582	ENSG00000171603	CLSTN1	chr1	9910082	9910582	9823983	-	86349	stromal	method3_abc	0.03214944169136106
chr1:9910082-9910582	ENSG00000173614	NMNAT1	chr1	9910082	9910582	9943427	+	33095	stromal	method3_abc	0.08077516624446336
chr1:9910082-9910582	ENSG00000178585	CTNNBIP1	chr1	9910082	9910582	9910335	-	3	stromal	method3_abc	0.3421378576305164
chr1:9910635-9911135	ENSG00000162441	LZIC	chr1	9910635	9911135	9943406	-	32521	stromal	method3_abc	0.02572978062610598
chr1:9910635-9911135	ENSG00000173614	NMNAT1	chr1	9910635	9911135	9943427	+	32542	stromal	method3_abc	0.02571692548939417
chr1:9910635-9911135	ENSG00000178585	CTNNBIP1	chr1	9910635	9911135	9910335	-	550	stromal	method3_abc	0.0982681911061329
chr1:9943168-9943668	ENSG00000162441	LZIC	chr1	9943168	9943668	9943406	-	12	stromal	method3_abc	0.17533815947776116
chr1:9943168-9943668	ENSG00000162444	RBP7	chr1	9943168	9943668	9997205	+	53787	stromal	method3_abc	0.024603679478830163
chr1:9943168-9943668	ENSG00000173614	NMNAT1	chr1	9943168	9943668	9943427	+	9	stromal	method3_abc	0.1754272453733404
chr1:9943168-9943668	ENSG00000178585	CTNNBIP1	chr1	9943168	9943668	9910335	-	33083	stromal	method3_abc	0.021754194466638777
chr1:9996902-9997402	ENSG00000162444	RBP7	chr1	9996902	9997402	9997205	+	53	stromal	method3_abc	0.027760453164450027
chr1:9997566-9998066	ENSG00000162444	RBP7	chr1	9997566	9998066	9997205	+	611	stromal	method3_abc	0.024947549181352533
chr1:10032575-10033075	ENSG00000130939	UBE4B	chr1	10032575	10033075	10032831	+	6	stromal	method3_abc	0.35015058345132916
chr1:10032575-10033075	ENSG00000162441	LZIC	chr1	10032575	10033075	9943406	-	89419	stromal	method3_abc	0.0330909664676393
chr1:10032575-10033075	ENSG00000162444	RBP7	chr1	10032575	10033075	9997205	+	35620	stromal	method3_abc	0.08237513115803247
chr1:10032575-10033075	ENSG00000173614	NMNAT1	chr1	10032575	10033075	9943427	+	89398	stromal	method3_abc	0.033096942112085
chr1:10033138-10033638	ENSG00000130939	UBE4B	chr1	10033138	10033638	10032831	+	557	stromal	method3_abc	0.05875342031512586
chr1:10209646-10210146	ENSG00000054523	KIF1B	chr1	10209646	10210146	10210569	+	673	stromal	method3_abc	0.07331906123601882
chr1:10210175-10210675	ENSG00000054523	KIF1B	chr1	10210175	10210675	10210569	+	144	stromal	method3_abc	0.3348593735861917
chr1:10210175-10210675	ENSG00000162444	RBP7	chr1	10210175	10210675	9997205	+	213220	stromal	method3_abc	0.02087441325689638
chr1:10210873-10211373	ENSG00000054523	KIF1B	chr1	10210873	10211373	10210569	+	554	stromal	method3_abc	0.0762372451492864
chr1:10398054-10398554	ENSG00000142657	PGD	chr1	10398054	10398554	10398591	+	287	stromal	method3_abc	0.02470456900493101
chr1:10398678-10399178	ENSG00000142655	PEX14	chr1	10398678	10399178	10472287	+	73359	stromal	method3_abc	0.024779004402210817
chr1:10398678-10399178	ENSG00000142657	PGD	chr1	10398678	10399178	10398591	+	337	stromal	method3_abc	0.23417412472151852
chr1:10398678-10399178	ENSG00000160049	DFFA	chr1	10398678	10399178	10472528	-	73600	stromal	method3_abc	0.024570715497489744
chr1:10398678-10399178	ENSG00000175279	CENPS	chr1	10398678	10399178	10430432	+	31504	stromal	method3_abc	0.0440547410114757
chr1:10398678-10399178	ENSG00000241563	CORT	chr1	10398678	10399178	10450030	+	51102	stromal	method3_abc	0.038879498318546875
chr1:10398678-10399178	ENSG00000251503	CENPS-CORT	chr1	10398678	10399178	10430101	+	31173	stromal	method3_abc	0.04459225223606407
chr1:10399195-10399695	ENSG00000142657	PGD	chr1	10399195	10399695	10398591	+	854	stromal	method3_abc	0.06894071931070013
chr1:10427992-10428492	ENSG00000175279	CENPS	chr1	10427992	10428492	10430432	+	2190	stromal	method3_abc	0.027926002744441136
chr1:10427992-10428492	ENSG00000251503	CENPS-CORT	chr1	10427992	10428492	10430101	+	1859	stromal	method3_abc	0.029217369382489672
chr1:10429909-10430409	ENSG00000175279	CENPS	chr1	10429909	10430409	10430432	+	273	stromal	method3_abc	0.09618177193536938
chr1:10429909-10430409	ENSG00000241563	CORT	chr1	10429909	10430409	10450030	+	19871	stromal	method3_abc	0.03199873958451436
chr1:10429909-10430409	ENSG00000251503	CENPS-CORT	chr1	10429909	10430409	10430101	+	58	stromal	method3_abc	0.10014898582464786
chr1:10430472-10430972	ENSG00000142655	PEX14	chr1	10430472	10430972	10472287	+	41565	stromal	method3_abc	0.029242064987173185
chr1:10430472-10430972	ENSG00000142657	PGD	chr1	10430472	10430972	10398591	+	32131	stromal	method3_abc	0.03250089374602473
chr1:10430472-10430972	ENSG00000160049	DFFA	chr1	10430472	10430972	10472528	-	41806	stromal	method3_abc	0.028943550325009445
chr1:10430472-10430972	ENSG00000175279	CENPS	chr1	10430472	10430972	10430432	+	290	stromal	method3_abc	0.17746026586105096
chr1:10430472-10430972	ENSG00000241563	CORT	chr1	10430472	10430972	10450030	+	19308	stromal	method3_abc	0.06039607238634558
chr1:10430472-10430972	ENSG00000251503	CENPS-CORT	chr1	10430472	10430972	10430101	+	621	stromal	method3_abc	0.169042085468333
chr1:10471816-10472316	ENSG00000142655	PEX14	chr1	10471816	10472316	10472287	+	221	stromal	method3_abc	0.03682193428612873
chr1:10471816-10472316	ENSG00000160049	DFFA	chr1	10471816	10472316	10472528	-	462	stromal	method3_abc	0.03520064099301568
chr1:10472349-10472849	ENSG00000142655	PEX14	chr1	10472349	10472849	10472287	+	312	stromal	method3_abc	0.11194165815973686
chr1:10472349-10472849	ENSG00000160049	DFFA	chr1	10472349	10472849	10472528	-	71	stromal	method3_abc	0.1158854863666942
chr1:10472349-10472849	ENSG00000241563	CORT	chr1	10472349	10472849	10450030	+	22569	stromal	method3_abc	0.03134661143549849
chr1:10474656-10475156	ENSG00000142655	PEX14	chr1	10474656	10475156	10472287	+	2619	stromal	method3_abc	0.07619718438503358
chr1:10474656-10475156	ENSG00000160049	DFFA	chr1	10474656	10475156	10472528	-	2378	stromal	method3_abc	0.07790723121713686
chr1:10474656-10475156	ENSG00000241563	CORT	chr1	10474656	10475156	10450030	+	24876	stromal	method3_abc	0.027230164020119265
chr1:10475172-10475672	ENSG00000142655	PEX14	chr1	10475172	10475672	10472287	+	3135	stromal	method3_abc	0.020684102632769936
chr1:10475172-10475672	ENSG00000160049	DFFA	chr1	10475172	10475672	10472528	-	2894	stromal	method3_abc	0.02111025591719207
chr1:10793753-10794253	ENSG00000130940	CASZ1	chr1	10793753	10794253	10796649	-	2646	stromal	method3_abc	0.038305315134782844
chr1:10794652-10795152	ENSG00000130940	CASZ1	chr1	10794652	10795152	10796649	-	1747	stromal	method3_abc	0.02538014161484598
chr1:10795512-10796012	ENSG00000130940	CASZ1	chr1	10795512	10796012	10796649	-	887	stromal	method3_abc	0.032268101422078976
chr1:10796466-10796966	ENSG00000130940	CASZ1	chr1	10796466	10796966	10796649	-	67	stromal	method3_abc	0.12689322473235864
chr1:10979533-10980033	ENSG00000175262	C1orf127	chr1	10979533	10980033	10982075	-	2292	stromal	method3_abc	0.02053704019938774
chr1:10980073-10980573	ENSG00000175262	C1orf127	chr1	10980073	10980573	10982075	-	1752	stromal	method3_abc	0.05577703539972977
chr1:11012112-11012612	ENSG00000009724	MASP2	chr1	11012112	11012612	11047238	-	34876	stromal	method3_abc	0.046511229957015184
chr1:11012112-11012612	ENSG00000116649	SRM	chr1	11012112	11012612	11060019	-	47657	stromal	method3_abc	0.02816924433536939
chr1:11012112-11012612	ENSG00000120948	TARDBP	chr1	11012112	11012612	11012343	+	19	stromal	method3_abc	0.24071230893050108
chr1:11012112-11012612	ENSG00000171824	EXOSC10	chr1	11012112	11012612	11099868	-	87506	stromal	method3_abc	0.022366361612234546
chr1:11012112-11012612	ENSG00000175262	C1orf127	chr1	11012112	11012612	10982075	-	30287	stromal	method3_abc	0.053887750468645995
chr1:11012876-11013376	ENSG00000120948	TARDBP	chr1	11012876	11013376	11012343	+	783	stromal	method3_abc	0.06879623682924131
chr1:11037541-11038041	ENSG00000009724	MASP2	chr1	11037541	11038041	11047238	-	9447	stromal	method3_abc	0.02425309047140858
chr1:11059373-11059873	ENSG00000009724	MASP2	chr1	11059373	11059873	11047238	-	12385	stromal	method3_abc	0.022591847037249292
chr1:11059373-11059873	ENSG00000116649	SRM	chr1	11059373	11059873	11060019	-	396	stromal	method3_abc	0.048224334655492106
chr1:11059918-11060418	ENSG00000009724	MASP2	chr1	11059918	11060418	11047238	-	12930	stromal	method3_abc	0.12185690266938015
chr1:11059918-11060418	ENSG00000116649	SRM	chr1	11059918	11060418	11060019	-	149	stromal	method3_abc	0.2783115183937373
chr1:11059918-11060418	ENSG00000120948	TARDBP	chr1	11059918	11060418	11012343	+	47825	stromal	method3_abc	0.040593170299028064
chr1:11059918-11060418	ENSG00000171819	ANGPTL7	chr1	11059918	11060418	11189354	+	129186	stromal	method3_abc	0.02621775692429625
chr1:11059918-11060418	ENSG00000171824	EXOSC10	chr1	11059918	11060418	11099868	-	39700	stromal	method3_abc	0.05504066771422354
chr1:11059918-11060418	ENSG00000175262	C1orf127	chr1	11059918	11060418	10982075	-	78093	stromal	method3_abc	0.033433504047025414
chr1:11060438-11060938	ENSG00000116649	SRM	chr1	11060438	11060938	11060019	-	669	stromal	method3_abc	0.02559892256048746
chr1:11099643-11100143	ENSG00000009724	MASP2	chr1	11099643	11100143	11047238	-	52655	stromal	method3_abc	0.023647645582242353
chr1:11099643-11100143	ENSG00000116649	SRM	chr1	11099643	11100143	11060019	-	39874	stromal	method3_abc	0.022685362588800665
chr1:11099643-11100143	ENSG00000171824	EXOSC10	chr1	11099643	11100143	11099868	-	25	stromal	method3_abc	0.19756679367750943
chr1:11262378-11262878	ENSG00000120942	UBIAD1	chr1	11262378	11262878	11273197	+	10569	stromal	method3_abc	0.08625202677811368
chr1:11262378-11262878	ENSG00000171819	ANGPTL7	chr1	11262378	11262878	11189354	+	73274	stromal	method3_abc	0.031107136882880252
chr1:11262378-11262878	ENSG00000198793	MTOR	chr1	11262378	11262878	11262555	-	73	stromal	method3_abc	0.24252140817699833
chr1:11272940-11273440	ENSG00000120942	UBIAD1	chr1	11272940	11273440	11273197	+	7	stromal	method3_abc	0.2402686803314016
chr1:11272940-11273440	ENSG00000171819	ANGPTL7	chr1	11272940	11273440	11189354	+	83836	stromal	method3_abc	0.028928665301720086
chr1:11272940-11273440	ENSG00000198793	MTOR	chr1	11272940	11273440	11262555	-	10635	stromal	method3_abc	0.09457119663169226
chr1:11273454-11273954	ENSG00000120942	UBIAD1	chr1	11273454	11273954	11273197	+	507	stromal	method3_abc	0.05500058063357473
chr1:11273454-11273954	ENSG00000198793	MTOR	chr1	11273454	11273954	11262555	-	11149	stromal	method3_abc	0.022864992643966697
chr1:11478622-11479122	ENSG00000204624	DISP3	chr1	11478622	11479122	11479154	+	282	stromal	method3_abc	0.04726783707082238
chr1:11480005-11480505	ENSG00000204624	DISP3	chr1	11480005	11480505	11479154	+	1101	stromal	method3_abc	0.021675966203572938
chr1:11650353-11650853	ENSG00000116661	FBXO2	chr1	11650353	11650853	11655784	-	5181	stromal	method3_abc	0.027670318863234077
chr1:11650353-11650853	ENSG00000132879	FBXO44	chr1	11650353	11650853	11654374	+	3771	stromal	method3_abc	0.030988554071213027
chr1:11654091-11654591	ENSG00000116661	FBXO2	chr1	11654091	11654591	11655784	-	1443	stromal	method3_abc	0.04083943429960594
chr1:11654091-11654591	ENSG00000132879	FBXO44	chr1	11654091	11654591	11654374	+	33	stromal	method3_abc	0.04980341889874608
chr1:11654626-11655126	ENSG00000116661	FBXO2	chr1	11654626	11655126	11655784	-	908	stromal	method3_abc	0.09364856768005315
chr1:11654626-11655126	ENSG00000116663	FBXO6	chr1	11654626	11655126	11664199	+	9323	stromal	method3_abc	0.04320668541557273
chr1:11654626-11655126	ENSG00000132879	FBXO44	chr1	11654626	11655126	11654374	+	502	stromal	method3_abc	0.09800847858425601
chr1:11663943-11664443	ENSG00000116661	FBXO2	chr1	11663943	11664443	11655784	-	8409	stromal	method3_abc	0.04400105282399352
chr1:11663943-11664443	ENSG00000116663	FBXO6	chr1	11663943	11664443	11664199	+	6	stromal	method3_abc	0.10336822379399369
chr1:11663943-11664443	ENSG00000116670	MAD2L2	chr1	11663943	11664443	11691810	-	27617	stromal	method3_abc	0.021938899899304733
chr1:11663943-11664443	ENSG00000132879	FBXO44	chr1	11663943	11664443	11654374	+	9819	stromal	method3_abc	0.0396778089023508
chr1:11663943-11664443	ENSG00000162490	DRAXIN	chr1	11663943	11664443	11691709	+	27516	stromal	method3_abc	0.02198901492440673
chr1:11664698-11665198	ENSG00000116663	FBXO6	chr1	11664698	11665198	11664199	+	749	stromal	method3_abc	0.0354108526027395
chr1:11680951-11681451	ENSG00000116661	FBXO2	chr1	11680951	11681451	11655784	-	25417	stromal	method3_abc	0.041890164198252956
chr1:11680951-11681451	ENSG00000116663	FBXO6	chr1	11680951	11681451	11664199	+	17002	stromal	method3_abc	0.05535124488771776
chr1:11680951-11681451	ENSG00000116670	MAD2L2	chr1	11680951	11681451	11691810	-	10609	stromal	method3_abc	0.08087237579322312
chr1:11680951-11681451	ENSG00000132879	FBXO44	chr1	11680951	11681451	11654374	+	26827	stromal	method3_abc	0.03961441467926332
chr1:11680951-11681451	ENSG00000162490	DRAXIN	chr1	11680951	11681451	11691709	+	10508	stromal	method3_abc	0.08129654854242263
chr1:11731682-11732182	ENSG00000177674	AGTRAP	chr1	11731682	11732182	11736083	+	4151	stromal	method3_abc	0.04574750449280441
chr1:11735834-11736334	ENSG00000116663	FBXO6	chr1	11735834	11736334	11664199	+	71885	stromal	method3_abc	0.020305660947871753
chr1:11735834-11736334	ENSG00000116670	MAD2L2	chr1	11735834	11736334	11691810	-	44274	stromal	method3_abc	0.032410735395043404
chr1:11735834-11736334	ENSG00000162490	DRAXIN	chr1	11735834	11736334	11691709	+	44375	stromal	method3_abc	0.032339576544403136
chr1:11735834-11736334	ENSG00000177674	AGTRAP	chr1	11735834	11736334	11736083	+	1	stromal	method3_abc	0.17680947498128033
chr1:11735834-11736334	ENSG00000215910	C1orf167	chr1	11735834	11736334	11761786	+	25702	stromal	method3_abc	0.0463613945252053
chr1:11736689-11737189	ENSG00000177674	AGTRAP	chr1	11736689	11737189	11736083	+	856	stromal	method3_abc	0.0501952034872565
chr1:11790800-11791300	ENSG00000011021	CLCN6	chr1	11790800	11791300	11806095	+	15045	stromal	method3_abc	0.03683056653709282
chr1:11790800-11791300	ENSG00000120937	NPPB	chr1	11790800	11791300	11858944	-	67894	stromal	method3_abc	0.021641295907428294
chr1:11790800-11791300	ENSG00000175206	NPPA	chr1	11790800	11791300	11848344	-	57294	stromal	method3_abc	0.0245886496668591
chr1:11790800-11791300	ENSG00000177000	MTHFR	chr1	11790800	11791300	11806454	-	15404	stromal	method3_abc	0.03714393920989291
chr1:11790800-11791300	ENSG00000215910	C1orf167	chr1	11790800	11791300	11761786	+	29264	stromal	method3_abc	0.03890274855823813
chr1:11803435-11803935	ENSG00000011021	CLCN6	chr1	11803435	11803935	11806095	+	2410	stromal	method3_abc	0.0742593069751222
chr1:11803435-11803935	ENSG00000120937	NPPB	chr1	11803435	11803935	11858944	-	55259	stromal	method3_abc	0.02166432210550846
chr1:11803435-11803935	ENSG00000175206	NPPA	chr1	11803435	11803935	11848344	-	44659	stromal	method3_abc	0.025405264244933896
chr1:11803435-11803935	ENSG00000177000	MTHFR	chr1	11803435	11803935	11806454	-	2769	stromal	method3_abc	0.0729897185341779
chr1:11803435-11803935	ENSG00000215910	C1orf167	chr1	11803435	11803935	11761786	+	41899	stromal	method3_abc	0.02511401466357479
chr1:11804725-11805225	ENSG00000011021	CLCN6	chr1	11804725	11805225	11806095	+	1120	stromal	method3_abc	0.025329703011262437
chr1:11804725-11805225	ENSG00000177000	MTHFR	chr1	11804725	11805225	11806454	-	1479	stromal	method3_abc	0.024687579086839963
chr1:11805226-11805726	ENSG00000011021	CLCN6	chr1	11805226	11805726	11806095	+	619	stromal	method3_abc	0.05799864920918076
chr1:11805226-11805726	ENSG00000177000	MTHFR	chr1	11805226	11805726	11806454	-	978	stromal	method3_abc	0.05628649508438407
chr1:11805769-11806269	ENSG00000011021	CLCN6	chr1	11805769	11806269	11806095	+	76	stromal	method3_abc	0.25369348524683594
chr1:11805769-11806269	ENSG00000116661	FBXO2	chr1	11805769	11806269	11655784	-	150235	stromal	method3_abc	0.021278917959575237
chr1:11805769-11806269	ENSG00000116663	FBXO6	chr1	11805769	11806269	11664199	+	141820	stromal	method3_abc	0.022266581778340837
chr1:11805769-11806269	ENSG00000116670	MAD2L2	chr1	11805769	11806269	11691810	-	114209	stromal	method3_abc	0.028929096723915776
chr1:11805769-11806269	ENSG00000120937	NPPB	chr1	11805769	11806269	11858944	-	52925	stromal	method3_abc	0.05511770214631953
chr1:11805769-11806269	ENSG00000132879	FBXO44	chr1	11805769	11806269	11654374	+	151645	stromal	method3_abc	0.02076803177544102
chr1:11805769-11806269	ENSG00000162490	DRAXIN	chr1	11805769	11806269	11691709	+	114310	stromal	method3_abc	0.02889575273606767
chr1:11805769-11806269	ENSG00000175206	NPPA	chr1	11805769	11806269	11848344	-	42325	stromal	method3_abc	0.06512286434502138
chr1:11805769-11806269	ENSG00000177000	MTHFR	chr1	11805769	11806269	11806454	-	435	stromal	method3_abc	0.24483647781428794
chr1:11805769-11806269	ENSG00000177674	AGTRAP	chr1	11805769	11806269	11736083	+	69936	stromal	method3_abc	0.032296957453362606
chr1:11805769-11806269	ENSG00000215910	C1orf167	chr1	11805769	11806269	11761786	+	44233	stromal	method3_abc	0.059181485885657095
chr1:11806467-11806967	ENSG00000011021	CLCN6	chr1	11806467	11806967	11806095	+	622	stromal	method3_abc	0.02105685544155967
chr1:11806467-11806967	ENSG00000177000	MTHFR	chr1	11806467	11806967	11806454	-	263	stromal	method3_abc	0.02284084293612109
chr1:11838596-11839096	ENSG00000175206	NPPA	chr1	11838596	11839096	11848344	-	9498	stromal	method3_abc	0.02136653539882542
chr1:11859204-11859704	ENSG00000120937	NPPB	chr1	11859204	11859704	11858944	-	510	stromal	method3_abc	0.025111786837499088
chr1:11907589-11908089	ENSG00000083444	PLOD1	chr1	11907589	11908089	11934204	+	26365	stromal	method3_abc	0.023643857091411567
chr1:11907589-11908089	ENSG00000116685	KIAA2013	chr1	11907589	11908089	11926427	-	18588	stromal	method3_abc	0.029143879843510186
chr1:11907589-11908089	ENSG00000120937	NPPB	chr1	11907589	11908089	11858944	-	48895	stromal	method3_abc	0.020898592084744226
chr1:11908193-11908693	ENSG00000116685	KIAA2013	chr1	11908193	11908693	11926427	-	17984	stromal	method3_abc	0.02005206009754048
chr1:11908733-11909233	ENSG00000116685	KIAA2013	chr1	11908733	11909233	11926427	-	17444	stromal	method3_abc	0.02155274233634575
chr1:11925741-11926241	ENSG00000116685	KIAA2013	chr1	11925741	11926241	11926427	-	436	stromal	method3_abc	0.027008477622255146
chr1:11926250-11926750	ENSG00000083444	PLOD1	chr1	11926250	11926750	11934204	+	7704	stromal	method3_abc	0.07758497284953352
chr1:11926250-11926750	ENSG00000116685	KIAA2013	chr1	11926250	11926750	11926427	-	73	stromal	method3_abc	0.16587781878764818
chr1:11926250-11926750	ENSG00000116688	MFN2	chr1	11926250	11926750	11980180	+	53680	stromal	method3_abc	0.020631112387826514
chr1:11926250-11926750	ENSG00000120937	NPPB	chr1	11926250	11926750	11858944	-	67556	stromal	method3_abc	0.024118956231676262
chr1:11926250-11926750	ENSG00000175206	NPPA	chr1	11926250	11926750	11848344	-	78156	stromal	method3_abc	0.021228272795965123
chr1:11929724-11930224	ENSG00000083444	PLOD1	chr1	11929724	11930224	11934204	+	4230	stromal	method3_abc	0.022406516826759783
chr1:11929724-11930224	ENSG00000116685	KIAA2013	chr1	11929724	11930224	11926427	-	3547	stromal	method3_abc	0.023045430123317546
chr1:11933712-11934212	ENSG00000083444	PLOD1	chr1	11933712	11934212	11934204	+	242	stromal	method3_abc	0.021780415566574788
chr1:11934389-11934889	ENSG00000083444	PLOD1	chr1	11934389	11934889	11934204	+	435	stromal	method3_abc	0.13609700489258167
chr1:11934389-11934889	ENSG00000116685	KIAA2013	chr1	11934389	11934889	11926427	-	8212	stromal	method3_abc	0.060449461299054555
chr1:11979373-11979873	ENSG00000116688	MFN2	chr1	11979373	11979873	11980180	+	557	stromal	method3_abc	0.038128831097787266
chr1:11979928-11980428	ENSG00000083444	PLOD1	chr1	11979928	11980428	11934204	+	45974	stromal	method3_abc	0.03535579265202909
chr1:11979928-11980428	ENSG00000116685	KIAA2013	chr1	11979928	11980428	11926427	-	53751	stromal	method3_abc	0.030058935237726004
chr1:11979928-11980428	ENSG00000116688	MFN2	chr1	11979928	11980428	11980180	+	2	stromal	method3_abc	0.268226790987644
chr1:11979928-11980428	ENSG00000116691	MIIP	chr1	11979928	11980428	12019465	+	39287	stromal	method3_abc	0.042684756915323446
chr1:11979928-11980428	ENSG00000120937	NPPB	chr1	11979928	11980428	11858944	-	121234	stromal	method3_abc	0.02273887710880695
chr1:11979928-11980428	ENSG00000120949	TNFRSF8	chr1	11979928	11980428	12063302	+	83124	stromal	method3_abc	0.03421765060500691
chr1:11979928-11980428	ENSG00000175206	NPPA	chr1	11979928	11980428	11848344	-	131834	stromal	method3_abc	0.02100784040655736
chr1:11980591-11981091	ENSG00000116688	MFN2	chr1	11980591	11981091	11980180	+	661	stromal	method3_abc	0.03573114420988606
chr1:12019139-12019639	ENSG00000083444	PLOD1	chr1	12019139	12019639	11934204	+	85185	stromal	method3_abc	0.021827651327184408
chr1:12019139-12019639	ENSG00000116688	MFN2	chr1	12019139	12019639	11980180	+	39209	stromal	method3_abc	0.04085853187530993
chr1:12019139-12019639	ENSG00000116691	MIIP	chr1	12019139	12019639	12019465	+	76	stromal	method3_abc	0.285002883584084
chr1:12019139-12019639	ENSG00000120949	TNFRSF8	chr1	12019139	12019639	12063302	+	43913	stromal	method3_abc	0.057916578689592
chr1:12019766-12020266	ENSG00000116691	MIIP	chr1	12019766	12020266	12019465	+	551	stromal	method3_abc	0.02506234920699733
chr1:12161796-12162296	ENSG00000028137	TNFRSF1B	chr1	12161796	12162296	12166990	+	4944	stromal	method3_abc	0.03421138010446299
chr1:12166711-12167211	ENSG00000028137	TNFRSF1B	chr1	12166711	12167211	12166990	+	29	stromal	method3_abc	0.08331484941865983
chr1:12167321-12167821	ENSG00000028137	TNFRSF1B	chr1	12167321	12167821	12166990	+	581	stromal	method3_abc	0.030216995547064068
chr1:12168375-12168875	ENSG00000028137	TNFRSF1B	chr1	12168375	12168875	12166990	+	1635	stromal	method3_abc	0.020600905330421967
chr1:12184193-12184693	ENSG00000028137	TNFRSF1B	chr1	12184193	12184693	12166990	+	17453	stromal	method3_abc	0.035403681210132924
chr1:12184193-12184693	ENSG00000048707	VPS13D	chr1	12184193	12184693	12230029	+	45586	stromal	method3_abc	0.020344695354456745
chr1:12229735-12230235	ENSG00000048707	VPS13D	chr1	12229735	12230235	12230029	+	44	stromal	method3_abc	0.1771274565520928
chr1:12230812-12231312	ENSG00000048707	VPS13D	chr1	12230812	12231312	12230029	+	1033	stromal	method3_abc	0.043901707805326075
chr1:12595793-12596293	ENSG00000162496	DHRS3	chr1	12595793	12596293	12618209	-	22166	stromal	method3_abc	0.02691964103071009
chr1:12595793-12596293	ENSG00000204518	AADACL4	chr1	12595793	12596293	12644084	+	48041	stromal	method3_abc	0.024759307668606793
chr1:12616045-12616545	ENSG00000162496	DHRS3	chr1	12616045	12616545	12618209	-	1914	stromal	method3_abc	0.03516122552632801
chr1:12616870-12617370	ENSG00000162496	DHRS3	chr1	12616870	12617370	12618209	-	1089	stromal	method3_abc	0.03246867012631453
chr1:12617532-12618032	ENSG00000162496	DHRS3	chr1	12617532	12618032	12618209	-	427	stromal	method3_abc	0.03187567876419735
chr1:12618170-12618670	ENSG00000162496	DHRS3	chr1	12618170	12618670	12618209	-	211	stromal	method3_abc	0.09112166866160383
chr1:12618170-12618670	ENSG00000204518	AADACL4	chr1	12618170	12618670	12644084	+	25664	stromal	method3_abc	0.032096301777211206
chr1:12618858-12619358	ENSG00000162496	DHRS3	chr1	12618858	12619358	12618209	-	899	stromal	method3_abc	0.06138228109036315
chr1:12618858-12619358	ENSG00000204518	AADACL4	chr1	12618858	12619358	12644084	+	24976	stromal	method3_abc	0.024564401373961504
chr1:12619777-12620277	ENSG00000162496	DHRS3	chr1	12619777	12620277	12618209	-	1818	stromal	method3_abc	0.0698301713048062
chr1:12619777-12620277	ENSG00000204518	AADACL4	chr1	12619777	12620277	12644084	+	24057	stromal	method3_abc	0.03256683698038579
chr1:13583473-13583973	ENSG00000162493	PDPN	chr1	13583473	13583973	13583464	+	259	stromal	method3_abc	0.09660220480857244
chr1:13584407-13584907	ENSG00000162493	PDPN	chr1	13584407	13584907	13583464	+	1193	stromal	method3_abc	0.06471829802033828
chr1:13585882-13586382	ENSG00000162493	PDPN	chr1	13585882	13586382	13583464	+	2668	stromal	method3_abc	0.0262769615391333
chr1:13593379-13593879	ENSG00000162493	PDPN	chr1	13593379	13593879	13583464	+	10165	stromal	method3_abc	0.03611447947839857
chr1:13699984-13700484	ENSG00000116731	PRDM2	chr1	13699984	13700484	13700187	+	47	stromal	method3_abc	0.16643473806702785
chr1:13700631-13701131	ENSG00000116731	PRDM2	chr1	13700631	13701131	13700187	+	694	stromal	method3_abc	0.06212957745505683
chr1:13749036-13749536	ENSG00000116731	PRDM2	chr1	13749036	13749536	13700187	+	49099	stromal	method3_abc	0.05915713043208051
chr1:13749036-13749536	ENSG00000162493	PDPN	chr1	13749036	13749536	13583464	+	165822	stromal	method3_abc	0.02060981160795679
chr1:13749036-13749536	ENSG00000162494	LRRC38	chr1	13749036	13749536	13514002	-	235284	stromal	method3_abc	0.022374695810029436
chr1:13749036-13749536	ENSG00000189337	KAZN	chr1	13749036	13749536	13892791	+	143505	stromal	method3_abc	0.034684394770969434
chr1:13749615-13750115	ENSG00000116731	PRDM2	chr1	13749615	13750115	13700187	+	49678	stromal	method3_abc	0.021471870993591727
chr1:13892800-13893300	ENSG00000189337	KAZN	chr1	13892800	13893300	13892791	+	259	stromal	method3_abc	0.04633911168864873
chr1:15152300-15152800	ENSG00000171729	TMEM51	chr1	15152300	15152800	15152531	+	19	stromal	method3_abc	0.10466813139078193
chr1:15152835-15153335	ENSG00000171729	TMEM51	chr1	15152835	15153335	15152531	+	554	stromal	method3_abc	0.060352244493011936
chr1:15153449-15153949	ENSG00000171729	TMEM51	chr1	15153449	15153949	15152531	+	1168	stromal	method3_abc	0.09865280539046603
chr1:15153952-15154452	ENSG00000171729	TMEM51	chr1	15153952	15154452	15152531	+	1671	stromal	method3_abc	0.07546703768016144
chr1:15154691-15155191	ENSG00000171729	TMEM51	chr1	15154691	15155191	15152531	+	2410	stromal	method3_abc	0.03403015400965909
chr1:15246970-15247470	ENSG00000142621	FHAD1	chr1	15246970	15247470	15236520	+	10700	stromal	method3_abc	0.03995619076920808
chr1:15407104-15407604	ENSG00000142634	EFHD2	chr1	15407104	15407604	15409887	+	2533	stromal	method3_abc	0.028394190715232345
chr1:15408886-15409386	ENSG00000142634	EFHD2	chr1	15408886	15409386	15409887	+	751	stromal	method3_abc	0.023770758906102866
chr1:15409627-15410127	ENSG00000142615	CELA2A	chr1	15409627	15410127	15456727	+	46850	stromal	method3_abc	0.02664580928606659
chr1:15409627-15410127	ENSG00000142634	EFHD2	chr1	15409627	15410127	15409887	+	10	stromal	method3_abc	0.1512785647986411
chr1:15409627-15410127	ENSG00000162438	CTRC	chr1	15409627	15410127	15438441	+	28564	stromal	method3_abc	0.036938841749199806
chr1:15409627-15410127	ENSG00000215704	CELA2B	chr1	15409627	15410127	15465908	+	56031	stromal	method3_abc	0.02309481565990874
chr1:15410405-15410905	ENSG00000142634	EFHD2	chr1	15410405	15410905	15409887	+	768	stromal	method3_abc	0.028663095390437775
chr1:15411403-15411903	ENSG00000142634	EFHD2	chr1	15411403	15411903	15409887	+	1766	stromal	method3_abc	0.027150953734800455
chr1:15426665-15427165	ENSG00000162438	CTRC	chr1	15426665	15427165	15438441	+	11526	stromal	method3_abc	0.02595461683807076
chr1:15431090-15431590	ENSG00000162438	CTRC	chr1	15431090	15431590	15438441	+	7101	stromal	method3_abc	0.02441418708549873
chr1:15524096-15524596	ENSG00000116138	DNAJC16	chr1	15524096	15524596	15526812	+	2466	stromal	method3_abc	0.18049284853332384
chr1:15524096-15524596	ENSG00000116771	AGMAT	chr1	15524096	15524596	15585050	-	60704	stromal	method3_abc	0.05349986646633008
chr1:15524096-15524596	ENSG00000116786	PLEKHM2	chr1	15524096	15524596	15684319	+	159973	stromal	method3_abc	0.021189489279933166
chr1:15524096-15524596	ENSG00000132906	CASP9	chr1	15524096	15524596	15526533	-	2187	stromal	method3_abc	0.1846505651677498
chr1:15524096-15524596	ENSG00000142615	CELA2A	chr1	15524096	15524596	15456727	+	67619	stromal	method3_abc	0.057920340208558345
chr1:15524096-15524596	ENSG00000142634	EFHD2	chr1	15524096	15524596	15409887	+	114459	stromal	method3_abc	0.02792159946985798
chr1:15524096-15524596	ENSG00000162438	CTRC	chr1	15524096	15524596	15438441	+	85905	stromal	method3_abc	0.04523832741396327
chr1:15524096-15524596	ENSG00000197312	DDI2	chr1	15524096	15524596	15617457	+	93111	stromal	method3_abc	0.02854897735201804
chr1:15524096-15524596	ENSG00000215695	RSC1A1	chr1	15524096	15524596	15659712	+	135366	stromal	method3_abc	0.02987565047676893
chr1:15524096-15524596	ENSG00000215704	CELA2B	chr1	15524096	15524596	15465908	+	58438	stromal	method3_abc	0.06507045897070028
chr1:15524697-15525197	ENSG00000116138	DNAJC16	chr1	15524697	15525197	15526812	+	1865	stromal	method3_abc	0.19107323308166976
chr1:15524697-15525197	ENSG00000116771	AGMAT	chr1	15524697	15525197	15585050	-	60103	stromal	method3_abc	0.05307075645984876
chr1:15524697-15525197	ENSG00000116786	PLEKHM2	chr1	15524697	15525197	15684319	+	159372	stromal	method3_abc	0.020918476159835626
chr1:15524697-15525197	ENSG00000132906	CASP9	chr1	15524697	15525197	15526533	-	1586	stromal	method3_abc	0.1960544784222512
chr1:15524697-15525197	ENSG00000142615	CELA2A	chr1	15524697	15525197	15456727	+	68220	stromal	method3_abc	0.056591023744423256
chr1:15524697-15525197	ENSG00000142634	EFHD2	chr1	15524697	15525197	15409887	+	115060	stromal	method3_abc	0.027357394686006547
chr1:15524697-15525197	ENSG00000162438	CTRC	chr1	15524697	15525197	15438441	+	86506	stromal	method3_abc	0.04426366293667416
chr1:15524697-15525197	ENSG00000197312	DDI2	chr1	15524697	15525197	15617457	+	92510	stromal	method3_abc	0.02824507731520529
chr1:15524697-15525197	ENSG00000215695	RSC1A1	chr1	15524697	15525197	15659712	+	134765	stromal	method3_abc	0.029509998509995257
chr1:15524697-15525197	ENSG00000215704	CELA2B	chr1	15524697	15525197	15465908	+	59039	stromal	method3_abc	0.06351140869653646
chr1:15525291-15525791	ENSG00000116138	DNAJC16	chr1	15525291	15525791	15526812	+	1271	stromal	method3_abc	0.0317820336758874
chr1:15525291-15525791	ENSG00000132906	CASP9	chr1	15525291	15525791	15526533	-	992	stromal	method3_abc	0.03272485838813194
chr1:15526489-15526989	ENSG00000116138	DNAJC16	chr1	15526489	15526989	15526812	+	73	stromal	method3_abc	0.18865855007895085
chr1:15526489-15526989	ENSG00000116771	AGMAT	chr1	15526489	15526989	15585050	-	58311	stromal	method3_abc	0.041264925744996406
chr1:15526489-15526989	ENSG00000132906	CASP9	chr1	15526489	15526989	15526533	-	206	stromal	method3_abc	0.18255714949198829
chr1:15526489-15526989	ENSG00000142615	CELA2A	chr1	15526489	15526989	15456727	+	70012	stromal	method3_abc	0.04205246538024221
chr1:15526489-15526989	ENSG00000142634	EFHD2	chr1	15526489	15526989	15409887	+	116852	stromal	method3_abc	0.020495413014212763
chr1:15526489-15526989	ENSG00000162438	CTRC	chr1	15526489	15526989	15438441	+	88298	stromal	method3_abc	0.03302929819397583
chr1:15526489-15526989	ENSG00000197312	DDI2	chr1	15526489	15526989	15617457	+	90718	stromal	method3_abc	0.02178366189243988
chr1:15526489-15526989	ENSG00000215695	RSC1A1	chr1	15526489	15526989	15659712	+	132973	stromal	method3_abc	0.022647733524001953
chr1:15526489-15526989	ENSG00000215704	CELA2B	chr1	15526489	15526989	15465908	+	60831	stromal	method3_abc	0.04705478598780258
chr1:15527031-15527531	ENSG00000116138	DNAJC16	chr1	15527031	15527531	15526812	+	469	stromal	method3_abc	0.029201164472437247
chr1:15527031-15527531	ENSG00000132906	CASP9	chr1	15527031	15527531	15526533	-	748	stromal	method3_abc	0.027675853868620166
chr1:15584662-15585162	ENSG00000116771	AGMAT	chr1	15584662	15585162	15585050	-	138	stromal	method3_abc	0.03751870690855162
chr1:15603395-15603895	ENSG00000116771	AGMAT	chr1	15603395	15603895	15585050	-	18595	stromal	method3_abc	0.05006064730147273
chr1:15603395-15603895	ENSG00000197312	DDI2	chr1	15603395	15603895	15617457	+	13812	stromal	method3_abc	0.04611251457160805
chr1:15603395-15603895	ENSG00000215695	RSC1A1	chr1	15603395	15603895	15659712	+	56067	stromal	method3_abc	0.023657877952801498
chr1:15616594-15617094	ENSG00000197312	DDI2	chr1	15616594	15617094	15617457	+	613	stromal	method3_abc	0.029131301567542792
chr1:15617128-15617628	ENSG00000116771	AGMAT	chr1	15617128	15617628	15585050	-	32328	stromal	method3_abc	0.05801772846110744
chr1:15617128-15617628	ENSG00000116786	PLEKHM2	chr1	15617128	15617628	15684319	+	66941	stromal	method3_abc	0.02892500980768891
chr1:15617128-15617628	ENSG00000197312	DDI2	chr1	15617128	15617628	15617457	+	79	stromal	method3_abc	0.2488463460147387
chr1:15617128-15617628	ENSG00000215695	RSC1A1	chr1	15617128	15617628	15659712	+	42334	stromal	method3_abc	0.05100443139316756
chr1:15617818-15618318	ENSG00000197312	DDI2	chr1	15617818	15618318	15617457	+	611	stromal	method3_abc	0.036697395367327586
chr1:15618573-15619073	ENSG00000197312	DDI2	chr1	15618573	15619073	15617457	+	1366	stromal	method3_abc	0.02177517503102935
chr1:15684058-15684558	ENSG00000116786	PLEKHM2	chr1	15684058	15684558	15684319	+	11	stromal	method3_abc	0.09371700465435784
chr1:15684058-15684558	ENSG00000215695	RSC1A1	chr1	15684058	15684558	15659712	+	24596	stromal	method3_abc	0.024487556972157355
chr1:15684814-15685314	ENSG00000116786	PLEKHM2	chr1	15684814	15685314	15684319	+	745	stromal	method3_abc	0.03709771570610922
chr1:15703538-15704038	ENSG00000116786	PLEKHM2	chr1	15703538	15704038	15684319	+	19469	stromal	method3_abc	0.02473773763608697
chr1:15735913-15736413	ENSG00000162461	SLC25A34	chr1	15735913	15736413	15736257	+	94	stromal	method3_abc	0.027367383984462767
chr1:15741239-15741739	ENSG00000162460	TMEM82	chr1	15741239	15741739	15742498	+	1009	stromal	method3_abc	0.03787256461308546
chr1:15741239-15741739	ENSG00000162461	SLC25A34	chr1	15741239	15741739	15736257	+	5232	stromal	method3_abc	0.024107085983933383
chr1:15757610-15758110	ENSG00000162458	FBLIM1	chr1	15757610	15758110	15756606	+	1254	stromal	method3_abc	0.0318393449134054
chr1:15758454-15758954	ENSG00000162458	FBLIM1	chr1	15758454	15758954	15756606	+	2098	stromal	method3_abc	0.03909171641726598
chr1:15759198-15759698	ENSG00000162458	FBLIM1	chr1	15759198	15759698	15756606	+	2842	stromal	method3_abc	0.028577260302241315
chr1:15760802-15761302	ENSG00000162458	FBLIM1	chr1	15760802	15761302	15756606	+	4446	stromal	method3_abc	0.04172101360077487
chr1:15760802-15761302	ENSG00000162460	TMEM82	chr1	15760802	15761302	15742498	+	18554	stromal	method3_abc	0.02020789927240781
chr1:15834163-15834663	ENSG00000065526	SPEN	chr1	15834163	15834663	15836094	+	1681	stromal	method3_abc	0.04435803054846803
chr1:15834711-15835211	ENSG00000065526	SPEN	chr1	15834711	15835211	15836094	+	1133	stromal	method3_abc	0.10025620363463338
chr1:15834711-15835211	ENSG00000233954	UQCRHL	chr1	15834711	15835211	15809347	-	25614	stromal	method3_abc	0.03720725006187039
chr1:15835691-15836191	ENSG00000065526	SPEN	chr1	15835691	15836191	15836094	+	153	stromal	method3_abc	0.19573572138075832
chr1:15835691-15836191	ENSG00000162458	FBLIM1	chr1	15835691	15836191	15756606	+	79335	stromal	method3_abc	0.024050081298000486
chr1:15835691-15836191	ENSG00000162460	TMEM82	chr1	15835691	15836191	15742498	+	93443	stromal	method3_abc	0.022545996688268285
chr1:15835691-15836191	ENSG00000162461	SLC25A34	chr1	15835691	15836191	15736257	+	99684	stromal	method3_abc	0.021615840532504486
chr1:15835691-15836191	ENSG00000233954	UQCRHL	chr1	15835691	15836191	15809347	-	26594	stromal	method3_abc	0.06074320556168833
chr1:15847453-15847953	ENSG00000065526	SPEN	chr1	15847453	15847953	15836094	+	11609	stromal	method3_abc	0.07758719887158998
chr1:15847453-15847953	ENSG00000162458	FBLIM1	chr1	15847453	15847953	15756606	+	91097	stromal	method3_abc	0.023556584177286906
chr1:15847453-15847953	ENSG00000162460	TMEM82	chr1	15847453	15847953	15742498	+	105205	stromal	method3_abc	0.022425989263540218
chr1:15847453-15847953	ENSG00000162461	SLC25A34	chr1	15847453	15847953	15736257	+	111446	stromal	method3_abc	0.02162051857583996
chr1:15847453-15847953	ENSG00000233954	UQCRHL	chr1	15847453	15847953	15809347	-	38356	stromal	method3_abc	0.05061128924880274
chr1:15949512-15950012	ENSG00000116809	ZBTB17	chr1	15949512	15950012	15976131	-	26369	stromal	method3_abc	0.03200732562466099
chr1:15975340-15975840	ENSG00000116809	ZBTB17	chr1	15975340	15975840	15976131	-	541	stromal	method3_abc	0.03831140330366443
chr1:15975859-15976359	ENSG00000116809	ZBTB17	chr1	15975859	15976359	15976131	-	22	stromal	method3_abc	0.14008772609205336
chr1:15975859-15976359	ENSG00000183888	SRARP	chr1	15975859	15976359	16004235	+	28126	stromal	method3_abc	0.028444011310624937
chr1:16008948-16009448	ENSG00000183888	SRARP	chr1	16008948	16009448	16004235	+	4963	stromal	method3_abc	0.0270729356389658
chr1:16012486-16012986	ENSG00000183888	SRARP	chr1	16012486	16012986	16004235	+	8501	stromal	method3_abc	0.020272090739508686
chr1:16013129-16013629	ENSG00000173641	HSPB7	chr1	16013129	16013629	16019593	-	6214	stromal	method3_abc	0.036637706165114664
chr1:16013129-16013629	ENSG00000183888	SRARP	chr1	16013129	16013629	16004235	+	9144	stromal	method3_abc	0.03608062464240358
chr1:16013129-16013629	ENSG00000186510	CLCNKA	chr1	16013129	16013629	16018874	+	5495	stromal	method3_abc	0.03824136206421283
chr1:16014599-16015099	ENSG00000186510	CLCNKA	chr1	16014599	16015099	16018874	+	4025	stromal	method3_abc	0.020869032037996282
chr1:16015962-16016462	ENSG00000173641	HSPB7	chr1	16015962	16016462	16019593	-	3381	stromal	method3_abc	0.023671947385886304
chr1:16015962-16016462	ENSG00000186510	CLCNKA	chr1	16015962	16016462	16018874	+	2662	stromal	method3_abc	0.02521690731589417
chr1:16017149-16017649	ENSG00000173641	HSPB7	chr1	16017149	16017649	16019593	-	2194	stromal	method3_abc	0.022579537094057016
chr1:16017149-16017649	ENSG00000186510	CLCNKA	chr1	16017149	16017649	16018874	+	1475	stromal	method3_abc	0.024381972180111042
chr1:16017832-16018332	ENSG00000116809	ZBTB17	chr1	16017832	16018332	15976131	-	41951	stromal	method3_abc	0.020177483303612933
chr1:16017832-16018332	ENSG00000173641	HSPB7	chr1	16017832	16018332	16019593	-	1511	stromal	method3_abc	0.09786955616984289
chr1:16017832-16018332	ENSG00000183888	SRARP	chr1	16017832	16018332	16004235	+	13847	stromal	method3_abc	0.04678561266165396
chr1:16017832-16018332	ENSG00000184908	CLCNKB	chr1	16017832	16018332	16040251	+	22169	stromal	method3_abc	0.03535960197553597
chr1:16017832-16018332	ENSG00000186510	CLCNKA	chr1	16017832	16018332	16018874	+	792	stromal	method3_abc	0.10676487475397242
chr1:16019606-16020106	ENSG00000173641	HSPB7	chr1	16019606	16020106	16019593	-	263	stromal	method3_abc	0.0303305002650178
chr1:16019606-16020106	ENSG00000186510	CLCNKA	chr1	16019606	16020106	16018874	+	982	stromal	method3_abc	0.026734025151121377
chr1:16032752-16033252	ENSG00000173641	HSPB7	chr1	16032752	16033252	16019593	-	13409	stromal	method3_abc	0.021194133093020824
chr1:16032752-16033252	ENSG00000184908	CLCNKB	chr1	16032752	16033252	16040251	+	7249	stromal	method3_abc	0.03782463186629609
chr1:16032752-16033252	ENSG00000186510	CLCNKA	chr1	16032752	16033252	16018874	+	14128	stromal	method3_abc	0.02019796111574295
chr1:16073407-16073907	ENSG00000185519	FAM131C	chr1	16073407	16073907	16073650	-	7	stromal	method3_abc	0.04253595532304171
chr1:16075951-16076451	ENSG00000185519	FAM131C	chr1	16075951	16076451	16073650	-	2551	stromal	method3_abc	0.02182926020987582
chr1:16078804-16079304	ENSG00000185519	FAM131C	chr1	16078804	16079304	16073650	-	5404	stromal	method3_abc	0.024017415812573314
chr1:16145501-16146001	ENSG00000142627	EPHA2	chr1	16145501	16146001	16156068	-	10317	stromal	method3_abc	0.0206540751514468
chr1:16146224-16146724	ENSG00000142627	EPHA2	chr1	16146224	16146724	16156068	-	9594	stromal	method3_abc	0.021625309601557598
chr1:16154557-16155057	ENSG00000142627	EPHA2	chr1	16154557	16155057	16156068	-	1261	stromal	method3_abc	0.04107066499858241
chr1:16155301-16155801	ENSG00000142627	EPHA2	chr1	16155301	16155801	16156068	-	517	stromal	method3_abc	0.03425240216834087
chr1:16155849-16156349	ENSG00000142627	EPHA2	chr1	16155849	16156349	16156068	-	31	stromal	method3_abc	0.0726036390826929
chr1:16175805-16176305	ENSG00000142627	EPHA2	chr1	16175805	16176305	16156068	-	19987	stromal	method3_abc	0.021164517326500147
chr1:16181801-16182301	ENSG00000142627	EPHA2	chr1	16181801	16182301	16156068	-	25983	stromal	method3_abc	0.023280102986460806
chr1:16181801-16182301	ENSG00000142632	ARHGEF19	chr1	16181801	16182301	16212651	-	30600	stromal	method3_abc	0.021819593321786356
chr1:16206375-16206875	ENSG00000132881	CPLANE2	chr1	16206375	16206875	16237182	-	30557	stromal	method3_abc	0.039700926952879655
chr1:16206375-16206875	ENSG00000142627	EPHA2	chr1	16206375	16206875	16156068	-	50557	stromal	method3_abc	0.022630602264019646
chr1:16206375-16206875	ENSG00000142632	ARHGEF19	chr1	16206375	16206875	16212651	-	6026	stromal	method3_abc	0.09773745877799452
chr1:16206887-16207387	ENSG00000132881	CPLANE2	chr1	16206887	16207387	16237182	-	30045	stromal	method3_abc	0.021411925030625934
chr1:16206887-16207387	ENSG00000142632	ARHGEF19	chr1	16206887	16207387	16212651	-	5514	stromal	method3_abc	0.054250213581744575
chr1:16217257-16217757	ENSG00000132881	CPLANE2	chr1	16217257	16217757	16237182	-	19675	stromal	method3_abc	0.046122192703139366
chr1:16217257-16217757	ENSG00000142632	ARHGEF19	chr1	16217257	16217757	16212651	-	4856	stromal	method3_abc	0.09109892881075146
chr1:16236321-16236821	ENSG00000132881	CPLANE2	chr1	16236321	16236821	16237182	-	611	stromal	method3_abc	0.03710460074611462
chr1:16236956-16237456	ENSG00000132881	CPLANE2	chr1	16236956	16237456	16237182	-	24	stromal	method3_abc	0.13196505586032245
chr1:16236956-16237456	ENSG00000142632	ARHGEF19	chr1	16236956	16237456	16212651	-	24555	stromal	method3_abc	0.025106280966602137
chr1:16352256-16352756	ENSG00000037637	FBXO42	chr1	16352256	16352756	16352479	-	27	stromal	method3_abc	0.21930809510490845
chr1:16352256-16352756	ENSG00000055070	SZRD1	chr1	16352256	16352756	16352574	+	68	stromal	method3_abc	0.21800917763430486
chr1:16352256-16352756	ENSG00000157191	NECAP2	chr1	16352256	16352756	16440720	+	88214	stromal	method3_abc	0.023909742030303053
chr1:16352256-16352756	ENSG00000187144	SPATA21	chr1	16352256	16352756	16437423	-	84917	stromal	method3_abc	0.02621131468902307
chr1:16366934-16367434	ENSG00000037637	FBXO42	chr1	16366934	16367434	16352479	-	14705	stromal	method3_abc	0.07038604128866495
chr1:16366934-16367434	ENSG00000055070	SZRD1	chr1	16366934	16367434	16352574	+	14610	stromal	method3_abc	0.07076227171574061
chr1:16366934-16367434	ENSG00000157191	NECAP2	chr1	16366934	16367434	16440720	+	73536	stromal	method3_abc	0.02923400377980853
chr1:16366934-16367434	ENSG00000187144	SPATA21	chr1	16366934	16367434	16437423	-	70239	stromal	method3_abc	0.03224039874480411
chr1:16367476-16367976	ENSG00000037637	FBXO42	chr1	16367476	16367976	16352479	-	15247	stromal	method3_abc	0.03314473716689377
chr1:16367476-16367976	ENSG00000055070	SZRD1	chr1	16367476	16367976	16352574	+	15152	stromal	method3_abc	0.03331814473424056
chr1:16440392-16440892	ENSG00000157191	NECAP2	chr1	16440392	16440892	16440720	+	78	stromal	method3_abc	0.14588075025000288
chr1:16440392-16440892	ENSG00000187144	SPATA21	chr1	16440392	16440892	16437423	-	3219	stromal	method3_abc	0.10194497244445362
chr1:16440936-16441436	ENSG00000157191	NECAP2	chr1	16440936	16441436	16440720	+	466	stromal	method3_abc	0.025736743049781807
chr1:16499001-16499501	ENSG00000157191	NECAP2	chr1	16499001	16499501	16440720	+	58531	stromal	method3_abc	0.021680091746661304
chr1:16499001-16499501	ENSG00000187144	SPATA21	chr1	16499001	16499501	16437423	-	61828	stromal	method3_abc	0.02204207598606761
chr1:16612446-16612946	ENSG00000219481	NBPF1	chr1	16612446	16612946	16613561	-	865	stromal	method3_abc	0.0570991336943503
chr1:16613317-16613817	ENSG00000058453	CROCC	chr1	16613317	16613817	16740272	+	126705	stromal	method3_abc	0.03516738072245272
chr1:16613317-16613817	ENSG00000157191	NECAP2	chr1	16613317	16613817	16440720	+	172847	stromal	method3_abc	0.02017032628663692
chr1:16613317-16613817	ENSG00000187144	SPATA21	chr1	16613317	16613817	16437423	-	176144	stromal	method3_abc	0.021090179144499493
chr1:16613317-16613817	ENSG00000219481	NBPF1	chr1	16613317	16613817	16613561	-	6	stromal	method3_abc	0.2846680705801213
chr1:16620937-16621437	ENSG00000219481	NBPF1	chr1	16620937	16621437	16613561	-	7626	stromal	method3_abc	0.03438453915945875
chr1:16644460-16644960	ENSG00000058453	CROCC	chr1	16644460	16644960	16740272	+	95562	stromal	method3_abc	0.05444045858146757
chr1:16644460-16644960	ENSG00000157191	NECAP2	chr1	16644460	16644960	16440720	+	203990	stromal	method3_abc	0.021458013022744145
chr1:16644460-16644960	ENSG00000187144	SPATA21	chr1	16644460	16644960	16437423	-	207287	stromal	method3_abc	0.02248966718818256
chr1:16644460-16644960	ENSG00000219481	NBPF1	chr1	16644460	16644960	16613561	-	31149	stromal	method3_abc	0.062401826383697255
chr1:16904655-16905155	ENSG00000058453	CROCC	chr1	16904655	16905155	16740272	+	164633	stromal	method3_abc	0.02022044238841256
chr1:16904655-16905155	ENSG00000117122	MFAP2	chr1	16904655	16905155	16980631	-	75726	stromal	method3_abc	0.02486072701723934
chr1:16904655-16905155	ENSG00000159363	ATP13A2	chr1	16904655	16905155	17011927	-	107022	stromal	method3_abc	0.021528238559324595
chr1:16904655-16905155	ENSG00000288636	ENSG00000288636	chr1	16904655	16905155	17011756	-	106851	stromal	method3_abc	0.02157826060250932
chr1:16913738-16914238	ENSG00000058453	CROCC	chr1	16913738	16914238	16740272	+	173716	stromal	method3_abc	0.028051205899954322
chr1:16913738-16914238	ENSG00000117115	PADI2	chr1	16913738	16914238	17119450	-	205462	stromal	method3_abc	0.025503571070166903
chr1:16913738-16914238	ENSG00000117118	SDHB	chr1	16913738	16914238	17054031	-	140043	stromal	method3_abc	0.02243851578204822
chr1:16913738-16914238	ENSG00000117122	MFAP2	chr1	16913738	16914238	16980631	-	66643	stromal	method3_abc	0.040039017473505974
chr1:16913738-16914238	ENSG00000142623	PADI1	chr1	16913738	16914238	17205127	+	291139	stromal	method3_abc	0.022688738977573987
chr1:16913738-16914238	ENSG00000159363	ATP13A2	chr1	16913738	16914238	17011927	-	97939	stromal	method3_abc	0.033637747726766684
chr1:16913738-16914238	ENSG00000288636	ENSG00000288636	chr1	16913738	16914238	17011756	-	97768	stromal	method3_abc	0.03371986432010068
chr1:16978614-16979114	ENSG00000117122	MFAP2	chr1	16978614	16979114	16980631	-	1767	stromal	method3_abc	0.056734462716085746
chr1:16979306-16979806	ENSG00000117122	MFAP2	chr1	16979306	16979806	16980631	-	1075	stromal	method3_abc	0.02124848099498702
chr1:16979885-16980385	ENSG00000117122	MFAP2	chr1	16979885	16980385	16980631	-	496	stromal	method3_abc	0.042883962938982896
chr1:16980433-16980933	ENSG00000117122	MFAP2	chr1	16980433	16980933	16980631	-	52	stromal	method3_abc	0.041192261916165096
chr1:16984659-16985159	ENSG00000117122	MFAP2	chr1	16984659	16985159	16980631	-	4278	stromal	method3_abc	0.02949336142546403
chr1:17010589-17011089	ENSG00000159363	ATP13A2	chr1	17010589	17011089	17011927	-	1088	stromal	method3_abc	0.02673239442818604
chr1:17010589-17011089	ENSG00000288636	ENSG00000288636	chr1	17010589	17011089	17011756	-	917	stromal	method3_abc	0.027430464974983203
chr1:17011184-17011684	ENSG00000159363	ATP13A2	chr1	17011184	17011684	17011927	-	493	stromal	method3_abc	0.031254598276772426
chr1:17011184-17011684	ENSG00000288636	ENSG00000288636	chr1	17011184	17011684	17011756	-	322	stromal	method3_abc	0.03215835828323199
chr1:17011731-17012231	ENSG00000159363	ATP13A2	chr1	17011731	17012231	17011927	-	54	stromal	method3_abc	0.1200257321823725
chr1:17011731-17012231	ENSG00000288636	ENSG00000288636	chr1	17011731	17012231	17011756	-	225	stromal	method3_abc	0.11671661357227758
chr1:17053278-17053778	ENSG00000117118	SDHB	chr1	17053278	17053778	17054031	-	503	stromal	method3_abc	0.021428704901021403
chr1:17053895-17054395	ENSG00000117115	PADI2	chr1	17053895	17054395	17119450	-	65305	stromal	method3_abc	0.04865884760985165
chr1:17053895-17054395	ENSG00000117118	SDHB	chr1	17053895	17054395	17054031	-	114	stromal	method3_abc	0.30279744478775367
chr1:17053895-17054395	ENSG00000117122	MFAP2	chr1	17053895	17054395	16980631	-	73514	stromal	method3_abc	0.02717429721977274
chr1:17053895-17054395	ENSG00000142619	PADI3	chr1	17053895	17054395	17249097	+	194952	stromal	method3_abc	0.023216984890741223
chr1:17053895-17054395	ENSG00000142623	PADI1	chr1	17053895	17054395	17205127	+	150982	stromal	method3_abc	0.029128253772711526
chr1:17053895-17054395	ENSG00000159363	ATP13A2	chr1	17053895	17054395	17011927	-	42218	stromal	method3_abc	0.048705227410465686
chr1:17053895-17054395	ENSG00000288636	ENSG00000288636	chr1	17053895	17054395	17011756	-	42389	stromal	method3_abc	0.04860046757435815
chr1:17054467-17054967	ENSG00000117118	SDHB	chr1	17054467	17054967	17054031	-	686	stromal	method3_abc	0.03614818292642786
chr1:17119245-17119745	ENSG00000117115	PADI2	chr1	17119245	17119745	17119450	-	45	stromal	method3_abc	0.039814948122901386
chr1:17125704-17126204	ENSG00000117115	PADI2	chr1	17125704	17126204	17119450	-	6504	stromal	method3_abc	0.032142609742842373
chr1:17236969-17237469	ENSG00000142619	PADI3	chr1	17236969	17237469	17249097	+	11878	stromal	method3_abc	0.02245223577376172
chr1:17437447-17437947	ENSG00000179051	RCC2	chr1	17437447	17437947	17439676	-	1979	stromal	method3_abc	0.09867651201220183
chr1:17437447-17437947	ENSG00000276747	PADI6	chr1	17437447	17437947	17372195	+	65502	stromal	method3_abc	0.02217395997068905
chr1:17438482-17438982	ENSG00000179051	RCC2	chr1	17438482	17438982	17439676	-	944	stromal	method3_abc	0.045482557955913765
chr1:17439023-17439523	ENSG00000179051	RCC2	chr1	17439023	17439523	17439676	-	403	stromal	method3_abc	0.026277862747815413
chr1:17439572-17440072	ENSG00000179051	RCC2	chr1	17439572	17440072	17439676	-	146	stromal	method3_abc	0.18330838247709674
chr1:17439572-17440072	ENSG00000276747	PADI6	chr1	17439572	17440072	17372195	+	67627	stromal	method3_abc	0.030794298923264216
chr1:17531712-17532212	ENSG00000074964	ARHGEF10L	chr1	17531712	17532212	17539697	+	7735	stromal	method3_abc	0.041946374612014406
chr1:17537938-17538438	ENSG00000074964	ARHGEF10L	chr1	17537938	17538438	17539697	+	1509	stromal	method3_abc	0.03022127007301818
chr1:17538916-17539416	ENSG00000074964	ARHGEF10L	chr1	17538916	17539416	17539697	+	531	stromal	method3_abc	0.03138535322105842
chr1:17539463-17539963	ENSG00000074964	ARHGEF10L	chr1	17539463	17539963	17539697	+	16	stromal	method3_abc	0.10513872904800976
chr1:17540183-17540683	ENSG00000074964	ARHGEF10L	chr1	17540183	17540683	17539697	+	736	stromal	method3_abc	0.06083977745796792
chr1:17569578-17570078	ENSG00000074964	ARHGEF10L	chr1	17569578	17570078	17539697	+	30131	stromal	method3_abc	0.02435786887324871
chr1:17765382-17765882	ENSG00000117148	ACTL8	chr1	17765382	17765882	17755332	+	10300	stromal	method3_abc	0.020031817882633994
chr1:17768459-17768959	ENSG00000117148	ACTL8	chr1	17768459	17768959	17755332	+	13377	stromal	method3_abc	0.029954501157093586
chr1:17768988-17769488	ENSG00000117148	ACTL8	chr1	17768988	17769488	17755332	+	13906	stromal	method3_abc	0.021326092847744182
chr1:18100463-18100963	ENSG00000117154	IGSF21	chr1	18100463	18100963	18107797	+	7084	stromal	method3_abc	0.02035610295282309
chr1:18109907-18110407	ENSG00000117154	IGSF21	chr1	18109907	18110407	18107797	+	2360	stromal	method3_abc	0.0256293513165401
chr1:18901918-18902418	ENSG00000159423	ALDH4A1	chr1	18901918	18902418	18902723	-	555	stromal	method3_abc	0.03695982673675766
chr1:18902609-18903109	ENSG00000159423	ALDH4A1	chr1	18902609	18903109	18902723	-	136	stromal	method3_abc	0.17109911690631707
chr1:18902609-18903109	ENSG00000179002	TAS1R2	chr1	18902609	18903109	18859659	-	43200	stromal	method3_abc	0.040229674364831575
chr1:18903164-18903664	ENSG00000159423	ALDH4A1	chr1	18903164	18903664	18902723	-	691	stromal	method3_abc	0.023710821182241524
chr1:18906882-18907382	ENSG00000159423	ALDH4A1	chr1	18906882	18907382	18902723	-	4409	stromal	method3_abc	0.032915941155032984
chr1:18913038-18913538	ENSG00000159423	ALDH4A1	chr1	18913038	18913538	18902723	-	10565	stromal	method3_abc	0.029504950034720014
chr1:18922193-18922693	ENSG00000159423	ALDH4A1	chr1	18922193	18922693	18902723	-	19720	stromal	method3_abc	0.030076246623646812
chr1:18922193-18922693	ENSG00000179002	TAS1R2	chr1	18922193	18922693	18859659	-	62784	stromal	method3_abc	0.020625337046830707
chr1:18949653-18950153	ENSG00000169991	IFFO2	chr1	18949653	18950153	18956675	-	6772	stromal	method3_abc	0.022308854627724986
chr1:18950538-18951038	ENSG00000169991	IFFO2	chr1	18950538	18951038	18956675	-	5887	stromal	method3_abc	0.020409824201859474
chr1:18955409-18955909	ENSG00000169991	IFFO2	chr1	18955409	18955909	18956675	-	1016	stromal	method3_abc	0.036569194424834105
chr1:18955921-18956421	ENSG00000169991	IFFO2	chr1	18955921	18956421	18956675	-	504	stromal	method3_abc	0.05587294016227737
chr1:18956592-18957092	ENSG00000009709	PAX7	chr1	18956592	18957092	18630845	+	325997	stromal	method3_abc	0.02031198256092072
chr1:18956592-18957092	ENSG00000159423	ALDH4A1	chr1	18956592	18957092	18902723	-	54119	stromal	method3_abc	0.03841564502812183
chr1:18956592-18957092	ENSG00000169991	IFFO2	chr1	18956592	18957092	18956675	-	167	stromal	method3_abc	0.24038945509792747
chr1:18956592-18957092	ENSG00000179002	TAS1R2	chr1	18956592	18957092	18859659	-	97183	stromal	method3_abc	0.039360188846783356
chr1:18957221-18957721	ENSG00000169991	IFFO2	chr1	18957221	18957721	18956675	-	796	stromal	method3_abc	0.03062276206819961
chr1:19209524-19210024	ENSG00000127481	UBR4	chr1	19209524	19210024	19210265	-	491	stromal	method3_abc	0.04305787892961432
chr1:19210081-19210581	ENSG00000053372	MRTO4	chr1	19210081	19210581	19251804	+	41473	stromal	method3_abc	0.034650610736365973
chr1:19210081-19210581	ENSG00000127463	EMC1	chr1	19210081	19210581	19251551	-	41220	stromal	method3_abc	0.03462750972235586
chr1:19210081-19210581	ENSG00000127481	UBR4	chr1	19210081	19210581	19210265	-	66	stromal	method3_abc	0.22719368463343523
chr1:19210081-19210581	ENSG00000162482	AKR7A3	chr1	19210081	19210581	19288769	-	78438	stromal	method3_abc	0.02120103601088866
chr1:19210081-19210581	ENSG00000211454	AKR7L	chr1	19210081	19210581	19274193	-	63862	stromal	method3_abc	0.026971613909962115
chr1:19241175-19241675	ENSG00000053372	MRTO4	chr1	19241175	19241675	19251804	+	10379	stromal	method3_abc	0.026115285773181927
chr1:19241175-19241675	ENSG00000127463	EMC1	chr1	19241175	19241675	19251551	-	10126	stromal	method3_abc	0.026351786412451297
chr1:19251301-19251801	ENSG00000053372	MRTO4	chr1	19251301	19251801	19251804	+	253	stromal	method3_abc	0.14934505690163938
chr1:19251301-19251801	ENSG00000127463	EMC1	chr1	19251301	19251801	19251551	-	0	stromal	method3_abc	0.15505621772402917
chr1:19251301-19251801	ENSG00000127481	UBR4	chr1	19251301	19251801	19210265	-	41286	stromal	method3_abc	0.021442901524204704
chr1:19251301-19251801	ENSG00000162482	AKR7A3	chr1	19251301	19251801	19288769	-	37218	stromal	method3_abc	0.02480450044720175
chr1:19251301-19251801	ENSG00000211454	AKR7L	chr1	19251301	19251801	19274193	-	22642	stromal	method3_abc	0.038597001143961564
chr1:19251877-19252377	ENSG00000053372	MRTO4	chr1	19251877	19252377	19251804	+	323	stromal	method3_abc	0.027627428635784882
chr1:19251877-19252377	ENSG00000127463	EMC1	chr1	19251877	19252377	19251551	-	576	stromal	method3_abc	0.026390254845956137
chr1:19288255-19288755	ENSG00000162482	AKR7A3	chr1	19288255	19288755	19288769	-	264	stromal	method3_abc	0.02053192547879174
chr1:19288829-19289329	ENSG00000162482	AKR7A3	chr1	19288829	19289329	19288769	-	310	stromal	method3_abc	0.030978883709835446
chr1:19311058-19311558	ENSG00000040487	SLC66A1	chr1	19311058	19311558	19312325	+	1017	stromal	method3_abc	0.020100937357847633
chr1:19311058-19311558	ENSG00000053371	AKR7A2	chr1	19311058	19311558	19312143	-	835	stromal	method3_abc	0.020536232086790233
chr1:19311899-19312399	ENSG00000040487	SLC66A1	chr1	19311899	19312399	19312325	+	176	stromal	method3_abc	0.24999950753100394
chr1:19311899-19312399	ENSG00000053371	AKR7A2	chr1	19311899	19312399	19312143	-	6	stromal	method3_abc	0.2560097602073955
